#ifdef __has_include
    #if __has_include("lvgl.h")
        #ifndef LV_LVGL_H_INCLUDE_SIMPLE
            #define LV_LVGL_H_INCLUDE_SIMPLE
        #endif
    #endif
#endif

#if defined(LV_LVGL_H_INCLUDE_SIMPLE)
    #include "lvgl.h"
#else
    #include "lvgl/lvgl.h"
#endif

#ifndef LV_ATTRIBUTE_MEM_ALIGN
#define LV_ATTRIBUTE_MEM_ALIGN
#endif

#ifndef LV_ATTRIBUTE_IMAGE_CHARACTER_VOICE
#define LV_ATTRIBUTE_IMAGE_CHARACTER_VOICE
#endif

const LV_ATTRIBUTE_MEM_ALIGN LV_ATTRIBUTE_LARGE_CONST LV_ATTRIBUTE_IMAGE_CHARACTER_VOICE uint8_t character_voice_map[] = {
  0x00, 0x00, 0x00, 0x00, 0x00, 0x00, 0x00, 0x00, 0x00, 0x00, 0x00, 0x00, 0x00, 0x00, 0x00, 0x00,
  0x00, 0x00, 0x00, 0x00, 0x00, 0x00, 0x00, 0x00, 0x00, 0x00, 0x00, 0x00, 0x00, 0x00, 0x00, 0x00,
  0x00, 0x00, 0x00, 0x00, 0x00, 0x00, 0x00, 0x00, 0x00, 0x00, 0x00, 0x00, 0x00, 0x00, 0x00, 0x00,
  0x00, 0x00, 0x00, 0x00, 0x00, 0x00, 0x00, 0x00, 0x00, 0x00, 0x00, 0x00, 0x00, 0x00, 0x00, 0x00,
  0x00, 0x00, 0x00, 0x00, 0x00, 0x00, 0x00, 0x00, 0x00, 0x00, 0x00, 0x00, 0x00, 0x00, 0x00, 0x00,
  0x00, 0x00, 0x00, 0x00, 0x00, 0x00, 0x00, 0x00, 0x00, 0x00, 0x00, 0x00, 0x00, 0x00, 0x00, 0x00,
  0x00, 0x00, 0x00, 0x00, 0x00, 0x00, 0x00, 0x00, 0x00, 0x00, 0x00, 0x00, 0x00, 0x00, 0x00, 0x00,
  0x00, 0x00, 0x00, 0x00, 0x00, 0x00, 0x00, 0x00, 0x00, 0x00, 0x00, 0x00, 0x00, 0x00, 0x00, 0x00,
  0x00, 0x00, 0x00, 0x00, 0x00, 0x00, 0x00, 0x00, 0x00, 0x00, 0x00, 0x00, 0x00, 0x00, 0x00, 0x00,
  0x00, 0x00, 0x00, 0x00, 0x00, 0x00, 0x00, 0x00, 0x00, 0x00, 0x00, 0x00, 0x00, 0x00, 0x00, 0x00,
  0x00, 0x00, 0x00, 0x00, 0x00, 0x00, 0x00, 0x00, 0x00, 0x00, 0x00, 0x00, 0x00, 0x00, 0x00, 0x00,
  0x00, 0x00, 0x00, 0x00, 0x00, 0x00, 0x00, 0x00, 0x00, 0x00, 0x00, 0x00, 0x00, 0x00, 0x00, 0x00,
  0x00, 0x00, 0x00, 0x00, 0x00, 0x00, 0x00, 0x00, 0x00, 0x00, 0x00, 0x00, 0x00, 0x00, 0x00, 0x00,
  0x00, 0x00, 0x00, 0x00, 0x00, 0x00, 0x00, 0x00, 0x00, 0x00, 0x00, 0x00, 0x00, 0x00, 0x00, 0x00,
  0x00, 0x00, 0x00, 0x00, 0x00, 0x00, 0x00, 0x00, 0x00, 0x00, 0x00, 0x00, 0x00, 0x00, 0x00, 0x00,
  0x00, 0x00, 0x00, 0x00, 0x00, 0x00, 0x00, 0x00, 0x00, 0x00, 0x00, 0x00, 0x00, 0x00, 0x00, 0x00,
  0x00, 0x00, 0x00, 0x00, 0x00, 0x00, 0x00, 0x00, 0x00, 0x00, 0x00, 0x00, 0x00, 0x00, 0x00, 0x00,
  0x00, 0x00, 0x00, 0x00, 0x00, 0x00, 0x00, 0x00, 0x00, 0x00, 0x00, 0x00, 0x00, 0x00, 0x00, 0x00,
  0x00, 0x00, 0x00, 0x00, 0x00, 0x00, 0x00, 0x00, 0x00, 0x00, 0x00, 0x00, 0x00, 0x00, 0x00, 0x00,
  0x00, 0x00, 0x00, 0x00, 0x00, 0x00, 0x00, 0x00, 0x00, 0x00, 0x00, 0x00, 0x00, 0x00, 0x00, 0x00,
  0x00, 0x00, 0x00, 0x00, 0x00, 0x00, 0x00, 0x00, 0x00, 0x00, 0x00, 0x00, 0x00, 0x00, 0x00, 0x00,
  0x00, 0x00, 0x00, 0x00, 0x00, 0x00, 0x00, 0x00, 0x00, 0x00, 0x00, 0x00, 0x00, 0x00, 0x00, 0x00,
  0x00, 0x00, 0x00, 0x00, 0x00, 0x00, 0x00, 0x00, 0x00, 0x00, 0x00, 0x00, 0x00, 0x00, 0x00, 0x00,
  0x00, 0x00, 0x00, 0x00, 0x00, 0x00, 0x00, 0x00, 0x00, 0x00, 0x00, 0x00, 0x00, 0x00, 0x00, 0x00,
  0x00, 0x00, 0x00, 0x00, 0x00, 0x00, 0x00, 0x00, 0x00, 0x00, 0x00, 0x00, 0x00, 0x00, 0x00, 0x00,
  0x00, 0x00, 0x00, 0x00, 0x00, 0x00, 0x00, 0x00, 0x00, 0x00, 0x00, 0x00, 0x00, 0x00, 0x00, 0x00,
  0x00, 0x00, 0x00, 0x00, 0x00, 0x00, 0x00, 0x00, 0x00, 0x00, 0x00, 0x00, 0x00, 0x00, 0x00, 0x00,
  0x00, 0x00, 0x00, 0x00, 0x00, 0x00, 0x00, 0x00, 0x00, 0x00, 0x00, 0x00, 0x00, 0x00, 0x00, 0x00,
  0x00, 0x00, 0x00, 0x00, 0x00, 0x00, 0x00, 0x00, 0x00, 0x00, 0x00, 0x00, 0x00, 0x00, 0x00, 0x00,
  0x00, 0x00, 0x00, 0x00, 0x00, 0x00, 0x00, 0x00, 0x00, 0x00, 0x00, 0x00, 0x00, 0x00, 0x00, 0x00,
  0x00, 0x00, 0x00, 0x00, 0x00, 0x00, 0x00, 0x00, 0x00, 0x00, 0x00, 0x00, 0x00, 0x00, 0x00, 0x00,
  0x00, 0x00, 0x00, 0x00, 0x00, 0x00, 0x00, 0x00, 0x00, 0x00, 0x00, 0x00, 0x00, 0x00, 0x00, 0x00,
  0x00, 0x00, 0x00, 0x00, 0x00, 0x00, 0x00, 0x00, 0x00, 0x00, 0x00, 0x00, 0x00, 0x00, 0x00, 0x00,
  0x00, 0x00, 0x00, 0x00, 0x00, 0x00, 0x00, 0x00, 0x00, 0x00, 0x00, 0x00, 0x00, 0x00, 0x00, 0x00,
  0x00, 0x00, 0x00, 0x00, 0x00, 0x00, 0x00, 0x00, 0x00, 0x00, 0x00, 0x00, 0x00, 0x00, 0x00, 0x00,
  0x00, 0x00, 0x00, 0x00, 0x00, 0x00, 0x00, 0x00, 0x00, 0x00, 0x00, 0x00, 0x00, 0x00, 0x00, 0x00,
  0x00, 0x00, 0x00, 0x00, 0x00, 0x00, 0x00, 0x00, 0x00, 0x00, 0x00, 0x00, 0x00, 0x00, 0x00, 0x00,
  0x00, 0x00, 0x00, 0x00, 0x00, 0x00, 0x00, 0x00, 0x00, 0x00, 0x00, 0x00, 0x00, 0x00, 0x00, 0x00,
  0x00, 0x00, 0x00, 0x00, 0x00, 0x00, 0x00, 0x00, 0x00, 0x00, 0x00, 0x00, 0x00, 0x00, 0x00, 0x00,
  0x00, 0x00, 0x00, 0x00, 0x00, 0x00, 0x00, 0x00, 0x00, 0x00, 0x00, 0x00, 0x00, 0x00, 0x00, 0x00,
  0x00, 0x00, 0x00, 0x00, 0x00, 0x00, 0x00, 0x00, 0x00, 0x00, 0x00, 0x00, 0x00, 0x00, 0x00, 0x00,
  0x00, 0x00, 0x00, 0x00, 0x00, 0x00, 0x00, 0x00, 0x00, 0x00, 0x00, 0x00, 0x00, 0x00, 0x00, 0x00,
  0x00, 0x00, 0x00, 0x00, 0x00, 0x00, 0x00, 0x00, 0x00, 0x00, 0x00, 0x00, 0x00, 0x00, 0x00, 0x00,
  0x00, 0x00, 0x00, 0x00, 0x00, 0x00, 0x00, 0x00, 0x00, 0x00, 0x00, 0x00, 0x00, 0x00, 0x00, 0x00,
  0x00, 0x00, 0x00, 0x00, 0x00, 0x00, 0x00, 0x00, 0x00, 0x00, 0x00, 0x00, 0x00, 0x00, 0x00, 0x00,
  0x00, 0x00, 0x00, 0x00, 0x00, 0x00, 0x00, 0x00, 0x00, 0x00, 0x00, 0x00, 0x00, 0x00, 0x00, 0x00,
  0x00, 0x00, 0x00, 0x00, 0x00, 0x00, 0x00, 0x00, 0x00, 0x00, 0x00, 0x00, 0x00, 0x00, 0x00, 0x00,
  0x00, 0x00, 0x00, 0x00, 0x00, 0x00, 0x00, 0x00, 0x00, 0x00, 0x00, 0x00, 0x00, 0x00, 0x00, 0x00,
  0x00, 0x00, 0x00, 0x00, 0x00, 0x00, 0x00, 0x00, 0x00, 0x00, 0x00, 0x00, 0x00, 0x00, 0x00, 0x00,
  0x00, 0x00, 0x00, 0x00, 0x00, 0x00, 0x00, 0x00, 0x00, 0x00, 0x00, 0x00, 0x00, 0x00, 0x00, 0x00,
  0x00, 0x00, 0x00, 0x00, 0x00, 0x00, 0x00, 0x00, 0x00, 0x00, 0x00, 0x00, 0x00, 0x00, 0x00, 0x00,
  0x00, 0x00, 0x00, 0x00, 0x00, 0x00, 0x00, 0x00, 0x00, 0x00, 0x00, 0x00, 0x00, 0x00, 0x00, 0x00,
  0x00, 0x00, 0x00, 0x00, 0x00, 0x00, 0x00, 0x00, 0x00, 0x00, 0x00, 0x00, 0x00, 0x00, 0x00, 0x00,
  0x00, 0x00, 0x00, 0x00, 0x00, 0x00, 0x00, 0x00, 0x00, 0x00, 0x00, 0x00, 0x00, 0x00, 0x00, 0x00,
  0x00, 0x00, 0x00, 0x00, 0x00, 0x00, 0x00, 0x00, 0x00, 0x00, 0x00, 0x00, 0x00, 0x00, 0x00, 0x00,
  0x00, 0x00, 0x00, 0x00, 0x00, 0x00, 0x00, 0x00, 0x00, 0x00, 0x00, 0x00, 0x00, 0x00, 0x00, 0x00,
  0x00, 0x00, 0x00, 0x00, 0x00, 0x00, 0x00, 0x00, 0x00, 0x00, 0x00, 0x00, 0x00, 0x00, 0x00, 0x00,
  0x00, 0x00, 0x00, 0x00, 0x00, 0x00, 0x00, 0x00, 0x00, 0x00, 0x00, 0x00, 0x00, 0x00, 0x00, 0x00,
  0x00, 0x00, 0x00, 0x00, 0x00, 0x00, 0x00, 0x00, 0x00, 0x00, 0x00, 0x00, 0x00, 0x00, 0x00, 0x00,
  0x00, 0x00, 0x00, 0x00, 0x00, 0x00, 0x00, 0x00, 0x00, 0x00, 0x00, 0x00, 0x00, 0x00, 0x00, 0x00,
  0x00, 0x00, 0x00, 0x00, 0x00, 0x00, 0x00, 0x00, 0x00, 0x00, 0x00, 0x00, 0x00, 0x00, 0x00, 0x00,
  0x00, 0x00, 0x00, 0x00, 0x00, 0x00, 0x00, 0x00, 0x00, 0x00, 0x00, 0x00, 0x00, 0x00, 0x00, 0x00,
  0x00, 0x00, 0x00, 0x00, 0x00, 0x00, 0x00, 0x00, 0x00, 0x00, 0x00, 0x00, 0x00, 0x00, 0x00, 0x00,
  0x00, 0x00, 0x00, 0x00, 0x00, 0x00, 0x00, 0x00, 0x00, 0x00, 0x00, 0x00, 0x00, 0x00, 0x00, 0x00,
  0x00, 0x00, 0x00, 0x00, 0x00, 0x00, 0x00, 0x00, 0x00, 0x00, 0x00, 0x00, 0x00, 0x00, 0x00, 0x00,
  0x00, 0x00, 0x00, 0x00, 0x00, 0x00, 0x00, 0x00, 0x00, 0x00, 0x00, 0x00, 0x00, 0x00, 0x00, 0x00,
  0x00, 0x00, 0x00, 0x00, 0x00, 0x00, 0x00, 0x00, 0x00, 0x00, 0x00, 0x00, 0x00, 0x00, 0x00, 0x00,
  0x00, 0x00, 0x00, 0x00, 0x00, 0x00, 0x00, 0x00, 0x00, 0x00, 0x00, 0x00, 0x00, 0x00, 0x00, 0x00,
  0x00, 0x00, 0x00, 0x00, 0x00, 0x00, 0x00, 0x00, 0x00, 0x00, 0x00, 0x00, 0x00, 0x00, 0x00, 0x00,
  0x00, 0x00, 0x00, 0x00, 0x00, 0x00, 0x00, 0x00, 0x00, 0x00, 0x00, 0x00, 0x00, 0x00, 0x00, 0x00,
  0x00, 0x00, 0x00, 0x00, 0x00, 0x00, 0x00, 0x00, 0x00, 0x00, 0x00, 0x00, 0x00, 0x00, 0x00, 0x00,
  0x00, 0x00, 0x00, 0x00, 0x00, 0x00, 0x00, 0x00, 0x00, 0x00, 0x00, 0x00, 0x00, 0x00, 0x00, 0x00,
  0x00, 0x00, 0x00, 0x00, 0x00, 0x00, 0x00, 0x00, 0x00, 0x00, 0x00, 0x00, 0x00, 0x00, 0x00, 0x00,
  0x00, 0x00, 0x00, 0x00, 0x00, 0x00, 0x00, 0x00, 0x00, 0x00, 0x00, 0x00, 0x00, 0x00, 0x00, 0x00,
  0x00, 0x00, 0x00, 0x00, 0x00, 0x00, 0x00, 0x00, 0x00, 0x00, 0x00, 0x00, 0x00, 0x00, 0x00, 0x00,
  0x00, 0x00, 0x00, 0x00, 0x00, 0x00, 0x00, 0x00, 0x00, 0x00, 0x00, 0x00, 0x00, 0x00, 0x00, 0x00,
  0x00, 0x00, 0x00, 0x00, 0x00, 0x00, 0x00, 0x00, 0x00, 0x00, 0x00, 0x00, 0x00, 0x00, 0x00, 0x00,
  0x00, 0x00, 0x00, 0x00, 0x00, 0x00, 0x00, 0x00, 0x00, 0x00, 0x00, 0x00, 0x00, 0x00, 0x00, 0x00,
  0x00, 0x00, 0x00, 0x00, 0x00, 0x00, 0x00, 0x00, 0x00, 0x00, 0x00, 0x00, 0x00, 0x00, 0x00, 0x00,
  0x00, 0x00, 0x00, 0x00, 0x00, 0x00, 0x00, 0x00, 0x00, 0x00, 0x00, 0x00, 0x00, 0x00, 0x00, 0x00,
  0x00, 0x00, 0x00, 0x00, 0x00, 0x00, 0x00, 0x00, 0x00, 0x00, 0x00, 0x00, 0x00, 0x00, 0x00, 0x00,
  0x00, 0x00, 0x00, 0x00, 0x00, 0x00, 0x00, 0x00, 0x00, 0x00, 0x00, 0x00, 0x00, 0x00, 0x00, 0x00,
  0x00, 0x00, 0x00, 0x00, 0x00, 0x00, 0x00, 0x00, 0x00, 0x00, 0x00, 0x00, 0x00, 0x00, 0x00, 0x00,
  0x00, 0x00, 0x00, 0x00, 0x00, 0x00, 0x00, 0x00, 0x00, 0x00, 0x00, 0x00, 0x00, 0x00, 0x00, 0x00,
  0x00, 0x00, 0x00, 0x00, 0x00, 0x00, 0x00, 0x00, 0x00, 0x00, 0x00, 0x00, 0x00, 0x00, 0x00, 0x00,
  0x00, 0x00, 0x00, 0x00, 0x00, 0x00, 0x00, 0x00, 0x00, 0x00, 0x00, 0x00, 0x00, 0x00, 0x00, 0x00,
  0x00, 0x00, 0x00, 0x00, 0x00, 0x00, 0x00, 0x00, 0x00, 0x00, 0x00, 0x00, 0x00, 0x00, 0x00, 0x00,
  0x00, 0x00, 0x00, 0x00, 0x00, 0x00, 0x00, 0x00, 0x00, 0x00, 0x00, 0x00, 0x00, 0x00, 0x00, 0x00,
  0x00, 0x00, 0x00, 0x00, 0x00, 0x00, 0x00, 0x00, 0x00, 0x00, 0x00, 0x00, 0x00, 0x00, 0x00, 0x00,
  0x00, 0x00, 0x00, 0x00, 0x00, 0x00, 0x00, 0x00, 0x00, 0x00, 0x00, 0x00, 0x00, 0x00, 0x00, 0x00,
  0x00, 0x00, 0x00, 0x00, 0x00, 0x00, 0x00, 0x00, 0x00, 0x00, 0x00, 0x00, 0x00, 0x00, 0x00, 0x00,
  0x00, 0x00, 0x00, 0x00, 0x00, 0x00, 0x00, 0x00, 0x00, 0x00, 0x00, 0x00, 0x00, 0x00, 0x00, 0x00,
  0x00, 0x00, 0x00, 0x00, 0x00, 0x00, 0x00, 0x00, 0x00, 0x00, 0x00, 0x00, 0x00, 0x00, 0x00, 0x00,
  0x00, 0x00, 0x00, 0x00, 0x00, 0x00, 0x00, 0x00, 0x00, 0x00, 0x00, 0x00, 0x00, 0x00, 0x00, 0x00,
  0x00, 0x00, 0x00, 0x00, 0x00, 0x00, 0x00, 0x00, 0x00, 0x00, 0x00, 0x00, 0x00, 0x00, 0x00, 0x00,
  0x00, 0x00, 0x00, 0x00, 0x00, 0x00, 0x00, 0x00, 0x00, 0x00, 0x00, 0x00, 0x00, 0x00, 0x00, 0x00,
  0x00, 0x00, 0x00, 0x00, 0x00, 0x00, 0x00, 0x00, 0x00, 0x00, 0x00, 0x00, 0x00, 0x00, 0x00, 0x00,
  0x00, 0x00, 0x00, 0x00, 0x00, 0x00, 0x00, 0x00, 0x00, 0x00, 0x00, 0x00, 0x00, 0x00, 0x00, 0x00,
  0x00, 0x00, 0x00, 0x00, 0x00, 0x00, 0x00, 0x00, 0x00, 0x00, 0x00, 0x00, 0x00, 0x00, 0x00, 0x00,
  0x00, 0x00, 0x00, 0x00, 0x00, 0x00, 0x00, 0x00, 0x00, 0x00, 0x00, 0x00, 0x00, 0x00, 0x00, 0x00,
  0x00, 0x00, 0x00, 0x00, 0x00, 0x00, 0x00, 0x00, 0x00, 0x00, 0x00, 0x00, 0x00, 0x00, 0x00, 0x00,
  0x00, 0x00, 0x00, 0x00, 0x00, 0x00, 0x00, 0x00, 0x00, 0x00, 0x00, 0x00, 0x00, 0x00, 0x00, 0x00,
  0x00, 0x00, 0x00, 0x00, 0x00, 0x00, 0x00, 0x00, 0x00, 0x00, 0x00, 0x00, 0x00, 0x00, 0x00, 0x00,
  0x00, 0x00, 0x00, 0x00, 0x00, 0x00, 0x00, 0x00, 0x00, 0x00, 0x00, 0x00, 0x00, 0x00, 0x00, 0x00,
  0x00, 0x00, 0x00, 0x00, 0x00, 0x00, 0x00, 0x00, 0x00, 0x00, 0x00, 0x00, 0x00, 0x00, 0x00, 0x00,
  0x00, 0x00, 0x00, 0x00, 0x00, 0x00, 0x00, 0x00, 0x00, 0x00, 0x00, 0x00, 0x00, 0x00, 0x00, 0x00,
  0x00, 0x00, 0x00, 0x00, 0x00, 0x00, 0x00, 0x00, 0x00, 0x00, 0x00, 0x00, 0x00, 0x00, 0x00, 0x00,
  0x00, 0x00, 0x00, 0x00, 0x00, 0x00, 0x00, 0x00, 0x00, 0x00, 0x00, 0x00, 0x00, 0x00, 0x00, 0x00,
  0x00, 0x00, 0x00, 0x00, 0x00, 0x00, 0x00, 0x00, 0x00, 0x00, 0x00, 0x00, 0x00, 0x00, 0x00, 0x00,
  0x00, 0x00, 0x00, 0x00, 0x00, 0x00, 0x00, 0x00, 0x00, 0x00, 0x00, 0x00, 0x00, 0x00, 0x00, 0x00,
  0x00, 0x00, 0x00, 0x00, 0x00, 0x00, 0x00, 0x00, 0x00, 0x00, 0x00, 0x00, 0x00, 0x00, 0x00, 0x00,
  0x00, 0x00, 0x00, 0x00, 0x00, 0x00, 0x00, 0x00, 0x00, 0x00, 0x00, 0x00, 0x00, 0x00, 0x00, 0x00,
  0x00, 0x00, 0x00, 0x00, 0x00, 0x00, 0x00, 0x00, 0x00, 0x00, 0x00, 0x00, 0x00, 0x00, 0x00, 0x00,
  0x00, 0x00, 0x00, 0x00, 0x00, 0x00, 0x00, 0x00, 0x00, 0x00, 0x00, 0x00, 0x00, 0x00, 0x00, 0x00,
  0x00, 0x00, 0x00, 0x00, 0x00, 0x00, 0x00, 0x00, 0x00, 0x00, 0x00, 0x00, 0x00, 0x00, 0x00, 0x00,
  0x00, 0x00, 0x00, 0x00, 0x00, 0x00, 0x00, 0x00, 0x00, 0x00, 0x00, 0x00, 0x00, 0x00, 0x00, 0x00,
  0x00, 0x00, 0x00, 0x00, 0x00, 0x00, 0x00, 0x00, 0x00, 0x00, 0x00, 0x00, 0x00, 0x00, 0x00, 0x00,
  0x00, 0x00, 0x00, 0x00, 0x00, 0x00, 0x00, 0x00, 0x00, 0x00, 0x00, 0x00, 0x00, 0x00, 0x00, 0x00,
  0x00, 0x00, 0x00, 0x00, 0x00, 0x00, 0x00, 0x00, 0x00, 0x00, 0x00, 0x00, 0x00, 0x00, 0x00, 0x00,
  0x00, 0x00, 0x00, 0x00, 0x00, 0x00, 0x00, 0x00, 0x00, 0x00, 0x00, 0x00, 0x00, 0x00, 0x00, 0x00,
  0x00, 0x00, 0x00, 0x00, 0x00, 0x00, 0x00, 0x00, 0x00, 0x00, 0x00, 0x00, 0x00, 0x00, 0x00, 0x00,
  0x00, 0x00, 0x00, 0x00, 0x00, 0x00, 0x00, 0x00, 0x00, 0x00, 0x00, 0x00, 0x00, 0x00, 0x00, 0x00,
  0x00, 0x00, 0x00, 0x00, 0x00, 0x00, 0x00, 0x00, 0x00, 0x00, 0x00, 0x00, 0x00, 0x00, 0x00, 0x00,
  0x00, 0x00, 0x00, 0x00, 0x00, 0x00, 0x00, 0x00, 0x00, 0x00, 0x00, 0x00, 0x00, 0x00, 0x00, 0x00,
  0x00, 0x00, 0x00, 0x00, 0x00, 0x00, 0x00, 0x00, 0x00, 0x00, 0x00, 0x00, 0x00, 0x00, 0x00, 0x00,
  0x00, 0x00, 0x00, 0x00, 0x00, 0x00, 0x00, 0x00, 0x00, 0x00, 0x00, 0x00, 0x00, 0x00, 0x00, 0x00,
  0x00, 0x00, 0x00, 0x00, 0x00, 0x00, 0x00, 0x00, 0x00, 0x00, 0x00, 0x00, 0x00, 0x00, 0x00, 0x00,
  0x00, 0x00, 0x00, 0x00, 0x00, 0x00, 0x00, 0x00, 0x00, 0x00, 0x00, 0x00, 0x00, 0x00, 0x00, 0x00,
  0x00, 0x00, 0x00, 0x00, 0x00, 0x00, 0x00, 0x00, 0x00, 0x00, 0x00, 0x00, 0x00, 0x00, 0x00, 0x00,
  0x00, 0x00, 0x00, 0x00, 0x00, 0x00, 0x00, 0x00, 0x00, 0x00, 0x00, 0x00, 0x00, 0x00, 0x00, 0x00,
  0x00, 0x00, 0x00, 0x00, 0x00, 0x00, 0x00, 0x00, 0x00, 0x00, 0x00, 0x00, 0x00, 0x00, 0x00, 0x00,
  0x00, 0x00, 0x00, 0x00, 0x00, 0x00, 0x00, 0x00, 0x00, 0x00, 0x00, 0x00, 0x00, 0x00, 0x00, 0x00,
  0x00, 0x00, 0x00, 0x00, 0x00, 0x00, 0x00, 0x00, 0x00, 0x00, 0x00, 0x00, 0x00, 0x00, 0x00, 0x00,
  0x00, 0x00, 0x00, 0x00, 0x00, 0x00, 0x00, 0x00, 0x00, 0x00, 0x00, 0x00, 0x00, 0x00, 0x00, 0x00,
  0x00, 0x00, 0x00, 0x00, 0x00, 0x00, 0x00, 0x00, 0x00, 0x00, 0x00, 0x00, 0x00, 0x00, 0x00, 0x00,
  0x00, 0x00, 0x00, 0x00, 0x00, 0x00, 0x00, 0x00, 0x00, 0x00, 0x00, 0x00, 0x00, 0x00, 0x00, 0x00,
  0x00, 0x00, 0x00, 0x00, 0x00, 0x00, 0x00, 0x00, 0x00, 0x00, 0x00, 0x00, 0x00, 0x00, 0x00, 0x00,
  0x00, 0x00, 0x00, 0x00, 0x00, 0x00, 0x00, 0x00, 0x00, 0x00, 0x00, 0x00, 0x00, 0x00, 0x00, 0x00,
  0x00, 0x00, 0x00, 0x00, 0x00, 0x00, 0x00, 0x00, 0x00, 0x00, 0x00, 0x00, 0x00, 0x00, 0x00, 0x00,
  0x00, 0x00, 0x00, 0x00, 0x00, 0x00, 0x00, 0x00, 0x00, 0x00, 0x00, 0x00, 0x00, 0x00, 0x00, 0x00,
  0x00, 0x00, 0x00, 0x00, 0x00, 0x00, 0x00, 0x00, 0x00, 0x00, 0x00, 0x00, 0x00, 0x00, 0x00, 0x00,
  0x00, 0x00, 0x00, 0x00, 0x00, 0x00, 0x00, 0x00, 0x00, 0x00, 0x00, 0x00, 0x00, 0x00, 0x00, 0x00,
  0x00, 0x00, 0x00, 0x00, 0x00, 0x00, 0x00, 0x00, 0x00, 0x00, 0x00, 0x00, 0x00, 0x00, 0x00, 0x00,
  0x00, 0x00, 0x00, 0x00, 0x00, 0x00, 0x00, 0x00, 0x00, 0x00, 0x00, 0x00, 0x00, 0x00, 0x00, 0x00,
  0x00, 0x00, 0x00, 0x00, 0x00, 0x00, 0x00, 0x00, 0x00, 0x00, 0x00, 0x00, 0x00, 0x00, 0x00, 0x00,
  0x00, 0x00, 0x00, 0x00, 0x00, 0x00, 0x00, 0x00, 0x00, 0x00, 0x00, 0x00, 0x00, 0x00, 0x00, 0x00,
  0x00, 0x00, 0x00, 0x00, 0x00, 0x00, 0x00, 0x00, 0x00, 0x00, 0x00, 0x00, 0x00, 0x00, 0x00, 0x00,
  0x00, 0x00, 0x00, 0x00, 0x00, 0x00, 0x00, 0x00, 0x00, 0x00, 0x00, 0x00, 0x00, 0x00, 0x00, 0x00,
  0x00, 0x00, 0x00, 0x00, 0x00, 0x00, 0x00, 0x00, 0x00, 0x00, 0x00, 0x00, 0x00, 0x00, 0x00, 0x00,
  0x00, 0x00, 0x00, 0x00, 0x00, 0x00, 0x00, 0x00, 0x00, 0x00, 0x00, 0x00, 0x00, 0x00, 0x00, 0x00,
  0x00, 0x00, 0x00, 0x00, 0x00, 0x00, 0x00, 0x00, 0x00, 0x00, 0x00, 0x00, 0x00, 0x00, 0x00, 0x00,
  0x00, 0x00, 0x00, 0x00, 0x00, 0x00, 0x00, 0x00, 0x00, 0x00, 0x00, 0x00, 0x00, 0x00, 0x00, 0x00,
  0x00, 0x00, 0x00, 0x00, 0x00, 0x00, 0x00, 0x00, 0x00, 0x00, 0x00, 0x00, 0x00, 0x00, 0x00, 0x00,
  0x00, 0x00, 0x00, 0x00, 0x00, 0x00, 0x00, 0x00, 0x00, 0x00, 0x00, 0x00, 0x00, 0x00, 0x00, 0x00,
  0x00, 0x00, 0x00, 0x00, 0x00, 0x00, 0x00, 0x00, 0x00, 0x00, 0x00, 0x00, 0x00, 0x00, 0x00, 0x00,
  0x00, 0x00, 0x00, 0x00, 0x00, 0x00, 0x00, 0x00, 0x00, 0x00, 0x00, 0x00, 0x00, 0x00, 0x00, 0x00,
  0x00, 0x00, 0x00, 0x00, 0x00, 0x00, 0x00, 0x00, 0x00, 0x00, 0x00, 0x00, 0x00, 0x00, 0x00, 0x00,
  0x00, 0x00, 0x00, 0x00, 0x00, 0x00, 0x00, 0x00, 0x00, 0x00, 0x00, 0x00, 0x00, 0x00, 0x00, 0x00,
  0x00, 0x00, 0x00, 0x00, 0x00, 0x00, 0x00, 0x00, 0x00, 0x00, 0x00, 0x00, 0x00, 0x00, 0x00, 0x00,
  0x00, 0x00, 0x00, 0x00, 0x00, 0x00, 0x00, 0x00, 0x00, 0x00, 0x00, 0x00, 0x00, 0x00, 0x00, 0x00,
  0x00, 0x00, 0x00, 0x00, 0x00, 0x00, 0x00, 0x00, 0x00, 0x00, 0x00, 0x00, 0x00, 0x00, 0x00, 0x00,
  0x00, 0x00, 0x00, 0x00, 0x00, 0x00, 0x00, 0x00, 0x00, 0x00, 0x00, 0x00, 0x00, 0x00, 0x00, 0x00,
  0x00, 0x00, 0x00, 0x00, 0x00, 0x00, 0x00, 0x00, 0x00, 0x00, 0x00, 0x00, 0x00, 0x00, 0x00, 0x00,
  0x00, 0x00, 0x00, 0x00, 0x00, 0x00, 0x00, 0x00, 0x00, 0x00, 0x00, 0x00, 0x00, 0x00, 0x00, 0x00,
  0x00, 0x00, 0x00, 0x00, 0x00, 0x00, 0x00, 0x00, 0x00, 0x00, 0x00, 0x00, 0x00, 0x00, 0x00, 0x00,
  0x00, 0x00, 0x00, 0x00, 0x00, 0x00, 0x00, 0x00, 0x00, 0x00, 0x00, 0x00, 0x00, 0x00, 0x00, 0x00,
  0x00, 0x00, 0x00, 0x00, 0x00, 0x00, 0x00, 0x00, 0x00, 0x00, 0x00, 0x00, 0x00, 0x00, 0x00, 0x00,
  0x00, 0x00, 0x00, 0x00, 0x00, 0x00, 0x00, 0x00, 0x00, 0x00, 0x00, 0x00, 0x00, 0x00, 0x00, 0x00,
  0x00, 0x00, 0x00, 0x00, 0x00, 0x00, 0x00, 0x00, 0x00, 0x00, 0x00, 0x00, 0x00, 0x00, 0x00, 0x00,
  0x00, 0x00, 0x00, 0x00, 0x00, 0x00, 0x00, 0x00, 0x00, 0x00, 0x00, 0x00, 0x00, 0x00, 0x00, 0x00,
  0x00, 0x00, 0x00, 0x00, 0x00, 0x00, 0x00, 0x00, 0x00, 0x00, 0x00, 0x00, 0x00, 0x00, 0x00, 0x00,
  0x00, 0x00, 0x00, 0x00, 0x00, 0x00, 0x00, 0x00, 0x00, 0x00, 0x00, 0x00, 0x00, 0x00, 0x00, 0x00,
  0x00, 0x00, 0x00, 0x00, 0x00, 0x00, 0x00, 0x00, 0x00, 0x00, 0x00, 0x00, 0x00, 0x00, 0x00, 0x00,
  0x00, 0x00, 0x00, 0x00, 0x00, 0x00, 0x00, 0x00, 0x00, 0x00, 0x00, 0x00, 0x00, 0x00, 0x00, 0x00,
  0x00, 0x00, 0x00, 0x00, 0x00, 0x00, 0x00, 0x00, 0x00, 0x00, 0x00, 0x00, 0x00, 0x00, 0x00, 0x00,
  0x00, 0x00, 0x00, 0x00, 0x00, 0x00, 0x00, 0x00, 0x00, 0x00, 0x00, 0x00, 0x00, 0x00, 0x00, 0x00,
  0x00, 0x00, 0x00, 0x00, 0x00, 0x00, 0x00, 0x00, 0x00, 0x00, 0x00, 0x00, 0x00, 0x00, 0x00, 0x00,
  0x00, 0x00, 0x00, 0x00, 0x00, 0x00, 0x00, 0x00, 0x00, 0x00, 0x00, 0x00, 0x00, 0x00, 0x00, 0x00,
  0x00, 0x00, 0x00, 0x00, 0x00, 0x00, 0x00, 0x00, 0x00, 0x00, 0x00, 0x00, 0x00, 0x00, 0x00, 0x00,
  0x00, 0x00, 0x00, 0x00, 0x00, 0x00, 0x00, 0x00, 0x00, 0x00, 0x00, 0x00, 0x00, 0x00, 0x00, 0x00,
  0x00, 0x00, 0x00, 0x00, 0x00, 0x00, 0x00, 0x00, 0x00, 0x00, 0x00, 0x00, 0x00, 0x00, 0x00, 0x00,
  0x00, 0x00, 0x00, 0x00, 0x00, 0x00, 0x00, 0x00, 0x00, 0x00, 0x00, 0x00, 0x00, 0x00, 0x00, 0x00,
  0x00, 0x00, 0x00, 0x00, 0x00, 0x00, 0x00, 0x00, 0x00, 0x00, 0x00, 0x00, 0x00, 0x00, 0x00, 0x00,
  0x00, 0x00, 0x00, 0x00, 0x00, 0x00, 0x00, 0x00, 0x00, 0x00, 0x00, 0x00, 0x00, 0x00, 0x00, 0x00,
  0x00, 0x00, 0x00, 0x00, 0x00, 0x00, 0x00, 0x00, 0x00, 0x00, 0x00, 0x00, 0x00, 0x00, 0x00, 0x00,
  0x00, 0x00, 0x00, 0x00, 0x00, 0x00, 0x00, 0x00, 0x00, 0x00, 0x00, 0x00, 0x00, 0x00, 0x00, 0x00,
  0x00, 0x00, 0x00, 0x00, 0x00, 0x00, 0x00, 0x00, 0x00, 0x00, 0x00, 0x00, 0x00, 0x00, 0x00, 0x00,
  0x00, 0x00, 0x00, 0x00, 0x00, 0x00, 0x00, 0x00, 0x00, 0x00, 0x00, 0x00, 0x00, 0x00, 0x00, 0x00,
  0x00, 0x00, 0x00, 0x00, 0x00, 0x00, 0x00, 0x00, 0x00, 0x00, 0x00, 0x00, 0x00, 0x00, 0x00, 0x00,
  0x00, 0x00, 0x00, 0x00, 0x00, 0x00, 0x00, 0x00, 0x00, 0x00, 0x00, 0x00, 0x00, 0x00, 0x00, 0x00,
  0x00, 0x00, 0x00, 0x00, 0x00, 0x00, 0x00, 0x00, 0x00, 0x00, 0x00, 0x00, 0x00, 0x00, 0x00, 0x00,
  0x00, 0x00, 0x00, 0x00, 0x00, 0x00, 0x00, 0x00, 0x00, 0x00, 0x00, 0x00, 0x00, 0x00, 0x00, 0x00,
  0x00, 0x00, 0x00, 0x00, 0x00, 0x00, 0x00, 0x00, 0x00, 0x00, 0x00, 0x00, 0x00, 0x00, 0x00, 0x00,
  0x00, 0x00, 0x00, 0x00, 0x00, 0x00, 0x00, 0x00, 0x00, 0x00, 0x00, 0x00, 0x00, 0x00, 0x00, 0x00,
  0x00, 0x00, 0x00, 0x00, 0x00, 0x00, 0x00, 0x00, 0x00, 0x00, 0x00, 0x00, 0x00, 0x00, 0x00, 0x00,
  0x00, 0x00, 0x00, 0x00, 0x00, 0x00, 0x00, 0x00, 0x00, 0x00, 0x00, 0x00, 0x00, 0x00, 0x00, 0x00,
  0x00, 0x00, 0x00, 0x00, 0x00, 0x00, 0x00, 0x00, 0x00, 0x00, 0x00, 0x00, 0x00, 0x00, 0x00, 0x00,
  0x00, 0x00, 0x00, 0x00, 0x00, 0x00, 0x00, 0x00, 0x00, 0x00, 0x00, 0x00, 0x00, 0x00, 0x00, 0x00,
  0x00, 0x00, 0x00, 0x00, 0x00, 0x00, 0x00, 0x00, 0x00, 0x00, 0x00, 0x00, 0x00, 0x00, 0x00, 0x00,
  0x00, 0x00, 0x00, 0x00, 0x00, 0x00, 0x00, 0x00, 0x00, 0x00, 0x00, 0x00, 0x00, 0x00, 0x00, 0x00,
  0x00, 0x00, 0x00, 0x00, 0x00, 0x00, 0x00, 0x00, 0x00, 0x00, 0x00, 0x00, 0x00, 0x00, 0x00, 0x00,
  0x00, 0x00, 0x00, 0x00, 0x00, 0x00, 0x00, 0x00, 0x00, 0x00, 0x00, 0x00, 0x00, 0x00, 0x00, 0x00,
  0x00, 0x00, 0x00, 0x00, 0x00, 0x00, 0x00, 0x00, 0x00, 0x00, 0x00, 0x00, 0x00, 0x00, 0x00, 0x00,
  0x00, 0x00, 0x00, 0x00, 0x00, 0x00, 0x00, 0x00, 0x00, 0x00, 0x00, 0x00, 0x00, 0x00, 0x00, 0x00,
  0x00, 0x00, 0x00, 0x00, 0x00, 0x00, 0x00, 0x00, 0x00, 0x00, 0x00, 0x00, 0x00, 0x00, 0x00, 0x00,
  0x00, 0x00, 0x00, 0x00, 0x00, 0x00, 0x00, 0x00, 0x00, 0x00, 0x00, 0x00, 0x00, 0x00, 0x00, 0x00,
  0x00, 0x00, 0x00, 0x00, 0x00, 0x00, 0x00, 0x00, 0x00, 0x00, 0x00, 0x00, 0x00, 0x00, 0x00, 0x00,
  0x00, 0x00, 0x00, 0x00, 0x00, 0x00, 0x00, 0x00, 0x00, 0x00, 0x00, 0x00, 0x00, 0x00, 0x00, 0x00,
  0x00, 0x00, 0x00, 0x00, 0x00, 0x00, 0x00, 0x00, 0x00, 0x00, 0x00, 0x00, 0x00, 0x00, 0x00, 0x00,
  0x00, 0x00, 0x00, 0x00, 0x00, 0x00, 0x00, 0x00, 0x00, 0x00, 0x00, 0x00, 0x00, 0x00, 0x00, 0x00,
  0x00, 0x00, 0x00, 0x00, 0x00, 0x00, 0x00, 0x00, 0x00, 0x00, 0x00, 0x00, 0x00, 0x00, 0x00, 0x00,
  0x00, 0x00, 0x00, 0x00, 0x00, 0x00, 0x00, 0x00, 0x00, 0x00, 0x00, 0x00, 0x00, 0x00, 0x00, 0x00,
  0x00, 0x00, 0x00, 0x00, 0x00, 0x00, 0x00, 0x00, 0x00, 0x00, 0x00, 0x00, 0x00, 0x00, 0x00, 0x00,
  0x00, 0x00, 0x00, 0x00, 0x00, 0x00, 0x00, 0x00, 0x00, 0x00, 0x00, 0x00, 0x00, 0x00, 0x00, 0x00,
  0x00, 0x00, 0x00, 0x00, 0x00, 0x00, 0x00, 0x00, 0x00, 0x00, 0x00, 0x00, 0x00, 0x00, 0x00, 0x00,
  0x00, 0x00, 0x00, 0x00, 0x00, 0x00, 0x00, 0x00, 0x00, 0x00, 0x00, 0x00, 0x00, 0x00, 0x00, 0x00,
  0x00, 0x00, 0x00, 0x00, 0x00, 0x00, 0x00, 0x00, 0x00, 0x00, 0x00, 0x00, 0x00, 0x00, 0x00, 0x00,
  0x00, 0x00, 0x00, 0x00, 0x00, 0x00, 0x00, 0x00, 0x00, 0x00, 0x00, 0x00, 0x00, 0x00, 0x00, 0x00,
  0x00, 0x00, 0x00, 0x00, 0x00, 0x00, 0x00, 0x00, 0x00, 0x00, 0x00, 0x00, 0x00, 0x00, 0x00, 0x00,
  0x00, 0x00, 0x00, 0x00, 0x00, 0x00, 0x00, 0x00, 0x00, 0x00, 0x00, 0x00, 0x00, 0x00, 0x00, 0x00,
  0x00, 0x00, 0x00, 0x00, 0x00, 0x00, 0x00, 0x00, 0x00, 0x00, 0x00, 0x00, 0x00, 0x00, 0x00, 0x00,
  0x00, 0x00, 0x00, 0x00, 0x00, 0x00, 0x00, 0x00, 0x00, 0x00, 0x00, 0x00, 0x00, 0x00, 0x00, 0x00,
  0x00, 0x00, 0x00, 0x00, 0x00, 0x00, 0x00, 0x00, 0x00, 0x00, 0x00, 0x00, 0x00, 0x00, 0x00, 0x00,
  0x00, 0x00, 0x00, 0x00, 0x00, 0x00, 0x00, 0x00, 0x00, 0x00, 0x00, 0x00, 0x00, 0x00, 0x00, 0x00,
  0x00, 0x00, 0x00, 0x00, 0x00, 0x00, 0x00, 0x00, 0x00, 0x00, 0x00, 0x00, 0x00, 0x00, 0x00, 0x00,
  0x00, 0x00, 0x00, 0x00, 0x00, 0x00, 0x00, 0x00, 0x00, 0x00, 0x00, 0x00, 0x00, 0x00, 0x00, 0x00,
  0x00, 0x00, 0x00, 0x00, 0x00, 0x00, 0x00, 0x00, 0x00, 0x00, 0x00, 0x00, 0x00, 0x00, 0x00, 0x00,
  0x00, 0x00, 0x00, 0x00, 0x00, 0x00, 0x00, 0x00, 0x00, 0x00, 0x00, 0x00, 0x00, 0x00, 0x00, 0x00,
  0x00, 0x00, 0x00, 0x00, 0x00, 0x00, 0x00, 0x00, 0x00, 0x00, 0x00, 0x00, 0x00, 0x00, 0x00, 0x00,
  0x00, 0x00, 0x00, 0x00, 0x00, 0x00, 0x00, 0x00, 0x00, 0x00, 0x00, 0x00, 0x00, 0x00, 0x00, 0x00,
  0x00, 0x00, 0x00, 0x00, 0x00, 0x00, 0x00, 0x00, 0x00, 0x00, 0x00, 0x00, 0x00, 0x00, 0x00, 0x00,
  0x00, 0x00, 0x00, 0x00, 0x00, 0x00, 0x00, 0x00, 0x00, 0x00, 0x00, 0x00, 0x00, 0x00, 0x00, 0x00,
  0x00, 0x00, 0x00, 0x00, 0x00, 0x00, 0x00, 0x00, 0x00, 0x00, 0x00, 0x00, 0x00, 0x00, 0x00, 0x00,
  0x00, 0x00, 0x00, 0x00, 0x00, 0x00, 0x00, 0x00, 0x00, 0x00, 0x00, 0x00, 0x00, 0x00, 0x00, 0x00,
  0x00, 0x00, 0x00, 0x00, 0x00, 0x00, 0x00, 0x00, 0x00, 0x00, 0x00, 0x00, 0x00, 0x00, 0x00, 0x00,
  0x00, 0x00, 0x00, 0x00, 0x00, 0x00, 0x00, 0x00, 0x00, 0x00, 0x00, 0x00, 0x00, 0x00, 0x00, 0x00,
  0x00, 0x00, 0x00, 0x00, 0x00, 0x00, 0x00, 0x00, 0x00, 0x00, 0x00, 0x00, 0x00, 0x00, 0x00, 0x00,
  0x00, 0x00, 0x00, 0x00, 0x00, 0x00, 0x00, 0x00, 0x00, 0x00, 0x00, 0x00, 0x00, 0x00, 0x00, 0x00,
  0x00, 0x00, 0x00, 0x00, 0x00, 0x00, 0x00, 0x00, 0x00, 0x00, 0x00, 0x00, 0x00, 0x00, 0x00, 0x00,
  0x00, 0x00, 0x00, 0x00, 0x00, 0x00, 0x00, 0x00, 0x00, 0x00, 0x00, 0x00, 0x00, 0x00, 0x00, 0x00,
  0x00, 0x00, 0x00, 0x00, 0x00, 0x00, 0x00, 0x00, 0x00, 0x00, 0x00, 0x00, 0x00, 0x00, 0x00, 0x00,
  0x00, 0x00, 0x00, 0x00, 0x00, 0x00, 0x00, 0x00, 0x00, 0x00, 0x00, 0x00, 0x00, 0x00, 0x00, 0x00,
  0x00, 0x00, 0x00, 0x00, 0x00, 0x00, 0x00, 0x00, 0x00, 0x00, 0x00, 0x00, 0x00, 0x00, 0x00, 0x00,
  0x00, 0x00, 0x00, 0x00, 0x00, 0x00, 0x00, 0x00, 0x00, 0x00, 0x00, 0x00, 0x00, 0x00, 0x00, 0x00,
  0x00, 0x00, 0x00, 0x00, 0x00, 0x00, 0x00, 0x00, 0x00, 0x00, 0x00, 0x00, 0x00, 0x00, 0x00, 0x00,
  0x00, 0x00, 0x00, 0x00, 0x00, 0x00, 0x00, 0x00, 0x00, 0x00, 0x00, 0x00, 0x00, 0x00, 0x00, 0x00,
  0x00, 0x00, 0x00, 0x00, 0x00, 0x00, 0x00, 0x00, 0x00, 0x00, 0x00, 0x00, 0x00, 0x00, 0x00, 0x00,
  0x00, 0x00, 0x00, 0x00, 0x00, 0x00, 0x00, 0x00, 0x00, 0x00, 0x00, 0x00, 0x00, 0x00, 0x00, 0x00,
  0x00, 0x00, 0x00, 0x00, 0x00, 0x00, 0x00, 0x00, 0x00, 0x00, 0x00, 0x00, 0x00, 0x00, 0x00, 0x00,
  0x00, 0x00, 0x00, 0x00, 0x00, 0x00, 0x00, 0x00, 0x00, 0x00, 0x00, 0x00, 0x00, 0x00, 0x00, 0x00,
  0x00, 0x00, 0x00, 0x00, 0x00, 0x00, 0x00, 0x00, 0x00, 0x00, 0x00, 0x00, 0x00, 0x00, 0x00, 0x00,
  0x00, 0x00, 0x00, 0x00, 0x00, 0x00, 0x00, 0x00, 0x00, 0x00, 0x00, 0x00, 0x00, 0x00, 0x00, 0x00,
  0x00, 0x00, 0x00, 0x00, 0x00, 0x00, 0x00, 0x00, 0x00, 0x00, 0x00, 0x00, 0x00, 0x00, 0x00, 0x00,
  0x00, 0x00, 0x00, 0x00, 0x00, 0x00, 0x00, 0x00, 0x00, 0x00, 0x00, 0x00, 0x00, 0x00, 0x00, 0x00,
  0x00, 0x00, 0x00, 0x00, 0x00, 0x00, 0x00, 0x00, 0x00, 0x00, 0x00, 0x00, 0x00, 0x00, 0x00, 0x00,
  0x00, 0x00, 0x00, 0x00, 0x00, 0x00, 0x00, 0x00, 0x00, 0x00, 0x00, 0x00, 0x00, 0x00, 0x00, 0x00,
  0x00, 0x00, 0x00, 0x00, 0x00, 0x00, 0x00, 0x00, 0x00, 0x00, 0x00, 0x00, 0x00, 0x00, 0x00, 0x00,
  0x00, 0x00, 0x00, 0x00, 0x00, 0x00, 0x00, 0x00, 0x00, 0x00, 0x00, 0x00, 0x00, 0x00, 0x00, 0x00,
  0x00, 0x00, 0x00, 0x00, 0x00, 0x00, 0x00, 0x00, 0x00, 0x00, 0x00, 0x00, 0x00, 0x00, 0x00, 0x00,
  0x00, 0x00, 0x00, 0x00, 0x00, 0x00, 0x00, 0x00, 0x00, 0x00, 0x00, 0x00, 0x00, 0x00, 0x00, 0x00,
  0x00, 0x00, 0x00, 0x00, 0x00, 0x00, 0x00, 0x00, 0x00, 0x00, 0x00, 0x00, 0x00, 0x00, 0x00, 0x00,
  0x00, 0x00, 0x00, 0x00, 0x00, 0x00, 0x00, 0x00, 0x00, 0x00, 0x00, 0x00, 0x00, 0x00, 0x00, 0x00,
  0x00, 0x00, 0x00, 0x00, 0x00, 0x00, 0x00, 0x00, 0x00, 0x00, 0x00, 0x00, 0x00, 0x00, 0x00, 0x00,
  0x00, 0x00, 0x00, 0x00, 0x00, 0x00, 0x00, 0x00, 0x00, 0x00, 0x00, 0x00, 0x00, 0x00, 0x00, 0x00,
  0x00, 0x00, 0x00, 0x00, 0x00, 0x00, 0x00, 0x00, 0x00, 0x00, 0x00, 0x00, 0x00, 0x00, 0x00, 0x00,
  0x00, 0x00, 0x00, 0x00, 0x00, 0x00, 0x00, 0x00, 0x00, 0x00, 0x00, 0x00, 0x00, 0x00, 0x00, 0x00,
  0x00, 0x00, 0x00, 0x00, 0x00, 0x00, 0x00, 0x00, 0x00, 0x00, 0x00, 0x00, 0x00, 0x00, 0x00, 0x00,
  0x00, 0x00, 0x00, 0x00, 0x00, 0x00, 0x00, 0x00, 0x00, 0x00, 0x00, 0x00, 0x00, 0x00, 0x00, 0x00,
  0x00, 0x00, 0x00, 0x00, 0x00, 0x00, 0x00, 0x00, 0x00, 0x00, 0x00, 0x00, 0x00, 0x00, 0x00, 0x00,
  0x00, 0x00, 0x00, 0x00, 0x00, 0x00, 0x00, 0x00, 0x00, 0x00, 0x00, 0x00, 0x00, 0x00, 0x00, 0x00,
  0x00, 0x00, 0x00, 0x00, 0x00, 0x00, 0x00, 0x00, 0x00, 0x00, 0x00, 0x00, 0x00, 0x00, 0x00, 0x00,
  0x00, 0x00, 0x00, 0x00, 0x00, 0x00, 0x00, 0x00, 0x00, 0x00, 0x00, 0x00, 0x00, 0x00, 0x00, 0x00,
  0x00, 0x00, 0x00, 0x00, 0x00, 0x00, 0x00, 0x00, 0x00, 0x00, 0x00, 0x00, 0x00, 0x00, 0x00, 0x00,
  0x00, 0x00, 0x00, 0x00, 0x00, 0x00, 0x00, 0x00, 0x00, 0x00, 0x00, 0x00, 0x00, 0x00, 0x00, 0x00,
  0x00, 0x00, 0x00, 0x00, 0x00, 0x00, 0x00, 0x00, 0x00, 0x00, 0x00, 0x00, 0x00, 0x00, 0x00, 0x00,
  0x00, 0x00, 0x00, 0x00, 0x00, 0x00, 0x00, 0x00, 0x00, 0x00, 0x00, 0x00, 0x00, 0x00, 0x00, 0x00,
  0x00, 0x00, 0x00, 0x00, 0x00, 0x00, 0x00, 0x00, 0x00, 0x00, 0x00, 0x00, 0x00, 0x00, 0x00, 0x00,
  0x00, 0x00, 0x00, 0x00, 0x00, 0x00, 0x00, 0x00, 0x00, 0x00, 0x00, 0x00, 0x00, 0x00, 0x00, 0x00,
  0x00, 0x00, 0x00, 0x00, 0x00, 0x00, 0x00, 0x00, 0x00, 0x00, 0x00, 0x00, 0x00, 0x00, 0x00, 0x00,
  0x00, 0x00, 0x00, 0x00, 0x00, 0x00, 0x00, 0x00, 0x00, 0x00, 0x00, 0x00, 0x00, 0x00, 0x00, 0x00,
  0x00, 0x00, 0x00, 0x00, 0x00, 0x00, 0x00, 0x00, 0x00, 0x00, 0x00, 0x00, 0x00, 0x00, 0x00, 0x00,
  0x00, 0x00, 0x00, 0x00, 0x00, 0x00, 0x00, 0x00, 0x00, 0x00, 0x00, 0x00, 0x00, 0x00, 0x00, 0x00,
  0x00, 0x00, 0x00, 0x00, 0x00, 0x00, 0x00, 0x00, 0x00, 0x00, 0x00, 0x00, 0x00, 0x00, 0x00, 0x00,
  0x00, 0x00, 0x00, 0x00, 0x00, 0x00, 0x00, 0x00, 0x00, 0x00, 0x00, 0x00, 0x00, 0x00, 0x00, 0x00,
  0x00, 0x00, 0x00, 0x00, 0x00, 0x00, 0x00, 0x00, 0x00, 0x00, 0x00, 0x00, 0x00, 0x00, 0x00, 0x00,
  0x00, 0x00, 0x00, 0x00, 0x00, 0x00, 0x00, 0x00, 0x00, 0x00, 0x00, 0x00, 0x00, 0x00, 0x00, 0x00,
  0x00, 0x00, 0x00, 0x00, 0x00, 0x00, 0x00, 0x00, 0x00, 0x00, 0x00, 0x00, 0x00, 0x00, 0x00, 0x00,
  0x00, 0x00, 0x00, 0x00, 0x00, 0x00, 0x00, 0x00, 0x00, 0x00, 0x00, 0x00, 0x00, 0x00, 0x00, 0x00,
  0x00, 0x00, 0x00, 0x00, 0x00, 0x00, 0x00, 0x00, 0x00, 0x00, 0x00, 0x00, 0x00, 0x00, 0x00, 0x00,
  0x00, 0x00, 0x00, 0x00, 0x00, 0x00, 0x00, 0x00, 0x00, 0x00, 0x00, 0x00, 0x00, 0x00, 0x00, 0x00,
  0x00, 0x00, 0x00, 0x00, 0x00, 0x00, 0x00, 0x00, 0x00, 0x00, 0x00, 0x00, 0x00, 0x00, 0x00, 0x00,
  0x00, 0x00, 0x00, 0x00, 0x00, 0x00, 0x00, 0x00, 0x00, 0x00, 0x00, 0x00, 0x00, 0x00, 0x00, 0x00,
  0x00, 0x00, 0x00, 0x00, 0x00, 0x00, 0x00, 0x00, 0x00, 0x00, 0x00, 0x00, 0x00, 0x00, 0x00, 0x00,
  0x00, 0x00, 0x00, 0x00, 0x00, 0x00, 0x00, 0x00, 0x00, 0x00, 0x00, 0x00, 0x00, 0x00, 0x00, 0x00,
  0x00, 0x00, 0x00, 0x00, 0x00, 0x00, 0x00, 0x00, 0x00, 0x00, 0x00, 0x00, 0x00, 0x00, 0x00, 0x00,
  0x00, 0x00, 0x00, 0x00, 0x00, 0x00, 0x00, 0x00, 0x00, 0x00, 0x00, 0x00, 0x00, 0x00, 0x00, 0x00,
  0x00, 0x00, 0x00, 0x00, 0x00, 0x00, 0x00, 0x00, 0x00, 0x00, 0x00, 0x00, 0x00, 0x00, 0x00, 0x00,
  0x00, 0x00, 0x00, 0x00, 0x00, 0x00, 0x00, 0x00, 0x00, 0x00, 0x00, 0x00, 0x00, 0x00, 0x00, 0x00,
  0x00, 0x00, 0x00, 0x00, 0x00, 0x00, 0x00, 0x00, 0x00, 0x00, 0x00, 0x00, 0x00, 0x00, 0x00, 0x00,
  0x00, 0x00, 0x00, 0x00, 0x00, 0x00, 0x00, 0x00, 0x00, 0x00, 0x00, 0x00, 0x00, 0x00, 0x00, 0x00,
  0x00, 0x00, 0x00, 0x00, 0x00, 0x00, 0x00, 0x00, 0x00, 0x00, 0x00, 0x00, 0x00, 0x00, 0x00, 0x00,
  0x00, 0x00, 0x00, 0x00, 0x00, 0x00, 0x00, 0x00, 0x00, 0x00, 0x00, 0x00, 0x00, 0x00, 0x00, 0x00,
  0x00, 0x00, 0x00, 0x00, 0x00, 0x00, 0x00, 0x00, 0x00, 0x00, 0x00, 0x00, 0x00, 0x00, 0x00, 0x00,
  0x00, 0x00, 0x00, 0x00, 0x00, 0x00, 0x00, 0x00, 0x00, 0x00, 0x00, 0x00, 0x00, 0x00, 0x00, 0x00,
  0x00, 0x00, 0x00, 0x00, 0x00, 0x00, 0x00, 0x00, 0x00, 0x00, 0x00, 0x00, 0x00, 0x00, 0x00, 0x00,
  0x00, 0x00, 0x00, 0x00, 0x00, 0x00, 0x00, 0x00, 0x00, 0x00, 0x00, 0x00, 0x00, 0x00, 0x00, 0x00,
  0x00, 0x00, 0x00, 0x00, 0x00, 0x00, 0x00, 0x00, 0x00, 0x00, 0x00, 0x00, 0x00, 0x00, 0x00, 0x00,
  0x00, 0x00, 0x00, 0x00, 0x00, 0x00, 0x00, 0x00, 0x00, 0x00, 0x00, 0x00, 0x00, 0x00, 0x00, 0x00,
  0x00, 0x00, 0x00, 0x00, 0x00, 0x00, 0x00, 0x00, 0x00, 0x00, 0x00, 0x00, 0x00, 0x00, 0x00, 0x00,
  0x00, 0x00, 0x00, 0x00, 0x00, 0x00, 0x00, 0x00, 0x00, 0x00, 0x00, 0x00, 0x00, 0x00, 0x00, 0x00,
  0x00, 0x00, 0x00, 0x00, 0x00, 0x00, 0x00, 0x00, 0x00, 0x00, 0x00, 0x00, 0x00, 0x00, 0x00, 0x00,
  0x00, 0x00, 0x00, 0x00, 0x00, 0x00, 0x00, 0x00, 0x00, 0x00, 0x00, 0x00, 0x00, 0x00, 0x00, 0x00,
  0x00, 0x00, 0x00, 0x00, 0x00, 0x00, 0x00, 0x00, 0x00, 0x00, 0x00, 0x00, 0x00, 0x00, 0x00, 0x00,
  0x00, 0x00, 0x00, 0x00, 0x00, 0x00, 0x00, 0x00, 0x00, 0x00, 0x00, 0x00, 0x00, 0x00, 0x00, 0x00,
  0x00, 0x00, 0x00, 0x00, 0x00, 0x00, 0x00, 0x00, 0x00, 0x00, 0x00, 0x00, 0x00, 0x00, 0x00, 0x00,
  0x00, 0x00, 0x00, 0x00, 0x00, 0x00, 0x00, 0x00, 0x00, 0x00, 0x00, 0x00, 0x00, 0x00, 0x00, 0x00,
  0x00, 0x00, 0x00, 0x00, 0x00, 0x00, 0x00, 0x00, 0x00, 0x00, 0x00, 0x00, 0x00, 0x00, 0x00, 0x00,
  0x00, 0x00, 0x00, 0x00, 0x00, 0x00, 0x00, 0x00, 0x00, 0x00, 0x00, 0x00, 0x00, 0x00, 0x00, 0x00,
  0x00, 0x00, 0x00, 0x00, 0x00, 0x00, 0x00, 0x00, 0x00, 0x00, 0x00, 0x00, 0x00, 0x00, 0x00, 0x00,
  0x00, 0x00, 0x00, 0x00, 0x00, 0x00, 0x00, 0x00, 0x00, 0x00, 0x00, 0x00, 0x00, 0x00, 0x00, 0x00,
  0x00, 0x00, 0x00, 0x00, 0x00, 0x00, 0x00, 0x00, 0x00, 0x00, 0x00, 0x00, 0x00, 0x00, 0x00, 0x00,
  0x00, 0x00, 0x00, 0x00, 0x00, 0x00, 0x00, 0x00, 0x00, 0x00, 0x00, 0x00, 0x00, 0x00, 0x00, 0x00,
  0x00, 0x00, 0x00, 0x00, 0x00, 0x00, 0x00, 0x00, 0x00, 0x00, 0x00, 0x00, 0x00, 0x00, 0x00, 0x00,
  0x00, 0x00, 0x00, 0x00, 0x00, 0x00, 0x00, 0x00, 0x00, 0x00, 0x00, 0x00, 0x00, 0x00, 0x00, 0x00,
  0x00, 0x00, 0x00, 0x00, 0x00, 0x00, 0x00, 0x00, 0x00, 0x00, 0x00, 0x00, 0x00, 0x00, 0x00, 0x00,
  0x00, 0x00, 0x00, 0x00, 0x00, 0x00, 0x00, 0x00, 0x00, 0x00, 0x00, 0x00, 0x00, 0x00, 0x00, 0x00,
  0x00, 0x00, 0x00, 0x00, 0x00, 0x00, 0x00, 0x00, 0x00, 0x00, 0x00, 0x00, 0x00, 0x00, 0x00, 0x00,
  0x00, 0x00, 0x00, 0x00, 0x00, 0x00, 0x00, 0x00, 0x00, 0x00, 0x00, 0x00, 0x00, 0x00, 0x00, 0x00,
  0x00, 0x00, 0x00, 0x00, 0x00, 0x00, 0x00, 0x00, 0x00, 0x00, 0x00, 0x00, 0x00, 0x00, 0x00, 0x00,
  0x00, 0x00, 0x00, 0x00, 0x00, 0x00, 0x00, 0x00, 0x00, 0x00, 0x00, 0x00, 0x00, 0x00, 0x00, 0x00,
  0x00, 0x00, 0x00, 0x00, 0x00, 0x00, 0x00, 0x00, 0x00, 0x00, 0x00, 0x00, 0x00, 0x00, 0x00, 0x00,
  0x00, 0x00, 0x00, 0x00, 0x00, 0x00, 0x00, 0x00, 0x00, 0x00, 0x00, 0x00, 0x00, 0x00, 0x00, 0x00,
  0x00, 0x00, 0x00, 0x00, 0x00, 0x00, 0x00, 0x00, 0x00, 0x00, 0x00, 0x00, 0x00, 0x00, 0x00, 0x00,
  0x00, 0x00, 0x00, 0x00, 0x00, 0x00, 0x00, 0x00, 0x00, 0x00, 0x00, 0x00, 0x00, 0x00, 0x00, 0x00,
  0x00, 0x00, 0x00, 0x00, 0x00, 0x00, 0x00, 0x00, 0x00, 0x00, 0x00, 0x00, 0x00, 0x00, 0x00, 0x00,
  0x00, 0x00, 0x00, 0x00, 0x00, 0x00, 0x00, 0x00, 0x00, 0x00, 0x00, 0x00, 0x00, 0x00, 0x00, 0x00,
  0x00, 0x00, 0x00, 0x00, 0x00, 0x00, 0x00, 0x00, 0x00, 0x00, 0x00, 0x00, 0x00, 0x00, 0x00, 0x00,
  0x00, 0x00, 0x00, 0x00, 0x00, 0x00, 0x00, 0x00, 0x00, 0x00, 0x00, 0x00, 0x00, 0x00, 0x00, 0x00,
  0x00, 0x00, 0x00, 0x00, 0x00, 0x00, 0x00, 0x00, 0x00, 0x00, 0x00, 0x00, 0x00, 0x00, 0x00, 0x00,
  0x00, 0x00, 0x00, 0x00, 0x00, 0x00, 0x00, 0x00, 0x00, 0x00, 0x00, 0x00, 0x00, 0x00, 0x00, 0x00,
  0x00, 0x00, 0x00, 0x00, 0x00, 0x00, 0x00, 0x00, 0x00, 0x00, 0x00, 0x00, 0x00, 0x00, 0x00, 0x00,
  0x00, 0x00, 0x00, 0x00, 0x00, 0x00, 0x00, 0x00, 0x00, 0x00, 0x00, 0x00, 0x00, 0x00, 0x00, 0x00,
  0x00, 0x00, 0x00, 0x00, 0x00, 0x00, 0x00, 0x00, 0x00, 0x00, 0x00, 0x00, 0x00, 0x00, 0x00, 0x00,
  0x00, 0x00, 0x00, 0x00, 0x00, 0x00, 0x00, 0x00, 0x00, 0x00, 0x00, 0x00, 0x00, 0x00, 0x00, 0x00,
  0x00, 0x00, 0x00, 0x00, 0x00, 0x00, 0x00, 0x00, 0x00, 0x00, 0x00, 0x00, 0x00, 0x00, 0x00, 0x00,
  0x00, 0x00, 0x00, 0x00, 0x00, 0x00, 0x00, 0x00, 0x00, 0x00, 0x00, 0x00, 0x00, 0x00, 0x00, 0x00,
  0x00, 0x00, 0x00, 0x00, 0x00, 0x00, 0x00, 0x00, 0x00, 0x00, 0x00, 0x00, 0x00, 0x00, 0x00, 0x00,
  0x00, 0x00, 0x00, 0x00, 0x00, 0x00, 0x00, 0x00, 0x00, 0x00, 0x00, 0x00, 0x00, 0x00, 0x00, 0x00,
  0x00, 0x00, 0x00, 0x00, 0x00, 0x00, 0x00, 0x00, 0x00, 0x00, 0x00, 0x00, 0x00, 0x00, 0x00, 0x00,
  0x00, 0x00, 0x00, 0x00, 0x00, 0x00, 0x00, 0x00, 0x00, 0x00, 0x00, 0x00, 0x00, 0x00, 0x00, 0x00,
  0x00, 0x00, 0x00, 0x00, 0x00, 0x00, 0x00, 0x00, 0x00, 0x00, 0x00, 0x00, 0x00, 0x00, 0x00, 0x00,
  0x00, 0x00, 0x00, 0x00, 0x00, 0x00, 0x00, 0x00, 0x00, 0x00, 0x00, 0x00, 0x00, 0x00, 0x00, 0x00,
  0x00, 0x00, 0x00, 0x00, 0x00, 0x00, 0x00, 0x00, 0x00, 0x00, 0x00, 0x00, 0x00, 0x00, 0x00, 0x00,
  0x00, 0x00, 0x00, 0x00, 0x00, 0x00, 0x00, 0x00, 0x00, 0x00, 0x00, 0x00, 0x00, 0x00, 0x00, 0x00,
  0x00, 0x00, 0x00, 0x00, 0x00, 0x00, 0x00, 0x00, 0x00, 0x00, 0x00, 0x00, 0x00, 0x00, 0x00, 0x00,
  0x00, 0x00, 0x00, 0x00, 0x00, 0x00, 0x00, 0x00, 0x00, 0x00, 0x00, 0x00, 0x00, 0x00, 0x00, 0x00,
  0x00, 0x00, 0x00, 0x00, 0x00, 0x00, 0x00, 0x00, 0x00, 0x00, 0x00, 0x00, 0x00, 0x00, 0x00, 0x00,
  0x00, 0x00, 0x00, 0x00, 0x00, 0x00, 0x00, 0x00, 0x00, 0x00, 0x00, 0x00, 0x00, 0x00, 0x00, 0x00,
  0x00, 0x00, 0x00, 0x00, 0x00, 0x00, 0x00, 0x00, 0x00, 0x00, 0x00, 0x00, 0x00, 0x00, 0x00, 0x00,
  0x00, 0x00, 0x00, 0x00, 0x00, 0x00, 0x00, 0x00, 0x00, 0x00, 0x00, 0x00, 0x00, 0x00, 0x00, 0x00,
  0x00, 0x00, 0x00, 0x00, 0x00, 0x00, 0x00, 0x00, 0x00, 0x00, 0x00, 0x00, 0x00, 0x00, 0x00, 0x00,
  0x00, 0x00, 0x00, 0x00, 0x00, 0x00, 0x00, 0x00, 0x00, 0x00, 0x00, 0x00, 0x00, 0x00, 0x00, 0x00,
  0x00, 0x00, 0x00, 0x00, 0x00, 0x00, 0x00, 0x00, 0x00, 0x00, 0x00, 0x00, 0x00, 0x00, 0x00, 0x00,
  0x00, 0x00, 0x00, 0x00, 0x00, 0x00, 0x00, 0x00, 0x00, 0x00, 0x00, 0x00, 0x00, 0x00, 0x00, 0x00,
  0x00, 0x00, 0x00, 0x00, 0x00, 0x00, 0x00, 0x00, 0x00, 0x00, 0x00, 0x00, 0x00, 0x00, 0x00, 0x00,
  0x00, 0x00, 0x00, 0x00, 0x00, 0x00, 0x00, 0x00, 0x00, 0x00, 0x00, 0x00, 0x00, 0x00, 0x00, 0x00,
  0x00, 0x00, 0x00, 0x00, 0x00, 0x00, 0x00, 0x00, 0x00, 0x00, 0x00, 0x00, 0x00, 0x00, 0x00, 0x00,
  0x00, 0x00, 0x00, 0x00, 0x00, 0x00, 0x00, 0x00, 0x00, 0x00, 0x00, 0x00, 0x00, 0x00, 0x00, 0x00,
  0x00, 0x00, 0x00, 0x00, 0x00, 0x00, 0x00, 0x00, 0x00, 0x00, 0x00, 0x00, 0x00, 0x00, 0x00, 0x00,
  0x00, 0x00, 0x00, 0x00, 0x00, 0x00, 0x00, 0x00, 0x00, 0x00, 0x00, 0x00, 0x00, 0x00, 0x00, 0x00,
  0x00, 0x00, 0x00, 0x00, 0x00, 0x00, 0x00, 0x00, 0x00, 0x00, 0x00, 0x00, 0x00, 0x00, 0x00, 0x00,
  0x00, 0x00, 0x00, 0x00, 0x00, 0x00, 0x00, 0x00, 0x00, 0x00, 0x00, 0x00, 0x00, 0x00, 0x00, 0x00,
  0x00, 0x00, 0x00, 0x00, 0x00, 0x00, 0x00, 0x00, 0x00, 0x00, 0x00, 0x00, 0x00, 0x00, 0x00, 0x00,
  0x00, 0x00, 0x00, 0x00, 0x00, 0x00, 0x00, 0x00, 0x00, 0x00, 0x00, 0x00, 0x00, 0x00, 0x00, 0x00,
  0x00, 0x00, 0x00, 0x00, 0x00, 0x00, 0x00, 0x00, 0x00, 0x00, 0x00, 0x00, 0x00, 0x00, 0x00, 0x00,
  0x00, 0x00, 0x00, 0x00, 0x00, 0x00, 0x00, 0x00, 0x00, 0x00, 0x00, 0x00, 0x00, 0x00, 0x00, 0x00,
  0x00, 0x00, 0x00, 0x00, 0x00, 0x00, 0x00, 0x00, 0x00, 0x00, 0x00, 0x00, 0x00, 0x00, 0x00, 0x00,
  0x00, 0x00, 0x00, 0x00, 0x00, 0x00, 0x00, 0x00, 0x00, 0x00, 0x00, 0x00, 0x00, 0x00, 0x00, 0x00,
  0x00, 0x00, 0x00, 0x00, 0x00, 0x00, 0x00, 0x00, 0x00, 0x00, 0x00, 0x00, 0x00, 0x00, 0x00, 0x00,
  0x00, 0x00, 0x00, 0x00, 0x00, 0x00, 0x00, 0x00, 0x00, 0x00, 0x00, 0x00, 0x00, 0x00, 0x00, 0x00,
  0x00, 0x00, 0x00, 0x00, 0x00, 0x00, 0x00, 0x00, 0x00, 0x00, 0x00, 0x00, 0x00, 0x00, 0x00, 0x00,
  0x00, 0x00, 0x00, 0x00, 0x00, 0x00, 0x00, 0x00, 0x00, 0x00, 0x00, 0x00, 0x00, 0x00, 0x00, 0x00,
  0x00, 0x00, 0x00, 0x00, 0x00, 0x00, 0x00, 0x00, 0x00, 0x00, 0x00, 0x00, 0x00, 0x00, 0x00, 0x00,
  0x00, 0x00, 0x00, 0x00, 0x00, 0x00, 0x00, 0x00, 0x00, 0x00, 0x00, 0x00, 0x00, 0x00, 0x00, 0x00,
  0x00, 0x00, 0x00, 0x00, 0x00, 0x00, 0x00, 0x00, 0x00, 0x00, 0x00, 0x00, 0x00, 0x00, 0x00, 0x00,
  0x00, 0x00, 0x00, 0x00, 0x00, 0x00, 0x00, 0x00, 0x00, 0x00, 0x00, 0x00, 0x00, 0x00, 0x00, 0x00,
  0x00, 0x00, 0x00, 0x00, 0x00, 0x00, 0x00, 0x00, 0x00, 0x00, 0x00, 0x00, 0x00, 0x00, 0x00, 0x00,
  0x00, 0x00, 0x00, 0x00, 0x00, 0x00, 0x00, 0x00, 0x00, 0x00, 0x00, 0x00, 0x00, 0x00, 0x00, 0x00,
  0x00, 0x00, 0x00, 0x00, 0x00, 0x00, 0x00, 0x00, 0x00, 0x00, 0x00, 0x00, 0x00, 0x00, 0x00, 0x00,
  0x00, 0x00, 0x00, 0x00, 0x00, 0x00, 0x00, 0x00, 0x00, 0x00, 0x00, 0x00, 0x00, 0x00, 0x00, 0x00,
  0x00, 0x00, 0x00, 0x00, 0x00, 0x00, 0x00, 0x00, 0x00, 0x00, 0x00, 0x00, 0x00, 0x00, 0x00, 0x00,
  0x00, 0x00, 0x00, 0x00, 0x00, 0x00, 0x00, 0x00, 0x00, 0x00, 0x00, 0x00, 0x00, 0x00, 0x00, 0x00,
  0x00, 0x00, 0x00, 0x00, 0x00, 0x00, 0x00, 0x00, 0x00, 0x00, 0x00, 0x00, 0x00, 0x00, 0x00, 0x00,
  0x00, 0x00, 0x00, 0x00, 0x00, 0x00, 0x00, 0x00, 0x00, 0x00, 0x00, 0x00, 0x00, 0x00, 0x00, 0x00,
  0x00, 0x00, 0x00, 0x00, 0x00, 0x00, 0x00, 0x00, 0x00, 0x00, 0x00, 0x00, 0x00, 0x00, 0x00, 0x00,
  0x00, 0x00, 0x00, 0x00, 0x00, 0x00, 0x00, 0x00, 0x00, 0x00, 0x00, 0x00, 0x00, 0x00, 0x00, 0x00,
  0x00, 0x00, 0x00, 0x00, 0x00, 0x00, 0x00, 0x00, 0x00, 0x00, 0x00, 0x00, 0x00, 0x00, 0x00, 0x00,
  0x00, 0x00, 0x00, 0x00, 0x00, 0x00, 0x00, 0x00, 0x00, 0x00, 0x00, 0x00, 0x00, 0x00, 0x00, 0x00,
  0x00, 0x00, 0x00, 0x00, 0x00, 0x00, 0x00, 0x00, 0x00, 0x00, 0x00, 0x00, 0x00, 0x00, 0x00, 0x00,
  0x00, 0x00, 0x00, 0x00, 0x00, 0x00, 0x00, 0x00, 0x00, 0x00, 0x00, 0x00, 0x00, 0x00, 0x00, 0x00,
  0x00, 0x00, 0x00, 0x00, 0x00, 0x00, 0x00, 0x00, 0x00, 0x00, 0x00, 0x00, 0x00, 0x00, 0x00, 0x00,
  0x00, 0x00, 0x00, 0x00, 0x00, 0x00, 0x00, 0x00, 0x00, 0x00, 0x00, 0x00, 0x00, 0x00, 0x00, 0x00,
  0x00, 0x00, 0x00, 0x00, 0x00, 0x00, 0x00, 0x00, 0x00, 0x00, 0x00, 0x00, 0x00, 0x00, 0x00, 0x00,
  0x00, 0x00, 0x00, 0x00, 0x00, 0x00, 0x00, 0x00, 0x00, 0x00, 0x00, 0x00, 0x00, 0x00, 0x00, 0x00,
  0x00, 0x00, 0x00, 0x00, 0x00, 0x00, 0x00, 0x00, 0x00, 0x00, 0x00, 0x00, 0x00, 0x00, 0x00, 0x00,
  0x00, 0x00, 0x00, 0x00, 0x00, 0x00, 0x00, 0x00, 0x00, 0x00, 0x00, 0x00, 0x00, 0x00, 0x00, 0x00,
  0x00, 0x00, 0x00, 0x00, 0x00, 0x00, 0x00, 0x00, 0x00, 0x00, 0x00, 0x00, 0x00, 0x00, 0x00, 0x00,
  0x00, 0x00, 0x00, 0x00, 0x00, 0x00, 0x00, 0x00, 0x00, 0x00, 0x00, 0x00, 0x00, 0x00, 0x00, 0x00,
  0x00, 0x00, 0x00, 0x00, 0x00, 0x00, 0x00, 0x00, 0x00, 0x00, 0x00, 0x00, 0x00, 0x00, 0x00, 0x00,
  0x00, 0x00, 0x00, 0x00, 0x00, 0x00, 0x00, 0x00, 0x00, 0x00, 0x00, 0x00, 0x00, 0x00, 0x00, 0x00,
  0x00, 0x00, 0x00, 0x00, 0x00, 0x00, 0x00, 0x00, 0x00, 0x00, 0x00, 0x00, 0x00, 0x00, 0x00, 0x00,
  0x00, 0x00, 0x00, 0x00, 0x00, 0x00, 0x00, 0x00, 0x00, 0x00, 0x00, 0x00, 0x00, 0x00, 0x00, 0x00,
  0x00, 0x00, 0x00, 0x00, 0x00, 0x00, 0x00, 0x00, 0x00, 0x00, 0x00, 0x00, 0x00, 0x00, 0x00, 0x00,
  0x00, 0x00, 0x00, 0x00, 0x00, 0x00, 0x00, 0x00, 0x00, 0x00, 0x00, 0x00, 0x00, 0x00, 0x00, 0x00,
  0x00, 0x00, 0x00, 0x00, 0x00, 0x00, 0x00, 0x00, 0x00, 0x00, 0x00, 0x00, 0x00, 0x00, 0x00, 0x00,
  0x00, 0x00, 0x00, 0x00, 0x00, 0x00, 0x00, 0x00, 0x00, 0x00, 0x00, 0x00, 0x00, 0x00, 0x00, 0x00,
  0x00, 0x00, 0x00, 0x00, 0x00, 0x00, 0x00, 0x00, 0x00, 0x00, 0x00, 0x00, 0x00, 0x00, 0x00, 0x00,
  0x00, 0x00, 0x00, 0x00, 0x00, 0x00, 0x00, 0x00, 0x00, 0x00, 0x00, 0x00, 0x00, 0x00, 0x00, 0x00,
  0x00, 0x00, 0x00, 0x00, 0x00, 0x00, 0x00, 0x00, 0x00, 0x00, 0x00, 0x00, 0x00, 0x00, 0x00, 0x00,
  0x00, 0x00, 0x00, 0x00, 0x00, 0x00, 0x00, 0x00, 0x00, 0x00, 0x00, 0x00, 0x00, 0x00, 0x00, 0x00,
  0x00, 0x00, 0x00, 0x00, 0x00, 0x00, 0x00, 0x00, 0x00, 0x00, 0x00, 0x00, 0x00, 0x00, 0x00, 0x00,
  0x00, 0x00, 0x00, 0x00, 0x00, 0x00, 0x00, 0x00, 0x00, 0x00, 0x00, 0x00, 0x00, 0x00, 0x00, 0x00,
  0x00, 0x00, 0x00, 0x00, 0x00, 0x00, 0x00, 0x00, 0x00, 0x00, 0x00, 0x00, 0x00, 0x00, 0x00, 0x00,
  0x00, 0x00, 0x00, 0x00, 0x00, 0x00, 0x00, 0x00, 0x00, 0x00, 0x00, 0x00, 0x00, 0x00, 0x00, 0x00,
  0x00, 0x00, 0x00, 0x00, 0x00, 0x00, 0x00, 0x00, 0x00, 0x00, 0x00, 0x00, 0x00, 0x00, 0x00, 0x00,
  0x00, 0x00, 0x00, 0x00, 0x00, 0x00, 0x00, 0x00, 0x00, 0x00, 0x00, 0x00, 0x00, 0x00, 0x00, 0x00,
  0x00, 0x00, 0x00, 0x00, 0x00, 0x00, 0x00, 0x00, 0x00, 0x00, 0x00, 0x00, 0x00, 0x00, 0x00, 0x00,
  0x00, 0x00, 0x00, 0x00, 0x00, 0x00, 0x00, 0x00, 0x00, 0x00, 0x00, 0x00, 0x00, 0x00, 0x00, 0x00,
  0x00, 0x00, 0x00, 0x00, 0x00, 0x00, 0x00, 0x00, 0x00, 0x00, 0x00, 0x00, 0x00, 0x00, 0x00, 0x00,
  0x00, 0x00, 0x00, 0x00, 0x00, 0x00, 0x00, 0x00, 0x00, 0x00, 0x00, 0x00, 0x00, 0x00, 0x00, 0x00,
  0x00, 0x00, 0x00, 0x00, 0x00, 0x00, 0x00, 0x00, 0x00, 0x00, 0x00, 0x00, 0x00, 0x00, 0x00, 0x00,
  0x00, 0x00, 0x00, 0x00, 0x00, 0x00, 0x00, 0x00, 0x00, 0x00, 0x00, 0x00, 0x00, 0x00, 0x00, 0x00,
  0x00, 0x00, 0x00, 0x00, 0x00, 0x00, 0x00, 0x00, 0x00, 0x00, 0x00, 0x00, 0x00, 0x00, 0x00, 0x00,
  0x00, 0x00, 0x00, 0x00, 0x00, 0x00, 0x00, 0x00, 0x00, 0x00, 0x00, 0x00, 0x00, 0x00, 0x00, 0x00,
  0x00, 0x00, 0x00, 0x00, 0x00, 0x00, 0x00, 0x00, 0x00, 0x00, 0x00, 0x00, 0x00, 0x00, 0x00, 0x00,
  0x00, 0x00, 0x00, 0x00, 0x00, 0x00, 0x00, 0x00, 0x00, 0x00, 0x00, 0x00, 0x00, 0x00, 0x00, 0x00,
  0x00, 0x00, 0x00, 0x00, 0x00, 0x00, 0x00, 0x00, 0x00, 0x00, 0x00, 0x00, 0x00, 0x00, 0x00, 0x00,
  0x00, 0x00, 0x00, 0x00, 0x00, 0x00, 0x00, 0x00, 0x00, 0x00, 0x00, 0x00, 0x00, 0x00, 0x00, 0x00,
  0x00, 0x00, 0x00, 0x00, 0x00, 0x00, 0x00, 0x00, 0x00, 0x00, 0x00, 0x00, 0x00, 0x00, 0x00, 0x00,
  0x00, 0x00, 0x00, 0x00, 0x00, 0x00, 0x00, 0x00, 0x00, 0x00, 0x00, 0x00, 0x00, 0x00, 0x00, 0x00,
  0x00, 0x00, 0x00, 0x00, 0x00, 0x00, 0x00, 0x00, 0x00, 0x00, 0x00, 0x00, 0x00, 0x00, 0x00, 0x00,
  0x00, 0x00, 0x00, 0x00, 0x00, 0x00, 0x00, 0x00, 0x00, 0x00, 0x00, 0x00, 0x00, 0x00, 0x00, 0x00,
  0x00, 0x00, 0x00, 0x00, 0x00, 0x00, 0x00, 0x00, 0x00, 0x00, 0x00, 0x00, 0x00, 0x00, 0x00, 0x00,
  0x00, 0x00, 0x00, 0x00, 0x00, 0x00, 0x00, 0x00, 0x00, 0x00, 0x00, 0x00, 0x00, 0x00, 0x00, 0x00,
  0x00, 0x00, 0x00, 0x00, 0x00, 0x00, 0x00, 0x00, 0x00, 0x00, 0x00, 0x00, 0x00, 0x00, 0x00, 0x00,
  0x00, 0x00, 0x00, 0x00, 0x00, 0x00, 0x00, 0x00, 0x00, 0x00, 0x00, 0x00, 0x00, 0x00, 0x00, 0x00,
  0x00, 0x00, 0x00, 0x00, 0x00, 0x00, 0x00, 0x00, 0x00, 0x00, 0x00, 0x00, 0x00, 0x00, 0x00, 0x00,
  0x00, 0x00, 0x00, 0x00, 0x00, 0x00, 0x00, 0x00, 0x00, 0x00, 0x00, 0x00, 0x00, 0x00, 0x00, 0x00,
  0x00, 0x00, 0x00, 0x00, 0x00, 0x00, 0x00, 0x00, 0x00, 0x00, 0x00, 0x00, 0x00, 0x00, 0x00, 0x00,
  0x00, 0x00, 0x00, 0x00, 0x00, 0x00, 0x00, 0x00, 0x00, 0x00, 0x00, 0x00, 0x00, 0x00, 0x00, 0x00,
  0x00, 0x00, 0x00, 0x00, 0x00, 0x00, 0x00, 0x00, 0x00, 0x00, 0x00, 0x00, 0x00, 0x00, 0x00, 0x00,
  0x00, 0x00, 0x00, 0x00, 0x00, 0x00, 0x00, 0x00, 0x00, 0x00, 0x00, 0x00, 0x00, 0x00, 0x00, 0x00,
  0x00, 0x00, 0x00, 0x00, 0x00, 0x00, 0x00, 0x00, 0x00, 0x00, 0x00, 0x00, 0x00, 0x00, 0x00, 0x00,
  0x00, 0x00, 0x00, 0x00, 0x00, 0x00, 0x00, 0x00, 0x00, 0x00, 0x00, 0x00, 0x00, 0x00, 0x00, 0x00,
  0x00, 0x00, 0x00, 0x00, 0x00, 0x00, 0x00, 0x00, 0x00, 0x00, 0x00, 0x00, 0x00, 0x00, 0x00, 0x00,
  0x00, 0x00, 0x00, 0x00, 0x00, 0x00, 0x00, 0x00, 0x00, 0x00, 0x00, 0x00, 0x00, 0x00, 0x00, 0x00,
  0x00, 0x00, 0x00, 0x00, 0x00, 0x00, 0x00, 0x00, 0x00, 0x00, 0x00, 0x00, 0x00, 0x00, 0x00, 0x00,
  0x00, 0x00, 0x00, 0x00, 0x00, 0x00, 0x00, 0x00, 0x00, 0x00, 0x00, 0x00, 0x00, 0x00, 0x00, 0x00,
  0x00, 0x00, 0x00, 0x00, 0x00, 0x00, 0x00, 0x00, 0x00, 0x00, 0x00, 0x00, 0x00, 0x00, 0x00, 0x00,
  0x00, 0x00, 0x00, 0x00, 0x00, 0x00, 0x00, 0x00, 0x00, 0x00, 0x00, 0x00, 0x00, 0x00, 0x00, 0x00,
  0x00, 0x00, 0x00, 0x00, 0x00, 0x00, 0x00, 0x00, 0x00, 0x00, 0x00, 0x00, 0x00, 0x00, 0x00, 0x00,
  0x00, 0x00, 0x00, 0x00, 0x00, 0x00, 0x00, 0x00, 0x00, 0x00, 0x00, 0x00, 0x00, 0x00, 0x00, 0x00,
  0x00, 0x00, 0x00, 0x00, 0x00, 0x00, 0x00, 0x00, 0x00, 0x00, 0x00, 0x00, 0x00, 0x00, 0x00, 0x00,
  0x00, 0x00, 0x00, 0x00, 0x00, 0x00, 0x00, 0x00, 0x00, 0x00, 0x00, 0x00, 0x00, 0x00, 0x00, 0x00,
  0x00, 0x00, 0x00, 0x00, 0x00, 0x00, 0x00, 0x00, 0x00, 0x00, 0x00, 0x00, 0x00, 0x00, 0x00, 0x00,
  0x00, 0x00, 0x00, 0x00, 0x00, 0x00, 0x00, 0x00, 0x00, 0x00, 0x00, 0x00, 0x00, 0x00, 0x00, 0x00,
  0x00, 0x00, 0x00, 0x00, 0x00, 0x00, 0x00, 0x00, 0x00, 0x00, 0x00, 0x00, 0x00, 0x00, 0x00, 0x00,
  0x00, 0x00, 0x00, 0x00, 0x00, 0x00, 0x00, 0x00, 0x00, 0x00, 0x00, 0x00, 0x00, 0x00, 0x00, 0x00,
  0x00, 0x00, 0x00, 0x00, 0x00, 0x00, 0x00, 0x00, 0x00, 0x00, 0x00, 0x00, 0x00, 0x00, 0x00, 0x00,
  0x00, 0x00, 0x00, 0x00, 0x00, 0x00, 0x00, 0x00, 0x00, 0x00, 0x00, 0x00, 0x00, 0x00, 0x00, 0x00,
  0x00, 0x00, 0x00, 0x00, 0x00, 0x00, 0x00, 0x00, 0x00, 0x00, 0x00, 0x00, 0x00, 0x00, 0x00, 0x00,
  0x00, 0x00, 0x00, 0x00, 0x00, 0x00, 0x00, 0x00, 0x00, 0x00, 0x00, 0x00, 0x00, 0x00, 0x00, 0x00,
  0x00, 0x00, 0x00, 0x00, 0x00, 0x00, 0x00, 0x00, 0x00, 0x00, 0x00, 0x00, 0x00, 0x00, 0x00, 0x00,
  0x00, 0x00, 0x00, 0x00, 0x00, 0x00, 0x00, 0x00, 0x00, 0x00, 0x00, 0x00, 0x00, 0x00, 0x00, 0x00,
  0x00, 0x00, 0x00, 0x00, 0x00, 0x00, 0x00, 0x00, 0x00, 0x00, 0x00, 0x00, 0x00, 0x00, 0x00, 0x00,
  0x00, 0x00, 0x00, 0x00, 0x00, 0x00, 0x00, 0x00, 0x00, 0x00, 0x00, 0x00, 0x00, 0x00, 0x00, 0x00,
  0x00, 0x00, 0x00, 0x00, 0x00, 0x00, 0x00, 0x00, 0x00, 0x00, 0x00, 0x00, 0x00, 0x00, 0x00, 0x00,
  0x00, 0x00, 0x00, 0x00, 0x00, 0x00, 0x00, 0x00, 0x00, 0x00, 0x00, 0x00, 0x00, 0x00, 0x00, 0x00,
  0x00, 0x00, 0x00, 0x00, 0x00, 0x00, 0x00, 0x00, 0x00, 0x00, 0x00, 0x00, 0x00, 0x00, 0x00, 0x00,
  0x00, 0x00, 0x00, 0x00, 0x00, 0x00, 0x00, 0x00, 0x00, 0x00, 0x00, 0x00, 0x00, 0x00, 0x00, 0x00,
  0x00, 0x00, 0x00, 0x00, 0x00, 0x00, 0x00, 0x00, 0x00, 0x00, 0x00, 0x00, 0x00, 0x00, 0x00, 0x00,
  0x00, 0x00, 0x00, 0x00, 0x00, 0x00, 0x00, 0x00, 0x00, 0x00, 0x00, 0x00, 0x00, 0x00, 0x00, 0x00,
  0x00, 0x00, 0x00, 0x00, 0x00, 0x00, 0x00, 0x00, 0x00, 0x00, 0x00, 0x00, 0x00, 0x00, 0x00, 0x00,
  0x00, 0x00, 0x00, 0x00, 0x00, 0x00, 0x00, 0x00, 0x00, 0x00, 0x00, 0x00, 0x00, 0x00, 0x00, 0x00,
  0x00, 0x00, 0x00, 0x00, 0x00, 0x00, 0x00, 0x00, 0x00, 0x00, 0x00, 0x00, 0x00, 0x00, 0x00, 0x00,
  0x00, 0x00, 0x00, 0x00, 0x00, 0x00, 0x00, 0x00, 0x00, 0x00, 0x00, 0x00, 0x00, 0x00, 0x00, 0x00,
  0x00, 0x00, 0x00, 0x00, 0x00, 0x00, 0x00, 0x00, 0x00, 0x00, 0x00, 0x00, 0x00, 0x00, 0x00, 0x00,
  0x00, 0x00, 0x00, 0x00, 0x00, 0x00, 0x00, 0x00, 0x00, 0x00, 0x00, 0x00, 0x00, 0x00, 0x00, 0x00,
  0x00, 0x00, 0x00, 0x00, 0x00, 0x00, 0x00, 0x00, 0x00, 0x00, 0x00, 0x00, 0x00, 0x00, 0x00, 0x00,
  0x00, 0x00, 0x00, 0x00, 0x00, 0x00, 0x00, 0x00, 0x00, 0x00, 0x00, 0x00, 0x00, 0x00, 0x00, 0x00,
  0x00, 0x00, 0x00, 0x00, 0x00, 0x00, 0x00, 0x00, 0x00, 0x00, 0x00, 0x00, 0x00, 0x00, 0x00, 0x00,
  0x00, 0x00, 0x00, 0x00, 0x00, 0x00, 0x00, 0x00, 0x00, 0x00, 0x00, 0x00, 0x00, 0x00, 0x00, 0x00,
  0x00, 0x00, 0x00, 0x00, 0x00, 0x00, 0x00, 0x00, 0x00, 0x00, 0x00, 0x00, 0x00, 0x00, 0x00, 0x00,
  0x00, 0x00, 0x00, 0x00, 0x00, 0x00, 0x00, 0x00, 0x00, 0x00, 0x00, 0x00, 0x00, 0x00, 0x00, 0x00,
  0x00, 0x00, 0x00, 0x00, 0x00, 0x00, 0x00, 0x00, 0x00, 0x00, 0x00, 0x00, 0x00, 0x00, 0x00, 0x00,
  0x00, 0x00, 0x00, 0x00, 0x00, 0x00, 0x00, 0x00, 0x00, 0x00, 0x00, 0x00, 0x00, 0x00, 0x00, 0x00,
  0x00, 0x00, 0x00, 0x00, 0x00, 0x00, 0x00, 0x00, 0x00, 0x00, 0x00, 0x00, 0x00, 0x00, 0x00, 0x00,
  0x00, 0x00, 0x00, 0x00, 0x00, 0x00, 0x00, 0x00, 0x00, 0x00, 0x00, 0x00, 0x00, 0x00, 0x00, 0x00,
  0x00, 0x00, 0x00, 0x00, 0x00, 0x00, 0x00, 0x00, 0x00, 0x00, 0x00, 0x00, 0x00, 0x00, 0x00, 0x00,
  0x00, 0x00, 0x00, 0x00, 0x00, 0x00, 0x00, 0x00, 0x00, 0x00, 0x00, 0x00, 0x00, 0x00, 0x00, 0x00,
  0x00, 0x00, 0x00, 0x00, 0x00, 0x00, 0x00, 0x00, 0x00, 0x00, 0x00, 0x00, 0x00, 0x00, 0x00, 0x00,
  0x00, 0x00, 0x00, 0x00, 0x00, 0x00, 0x00, 0x00, 0x00, 0x00, 0x00, 0x00, 0x00, 0x00, 0x00, 0x00,
  0x00, 0x00, 0x00, 0x00, 0x00, 0x00, 0x00, 0x00, 0x00, 0x00, 0x00, 0x00, 0x00, 0x00, 0x00, 0x00,
  0x00, 0x00, 0x00, 0x00, 0x00, 0x00, 0x00, 0x00, 0x00, 0x00, 0x00, 0x00, 0x00, 0x00, 0x00, 0x00,
  0x00, 0x00, 0x00, 0x00, 0x00, 0x00, 0x00, 0x00, 0x00, 0x00, 0x00, 0x00, 0x00, 0x00, 0x00, 0x00,
  0x00, 0x00, 0x00, 0x00, 0x00, 0x00, 0x00, 0x00, 0x00, 0x00, 0x00, 0x00, 0x00, 0x00, 0x00, 0x00,
  0x00, 0x00, 0x00, 0x00, 0x00, 0x00, 0x00, 0x00, 0x00, 0x00, 0x00, 0x00, 0x00, 0x00, 0x00, 0x00,
  0x00, 0x00, 0x00, 0x00, 0x00, 0x00, 0x00, 0x00, 0x00, 0x00, 0x00, 0x00, 0x00, 0x00, 0x00, 0x00,
  0x00, 0x00, 0x00, 0x00, 0x00, 0x00, 0x00, 0x00, 0x00, 0x00, 0x00, 0x00, 0x00, 0x00, 0x00, 0x00,
  0x00, 0x00, 0x00, 0x00, 0x00, 0x00, 0x00, 0x00, 0x00, 0x00, 0x00, 0x00, 0x00, 0x00, 0x00, 0x00,
  0x00, 0x00, 0x00, 0x00, 0x00, 0x00, 0x00, 0x00, 0x00, 0x00, 0x00, 0x00, 0x00, 0x00, 0x00, 0x00,
  0x00, 0x00, 0x00, 0x00, 0x00, 0x00, 0x00, 0x00, 0x00, 0x00, 0x00, 0x00, 0x00, 0x00, 0x00, 0x00,
  0x00, 0x00, 0x00, 0x00, 0x00, 0x00, 0x00, 0x00, 0x00, 0x00, 0x00, 0x00, 0x00, 0x00, 0x00, 0x00,
  0x00, 0x00, 0x00, 0x00, 0x00, 0x00, 0x00, 0x00, 0x00, 0x00, 0x00, 0x00, 0x00, 0x00, 0x00, 0x00,
  0x00, 0x00, 0x00, 0x00, 0x00, 0x00, 0x00, 0x00, 0x00, 0x00, 0x00, 0x00, 0x00, 0x00, 0x00, 0x00,
  0x00, 0x00, 0x00, 0x00, 0x00, 0x00, 0x00, 0x00, 0x00, 0x00, 0x00, 0x00, 0x00, 0x00, 0x00, 0x00,
  0x00, 0x00, 0x00, 0x00, 0x00, 0x00, 0x00, 0x00, 0x00, 0x00, 0x00, 0x00, 0x00, 0x00, 0x00, 0x00,
  0x00, 0x00, 0x00, 0x00, 0x00, 0x00, 0x00, 0x00, 0x00, 0x00, 0x00, 0x00, 0x00, 0x00, 0x00, 0x00,
  0x00, 0x00, 0x00, 0x00, 0x00, 0x00, 0x00, 0x00, 0x00, 0x00, 0x00, 0x00, 0x00, 0x00, 0x00, 0x00,
  0x00, 0x00, 0x00, 0x00, 0x00, 0x00, 0x00, 0x00, 0x00, 0x00, 0x00, 0x00, 0x00, 0x00, 0x00, 0x00,
  0x00, 0x00, 0x00, 0x00, 0x00, 0x00, 0x00, 0x00, 0x00, 0x00, 0x00, 0x00, 0x00, 0x00, 0x00, 0x00,
  0x00, 0x00, 0x00, 0x00, 0x00, 0x00, 0x00, 0x00, 0x00, 0x00, 0x00, 0x00, 0x00, 0x00, 0x00, 0x00,
  0x00, 0x00, 0x00, 0x00, 0x00, 0x00, 0x00, 0x00, 0x00, 0x00, 0x00, 0x00, 0x00, 0x00, 0x00, 0x00,
  0x00, 0x00, 0x00, 0x00, 0x00, 0x00, 0x00, 0x00, 0x00, 0x00, 0x00, 0x00, 0x00, 0x00, 0x00, 0x00,
  0x00, 0x00, 0x00, 0x00, 0x00, 0x00, 0x00, 0x00, 0x00, 0x00, 0x00, 0x00, 0x00, 0x00, 0x00, 0x00,
  0x00, 0x00, 0x00, 0x00, 0x00, 0x00, 0x00, 0x00, 0x00, 0x00, 0x00, 0x00, 0x00, 0x00, 0x00, 0x00,
  0x00, 0x00, 0x00, 0x00, 0x00, 0x00, 0x00, 0x00, 0x00, 0x00, 0x00, 0x00, 0x00, 0x00, 0x00, 0x00,
  0x00, 0x00, 0x00, 0x00, 0x00, 0x00, 0x00, 0x00, 0x00, 0x00, 0x00, 0x00, 0x00, 0x00, 0x00, 0x00,
  0x00, 0x00, 0x00, 0x00, 0x00, 0x00, 0x00, 0x00, 0x00, 0x00, 0x00, 0x00, 0x00, 0x00, 0x00, 0x00,
  0x00, 0x00, 0x00, 0x00, 0x00, 0x00, 0x00, 0x00, 0x00, 0x00, 0x00, 0x00, 0x00, 0x00, 0x00, 0x00,
  0x00, 0x00, 0x00, 0x00, 0x00, 0x00, 0x00, 0x00, 0x00, 0x00, 0x00, 0x00, 0x00, 0x00, 0x00, 0x00,
  0x00, 0x00, 0x00, 0x00, 0x00, 0x00, 0x00, 0x00, 0x00, 0x00, 0x00, 0x00, 0x00, 0x00, 0x00, 0x00,
  0x00, 0x00, 0x00, 0x00, 0x00, 0x00, 0x00, 0x00, 0x00, 0x00, 0x00, 0x00, 0x00, 0x00, 0x00, 0x00,
  0x00, 0x00, 0x00, 0x00, 0x00, 0x00, 0x00, 0x00, 0x00, 0x00, 0x00, 0x00, 0x00, 0x00, 0x00, 0x00,
  0x00, 0x00, 0x00, 0x00, 0x00, 0x00, 0x00, 0x00, 0x00, 0x00, 0x00, 0x00, 0x00, 0x00, 0x00, 0x00,
  0x00, 0x00, 0x00, 0x00, 0x00, 0x00, 0x00, 0x00, 0x00, 0x00, 0x00, 0x00, 0x00, 0x00, 0x00, 0x00,
  0x00, 0x00, 0x00, 0x00, 0x00, 0x00, 0x00, 0x00, 0x00, 0x00, 0x00, 0x00, 0x00, 0x00, 0x00, 0x00,
  0x00, 0x00, 0x00, 0x00, 0x00, 0x00, 0x00, 0x00, 0x00, 0x00, 0x00, 0x00, 0x00, 0x00, 0x00, 0x00,
  0x00, 0x00, 0x00, 0x00, 0x00, 0x00, 0x00, 0x00, 0x00, 0x00, 0x00, 0x00, 0x00, 0x00, 0x00, 0x00,
  0x00, 0x00, 0x00, 0x00, 0x00, 0x00, 0x00, 0x00, 0x00, 0x00, 0x00, 0x00, 0x00, 0x00, 0x00, 0x00,
  0x00, 0x00, 0x00, 0x00, 0x00, 0x00, 0x00, 0x00, 0x00, 0x00, 0x00, 0x00, 0x00, 0x00, 0x00, 0x00,
  0x00, 0x00, 0x00, 0x00, 0x00, 0x00, 0x00, 0x00, 0x00, 0x00, 0x00, 0x00, 0x00, 0x00, 0x00, 0x00,
  0x00, 0x00, 0x00, 0x00, 0x00, 0x00, 0x00, 0x00, 0x00, 0x00, 0x00, 0x00, 0x00, 0x00, 0x00, 0x00,
  0x00, 0x00, 0x00, 0x00, 0x00, 0x00, 0x00, 0x00, 0x00, 0x00, 0x00, 0x00, 0x00, 0x00, 0x00, 0x00,
  0x00, 0x00, 0x00, 0x00, 0x00, 0x00, 0x00, 0x00, 0x00, 0x00, 0x00, 0x00, 0x00, 0x00, 0x00, 0x00,
  0x00, 0x00, 0x00, 0x00, 0x00, 0x00, 0x00, 0x00, 0x00, 0x00, 0x00, 0x00, 0x00, 0x00, 0x00, 0x00,
  0x00, 0x00, 0x00, 0x00, 0x00, 0x00, 0x00, 0x00, 0x00, 0x00, 0x00, 0x00, 0x00, 0x00, 0x00, 0x00,
  0x00, 0x00, 0x00, 0x00, 0x00, 0x00, 0x00, 0x00, 0x00, 0x00, 0x00, 0x00, 0x00, 0x00, 0x00, 0x00,
  0x00, 0x00, 0x00, 0x00, 0x00, 0x00, 0x00, 0x00, 0x00, 0x00, 0x00, 0x00, 0x00, 0x00, 0x00, 0x00,
  0x00, 0x00, 0x00, 0x00, 0x00, 0x00, 0x00, 0x00, 0x00, 0x00, 0x00, 0x00, 0x00, 0x00, 0x00, 0x00,
  0x00, 0x00, 0x00, 0x00, 0x00, 0x00, 0x00, 0x00, 0x00, 0x00, 0x00, 0x00, 0x00, 0x00, 0x00, 0x00,
  0x00, 0x00, 0x00, 0x00, 0x00, 0x00, 0x00, 0x00, 0x00, 0x00, 0x00, 0x00, 0x00, 0x00, 0x00, 0x00,
  0x00, 0x00, 0x00, 0x00, 0x00, 0x00, 0x00, 0x00, 0x00, 0x00, 0x00, 0x00, 0x00, 0x00, 0x00, 0x00,
  0x00, 0x00, 0x00, 0x00, 0x00, 0x00, 0x00, 0x00, 0x00, 0x00, 0x00, 0x00, 0x00, 0x00, 0x00, 0x00,
  0x00, 0x00, 0x00, 0x00, 0x00, 0x00, 0x00, 0x00, 0x00, 0x00, 0x00, 0x00, 0x00, 0x00, 0x00, 0x00,
  0x00, 0x00, 0x00, 0x00, 0x00, 0x00, 0x00, 0x00, 0x00, 0x00, 0x00, 0x00, 0x00, 0x00, 0x00, 0x00,
  0x00, 0x00, 0x00, 0x00, 0x00, 0x00, 0x00, 0x00, 0x00, 0x00, 0x00, 0x00, 0x00, 0x00, 0x00, 0x00,
  0x00, 0x00, 0x00, 0x00, 0x00, 0x00, 0x00, 0x00, 0x00, 0x00, 0x00, 0x00, 0x00, 0x00, 0x00, 0x00,
  0x00, 0x00, 0x00, 0x00, 0x00, 0x00, 0x00, 0x00, 0x00, 0x00, 0x00, 0x00, 0x00, 0x00, 0x00, 0x00,
  0x00, 0x00, 0x00, 0x00, 0x00, 0x00, 0x00, 0x00, 0x00, 0x00, 0x00, 0x00, 0x00, 0x00, 0x00, 0x00,
  0x00, 0x00, 0x00, 0x00, 0x00, 0x00, 0x00, 0x00, 0x00, 0x00, 0x00, 0x00, 0x00, 0x00, 0x00, 0x00,
  0x00, 0x00, 0x00, 0x00, 0x00, 0x00, 0x00, 0x00, 0x00, 0x00, 0x00, 0x00, 0x00, 0x00, 0x00, 0x00,
  0x00, 0x00, 0x00, 0x00, 0x00, 0x00, 0x00, 0x00, 0x00, 0x00, 0x00, 0x00, 0x00, 0x00, 0x00, 0x00,
  0x00, 0x00, 0x00, 0x00, 0x00, 0x00, 0x00, 0x00, 0x00, 0x00, 0x00, 0x00, 0x00, 0x00, 0x00, 0x00,
  0x00, 0x00, 0x00, 0x00, 0x00, 0x00, 0x00, 0x00, 0x00, 0x00, 0x00, 0x00, 0x00, 0x00, 0x00, 0x00,
  0x00, 0x00, 0x00, 0x00, 0x00, 0x00, 0x00, 0x00, 0x00, 0x00, 0x00, 0x00, 0x00, 0x00, 0x00, 0x00,
  0x00, 0x00, 0x00, 0x00, 0x00, 0x00, 0x00, 0x00, 0x00, 0x00, 0x00, 0x00, 0x00, 0x00, 0x00, 0x00,
  0x00, 0x00, 0x00, 0x00, 0x00, 0x00, 0x00, 0x00, 0x00, 0x00, 0x00, 0x00, 0x00, 0x00, 0x00, 0x00,
  0x00, 0x00, 0x00, 0x00, 0x00, 0x00, 0x00, 0x00, 0x00, 0x00, 0x00, 0x00, 0x00, 0x00, 0x00, 0x00,
  0x00, 0x00, 0x00, 0x00, 0x00, 0x00, 0x00, 0x00, 0x00, 0x00, 0x00, 0x00, 0x00, 0x00, 0x00, 0x00,
  0x00, 0x00, 0x00, 0x00, 0x00, 0x00, 0x00, 0x00, 0x00, 0x00, 0x00, 0x00, 0x00, 0x00, 0x00, 0x00,
  0x00, 0x00, 0x00, 0x00, 0x00, 0x00, 0x00, 0x00, 0x00, 0x00, 0x00, 0x00, 0x00, 0x00, 0x00, 0x00,
  0x00, 0x00, 0x00, 0x00, 0x00, 0x00, 0x00, 0x00, 0x00, 0x00, 0x00, 0x00, 0x00, 0x00, 0x00, 0x00,
  0x00, 0x00, 0x00, 0x00, 0x00, 0x00, 0x00, 0x00, 0x00, 0x00, 0x00, 0x00, 0x00, 0x00, 0x00, 0x00,
  0x00, 0x00, 0x00, 0x00, 0x00, 0x00, 0x00, 0x00, 0x00, 0x00, 0x00, 0x00, 0x00, 0x00, 0x00, 0x00,
  0x00, 0x00, 0x00, 0x00, 0x00, 0x00, 0x00, 0x00, 0x00, 0x00, 0x00, 0x00, 0x00, 0x00, 0x00, 0x00,
  0x00, 0x00, 0x00, 0x00, 0x00, 0x00, 0x00, 0x00, 0x00, 0x00, 0x00, 0x00, 0x00, 0x00, 0x00, 0x00,
  0x00, 0x00, 0x00, 0x00, 0x00, 0x00, 0x00, 0x00, 0x00, 0x00, 0x00, 0x00, 0x00, 0x00, 0x00, 0x00,
  0x00, 0x00, 0x00, 0x00, 0x00, 0x00, 0x00, 0x00, 0x00, 0x00, 0x00, 0x00, 0x00, 0x00, 0x00, 0x00,
  0x00, 0x00, 0x00, 0x00, 0x00, 0x00, 0x00, 0x00, 0x00, 0x00, 0x00, 0x00, 0x00, 0x00, 0x00, 0x00,
  0x00, 0x00, 0x00, 0x00, 0x00, 0x00, 0x00, 0x00, 0x00, 0x00, 0x00, 0x00, 0x00, 0x00, 0x00, 0x00,
  0x00, 0x00, 0x00, 0x00, 0x00, 0x00, 0x00, 0x00, 0x00, 0x00, 0x00, 0x00, 0x00, 0x00, 0x00, 0x00,
  0x00, 0x00, 0x00, 0x00, 0x00, 0x00, 0x00, 0x00, 0x00, 0x00, 0x00, 0x00, 0x00, 0x00, 0x00, 0x00,
  0x00, 0x00, 0x00, 0x00, 0x00, 0x00, 0x00, 0x00, 0x00, 0x00, 0x00, 0x00, 0x00, 0x00, 0x00, 0x00,
  0x00, 0x00, 0x00, 0x00, 0x00, 0x00, 0x00, 0x00, 0x00, 0x00, 0x00, 0x00, 0x00, 0x00, 0x00, 0x00,
  0x00, 0x00, 0x00, 0x00, 0x00, 0x00, 0x00, 0x00, 0x00, 0x00, 0x00, 0x00, 0x00, 0x00, 0x00, 0x00,
  0x00, 0x00, 0x00, 0x00, 0x00, 0x00, 0x00, 0x00, 0x00, 0x00, 0x00, 0x00, 0x00, 0x00, 0x00, 0x00,
  0x00, 0x00, 0x00, 0x00, 0x00, 0x00, 0x00, 0x00, 0x00, 0x00, 0x00, 0x00, 0x00, 0x00, 0x00, 0x00,
  0x00, 0x00, 0x00, 0x00, 0x00, 0x00, 0x00, 0x00, 0x00, 0x00, 0x00, 0x00, 0x00, 0x00, 0x00, 0x00,
  0x00, 0x00, 0x00, 0x00, 0x00, 0x00, 0x00, 0x00, 0x00, 0x00, 0x00, 0x00, 0x00, 0x00, 0x00, 0x00,
  0x00, 0x00, 0x00, 0x00, 0x00, 0x00, 0x00, 0x00, 0x00, 0x00, 0x00, 0x00, 0x00, 0x00, 0x00, 0x00,
  0x00, 0x00, 0x00, 0x00, 0x00, 0x00, 0x00, 0x00, 0x00, 0x00, 0x00, 0x00, 0x00, 0x00, 0x00, 0x00,
  0x00, 0x00, 0x00, 0x00, 0x00, 0x00, 0x00, 0x00, 0x00, 0x00, 0x00, 0x00, 0x00, 0x00, 0x00, 0x00,
  0x00, 0x00, 0x00, 0x00, 0x00, 0x00, 0x00, 0x00, 0x00, 0x00, 0x00, 0x00, 0x00, 0x00, 0x00, 0x00,
  0x00, 0x00, 0x00, 0x00, 0x00, 0x00, 0x00, 0x00, 0x00, 0x00, 0x00, 0x00, 0x00, 0x00, 0x00, 0x00,
  0x00, 0x00, 0x00, 0x00, 0x00, 0x00, 0x00, 0x00, 0x00, 0x00, 0x00, 0x00, 0x00, 0x00, 0x00, 0x00,
  0x00, 0x00, 0x00, 0x00, 0x00, 0x00, 0x00, 0x00, 0x00, 0x00, 0x00, 0x00, 0x00, 0x00, 0x00, 0x00,
  0x00, 0x00, 0x00, 0x00, 0x00, 0x00, 0x00, 0x00, 0x00, 0x00, 0x00, 0x00, 0x00, 0x00, 0x00, 0x00,
  0x00, 0x00, 0x00, 0x00, 0x00, 0x00, 0x00, 0x00, 0x00, 0x00, 0x00, 0x00, 0x00, 0x00, 0x00, 0x00,
  0x00, 0x00, 0x00, 0x00, 0x00, 0x00, 0x00, 0x00, 0x00, 0x00, 0x00, 0x00, 0x00, 0x00, 0x00, 0x00,
  0x00, 0x00, 0x00, 0x00, 0x00, 0x00, 0x00, 0x00, 0x00, 0x00, 0x00, 0x00, 0x00, 0x00, 0x00, 0x00,
  0x00, 0x00, 0x00, 0x00, 0x00, 0x00, 0x00, 0x00, 0x00, 0x00, 0x00, 0x00, 0x00, 0x00, 0x00, 0x00,
  0x00, 0x00, 0x00, 0x00, 0x00, 0x00, 0x00, 0x00, 0x00, 0x00, 0x00, 0x00, 0x00, 0x00, 0x00, 0x00,
  0x00, 0x00, 0x00, 0x00, 0x00, 0x00, 0x00, 0x00, 0x00, 0x00, 0x00, 0x00, 0x00, 0x00, 0x00, 0x00,
  0x00, 0x00, 0x00, 0x00, 0x00, 0x00, 0x00, 0x00, 0x00, 0x00, 0x00, 0x00, 0x00, 0x00, 0x00, 0x00,
  0x00, 0x00, 0x00, 0x00, 0x00, 0x00, 0x00, 0x00, 0x00, 0x00, 0x00, 0x00, 0x00, 0x00, 0x00, 0x00,
  0x00, 0x00, 0x00, 0x00, 0x00, 0x00, 0x00, 0x00, 0x00, 0x00, 0x00, 0x00, 0x00, 0x00, 0x00, 0x00,
  0x00, 0x00, 0x00, 0x00, 0x00, 0x00, 0x00, 0x00, 0x00, 0x00, 0x00, 0x00, 0x00, 0x00, 0x00, 0x00,
  0x00, 0x00, 0x00, 0x00, 0x00, 0x00, 0x00, 0x00, 0x00, 0x00, 0x00, 0x00, 0x00, 0x00, 0x00, 0x00,
  0x00, 0x00, 0x00, 0x00, 0x00, 0x00, 0x00, 0x00, 0x00, 0x00, 0x00, 0x00, 0x00, 0x00, 0x00, 0x00,
  0x00, 0x00, 0x00, 0x00, 0x00, 0x00, 0x00, 0x00, 0x00, 0x00, 0x00, 0x00, 0x00, 0x00, 0x00, 0x00,
  0x00, 0x00, 0x00, 0x00, 0x00, 0x00, 0x00, 0x00, 0x00, 0x00, 0x00, 0x00, 0x00, 0x00, 0x00, 0x00,
  0x00, 0x00, 0x00, 0x00, 0x00, 0x00, 0x00, 0x00, 0x00, 0x00, 0x00, 0x00, 0x00, 0x00, 0x00, 0x00,
  0x00, 0x00, 0x00, 0x00, 0x00, 0x00, 0x00, 0x00, 0x00, 0x00, 0x00, 0x00, 0x00, 0x00, 0x00, 0x00,
  0x00, 0x00, 0x00, 0x00, 0x00, 0x00, 0x00, 0x00, 0x00, 0x00, 0x00, 0x00, 0x00, 0x00, 0x00, 0x00,
  0x00, 0x00, 0x00, 0x00, 0x00, 0x00, 0x00, 0x00, 0x00, 0x00, 0x00, 0x00, 0x00, 0x00, 0x00, 0x00,
  0x00, 0x00, 0x00, 0x00, 0x00, 0x00, 0x00, 0x00, 0x00, 0x00, 0x00, 0x00, 0x00, 0x00, 0x00, 0x00,
  0x00, 0x00, 0x00, 0x00, 0x00, 0x00, 0x00, 0x00, 0x00, 0x00, 0x00, 0x00, 0x00, 0x00, 0x00, 0x00,
  0x00, 0x00, 0x00, 0x00, 0x00, 0x00, 0x00, 0x00, 0x00, 0x00, 0x00, 0x00, 0x00, 0x00, 0x00, 0x00,
  0x00, 0x00, 0x00, 0x00, 0x00, 0x00, 0x00, 0x00, 0x00, 0x00, 0x00, 0x00, 0x00, 0x00, 0x00, 0x00,
  0x00, 0x00, 0x00, 0x00, 0x00, 0x00, 0x00, 0x00, 0x00, 0x00, 0x00, 0x00, 0x00, 0x00, 0x00, 0x00,
  0x00, 0x00, 0x00, 0x00, 0x00, 0x00, 0x00, 0x00, 0x00, 0x00, 0x00, 0x00, 0x00, 0x00, 0x00, 0x00,
  0x00, 0x00, 0x00, 0x00, 0x00, 0x00, 0x00, 0x00, 0x00, 0x00, 0x00, 0x00, 0x00, 0x00, 0x00, 0x00,
  0x00, 0x00, 0x00, 0x00, 0x00, 0x00, 0x00, 0x00, 0x00, 0x00, 0x00, 0x00, 0x00, 0x00, 0x00, 0x00,
  0x00, 0x00, 0x00, 0x00, 0x00, 0x00, 0x00, 0x00, 0x00, 0x00, 0x00, 0x00, 0x00, 0x00, 0x00, 0x00,
  0x00, 0x00, 0x00, 0x00, 0x00, 0x00, 0x00, 0x00, 0x00, 0x00, 0x00, 0x00, 0x00, 0x00, 0x00, 0x00,
  0x00, 0x00, 0x00, 0x00, 0x00, 0x00, 0x00, 0x00, 0x00, 0x00, 0x00, 0x00, 0x00, 0x00, 0x00, 0x00,
  0x00, 0x00, 0x00, 0x00, 0x00, 0x00, 0x00, 0x00, 0x00, 0x00, 0x00, 0x00, 0x00, 0x00, 0x00, 0x00,
  0x00, 0x00, 0x00, 0x00, 0x00, 0x00, 0x00, 0x00, 0x00, 0x00, 0x00, 0x00, 0x00, 0x00, 0x00, 0x00,
  0x00, 0x00, 0x00, 0x00, 0x00, 0x00, 0x00, 0x00, 0x00, 0x00, 0x00, 0x00, 0x00, 0x00, 0x00, 0x00,
  0x00, 0x00, 0x00, 0x00, 0x00, 0x00, 0x00, 0x00, 0x00, 0x00, 0x00, 0x00, 0x00, 0x00, 0x00, 0x00,
  0x00, 0x00, 0x00, 0x00, 0x00, 0x00, 0x00, 0x00, 0x00, 0x00, 0x00, 0x00, 0x00, 0x00, 0x00, 0x00,
  0x00, 0x00, 0x00, 0x00, 0x00, 0x00, 0x00, 0x00, 0x00, 0x00, 0x00, 0x00, 0x00, 0x00, 0x00, 0x00,
  0x00, 0x00, 0x00, 0x00, 0x00, 0x00, 0x00, 0x00, 0x00, 0x00, 0x00, 0x00, 0x00, 0x00, 0x00, 0x00,
  0x00, 0x00, 0x00, 0x00, 0x00, 0x00, 0x00, 0x00, 0x00, 0x00, 0x00, 0x00, 0x00, 0x00, 0x00, 0x00,
  0x00, 0x00, 0x00, 0x00, 0x00, 0x00, 0x00, 0x00, 0x00, 0x00, 0x00, 0x00, 0x00, 0x00, 0x00, 0x00,
  0x00, 0x00, 0x00, 0x00, 0x00, 0x00, 0x00, 0x00, 0x00, 0x00, 0x00, 0x00, 0x00, 0x00, 0x00, 0x00,
  0x00, 0x00, 0x00, 0x00, 0x00, 0x00, 0x00, 0x00, 0x00, 0x00, 0x00, 0x00, 0x00, 0x00, 0x00, 0x00,
  0x00, 0x00, 0x00, 0x00, 0x00, 0x00, 0x00, 0x00, 0x00, 0x00, 0x00, 0x00, 0x00, 0x00, 0x00, 0x00,
  0x00, 0x00, 0x00, 0x00, 0x00, 0x00, 0x00, 0x00, 0x00, 0x00, 0x00, 0x00, 0x00, 0x00, 0x00, 0x00,
  0x00, 0x00, 0x00, 0x00, 0x00, 0x00, 0x00, 0x00, 0x00, 0x00, 0x00, 0x00, 0x00, 0x00, 0x00, 0x00,
  0x00, 0x00, 0x00, 0x00, 0x00, 0x00, 0x00, 0x00, 0x00, 0x00, 0x00, 0x00, 0x00, 0x00, 0x00, 0x00,
  0x00, 0x00, 0x00, 0x00, 0x00, 0x00, 0x00, 0x00, 0x00, 0x00, 0x00, 0x00, 0x00, 0x00, 0x00, 0x00,
  0x00, 0x00, 0x00, 0x00, 0x00, 0x00, 0x00, 0x00, 0x00, 0x00, 0x00, 0x00, 0x00, 0x00, 0x00, 0x00,
  0x00, 0x00, 0x00, 0x00, 0x00, 0x00, 0x00, 0x00, 0x00, 0x00, 0x00, 0x00, 0x00, 0x00, 0x00, 0x00,
  0x00, 0x00, 0x00, 0x00, 0x00, 0x00, 0x00, 0x00, 0x00, 0x00, 0x00, 0x00, 0x00, 0x00, 0x00, 0x00,
  0x00, 0x00, 0x00, 0x00, 0x00, 0x00, 0x00, 0x00, 0x00, 0x00, 0x00, 0x00, 0x00, 0x00, 0x00, 0x00,
  0x00, 0x00, 0x00, 0x00, 0x00, 0x00, 0x00, 0x00, 0x00, 0x00, 0x00, 0x00, 0x00, 0x00, 0x00, 0x00,
  0x00, 0x00, 0x00, 0x00, 0x00, 0x00, 0x00, 0x00, 0x00, 0x00, 0x00, 0x00, 0x00, 0x00, 0x00, 0x00,
  0x00, 0x00, 0x00, 0x00, 0x00, 0x00, 0x00, 0x00, 0x00, 0x00, 0x00, 0x00, 0x00, 0x00, 0x00, 0x00,
  0x00, 0x00, 0x00, 0x00, 0x00, 0x00, 0x00, 0x00, 0x00, 0x00, 0x00, 0x00, 0x00, 0x00, 0x00, 0x00,
  0x00, 0x00, 0x00, 0x00, 0x00, 0x00, 0x00, 0x00, 0x00, 0x00, 0x00, 0x00, 0x00, 0x00, 0x00, 0x00,
  0x00, 0x00, 0x00, 0x00, 0x00, 0x00, 0x00, 0x00, 0x00, 0x00, 0x00, 0x00, 0x00, 0x00, 0x00, 0x00,
  0x00, 0x00, 0x00, 0x00, 0x00, 0x00, 0x00, 0x00, 0x00, 0x00, 0x00, 0x00, 0x00, 0x00, 0x00, 0x00,
  0x00, 0x00, 0x00, 0x00, 0x00, 0x00, 0x00, 0x00, 0x00, 0x00, 0x00, 0x00, 0x00, 0x00, 0x00, 0x00,
  0x00, 0x00, 0x00, 0x00, 0x00, 0x00, 0x00, 0x00, 0x00, 0x00, 0x00, 0x00, 0x00, 0x00, 0x00, 0x00,
  0x00, 0x00, 0x00, 0x00, 0x00, 0x00, 0x00, 0x00, 0x00, 0x00, 0x00, 0x00, 0x00, 0x00, 0x00, 0x00,
  0x00, 0x00, 0x00, 0x00, 0x00, 0x00, 0x00, 0x00, 0x00, 0x00, 0x00, 0x00, 0x00, 0x00, 0x00, 0x00,
  0x00, 0x00, 0x00, 0x00, 0x00, 0x00, 0x00, 0x00, 0x00, 0x00, 0x00, 0x00, 0x00, 0x00, 0x00, 0x00,
  0x00, 0x00, 0x00, 0x00, 0x00, 0x00, 0x00, 0x00, 0x00, 0x00, 0x00, 0x00, 0x00, 0x00, 0x00, 0x00,
  0x00, 0x00, 0x00, 0x00, 0x00, 0x00, 0x00, 0x00, 0x00, 0x00, 0x00, 0x00, 0x00, 0x00, 0x00, 0x00,
  0x00, 0x00, 0x00, 0x00, 0x00, 0x00, 0x00, 0x00, 0x00, 0x00, 0x00, 0x00, 0x00, 0x00, 0x00, 0x00,
  0x00, 0x00, 0x00, 0x00, 0x00, 0x00, 0x00, 0x00, 0x00, 0x00, 0x00, 0x00, 0x00, 0x00, 0x00, 0x00,
  0x00, 0x00, 0x00, 0x00, 0x00, 0x00, 0x00, 0x00, 0x00, 0x00, 0x00, 0x00, 0x00, 0x00, 0x00, 0x00,
  0x00, 0x00, 0x00, 0x00, 0x00, 0x00, 0x00, 0x00, 0x00, 0x00, 0x00, 0x00, 0x00, 0x00, 0x00, 0x00,
  0x00, 0x00, 0x00, 0x00, 0x00, 0x00, 0x00, 0x00, 0x00, 0x00, 0x00, 0x00, 0x00, 0x00, 0x00, 0x00,
  0x00, 0x00, 0x00, 0x00, 0x00, 0x00, 0x00, 0x00, 0x00, 0x00, 0x00, 0x00, 0x00, 0x00, 0x00, 0x00,
  0x00, 0x00, 0x00, 0x00, 0x00, 0x00, 0x00, 0x00, 0x00, 0x00, 0x00, 0x00, 0x00, 0x00, 0x00, 0x00,
  0x00, 0x00, 0x00, 0x00, 0x00, 0x00, 0x00, 0x00, 0x00, 0x00, 0x00, 0x00, 0x00, 0x00, 0x00, 0x00,
  0x00, 0x00, 0x00, 0x00, 0x00, 0x00, 0x00, 0x00, 0x00, 0x00, 0x00, 0x00, 0x00, 0x00, 0x00, 0x00,
  0x00, 0x00, 0x00, 0x00, 0x00, 0x00, 0x00, 0x00, 0x00, 0x00, 0x00, 0x00, 0x00, 0x00, 0x00, 0x00,
  0x00, 0x00, 0x00, 0x00, 0x00, 0x00, 0x00, 0x00, 0x00, 0x00, 0x00, 0x00, 0x00, 0x00, 0x00, 0x00,
  0x00, 0x00, 0x00, 0x00, 0x00, 0x00, 0x00, 0x00, 0x00, 0x00, 0x00, 0x00, 0x00, 0x00, 0x00, 0x00,
  0x00, 0x00, 0x00, 0x00, 0x00, 0x00, 0x00, 0x00, 0x00, 0x00, 0x00, 0x00, 0x00, 0x00, 0x00, 0x00,
  0x00, 0x00, 0x00, 0x00, 0x00, 0x00, 0x00, 0x00, 0x00, 0x00, 0x00, 0x00, 0x00, 0x00, 0x00, 0x00,
  0x00, 0x00, 0x00, 0x00, 0x00, 0x00, 0x00, 0x00, 0x00, 0x00, 0x00, 0x00, 0x00, 0x00, 0x00, 0x00,
  0x00, 0x00, 0x00, 0x00, 0x00, 0x00, 0x00, 0x00, 0x00, 0x00, 0x00, 0x00, 0x00, 0x00, 0x00, 0x00,
  0x00, 0x00, 0x00, 0x00, 0x00, 0x00, 0x00, 0x00, 0x00, 0x00, 0x00, 0x00, 0x00, 0x00, 0x00, 0x00,
  0x00, 0x00, 0x00, 0x00, 0x00, 0x00, 0x00, 0x00, 0x00, 0x00, 0x00, 0x00, 0x00, 0x00, 0x00, 0x00,
  0x00, 0x00, 0x00, 0x00, 0x00, 0x00, 0x00, 0x00, 0x00, 0x00, 0x00, 0x00, 0x00, 0x00, 0x00, 0x00,
  0x00, 0x00, 0x00, 0x00, 0x00, 0x00, 0x00, 0x00, 0x00, 0x00, 0x00, 0x00, 0x00, 0x00, 0x00, 0x00,
  0x00, 0x00, 0x00, 0x00, 0x00, 0x00, 0x00, 0x00, 0x00, 0x00, 0x00, 0x00, 0x00, 0x00, 0x00, 0x00,
  0x00, 0x00, 0x00, 0x00, 0x00, 0x00, 0x00, 0x00, 0x00, 0x00, 0x00, 0x00, 0x00, 0x00, 0x00, 0x00,
  0x00, 0x00, 0x00, 0x00, 0x00, 0x00, 0x00, 0x00, 0x00, 0x00, 0x00, 0x00, 0x00, 0x00, 0x00, 0x00,
  0x00, 0x00, 0x00, 0x00, 0x00, 0x00, 0x00, 0x00, 0x00, 0x00, 0x00, 0x00, 0x00, 0x00, 0x00, 0x00,
  0x00, 0x00, 0x00, 0x00, 0x00, 0x00, 0x00, 0x00, 0x00, 0x00, 0x00, 0x00, 0x00, 0x00, 0x00, 0x00,
  0x00, 0x00, 0x00, 0x00, 0x00, 0x00, 0x00, 0x00, 0x00, 0x00, 0x00, 0x00, 0x00, 0x00, 0x00, 0x00,
  0x00, 0x00, 0x00, 0x00, 0x00, 0x00, 0x00, 0x00, 0x00, 0x00, 0x00, 0x00, 0x00, 0x00, 0x00, 0x00,
  0x00, 0x00, 0x00, 0x00, 0x00, 0x00, 0x00, 0x00, 0x00, 0x00, 0x00, 0x00, 0x00, 0x00, 0x00, 0x00,
  0x00, 0x00, 0x00, 0x00, 0x00, 0x00, 0x00, 0x00, 0x00, 0x00, 0x00, 0x00, 0x00, 0x00, 0x00, 0x00,
  0x00, 0x00, 0x00, 0x00, 0x00, 0x00, 0x00, 0x00, 0x00, 0x00, 0x00, 0x00, 0x00, 0x00, 0x00, 0x00,
  0x00, 0x00, 0x00, 0x00, 0x00, 0x00, 0x00, 0x00, 0x00, 0x00, 0x00, 0x00, 0x00, 0x00, 0x00, 0x00,
  0x00, 0x00, 0x00, 0x00, 0x00, 0x00, 0x00, 0x00, 0x00, 0x00, 0x00, 0x00, 0x00, 0x00, 0x00, 0x00,
  0x00, 0x00, 0x00, 0x00, 0x00, 0x00, 0x00, 0x00, 0x00, 0x00, 0x00, 0x00, 0x00, 0x00, 0x00, 0x00,
  0x00, 0x00, 0x00, 0x00, 0x00, 0x00, 0x00, 0x00, 0x00, 0x00, 0x00, 0x00, 0x00, 0x00, 0x00, 0x00,
  0x00, 0x00, 0x00, 0x00, 0x00, 0x00, 0x00, 0x00, 0x00, 0x00, 0x00, 0x00, 0x00, 0x00, 0x00, 0x00,
  0x00, 0x00, 0x00, 0x00, 0x00, 0x00, 0x00, 0x00, 0x00, 0x00, 0x00, 0x00, 0x00, 0x00, 0x00, 0x00,
  0x00, 0x00, 0x00, 0x00, 0x00, 0x00, 0x00, 0x00, 0x00, 0x00, 0x00, 0x00, 0x00, 0x00, 0x00, 0x00,
  0x00, 0x00, 0x00, 0x00, 0x00, 0x00, 0x00, 0x00, 0x00, 0x00, 0x00, 0x00, 0x00, 0x00, 0x00, 0x00,
  0x00, 0x00, 0x00, 0x00, 0x00, 0x00, 0x00, 0x00, 0x00, 0x00, 0x00, 0x00, 0x00, 0x00, 0x00, 0x00,
  0x00, 0x00, 0x00, 0x00, 0x00, 0x00, 0x00, 0x00, 0x00, 0x00, 0x00, 0x00, 0x00, 0x00, 0x00, 0x00,
  0x00, 0x00, 0x00, 0x00, 0x00, 0x00, 0x00, 0x00, 0x00, 0x00, 0x00, 0x00, 0x00, 0x00, 0x00, 0x00,
  0x00, 0x00, 0x00, 0x00, 0x00, 0x00, 0x00, 0x00, 0x00, 0x00, 0x00, 0x00, 0x00, 0x00, 0x00, 0x00,
  0x00, 0x00, 0x00, 0x00, 0x00, 0x00, 0x00, 0x00, 0x00, 0x00, 0x00, 0x00, 0x00, 0x00, 0x00, 0x00,
  0x00, 0x00, 0x00, 0x00, 0x00, 0x00, 0x00, 0x00, 0x00, 0x00, 0x00, 0x00, 0x00, 0x00, 0x00, 0x00,
  0x00, 0x00, 0x00, 0x00, 0x00, 0x00, 0x00, 0x00, 0x00, 0x00, 0x00, 0x00, 0x00, 0x00, 0x00, 0x00,
  0x00, 0x00, 0x00, 0x00, 0x00, 0x00, 0x00, 0x00, 0x00, 0x00, 0x00, 0x00, 0x00, 0x00, 0x00, 0x00,
  0x00, 0x00, 0x00, 0x00, 0x00, 0x00, 0x00, 0x00, 0x00, 0x00, 0x00, 0x00, 0x00, 0x00, 0x00, 0x00,
  0x00, 0x00, 0x00, 0x00, 0x00, 0x00, 0x00, 0x00, 0x00, 0x00, 0x00, 0x00, 0x00, 0x00, 0x00, 0x00,
  0x00, 0x00, 0x00, 0x00, 0x00, 0x00, 0x00, 0x00, 0x00, 0x00, 0x00, 0x00, 0x00, 0x00, 0x00, 0x00,
  0x00, 0x00, 0x00, 0x00, 0x00, 0x00, 0x00, 0x00, 0x00, 0x00, 0x00, 0x00, 0x00, 0x00, 0x00, 0x00,
  0x00, 0x00, 0x00, 0x00, 0x00, 0x00, 0x00, 0x00, 0x00, 0x00, 0x00, 0x00, 0x00, 0x00, 0x00, 0x00,
  0x00, 0x00, 0x00, 0x00, 0x00, 0x00, 0x00, 0x00, 0x00, 0x00, 0x00, 0x00, 0x00, 0x00, 0x00, 0x00,
  0x00, 0x00, 0x00, 0x00, 0x00, 0x00, 0x00, 0x00, 0x00, 0x00, 0x00, 0x00, 0x00, 0x00, 0x00, 0x00,
  0x00, 0x00, 0x00, 0x00, 0x00, 0x00, 0x00, 0x00, 0x00, 0x00, 0x00, 0x00, 0x00, 0x00, 0x00, 0x00,
  0x00, 0x00, 0x00, 0x00, 0x00, 0x00, 0x00, 0x00, 0x00, 0x00, 0x00, 0x00, 0x00, 0x00, 0x00, 0x00,
  0x00, 0x00, 0x00, 0x00, 0x00, 0x00, 0x00, 0x00, 0x00, 0x00, 0x00, 0x00, 0x00, 0x00, 0x00, 0x00,
  0x00, 0x00, 0x00, 0x00, 0x00, 0x00, 0x00, 0x00, 0x00, 0x00, 0x00, 0x00, 0x00, 0x00, 0x00, 0x00,
  0x00, 0x00, 0x00, 0x00, 0x00, 0x00, 0x00, 0x00, 0x00, 0x00, 0x00, 0x00, 0x00, 0x00, 0x00, 0x00,
  0x00, 0x00, 0x00, 0x00, 0x00, 0x00, 0x00, 0x00, 0x00, 0x00, 0x00, 0x00, 0x00, 0x00, 0x00, 0x00,
  0x00, 0x00, 0x00, 0x00, 0x00, 0x00, 0x00, 0x00, 0x00, 0x00, 0x00, 0x00, 0x00, 0x00, 0x00, 0x00,
  0x00, 0x00, 0x00, 0x00, 0x00, 0x00, 0x00, 0x00, 0x00, 0x00, 0x00, 0x00, 0x00, 0x00, 0x00, 0x00,
  0x00, 0x00, 0x00, 0x00, 0x00, 0x00, 0x00, 0x00, 0x00, 0x00, 0x00, 0x00, 0x00, 0x00, 0x00, 0x00,
  0x00, 0x00, 0x00, 0x00, 0x00, 0x00, 0x00, 0x00, 0x00, 0x00, 0x00, 0x00, 0x00, 0x00, 0x00, 0x00,
  0x00, 0x00, 0x00, 0x00, 0x00, 0x00, 0x00, 0x00, 0x00, 0x00, 0x00, 0x00, 0x00, 0x00, 0x00, 0x00,
  0x00, 0x00, 0x00, 0x00, 0x00, 0x00, 0x00, 0x00, 0x00, 0x00, 0x00, 0x00, 0x00, 0x00, 0x00, 0x00,
  0x00, 0x00, 0x00, 0x00, 0x00, 0x00, 0x00, 0x00, 0x00, 0x00, 0x00, 0x00, 0x00, 0x00, 0x00, 0x00,
  0x00, 0x00, 0x00, 0x00, 0x00, 0x00, 0x00, 0x00, 0x00, 0x00, 0x00, 0x00, 0x00, 0x00, 0x00, 0x00,
  0x00, 0x00, 0x00, 0x00, 0x00, 0x00, 0x00, 0x00, 0x00, 0x00, 0x00, 0x00, 0x00, 0x00, 0x00, 0x00,
  0x00, 0x00, 0x00, 0x00, 0x00, 0x00, 0x00, 0x00, 0x00, 0x00, 0x00, 0x00, 0x00, 0x00, 0x00, 0x00,
  0x00, 0x00, 0x00, 0x00, 0x00, 0x00, 0x00, 0x00, 0x00, 0x00, 0x00, 0x00, 0x00, 0x00, 0x00, 0x00,
  0x00, 0x00, 0x00, 0x00, 0x00, 0x00, 0x00, 0x00, 0x00, 0x00, 0x00, 0x00, 0x00, 0x00, 0x00, 0x00,
  0x00, 0x00, 0x00, 0x00, 0x00, 0x00, 0x00, 0x00, 0x00, 0x00, 0x00, 0x00, 0x00, 0x00, 0x00, 0x00,
  0x00, 0x00, 0x00, 0x00, 0x00, 0x00, 0x00, 0x00, 0x00, 0x00, 0x00, 0x00, 0x00, 0x00, 0x00, 0x00,
  0x00, 0x00, 0x00, 0x00, 0x00, 0x00, 0x00, 0x00, 0x00, 0x00, 0x00, 0x00, 0x00, 0x00, 0x00, 0x00,
  0x00, 0x00, 0x00, 0x00, 0x00, 0x00, 0x00, 0x00, 0x00, 0x00, 0x00, 0x00, 0x00, 0x00, 0x00, 0x00,
  0x00, 0x00, 0x00, 0x00, 0x00, 0x00, 0x00, 0x00, 0x00, 0x00, 0x00, 0x00, 0x00, 0x00, 0x00, 0x00,
  0x00, 0x00, 0x00, 0x00, 0x00, 0x00, 0x00, 0x00, 0x00, 0x00, 0x00, 0x00, 0x00, 0x00, 0x00, 0x00,
  0x00, 0x00, 0x00, 0x00, 0x00, 0x00, 0x00, 0x00, 0x00, 0x00, 0x00, 0x00, 0x00, 0x00, 0x00, 0x00,
  0x00, 0x00, 0x00, 0x00, 0x00, 0x00, 0x00, 0x00, 0x00, 0x00, 0x00, 0x00, 0x00, 0x00, 0x00, 0x00,
  0x00, 0x00, 0x00, 0x00, 0x00, 0x00, 0x00, 0x00, 0x00, 0x00, 0x00, 0x00, 0x00, 0x00, 0x00, 0x00,
  0x00, 0x00, 0x00, 0x00, 0x00, 0x00, 0x00, 0x00, 0x00, 0x00, 0x00, 0x00, 0x00, 0x00, 0x00, 0x00,
  0x00, 0x00, 0x00, 0x00, 0x00, 0x00, 0x00, 0x00, 0x00, 0x00, 0x00, 0x00, 0x00, 0x00, 0x00, 0x00,
  0x00, 0x00, 0x00, 0x00, 0x00, 0x00, 0x00, 0x00, 0x00, 0x00, 0x00, 0x00, 0x00, 0x00, 0x00, 0x00,
  0x00, 0x00, 0x00, 0x00, 0x00, 0x00, 0x00, 0x00, 0x00, 0x00, 0x00, 0x00, 0x00, 0x00, 0x00, 0x00,
  0x00, 0x00, 0x00, 0x00, 0x00, 0x00, 0x00, 0x00, 0x00, 0x00, 0x00, 0x00, 0x00, 0x00, 0x00, 0x00,
  0x00, 0x00, 0x00, 0x00, 0x00, 0x00, 0x00, 0x00, 0x00, 0x00, 0x00, 0x00, 0x00, 0x00, 0x00, 0x00,
  0x00, 0x00, 0x00, 0x00, 0x00, 0x00, 0x00, 0x00, 0x00, 0x00, 0x00, 0x00, 0x00, 0x00, 0x00, 0x00,
  0x00, 0x00, 0x00, 0x00, 0x00, 0x00, 0x00, 0x00, 0x00, 0x00, 0x00, 0x00, 0x00, 0x00, 0x00, 0x00,
  0x00, 0x00, 0x00, 0x00, 0x00, 0x00, 0x00, 0x00, 0x00, 0x00, 0x00, 0x00, 0x00, 0x00, 0x00, 0x00,
  0x00, 0x00, 0x00, 0x00, 0x00, 0x00, 0x00, 0x00, 0x00, 0x00, 0x00, 0x00, 0x00, 0x00, 0x00, 0x00,
  0x00, 0x00, 0x00, 0x00, 0x00, 0x00, 0x00, 0x00, 0x00, 0x00, 0x00, 0x00, 0x00, 0x00, 0x00, 0x00,
  0x00, 0x00, 0x00, 0x00, 0x00, 0x00, 0x00, 0x00, 0x00, 0x00, 0x00, 0x00, 0x00, 0x00, 0x00, 0x00,
  0x00, 0x00, 0x00, 0x00, 0x00, 0x00, 0x00, 0x00, 0x00, 0x00, 0x00, 0x00, 0x00, 0x00, 0x00, 0x00,
  0x00, 0x00, 0x00, 0x00, 0x00, 0x00, 0x00, 0x00, 0x00, 0x00, 0x00, 0x00, 0x00, 0x00, 0x00, 0x00,
  0x00, 0x00, 0x00, 0x00, 0x00, 0x00, 0x00, 0x00, 0x00, 0x00, 0x00, 0x00, 0x00, 0x00, 0x00, 0x00,
  0x00, 0x00, 0x00, 0x00, 0x00, 0x00, 0x00, 0x00, 0x00, 0x00, 0x00, 0x00, 0x00, 0x00, 0x00, 0x00,
  0x00, 0x00, 0x00, 0x00, 0x00, 0x00, 0x00, 0x00, 0x00, 0x00, 0x00, 0x00, 0x00, 0x00, 0x00, 0x00,
  0x00, 0x00, 0x00, 0x00, 0x00, 0x00, 0x00, 0x00, 0x00, 0x00, 0x00, 0x00, 0x00, 0x00, 0x00, 0x00,
  0x00, 0x00, 0x00, 0x00, 0x00, 0x00, 0x00, 0x00, 0x00, 0x00, 0x00, 0x00, 0x00, 0x00, 0x00, 0x00,
  0x00, 0x00, 0x00, 0x00, 0x00, 0x00, 0x00, 0x00, 0x00, 0x00, 0x00, 0x00, 0x00, 0x00, 0x00, 0x00,
  0x00, 0x00, 0x00, 0x00, 0x00, 0x00, 0x00, 0x00, 0x00, 0x00, 0x00, 0x00, 0x00, 0x00, 0x00, 0x00,
  0x00, 0x00, 0x00, 0x00, 0x00, 0x00, 0x00, 0x00, 0x00, 0x00, 0x00, 0x00, 0x00, 0x00, 0x00, 0x00,
  0x00, 0x00, 0x00, 0x00, 0x00, 0x00, 0x00, 0x00, 0x00, 0x00, 0x00, 0x00, 0x00, 0x00, 0x00, 0x00,
  0x00, 0x00, 0x00, 0x00, 0x00, 0x00, 0x00, 0x00, 0x00, 0x00, 0x00, 0x00, 0x00, 0x00, 0x00, 0x00,
  0x00, 0x00, 0x00, 0x00, 0x00, 0x00, 0x00, 0x00, 0x00, 0x00, 0x00, 0x00, 0x00, 0x00, 0x00, 0x00,
  0x00, 0x00, 0x00, 0x00, 0x00, 0x00, 0x00, 0x00, 0x00, 0x00, 0x00, 0x00, 0x00, 0x00, 0x00, 0x00,
  0x00, 0x00, 0x00, 0x00, 0x00, 0x00, 0x00, 0x00, 0x00, 0x00, 0x00, 0x00, 0x00, 0x00, 0x00, 0x00,
  0x00, 0x00, 0x00, 0x00, 0x00, 0x00, 0x00, 0x00, 0x00, 0x00, 0x00, 0x00, 0x00, 0x00, 0x00, 0x00,
  0x00, 0x00, 0x00, 0x00, 0x00, 0x00, 0x00, 0x00, 0x00, 0x00, 0x00, 0x00, 0x00, 0x00, 0x00, 0x00,
  0x00, 0x00, 0x00, 0x00, 0x00, 0x00, 0x00, 0x00, 0x00, 0x00, 0x00, 0x00, 0x00, 0x00, 0x00, 0x00,
  0x00, 0x00, 0x00, 0x00, 0x00, 0x00, 0x00, 0x00, 0x00, 0x00, 0x00, 0x00, 0x00, 0x00, 0x00, 0x00,
  0x00, 0x00, 0x00, 0x00, 0x00, 0x00, 0x00, 0x00, 0x00, 0x00, 0x00, 0x00, 0x00, 0x00, 0x00, 0x00,
  0x00, 0x00, 0x00, 0x00, 0x00, 0x00, 0x00, 0x00, 0x00, 0x00, 0x00, 0x00, 0x00, 0x00, 0x00, 0x00,
  0x00, 0x00, 0x00, 0x00, 0x00, 0x00, 0x00, 0x00, 0x00, 0x00, 0x00, 0x00, 0x00, 0x00, 0x00, 0x00,
  0x00, 0x00, 0x00, 0x00, 0x00, 0x00, 0x00, 0x00, 0x00, 0x00, 0x00, 0x00, 0x00, 0x00, 0x00, 0x00,
  0x00, 0x00, 0x00, 0x00, 0x00, 0x00, 0x00, 0x00, 0x00, 0x00, 0x00, 0x00, 0x00, 0x00, 0x00, 0x00,
  0x00, 0x00, 0x00, 0x00, 0x00, 0x00, 0x00, 0x00, 0x00, 0x00, 0x00, 0x00, 0x00, 0x00, 0x00, 0x00,
  0x00, 0x00, 0x00, 0x00, 0x00, 0x00, 0x00, 0x00, 0x00, 0x00, 0x00, 0x00, 0x00, 0x00, 0x00, 0x00,
  0x00, 0x00, 0x00, 0x00, 0x00, 0x00, 0x00, 0x00, 0x00, 0x00, 0x00, 0x00, 0x00, 0x00, 0x00, 0x00,
  0x00, 0x00, 0x00, 0x00, 0x00, 0x00, 0x00, 0x00, 0x00, 0x00, 0x00, 0x00, 0x00, 0x00, 0x00, 0x00,
  0x00, 0x00, 0x00, 0x00, 0x00, 0x00, 0x00, 0x00, 0x00, 0x00, 0x00, 0x00, 0x00, 0x00, 0x00, 0x00,
  0x00, 0x00, 0x00, 0x00, 0x00, 0x00, 0x00, 0x00, 0x00, 0x00, 0x00, 0x00, 0x00, 0x00, 0x00, 0x00,
  0x00, 0x00, 0x00, 0x00, 0x00, 0x00, 0x00, 0x00, 0x00, 0x00, 0x00, 0x00, 0x00, 0x00, 0x00, 0x00,
  0x00, 0x00, 0x00, 0x00, 0x00, 0x00, 0x00, 0x00, 0x00, 0x00, 0x00, 0x00, 0x00, 0x00, 0x00, 0x00,
  0x00, 0x00, 0x00, 0x00, 0x00, 0x00, 0x00, 0x00, 0x00, 0x00, 0x00, 0x00, 0x00, 0x00, 0x00, 0x00,
  0x00, 0x00, 0x00, 0x00, 0x00, 0x00, 0x00, 0x00, 0x00, 0x00, 0x00, 0x00, 0x00, 0x00, 0x00, 0x00,
  0x00, 0x00, 0x00, 0x00, 0x00, 0x00, 0x00, 0x00, 0x00, 0x00, 0x00, 0x00, 0x00, 0x00, 0x00, 0x00,
  0x00, 0x00, 0x00, 0x00, 0x00, 0x00, 0x00, 0x00, 0x00, 0x00, 0x00, 0x00, 0x00, 0x00, 0x00, 0x00,
  0x00, 0x00, 0x00, 0x00, 0x00, 0x00, 0x00, 0x00, 0x00, 0x00, 0x00, 0x00, 0x00, 0x00, 0x00, 0x00,
  0x00, 0x00, 0x00, 0x00, 0x00, 0x00, 0x00, 0x00, 0x00, 0x00, 0x00, 0x00, 0x00, 0x00, 0x00, 0x00,
  0x00, 0x00, 0x00, 0x00, 0x00, 0x00, 0x00, 0x00, 0x00, 0x00, 0x00, 0x00, 0x00, 0x00, 0x00, 0x00,
  0x00, 0x00, 0x00, 0x00, 0x00, 0x00, 0x00, 0x00, 0x00, 0x00, 0x00, 0x00, 0x00, 0x00, 0x00, 0x00,
  0x00, 0x00, 0x00, 0x00, 0x00, 0x00, 0x00, 0x00, 0x00, 0x00, 0x00, 0x00, 0x00, 0x00, 0x00, 0x00,
  0x00, 0x00, 0x00, 0x00, 0x00, 0x00, 0x00, 0x00, 0x00, 0x00, 0x00, 0x00, 0x00, 0x00, 0x00, 0x00,
  0x00, 0x00, 0x00, 0x00, 0x00, 0x00, 0x00, 0x00, 0x00, 0x00, 0x00, 0x00, 0x00, 0x00, 0x00, 0x00,
  0x00, 0x00, 0x00, 0x00, 0x00, 0x00, 0x00, 0x00, 0x00, 0x00, 0x00, 0x00, 0x00, 0x00, 0x00, 0x00,
  0x00, 0x00, 0x00, 0x00, 0x00, 0x00, 0x00, 0x00, 0x00, 0x00, 0x00, 0x00, 0x00, 0x00, 0x00, 0x00,
  0x00, 0x00, 0x00, 0x00, 0x00, 0x00, 0x00, 0x00, 0x00, 0x00, 0x00, 0x00, 0x00, 0x00, 0x00, 0x00,
  0x00, 0x00, 0x00, 0x00, 0x00, 0x00, 0x00, 0x00, 0x00, 0x00, 0x00, 0x00, 0x00, 0x00, 0x00, 0x00,
  0x00, 0x00, 0x00, 0x00, 0x00, 0x00, 0x00, 0x00, 0x00, 0x00, 0x00, 0x00, 0x00, 0x00, 0x00, 0x00,
  0x00, 0x00, 0x00, 0x00, 0x00, 0x00, 0x00, 0x00, 0x00, 0x00, 0x00, 0x00, 0x00, 0x00, 0x00, 0x00,
  0x00, 0x00, 0x00, 0x00, 0x00, 0x00, 0x00, 0x00, 0x00, 0x00, 0x00, 0x00, 0x00, 0x00, 0x00, 0x00,
  0x00, 0x00, 0x00, 0x00, 0x00, 0x00, 0x00, 0x00, 0x00, 0x00, 0x00, 0x00, 0x00, 0x00, 0x00, 0x00,
  0x00, 0x00, 0x00, 0x00, 0x00, 0x00, 0x00, 0x00, 0x00, 0x00, 0x00, 0x00, 0x00, 0x00, 0x00, 0x00,
  0x00, 0x00, 0x00, 0x00, 0x00, 0x00, 0x00, 0x00, 0x00, 0x00, 0x00, 0x00, 0x00, 0x00, 0x00, 0x00,
  0x00, 0x00, 0x00, 0x00, 0x00, 0x00, 0x00, 0x00, 0x00, 0x00, 0x00, 0x00, 0x00, 0x00, 0x00, 0x00,
  0x00, 0x00, 0x00, 0x00, 0x00, 0x00, 0x00, 0x00, 0x00, 0x00, 0x00, 0x00, 0x00, 0x00, 0x00, 0x00,
  0x00, 0x00, 0x00, 0x00, 0x00, 0x00, 0x00, 0x00, 0x00, 0x00, 0x00, 0x00, 0x00, 0x00, 0x00, 0x00,
  0x00, 0x00, 0x00, 0x00, 0x00, 0x00, 0x00, 0x00, 0x00, 0x00, 0x00, 0x00, 0x00, 0x00, 0x00, 0x00,
  0x00, 0x00, 0x00, 0x00, 0x00, 0x00, 0x00, 0x00, 0x00, 0x00, 0x00, 0x00, 0x00, 0x00, 0x00, 0x00,
  0x00, 0x00, 0x00, 0x00, 0x00, 0x00, 0x00, 0x00, 0x00, 0x00, 0x00, 0x00, 0x00, 0x00, 0x00, 0x00,
  0x00, 0x00, 0x00, 0x00, 0x00, 0x00, 0x00, 0x00, 0x00, 0x00, 0x00, 0x00, 0x00, 0x00, 0x00, 0x00,
  0x00, 0x00, 0x00, 0x00, 0x00, 0x00, 0x00, 0x00, 0x00, 0x00, 0x00, 0x00, 0x00, 0x00, 0x00, 0x00,
  0x00, 0x00, 0x00, 0x00, 0x00, 0x00, 0x00, 0x00, 0x00, 0x00, 0x00, 0x00, 0x00, 0x00, 0x00, 0x00,
  0x00, 0x00, 0x00, 0x00, 0x00, 0x00, 0x00, 0x00, 0x00, 0x00, 0x00, 0x00, 0x00, 0x00, 0x00, 0x00,
  0x00, 0x00, 0x00, 0x00, 0x00, 0x00, 0x00, 0x00, 0x00, 0x00, 0x00, 0x00, 0x00, 0x00, 0x00, 0x00,
  0x00, 0x00, 0x00, 0x00, 0x00, 0x00, 0x00, 0x00, 0x00, 0x00, 0x00, 0x00, 0x00, 0x00, 0x00, 0x00,
  0x00, 0x00, 0x00, 0x00, 0x00, 0x00, 0x00, 0x00, 0x00, 0x00, 0x00, 0x00, 0x00, 0x00, 0x00, 0x00,
  0x00, 0x00, 0x00, 0x00, 0x00, 0x00, 0x00, 0x00, 0x00, 0x00, 0x00, 0x00, 0x00, 0x00, 0x00, 0x00,
  0x00, 0x00, 0x00, 0x00, 0x00, 0x00, 0x00, 0x00, 0x00, 0x00, 0x00, 0x00, 0x00, 0x00, 0x00, 0x00,
  0x00, 0x00, 0x00, 0x00, 0x00, 0x00, 0x00, 0x00, 0x00, 0x00, 0x00, 0x00, 0x00, 0x00, 0x00, 0x00,
  0x00, 0x00, 0x00, 0x00, 0x00, 0x00, 0x00, 0x00, 0x00, 0x00, 0x00, 0x00, 0x00, 0x00, 0x00, 0x00,
  0x00, 0x00, 0x00, 0x00, 0x00, 0x00, 0x00, 0x00, 0x00, 0x00, 0x00, 0x00, 0x00, 0x00, 0x00, 0x00,
  0x00, 0x00, 0x00, 0x00, 0x00, 0x00, 0x00, 0x00, 0x00, 0x00, 0x00, 0x00, 0x00, 0x00, 0x00, 0x00,
  0x00, 0x00, 0x00, 0x00, 0x00, 0x00, 0x00, 0x00, 0x00, 0x00, 0x00, 0x00, 0x00, 0x00, 0x00, 0x00,
  0x00, 0x00, 0x00, 0x00, 0x00, 0x00, 0x00, 0x00, 0x00, 0x00, 0x00, 0x00, 0x00, 0x00, 0x00, 0x00,
  0x00, 0x00, 0x00, 0x00, 0x00, 0x00, 0x00, 0x00, 0x00, 0x00, 0x00, 0x00, 0x00, 0x00, 0x00, 0x00,
  0x00, 0x00, 0x00, 0x00, 0x00, 0x00, 0x00, 0x00, 0x00, 0x00, 0x00, 0x00, 0x00, 0x00, 0x00, 0x00,
  0x00, 0x00, 0x00, 0x00, 0x00, 0x00, 0x00, 0x00, 0x00, 0x00, 0x00, 0x00, 0x00, 0x00, 0x00, 0x00,
  0x00, 0x00, 0x00, 0x00, 0x00, 0x00, 0x00, 0x00, 0x00, 0x00, 0x00, 0x00, 0x00, 0x00, 0x00, 0x00,
  0x00, 0x00, 0x00, 0x00, 0x00, 0x00, 0x00, 0x00, 0x00, 0x00, 0x00, 0x00, 0x00, 0x00, 0x00, 0x00,
  0x00, 0x00, 0x00, 0x00, 0x00, 0x00, 0x00, 0x00, 0x00, 0x00, 0x00, 0x00, 0x00, 0x00, 0x00, 0x00,
  0x00, 0x00, 0x00, 0x00, 0x00, 0x00, 0x00, 0x00, 0x00, 0x00, 0x00, 0x00, 0x00, 0x00, 0x00, 0x00,
  0x00, 0x00, 0x00, 0x00, 0x00, 0x00, 0x00, 0x00, 0x00, 0x00, 0x00, 0x00, 0x00, 0x00, 0x00, 0x00,
  0x00, 0x00, 0x00, 0x00, 0x00, 0x00, 0x00, 0x00, 0x00, 0x00, 0x00, 0x00, 0x00, 0x00, 0x00, 0x00,
  0x00, 0x00, 0x00, 0x00, 0x00, 0x00, 0x00, 0x00, 0x00, 0x00, 0x00, 0x00, 0x00, 0x00, 0x00, 0x00,
  0x00, 0x00, 0x00, 0x00, 0x00, 0x00, 0x00, 0x00, 0x00, 0x00, 0x00, 0x00, 0x00, 0x00, 0x00, 0x00,
  0x00, 0x00, 0x00, 0x00, 0x00, 0x00, 0x00, 0x00, 0x00, 0x00, 0x00, 0x00, 0x00, 0x00, 0x00, 0x00,
  0x00, 0x00, 0x00, 0x00, 0x00, 0x00, 0x00, 0x00, 0x00, 0x00, 0x00, 0x00, 0x00, 0x00, 0x00, 0x00,
  0x00, 0x00, 0x00, 0x00, 0x00, 0x00, 0x00, 0x00, 0x00, 0x00, 0x00, 0x00, 0x00, 0x00, 0x00, 0x00,
  0x00, 0x00, 0x00, 0x00, 0x00, 0x00, 0x00, 0x00, 0x00, 0x00, 0x00, 0x00, 0x00, 0x00, 0x00, 0x00,
  0x00, 0x00, 0x00, 0x00, 0x00, 0x00, 0x00, 0x00, 0x00, 0x00, 0x00, 0x00, 0x00, 0x00, 0x00, 0x00,
  0x00, 0x00, 0x00, 0x00, 0x00, 0x00, 0x00, 0x00, 0x00, 0x00, 0x00, 0x00, 0x00, 0x00, 0x00, 0x00,
  0x00, 0x00, 0x00, 0x00, 0x00, 0x00, 0x00, 0x00, 0x00, 0x00, 0x00, 0x00, 0x00, 0x00, 0x00, 0x00,
  0x00, 0x00, 0x00, 0x00, 0x00, 0x00, 0x00, 0x00, 0x00, 0x00, 0x00, 0x00, 0x00, 0x00, 0x00, 0x00,
  0x00, 0x00, 0x00, 0x00, 0x00, 0x00, 0x00, 0x00, 0x00, 0x00, 0x00, 0x00, 0x00, 0x00, 0x00, 0x00,
  0x00, 0x00, 0x00, 0x00, 0x00, 0x00, 0x00, 0x00, 0x00, 0x00, 0x00, 0x00, 0x00, 0x00, 0x00, 0x00,
  0x00, 0x00, 0x00, 0x00, 0x00, 0x00, 0x00, 0x00, 0x00, 0x00, 0x00, 0x00, 0x00, 0x00, 0x00, 0x00,
  0x00, 0x00, 0x00, 0x00, 0x00, 0x00, 0x00, 0x00, 0x00, 0x00, 0x00, 0x00, 0x00, 0x00, 0x00, 0x00,
  0x00, 0x00, 0x00, 0x00, 0x00, 0x00, 0x00, 0x00, 0x00, 0x00, 0x00, 0x00, 0x00, 0x00, 0x00, 0x00,
  0x00, 0x00, 0x00, 0x00, 0x00, 0x00, 0x00, 0x00, 0x00, 0x00, 0x00, 0x00, 0x00, 0x00, 0x00, 0x00,
  0x00, 0x00, 0x00, 0x00, 0x00, 0x00, 0x00, 0x00, 0x00, 0x00, 0x00, 0x00, 0x00, 0x00, 0x00, 0x00,
  0x00, 0x00, 0x00, 0x00, 0x00, 0x00, 0x00, 0x00, 0x00, 0x00, 0x00, 0x00, 0x00, 0x00, 0x00, 0x00,
  0x00, 0x00, 0x00, 0x00, 0x00, 0x00, 0x00, 0x00, 0x00, 0x00, 0x00, 0x00, 0x00, 0x00, 0x00, 0x00,
  0x00, 0x00, 0x00, 0x00, 0x00, 0x00, 0x00, 0x00, 0x00, 0x00, 0x00, 0x00, 0x00, 0x00, 0x00, 0x00,
  0x00, 0x00, 0x00, 0x00, 0x00, 0x00, 0x00, 0x00, 0x00, 0x00, 0x00, 0x00, 0x00, 0x00, 0x00, 0x00,
  0x00, 0x00, 0x00, 0x00, 0x00, 0x00, 0x00, 0x00, 0x00, 0x00, 0x00, 0x00, 0x00, 0x00, 0x00, 0x00,
  0x00, 0x00, 0x00, 0x00, 0x00, 0x00, 0x00, 0x00, 0x00, 0x00, 0x00, 0x00, 0x00, 0x00, 0x00, 0x00,
  0x00, 0x00, 0x00, 0x00, 0x00, 0x00, 0x00, 0x00, 0x00, 0x00, 0x00, 0x00, 0x00, 0x00, 0x00, 0x00,
  0x00, 0x00, 0x00, 0x00, 0x00, 0x00, 0x00, 0x00, 0x00, 0x00, 0x00, 0x00, 0x00, 0x00, 0x00, 0x00,
  0x00, 0x00, 0x00, 0x00, 0x00, 0x00, 0x00, 0x00, 0x00, 0x00, 0x00, 0x00, 0x00, 0x00, 0x00, 0x00,
  0x00, 0x00, 0x00, 0x00, 0x00, 0x00, 0x00, 0x00, 0x00, 0x00, 0x00, 0x00, 0x00, 0x00, 0x00, 0x00,
  0x00, 0x00, 0x00, 0x00, 0x00, 0x00, 0x00, 0x00, 0x00, 0x00, 0x00, 0x00, 0x00, 0x00, 0x00, 0x00,
  0x00, 0x00, 0x00, 0x00, 0x00, 0x00, 0x00, 0x00, 0x00, 0x00, 0x00, 0x00, 0x00, 0x00, 0x00, 0x00,
  0x00, 0x00, 0x00, 0x00, 0x00, 0x00, 0x00, 0x00, 0x00, 0x00, 0x00, 0x00, 0x00, 0x00, 0x00, 0x00,
  0x00, 0x00, 0x00, 0x00, 0x00, 0x00, 0x00, 0x00, 0x00, 0x00, 0x00, 0x00, 0x00, 0x00, 0x00, 0x00,
  0x00, 0x00, 0x00, 0x00, 0x00, 0x00, 0x00, 0x00, 0x00, 0x00, 0x00, 0x00, 0x00, 0x00, 0x00, 0x00,
  0x00, 0x00, 0x00, 0x00, 0x00, 0x00, 0x00, 0x00, 0x00, 0x00, 0x00, 0x00, 0x00, 0x00, 0x00, 0x00,
  0x00, 0x00, 0x00, 0x00, 0x00, 0x00, 0x00, 0x00, 0x00, 0x00, 0x00, 0x00, 0x00, 0x00, 0x00, 0x00,
  0x00, 0x00, 0x00, 0x00, 0x00, 0x00, 0x00, 0x00, 0x00, 0x00, 0x00, 0x00, 0x00, 0x00, 0x00, 0x00,
  0x00, 0x00, 0x00, 0x00, 0x00, 0x00, 0x00, 0x00, 0x00, 0x00, 0x00, 0x00, 0x00, 0x00, 0x00, 0x00,
  0x00, 0x00, 0x00, 0x00, 0x00, 0x00, 0x00, 0x00, 0x00, 0x00, 0x00, 0x00, 0x00, 0x00, 0x00, 0x00,
  0x00, 0x00, 0x00, 0x00, 0x00, 0x00, 0x00, 0x00, 0x00, 0x00, 0x00, 0x00, 0x00, 0x00, 0x00, 0x00,
  0x00, 0x00, 0x00, 0x00, 0x00, 0x00, 0x00, 0x00, 0x00, 0x00, 0x00, 0x00, 0x00, 0x00, 0x00, 0x00,
  0x00, 0x00, 0x00, 0x00, 0x00, 0x00, 0x00, 0x00, 0x00, 0x00, 0x00, 0x00, 0x00, 0x00, 0x00, 0x00,
  0x00, 0x00, 0x00, 0x00, 0x00, 0x00, 0x00, 0x00, 0x00, 0x00, 0x00, 0x00, 0x00, 0x00, 0x00, 0x00,
  0x00, 0x00, 0x00, 0x00, 0x00, 0x00, 0x00, 0x00, 0x00, 0x00, 0x00, 0x00, 0x00, 0x00, 0x00, 0x00,
  0x00, 0x00, 0x00, 0x00, 0x00, 0x00, 0x00, 0x00, 0x00, 0x00, 0x00, 0x00, 0x00, 0x00, 0x00, 0x00,
  0x00, 0x00, 0x00, 0x00, 0x00, 0x00, 0x00, 0x00, 0x00, 0x00, 0x00, 0x00, 0x00, 0x00, 0x00, 0x00,
  0x00, 0x00, 0x00, 0x00, 0x00, 0x00, 0x00, 0x00, 0x00, 0x00, 0x00, 0x00, 0x00, 0x00, 0x00, 0x00,
  0x00, 0x00, 0x00, 0x00, 0x00, 0x00, 0x00, 0x00, 0x00, 0x00, 0x00, 0x00, 0x00, 0x00, 0x00, 0x00,
  0x00, 0x00, 0x00, 0x00, 0x00, 0x00, 0x00, 0x00, 0x00, 0x00, 0x00, 0x00, 0x00, 0x00, 0x00, 0x00,
  0x00, 0x00, 0x00, 0x00, 0x00, 0x00, 0x00, 0x00, 0x00, 0x00, 0x00, 0x00, 0x00, 0x00, 0x00, 0x00,
  0x00, 0x00, 0x00, 0x00, 0x00, 0x00, 0x00, 0x00, 0x00, 0x00, 0x00, 0x00, 0x00, 0x00, 0x00, 0x00,
  0x00, 0x00, 0x00, 0x00, 0x00, 0x00, 0x00, 0x00, 0x00, 0x00, 0x00, 0x00, 0x00, 0x00, 0x00, 0x00,
  0x00, 0x00, 0x00, 0x00, 0x00, 0x00, 0x00, 0x00, 0x00, 0x00, 0x00, 0x00, 0x00, 0x00, 0x00, 0x00,
  0x00, 0x00, 0x00, 0x00, 0x00, 0x00, 0x00, 0x00, 0x00, 0x00, 0x00, 0x00, 0x00, 0x00, 0x00, 0x00,
  0x00, 0x00, 0x00, 0x00, 0x00, 0x00, 0x00, 0x00, 0x00, 0x00, 0x00, 0x00, 0x00, 0x00, 0x00, 0x00,
  0x00, 0x00, 0x00, 0x00, 0x00, 0x00, 0x00, 0x00, 0x00, 0x00, 0x00, 0x00, 0x00, 0x00, 0x00, 0x00,
  0x00, 0x00, 0x00, 0x00, 0x00, 0x00, 0x00, 0x00, 0x00, 0x00, 0x00, 0x00, 0x00, 0x00, 0x00, 0x00,
  0x00, 0x00, 0x00, 0x00, 0x00, 0x00, 0x00, 0x00, 0x00, 0x00, 0x00, 0x00, 0x00, 0x00, 0x00, 0x00,
  0x00, 0x00, 0x00, 0x00, 0x00, 0x00, 0x00, 0x00, 0x00, 0x00, 0x00, 0x00, 0x00, 0x00, 0x00, 0x00,
  0x00, 0x00, 0x00, 0x00, 0x00, 0x00, 0x00, 0x00, 0x00, 0x00, 0x00, 0x00, 0x00, 0x00, 0x00, 0x00,
  0x00, 0x00, 0x00, 0x00, 0x00, 0x00, 0x00, 0x00, 0x00, 0x00, 0x00, 0x00, 0x00, 0x00, 0x00, 0x00,
  0x00, 0x00, 0x00, 0x00, 0x00, 0x00, 0x00, 0x00, 0x00, 0x00, 0x00, 0x00, 0x00, 0x00, 0x00, 0x00,
  0x00, 0x00, 0x00, 0x00, 0x00, 0x00, 0x00, 0x00, 0x00, 0x00, 0x00, 0x00, 0x00, 0x00, 0x00, 0x00,
  0x00, 0x00, 0x00, 0x00, 0x00, 0x00, 0x00, 0x00, 0x00, 0x00, 0x00, 0x00, 0x00, 0x00, 0x00, 0x00,
  0x00, 0x00, 0x00, 0x00, 0x00, 0x00, 0x00, 0x00, 0x00, 0x00, 0x00, 0x00, 0x00, 0x00, 0x00, 0x00,
  0x00, 0x00, 0x00, 0x00, 0x00, 0x00, 0x00, 0x00, 0x00, 0x00, 0x00, 0x00, 0x00, 0x00, 0x00, 0x00,
  0x00, 0x00, 0x00, 0x00, 0x00, 0x00, 0x00, 0x00, 0x00, 0x00, 0x00, 0x00, 0x00, 0x00, 0x00, 0x00,
  0x00, 0x00, 0x00, 0x00, 0x00, 0x00, 0x00, 0x00, 0x00, 0x00, 0x00, 0x00, 0x00, 0x00, 0x00, 0x00,
  0x00, 0x00, 0x00, 0x00, 0x00, 0x00, 0x00, 0x00, 0x00, 0x00, 0x00, 0x00, 0x00, 0x00, 0x00, 0x00,
  0x00, 0x00, 0x00, 0x00, 0x00, 0x00, 0x00, 0x00, 0x00, 0x00, 0x00, 0x00, 0x00, 0x00, 0x00, 0x00,
  0x00, 0x00, 0x00, 0x00, 0x00, 0x00, 0x00, 0x00, 0x00, 0x00, 0x00, 0x00, 0x00, 0x00, 0x00, 0x00,
  0x00, 0x00, 0x00, 0x00, 0x00, 0x00, 0x00, 0x00, 0x00, 0x00, 0x00, 0x00, 0x00, 0x00, 0x00, 0x00,
  0x00, 0x00, 0x00, 0x00, 0x00, 0x00, 0x00, 0x00, 0x00, 0x00, 0x00, 0x00, 0x00, 0x00, 0x00, 0x00,
  0x00, 0x00, 0x00, 0x00, 0x00, 0x00, 0x00, 0x00, 0x00, 0x00, 0x00, 0x00, 0x00, 0x00, 0x00, 0x00,
  0x00, 0x00, 0x00, 0x00, 0x00, 0x00, 0x00, 0x00, 0x00, 0x00, 0x00, 0x00, 0x00, 0x00, 0x00, 0x00,
  0x00, 0x00, 0x00, 0x00, 0x00, 0x00, 0x00, 0x00, 0x00, 0x00, 0x00, 0x00, 0x00, 0x00, 0x00, 0x00,
  0x00, 0x00, 0x00, 0x00, 0x00, 0x00, 0x00, 0x00, 0x00, 0x00, 0x00, 0x00, 0x00, 0x00, 0x00, 0x00,
  0x00, 0x00, 0x00, 0x00, 0x00, 0x00, 0x00, 0x00, 0x00, 0x00, 0x00, 0x00, 0x00, 0x00, 0x00, 0x00,
  0x00, 0x00, 0x00, 0x00, 0x00, 0x00, 0x00, 0x00, 0x00, 0x00, 0x00, 0x00, 0x00, 0x00, 0x00, 0x00,
  0x00, 0x00, 0x00, 0x00, 0x00, 0x00, 0x00, 0x00, 0x00, 0x00, 0x00, 0x00, 0x00, 0x00, 0x00, 0x00,
  0x00, 0x00, 0x00, 0x00, 0x00, 0x00, 0x00, 0x00, 0x00, 0x00, 0x00, 0x00, 0x00, 0x00, 0x00, 0x00,
  0x00, 0x00, 0x00, 0x00, 0x00, 0x00, 0x00, 0x00, 0x00, 0x00, 0x00, 0x00, 0x00, 0x00, 0x00, 0x00,
  0x00, 0x00, 0x00, 0x00, 0x00, 0x00, 0x00, 0x00, 0x00, 0x00, 0x00, 0x00, 0x00, 0x00, 0x00, 0x00,
  0x00, 0x00, 0x00, 0x00, 0x00, 0x00, 0x00, 0x00, 0x00, 0x00, 0x00, 0x00, 0x00, 0x00, 0x00, 0x00,
  0x00, 0x00, 0x00, 0x00, 0x00, 0x00, 0x00, 0x00, 0x00, 0x00, 0x00, 0x00, 0x00, 0x00, 0x00, 0x00,
  0x00, 0x00, 0x00, 0x00, 0x00, 0x00, 0x00, 0x00, 0x00, 0x00, 0x00, 0x00, 0x00, 0x00, 0x00, 0x00,
  0x00, 0x00, 0x00, 0x00, 0x00, 0x00, 0x00, 0x00, 0x00, 0x00, 0x00, 0x00, 0x00, 0x00, 0x00, 0x00,
  0x00, 0x00, 0x00, 0x00, 0x00, 0x00, 0x00, 0x00, 0x00, 0x00, 0x00, 0x00, 0x00, 0x00, 0x00, 0x00,
  0x00, 0x00, 0x00, 0x00, 0x00, 0x00, 0x00, 0x00, 0x00, 0x00, 0x00, 0x00, 0x00, 0x00, 0x00, 0x00,
  0x00, 0x00, 0x00, 0x00, 0x00, 0x00, 0x00, 0x00, 0x00, 0x00, 0x00, 0x00, 0x00, 0x00, 0x00, 0x00,
  0x00, 0x00, 0x00, 0x00, 0x00, 0x00, 0x00, 0x00, 0x00, 0x00, 0x00, 0x00, 0x00, 0x00, 0x00, 0x00,
  0x00, 0x00, 0x00, 0x00, 0x00, 0x00, 0x00, 0x00, 0x00, 0x00, 0x00, 0x00, 0x00, 0x00, 0x00, 0x00,
  0x00, 0x00, 0x00, 0x00, 0x00, 0x00, 0x00, 0x00, 0x00, 0x00, 0x00, 0x00, 0x00, 0x00, 0x00, 0x00,
  0x00, 0x00, 0x00, 0x00, 0x00, 0x00, 0x00, 0x00, 0x00, 0x00, 0x00, 0x00, 0x00, 0x00, 0x00, 0x00,
  0x00, 0x00, 0x00, 0x00, 0x00, 0x00, 0x00, 0x00, 0x00, 0x00, 0x00, 0x00, 0x00, 0x00, 0x00, 0x00,
  0x00, 0x00, 0x00, 0x00, 0x00, 0x00, 0x00, 0x00, 0x00, 0x00, 0x00, 0x00, 0x00, 0x00, 0x00, 0x00,
  0x00, 0x00, 0x00, 0x00, 0x00, 0x00, 0x00, 0x00, 0x00, 0x00, 0x00, 0x00, 0x00, 0x00, 0x00, 0x00,
  0x00, 0x00, 0x00, 0x00, 0x00, 0x00, 0x00, 0x00, 0x00, 0x00, 0x00, 0x00, 0x00, 0x00, 0x00, 0x00,
  0x00, 0x00, 0x00, 0x00, 0x00, 0x00, 0x00, 0x00, 0x00, 0x00, 0x00, 0x00, 0x00, 0x00, 0x00, 0x00,
  0x00, 0x00, 0x00, 0x00, 0x00, 0x00, 0x00, 0x00, 0x00, 0x00, 0x00, 0x00, 0x00, 0x00, 0x00, 0x00,
  0x00, 0x00, 0x00, 0x00, 0x00, 0x00, 0x00, 0x00, 0x00, 0x00, 0x00, 0x00, 0x00, 0x00, 0x00, 0x00,
  0x00, 0x00, 0x00, 0x00, 0x00, 0x00, 0x00, 0x00, 0x00, 0x00, 0x00, 0x00, 0x00, 0x00, 0x00, 0x00,
  0x00, 0x00, 0x00, 0x00, 0x00, 0x00, 0x00, 0x00, 0x00, 0x00, 0x00, 0x00, 0x00, 0x00, 0x00, 0x00,
  0x00, 0x00, 0x00, 0x00, 0x00, 0x00, 0x00, 0x00, 0x00, 0x00, 0x00, 0x00, 0x00, 0x00, 0x00, 0x00,
  0x00, 0x00, 0x00, 0x00, 0x00, 0x00, 0x00, 0x00, 0x00, 0x00, 0x00, 0x00, 0x00, 0x00, 0x00, 0x00,
  0x00, 0x00, 0x00, 0x00, 0x00, 0x00, 0x00, 0x00, 0x00, 0x00, 0x00, 0x00, 0x00, 0x00, 0x00, 0x00,
  0x00, 0x00, 0x00, 0x00, 0x00, 0x00, 0x00, 0x00, 0x00, 0x00, 0x00, 0x00, 0x00, 0x00, 0x00, 0x00,
  0x00, 0x00, 0x00, 0x00, 0x00, 0x00, 0x00, 0x00, 0x00, 0x00, 0x00, 0x00, 0x00, 0x00, 0x00, 0x00,
  0x00, 0x00, 0x00, 0x00, 0x00, 0x00, 0x00, 0x00, 0x00, 0x00, 0x00, 0x00, 0x00, 0x00, 0x00, 0x00,
  0x00, 0x00, 0x00, 0x00, 0x00, 0x00, 0x00, 0x00, 0x00, 0x00, 0x00, 0x00, 0x00, 0x00, 0x00, 0x00,
  0x00, 0x00, 0x00, 0x00, 0x00, 0x00, 0x00, 0x00, 0x00, 0x00, 0x00, 0x00, 0x00, 0x00, 0x00, 0x00,
  0x00, 0x00, 0x00, 0x00, 0x00, 0x00, 0x00, 0x00, 0x00, 0x00, 0x00, 0x00, 0x00, 0x00, 0x00, 0x00,
  0x00, 0x00, 0x00, 0x00, 0x00, 0x00, 0x00, 0x00, 0x00, 0x00, 0x00, 0x00, 0x00, 0x00, 0x00, 0x00,
  0x00, 0x00, 0x00, 0x00, 0x00, 0x00, 0x00, 0x00, 0x00, 0x00, 0x00, 0x00, 0x00, 0x00, 0x00, 0x00,
  0x00, 0x00, 0x00, 0x00, 0x00, 0x00, 0x00, 0x00, 0x00, 0x00, 0x00, 0x00, 0x00, 0x00, 0x00, 0x00,
  0x00, 0x00, 0x00, 0x00, 0x00, 0x00, 0x00, 0x00, 0x00, 0x00, 0x00, 0x00, 0x00, 0x00, 0x00, 0x00,
  0x00, 0x00, 0x00, 0x00, 0x00, 0x00, 0x00, 0x00, 0x00, 0x00, 0x00, 0x00, 0x00, 0x00, 0x00, 0x00,
  0x00, 0x00, 0x00, 0x00, 0x00, 0x00, 0x00, 0x00, 0x00, 0x00, 0x00, 0x00, 0x00, 0x00, 0x00, 0x00,
  0x00, 0x00, 0x00, 0x00, 0x00, 0x00, 0x00, 0x00, 0x00, 0x00, 0x00, 0x00, 0x00, 0x00, 0x00, 0x00,
  0x00, 0x00, 0x00, 0x00, 0x00, 0x00, 0x00, 0x00, 0x00, 0x00, 0x00, 0x00, 0x00, 0x00, 0x00, 0x00,
  0x00, 0x00, 0x00, 0x00, 0x00, 0x00, 0x00, 0x00, 0x00, 0x00, 0x00, 0x00, 0x00, 0x00, 0x00, 0x00,
  0x00, 0x00, 0x00, 0x00, 0x00, 0x00, 0x00, 0x00, 0x00, 0x00, 0x00, 0x00, 0x00, 0x00, 0x00, 0x00,
  0xff, 0xff, 0xff, 0xff, 0xff, 0xff, 0xff, 0xff, 0xff, 0xff, 0xf7, 0xbd, 0xf7, 0xbd, 0xf7, 0xbd,
  0xf7, 0xbd, 0xf7, 0xbd, 0xf7, 0xbd, 0xf7, 0xbd, 0xf7, 0xbd, 0xf7, 0xbd, 0xff, 0xff, 0xff, 0xff,
  0xff, 0xff, 0xff, 0xff, 0xff, 0xff, 0x00, 0x00, 0x00, 0x00, 0x00, 0x00, 0x00, 0x00, 0x00, 0x00,
  0x00, 0x00, 0x00, 0x00, 0x00, 0x00, 0x00, 0x00, 0x00, 0x00, 0x00, 0x00, 0x00, 0x00, 0x00, 0x00,
  0x00, 0x00, 0x00, 0x00, 0x00, 0x00, 0x00, 0x00, 0x00, 0x00, 0x00, 0x00, 0x00, 0x00, 0x00, 0x00,
  0x00, 0x00, 0x00, 0x00, 0x00, 0x00, 0x00, 0x00, 0x00, 0x00, 0x00, 0x00, 0x00, 0x00, 0x00, 0x00,
  0x00, 0x00, 0x00, 0x00, 0x00, 0x00, 0x00, 0x00, 0x00, 0x00, 0x00, 0x00, 0x00, 0x00, 0x00, 0x00,
  0x00, 0x00, 0x00, 0x00, 0x00, 0x00, 0x00, 0x00, 0x00, 0x00, 0x00, 0x00, 0x00, 0x00, 0x00, 0x00,
  0x00, 0x00, 0x00, 0x00, 0x00, 0x00, 0x00, 0x00, 0x00, 0x00, 0x00, 0x00, 0x00, 0x00, 0x00, 0x00,
  0x00, 0x00, 0x00, 0x00, 0x00, 0x00, 0x00, 0x00, 0x00, 0x00, 0x00, 0x00, 0x00, 0x00, 0x00, 0x00,
  0x00, 0x00, 0x00, 0x00, 0x00, 0x00, 0x00, 0x00, 0x00, 0x00, 0x00, 0x00, 0x00, 0x00, 0x00, 0x00,
  0x00, 0x00, 0x00, 0x00, 0x00, 0x00, 0x00, 0x00, 0x00, 0x00, 0x00, 0x00, 0x00, 0x00, 0x00, 0x00,
  0x00, 0x00, 0x00, 0x00, 0x00, 0x00, 0x00, 0x00, 0x00, 0x00, 0x00, 0x00, 0x00, 0x00, 0x00, 0x00,
  0x00, 0x00, 0x00, 0x00, 0x00, 0x00, 0x00, 0x00, 0x00, 0x00, 0x00, 0x00, 0x00, 0x00, 0x00, 0x00,
  0x00, 0x00, 0x00, 0x00, 0x00, 0x00, 0x00, 0x00, 0x00, 0x00, 0x00, 0x00, 0x00, 0x00, 0x00, 0x00,
  0x00, 0x00, 0x00, 0x00, 0x00, 0x00, 0x00, 0x00, 0x00, 0x00, 0x00, 0x00, 0x00, 0x00, 0x00, 0x00,
  0x00, 0x00, 0x00, 0x00, 0x00, 0x00, 0x00, 0x00, 0x00, 0x00, 0x00, 0x00, 0x00, 0x00, 0x00, 0x00,
  0x00, 0x00, 0x00, 0x00, 0x00, 0x00, 0x00, 0x00, 0x00, 0x00, 0x00, 0x00, 0x00, 0x00, 0x00, 0x00,
  0x00, 0x00, 0x00, 0x00, 0x00, 0x00, 0x00, 0x00, 0x00, 0x00, 0x00, 0x00, 0x00, 0x00, 0x00, 0x00,
  0x00, 0x00, 0x00, 0x00, 0x00, 0x00, 0x00, 0x00, 0x00, 0x00, 0x00, 0x00, 0x00, 0x00, 0x00, 0x00,
  0x00, 0x00, 0x00, 0x00, 0x00, 0x00, 0x00, 0x00, 0x00, 0x00, 0x00, 0x00, 0x00, 0x00, 0x00, 0x00,
  0x00, 0x00, 0x00, 0x00, 0x00, 0x00, 0x00, 0x00, 0x00, 0x00, 0x00, 0x00, 0x00, 0x00, 0x00, 0x00,
  0x00, 0x00, 0x00, 0x00, 0x00, 0x00, 0x00, 0x00, 0x00, 0x00, 0x00, 0x00, 0x00, 0x00, 0x00, 0x00,
  0x00, 0x00, 0x00, 0x00, 0x00, 0x00, 0x00, 0x00, 0x00, 0x00, 0x00, 0x00, 0x00, 0x00, 0x00, 0x00,
  0x00, 0x00, 0x00, 0x00, 0x00, 0x00, 0x00, 0x00, 0x00, 0x00, 0x00, 0x00, 0x00, 0x00, 0x00, 0x00,
  0x00, 0x00, 0x00, 0x00, 0x00, 0x00, 0x00, 0x00, 0x00, 0x00, 0xff, 0xff, 0xff, 0xff, 0xff, 0xff,
  0xf7, 0xbd, 0xff, 0xff, 0x00, 0x00, 0x00, 0x00, 0x00, 0x00, 0x00, 0x00, 0x00, 0x00, 0x00, 0x00,
  0x00, 0x00, 0x00, 0x00, 0x00, 0x00, 0x00, 0x00, 0x00, 0x00, 0x00, 0x00, 0x00, 0x00, 0x00, 0x00,
  0x00, 0x00, 0x00, 0x00, 0x00, 0x00, 0x00, 0x00, 0x00, 0x00, 0xff, 0x7b, 0xf7, 0xbd, 0xf7, 0xbd,
  0xff, 0xff, 0xff, 0xff, 0x00, 0x00, 0x00, 0x00, 0x00, 0x00, 0x00, 0x00, 0x00, 0x00, 0x00, 0x00,
  0x00, 0x00, 0x00, 0x00, 0x00, 0x00, 0x00, 0x00, 0x00, 0x00, 0x00, 0x00, 0x00, 0x00, 0x00, 0x00,
  0x00, 0x00, 0x00, 0x00, 0x00, 0x00, 0x00, 0x00, 0x00, 0x00, 0x00, 0x00, 0x00, 0x00, 0x00, 0x00,
  0x00, 0x00, 0x00, 0x00, 0x00, 0x00, 0x00, 0x00, 0x00, 0x00, 0x00, 0x00, 0x00, 0x00, 0x00, 0x00,
  0x00, 0x00, 0x00, 0x00, 0x00, 0x00, 0x00, 0x00, 0x00, 0x00, 0x00, 0x00, 0x00, 0x00, 0x00, 0x00,
  0x00, 0x00, 0x00, 0x00, 0x00, 0x00, 0x00, 0x00, 0x00, 0x00, 0x00, 0x00, 0x00, 0x00, 0x00, 0x00,
  0x00, 0x00, 0x00, 0x00, 0x00, 0x00, 0x00, 0x00, 0x00, 0x00, 0x00, 0x00, 0x00, 0x00, 0x00, 0x00,
  0x00, 0x00, 0x00, 0x00, 0x00, 0x00, 0x00, 0x00, 0x00, 0x00, 0x00, 0x00, 0x00, 0x00, 0x00, 0x00,
  0x00, 0x00, 0x00, 0x00, 0x00, 0x00, 0x00, 0x00, 0x00, 0x00, 0x00, 0x00, 0x00, 0x00, 0x00, 0x00,
  0x00, 0x00, 0x00, 0x00, 0x00, 0x00, 0x00, 0x00, 0x00, 0x00, 0x00, 0x00, 0x00, 0x00, 0x00, 0x00,
  0x00, 0x00, 0x00, 0x00, 0x00, 0x00, 0x00, 0x00, 0x00, 0x00, 0x00, 0x00, 0x00, 0x00, 0x00, 0x00,
  0x00, 0x00, 0x00, 0x00, 0x00, 0x00, 0x00, 0x00, 0x00, 0x00, 0x00, 0x00, 0x00, 0x00, 0x00, 0x00,
  0x00, 0x00, 0x00, 0x00, 0x00, 0x00, 0x00, 0x00, 0x00, 0x00, 0x00, 0x00, 0x00, 0x00, 0x00, 0x00,
  0x00, 0x00, 0x00, 0x00, 0x00, 0x00, 0x00, 0x00, 0x00, 0x00, 0x00, 0x00, 0x00, 0x00, 0x00, 0x00,
  0x00, 0x00, 0x00, 0x00, 0x00, 0x00, 0x00, 0x00, 0x00, 0x00, 0x00, 0x00, 0x00, 0x00, 0x00, 0x00,
  0x00, 0x00, 0x00, 0x00, 0x00, 0x00, 0x00, 0x00, 0x00, 0x00, 0x00, 0x00, 0x00, 0x00, 0x00, 0x00,
  0x00, 0x00, 0x00, 0x00, 0x00, 0x00, 0x00, 0x00, 0x00, 0x00, 0x00, 0x00, 0x00, 0x00, 0x00, 0x00,
  0x00, 0x00, 0x00, 0x00, 0x00, 0x00, 0x00, 0x00, 0x00, 0x00, 0x00, 0x00, 0x00, 0x00, 0x00, 0x00,
  0x00, 0x00, 0x00, 0x00, 0x00, 0x00, 0x00, 0x00, 0x00, 0x00, 0x00, 0x00, 0x00, 0x00, 0x00, 0x00,
  0x00, 0x00, 0x00, 0x00, 0x00, 0x00, 0x00, 0x00, 0x00, 0x00, 0x00, 0x00, 0x00, 0x00, 0x00, 0x00,
  0x00, 0x00, 0x00, 0x00, 0x00, 0x00, 0x00, 0x00, 0x00, 0x00, 0x00, 0x00, 0x00, 0x00, 0x00, 0x00,
  0x00, 0x00, 0x00, 0x00, 0x00, 0x00, 0x00, 0x00, 0x00, 0x00, 0x00, 0x00, 0x00, 0x00, 0x00, 0x00,
  0x00, 0x00, 0x00, 0x00, 0x00, 0x00, 0x00, 0x00, 0xff, 0xff, 0xff, 0xff, 0x55, 0xad, 0x00, 0x00,
  0x00, 0x00, 0x00, 0x00, 0x00, 0x00, 0x00, 0x00, 0xff, 0xff, 0xff, 0xf7, 0x7e, 0xdf, 0x5d, 0xe7,
  0x5e, 0xe7, 0x3d, 0xdf, 0x1d, 0xd7, 0xfc, 0xd6, 0xfd, 0xd6, 0xfc, 0xd6, 0xfd, 0xd6, 0x1d, 0xd7,
  0x1d, 0xdf, 0x3d, 0xdf, 0x3d, 0xdf, 0x7e, 0xef, 0x7e, 0xe7, 0xff, 0xef, 0xff, 0xff, 0x00, 0x00,
  0x00, 0x00, 0x00, 0x00, 0x00, 0x00, 0x00, 0x00, 0xff, 0x83, 0xf7, 0xbd, 0xff, 0xff, 0xff, 0x07,
  0x00, 0x00, 0x00, 0x00, 0x00, 0x00, 0x00, 0x00, 0x00, 0x00, 0x00, 0x00, 0x00, 0x00, 0x00, 0x00,
  0x00, 0x00, 0x00, 0x00, 0x00, 0x00, 0x00, 0x00, 0x00, 0x00, 0x00, 0x00, 0x00, 0x00, 0x00, 0x00,
  0x00, 0x00, 0x00, 0x00, 0x00, 0x00, 0x00, 0x00, 0x00, 0x00, 0x00, 0x00, 0x00, 0x00, 0x00, 0x00,
  0x00, 0x00, 0x00, 0x00, 0x00, 0x00, 0x00, 0x00, 0x00, 0x00, 0x00, 0x00, 0x00, 0x00, 0x00, 0x00,
  0x00, 0x00, 0x00, 0x00, 0x00, 0x00, 0x00, 0x00, 0x00, 0x00, 0x00, 0x00, 0x00, 0x00, 0x00, 0x00,
  0x00, 0x00, 0x00, 0x00, 0x00, 0x00, 0x00, 0x00, 0x00, 0x00, 0x00, 0x00, 0x00, 0x00, 0x00, 0x00,
  0x00, 0x00, 0x00, 0x00, 0x00, 0x00, 0x00, 0x00, 0x00, 0x00, 0x00, 0x00, 0x00, 0x00, 0x00, 0x00,
  0x00, 0x00, 0x00, 0x00, 0x00, 0x00, 0x00, 0x00, 0x00, 0x00, 0x00, 0x00, 0x00, 0x00, 0x00, 0x00,
  0x00, 0x00, 0x00, 0x00, 0x00, 0x00, 0x00, 0x00, 0x00, 0x00, 0x00, 0x00, 0x00, 0x00, 0x00, 0x00,
  0x00, 0x00, 0x00, 0x00, 0x00, 0x00, 0x00, 0x00, 0x00, 0x00, 0x00, 0x00, 0x00, 0x00, 0x00, 0x00,
  0x00, 0x00, 0x00, 0x00, 0x00, 0x00, 0x00, 0x00, 0x00, 0x00, 0x00, 0x00, 0x00, 0x00, 0x00, 0x00,
  0x00, 0x00, 0x00, 0x00, 0x00, 0x00, 0x00, 0x00, 0x00, 0x00, 0x00, 0x00, 0x00, 0x00, 0x00, 0x00,
  0x00, 0x00, 0x00, 0x00, 0x00, 0x00, 0x00, 0x00, 0x00, 0x00, 0x00, 0x00, 0x00, 0x00, 0x00, 0x00,
  0x00, 0x00, 0x00, 0x00, 0x00, 0x00, 0x00, 0x00, 0x00, 0x00, 0x00, 0x00, 0x00, 0x00, 0x00, 0x00,
  0x00, 0x00, 0x00, 0x00, 0x00, 0x00, 0x00, 0x00, 0x00, 0x00, 0x00, 0x00, 0x00, 0x00, 0x00, 0x00,
  0x00, 0x00, 0x00, 0x00, 0x00, 0x00, 0x00, 0x00, 0x00, 0x00, 0x00, 0x00, 0x00, 0x00, 0x00, 0x00,
  0x00, 0x00, 0x00, 0x00, 0x00, 0x00, 0x00, 0x00, 0x00, 0x00, 0x00, 0x00, 0x00, 0x00, 0x00, 0x00,
  0x00, 0x00, 0x00, 0x00, 0x00, 0x00, 0x00, 0x00, 0x00, 0x00, 0x00, 0x00, 0x00, 0x00, 0x00, 0x00,
  0x00, 0x00, 0x00, 0x00, 0x00, 0x00, 0x00, 0x00, 0x00, 0x00, 0x00, 0x00, 0x00, 0x00, 0x00, 0x00,
  0x00, 0x00, 0x00, 0x00, 0x00, 0x00, 0x00, 0x00, 0x00, 0x00, 0x00, 0x00, 0x00, 0x00, 0x00, 0x00,
  0x00, 0x00, 0x00, 0x00, 0x00, 0x00, 0x00, 0x00, 0x00, 0x00, 0x00, 0x00, 0x00, 0x00, 0x00, 0x00,
  0x00, 0x00, 0x00, 0x00, 0x00, 0x00, 0xff, 0x7f, 0xf7, 0xbd, 0xff, 0xff, 0x00, 0x00, 0x00, 0x00,
  0x00, 0x00, 0xff, 0xff, 0x7d, 0xdf, 0x3d, 0xdf, 0x3d, 0xdf, 0x1d, 0xd7, 0xfc, 0xd6, 0xdc, 0xce,
  0xdc, 0xce, 0xfd, 0xd6, 0x3d, 0xd7, 0xfd, 0xd6, 0x1d, 0xcf, 0x1e, 0xd7, 0x1d, 0xcf, 0x1d, 0xd7,
  0x1d, 0xcf, 0x1d, 0xd7, 0x1d, 0xd7, 0x1d, 0xd7, 0x1d, 0xd7, 0xfd, 0xd6, 0xdc, 0xce, 0xdc, 0xce,
  0xfd, 0xd6, 0x1d, 0xd7, 0x1d, 0xdf, 0x3e, 0xdf, 0x7e, 0xe7, 0xff, 0xff, 0x00, 0x00, 0x00, 0x00,
  0x00, 0x00, 0x00, 0x00, 0xf7, 0xbd, 0xff, 0xff, 0x00, 0x00, 0x00, 0x00, 0x00, 0x00, 0x00, 0x00,
  0x00, 0x00, 0x00, 0x00, 0x00, 0x00, 0x00, 0x00, 0x00, 0x00, 0x00, 0x00, 0x00, 0x00, 0x00, 0x00,
  0x00, 0x00, 0x00, 0x00, 0x00, 0x00, 0x00, 0x00, 0x00, 0x00, 0x00, 0x00, 0x00, 0x00, 0x00, 0x00,
  0x00, 0x00, 0x00, 0x00, 0x00, 0x00, 0x00, 0x00, 0x00, 0x00, 0x00, 0x00, 0x00, 0x00, 0x00, 0x00,
  0x00, 0x00, 0x00, 0x00, 0x00, 0x00, 0x00, 0x00, 0x00, 0x00, 0x00, 0x00, 0x00, 0x00, 0x00, 0x00,
  0x00, 0x00, 0x00, 0x00, 0x00, 0x00, 0x00, 0x00, 0x00, 0x00, 0x00, 0x00, 0x00, 0x00, 0x00, 0x00,
  0x00, 0x00, 0x00, 0x00, 0x00, 0x00, 0x00, 0x00, 0x00, 0x00, 0x00, 0x00, 0x00, 0x00, 0x00, 0x00,
  0x00, 0x00, 0x00, 0x00, 0x00, 0x00, 0x00, 0x00, 0x00, 0x00, 0x00, 0x00, 0x00, 0x00, 0x00, 0x00,
  0x00, 0x00, 0x00, 0x00, 0x00, 0x00, 0x00, 0x00, 0x00, 0x00, 0x00, 0x00, 0x00, 0x00, 0x00, 0x00,
  0x00, 0x00, 0x00, 0x00, 0x00, 0x00, 0x00, 0x00, 0x00, 0x00, 0x00, 0x00, 0x00, 0x00, 0x00, 0x00,
  0x00, 0x00, 0x00, 0x00, 0x00, 0x00, 0x00, 0x00, 0x00, 0x00, 0x00, 0x00, 0x00, 0x00, 0x00, 0x00,
  0x00, 0x00, 0x00, 0x00, 0x00, 0x00, 0x00, 0x00, 0x00, 0x00, 0x00, 0x00, 0x00, 0x00, 0x00, 0x00,
  0x00, 0x00, 0x00, 0x00, 0x00, 0x00, 0x00, 0x00, 0x00, 0x00, 0x00, 0x00, 0x00, 0x00, 0x00, 0x00,
  0x00, 0x00, 0x00, 0x00, 0x00, 0x00, 0x00, 0x00, 0x00, 0x00, 0x00, 0x00, 0x00, 0x00, 0x00, 0x00,
  0x00, 0x00, 0x00, 0x00, 0x00, 0x00, 0x00, 0x00, 0x00, 0x00, 0x00, 0x00, 0x00, 0x00, 0x00, 0x00,
  0x00, 0x00, 0x00, 0x00, 0x00, 0x00, 0x00, 0x00, 0x00, 0x00, 0x00, 0x00, 0x00, 0x00, 0x00, 0x00,
  0x00, 0x00, 0x00, 0x00, 0x00, 0x00, 0x00, 0x00, 0x00, 0x00, 0x00, 0x00, 0x00, 0x00, 0x00, 0x00,
  0x00, 0x00, 0x00, 0x00, 0x00, 0x00, 0x00, 0x00, 0x00, 0x00, 0x00, 0x00, 0x00, 0x00, 0x00, 0x00,
  0x00, 0x00, 0x00, 0x00, 0x00, 0x00, 0x00, 0x00, 0x00, 0x00, 0x00, 0x00, 0x00, 0x00, 0x00, 0x00,
  0x00, 0x00, 0x00, 0x00, 0x00, 0x00, 0x00, 0x00, 0x00, 0x00, 0x00, 0x00, 0x00, 0x00, 0x00, 0x00,
  0x00, 0x00, 0x00, 0x00, 0x00, 0x00, 0x00, 0x00, 0x00, 0x00, 0x00, 0x00, 0x00, 0x00, 0x00, 0x00,
  0x00, 0x00, 0x00, 0x00, 0xff, 0xff, 0xff, 0xaf, 0xff, 0xff, 0x00, 0x00, 0x00, 0x00, 0x00, 0x00,
  0xbf, 0xf7, 0x5d, 0xdf, 0x1d, 0xd7, 0xfc, 0xd6, 0xdc, 0xd6, 0x1e, 0xd7, 0x3d, 0xd7, 0xfd, 0xd6,
  0xfd, 0xce, 0xbc, 0xc6, 0x9b, 0xbe, 0x7b, 0xbe, 0x7b, 0xb6, 0x7c, 0xb6, 0x7b, 0xb6, 0x5b, 0xb6,
  0x7c, 0xb6, 0x7b, 0xb6, 0x7b, 0xb6, 0x7c, 0xb6, 0x7b, 0xb6, 0x5c, 0xb6, 0x7b, 0xbe, 0x7b, 0xbe,
  0x9c, 0xbe, 0xbc, 0xc6, 0xdc, 0xce, 0xfd, 0xce, 0x1e, 0xd7, 0x3d, 0xdf, 0xdd, 0xce, 0xfc, 0xce,
  0x1d, 0xd7, 0x3e, 0xdf, 0x9e, 0xef, 0x20, 0x00, 0x00, 0x00, 0x00, 0x00, 0xff, 0xff, 0xff, 0xff,
  0xff, 0xff, 0x00, 0x00, 0x00, 0x00, 0x00, 0x00, 0x00, 0x00, 0x00, 0x00, 0x00, 0x00, 0x00, 0x00,
  0x00, 0x00, 0x00, 0x00, 0x00, 0x00, 0x00, 0x00, 0x00, 0x00, 0x00, 0x00, 0x00, 0x00, 0x00, 0x00,
  0x00, 0x00, 0x00, 0x00, 0x00, 0x00, 0x00, 0x00, 0x00, 0x00, 0x00, 0x00, 0x00, 0x00, 0x00, 0x00,
  0x00, 0x00, 0x00, 0x00, 0x00, 0x00, 0x00, 0x00, 0x00, 0x00, 0x00, 0x00, 0x00, 0x00, 0x00, 0x00,
  0x00, 0x00, 0x00, 0x00, 0x00, 0x00, 0x00, 0x00, 0x00, 0x00, 0x00, 0x00, 0x00, 0x00, 0x00, 0x00,
  0x00, 0x00, 0x00, 0x00, 0x00, 0x00, 0x00, 0x00, 0x00, 0x00, 0x00, 0x00, 0x00, 0x00, 0x00, 0x00,
  0x00, 0x00, 0x00, 0x00, 0x00, 0x00, 0x00, 0x00, 0x00, 0x00, 0x00, 0x00, 0x00, 0x00, 0x00, 0x00,
  0x00, 0x00, 0x00, 0x00, 0x00, 0x00, 0x00, 0x00, 0x00, 0x00, 0x00, 0x00, 0x00, 0x00, 0x00, 0x00,
  0x00, 0x00, 0x00, 0x00, 0x00, 0x00, 0x00, 0x00, 0x00, 0x00, 0x00, 0x00, 0x00, 0x00, 0x00, 0x00,
  0x00, 0x00, 0x00, 0x00, 0x00, 0x00, 0x00, 0x00, 0x00, 0x00, 0x00, 0x00, 0x00, 0x00, 0x00, 0x00,
  0x00, 0x00, 0x00, 0x00, 0x00, 0x00, 0x00, 0x00, 0x00, 0x00, 0x00, 0x00, 0x00, 0x00, 0x00, 0x00,
  0x00, 0x00, 0x00, 0x00, 0x00, 0x00, 0x00, 0x00, 0x00, 0x00, 0x00, 0x00, 0x00, 0x00, 0x00, 0x00,
  0x00, 0x00, 0x00, 0x00, 0x00, 0x00, 0x00, 0x00, 0x00, 0x00, 0x00, 0x00, 0x00, 0x00, 0x00, 0x00,
  0x00, 0x00, 0x00, 0x00, 0x00, 0x00, 0x00, 0x00, 0x00, 0x00, 0x00, 0x00, 0x00, 0x00, 0x00, 0x00,
  0x00, 0x00, 0x00, 0x00, 0x00, 0x00, 0x00, 0x00, 0x00, 0x00, 0x00, 0x00, 0x00, 0x00, 0x00, 0x00,
  0x00, 0x00, 0x00, 0x00, 0x00, 0x00, 0x00, 0x00, 0x00, 0x00, 0x00, 0x00, 0x00, 0x00, 0x00, 0x00,
  0x00, 0x00, 0x00, 0x00, 0x00, 0x00, 0x00, 0x00, 0x00, 0x00, 0x00, 0x00, 0x00, 0x00, 0x00, 0x00,
  0x00, 0x00, 0x00, 0x00, 0x00, 0x00, 0x00, 0x00, 0x00, 0x00, 0x00, 0x00, 0x00, 0x00, 0x00, 0x00,
  0x00, 0x00, 0x00, 0x00, 0x00, 0x00, 0x00, 0x00, 0x00, 0x00, 0x00, 0x00, 0x00, 0x00, 0x00, 0x00,
  0x00, 0x00, 0x00, 0x00, 0x00, 0x00, 0x00, 0x00, 0x00, 0x00, 0x00, 0x00, 0x00, 0x00, 0x00, 0x00,
  0x00, 0x00, 0x00, 0x00, 0xff, 0xff, 0xff, 0xff, 0x00, 0x00, 0x00, 0x00, 0x00, 0x00, 0xbf, 0xef,
  0x3d, 0xdf, 0x1d, 0xdf, 0xfd, 0xd6, 0x1d, 0xdf, 0x1d, 0xd7, 0xbd, 0xce, 0x9b, 0xbe, 0x7b, 0xbe,
  0x5b, 0xbe, 0x7b, 0xb6, 0x5b, 0xb6, 0x3b, 0xb6, 0x5b, 0xb6, 0x3b, 0xae, 0x5b, 0xb6, 0x3b, 0xae,
  0x5b, 0xae, 0x5b, 0xae, 0x3b, 0xb6, 0x5b, 0xae, 0x3b, 0xae, 0x5b, 0xae, 0x3b, 0xae, 0x5b, 0xae,
  0x5b, 0xae, 0x5c, 0xae, 0x5b, 0xb6, 0x5b, 0xae, 0x5b, 0xb6, 0x7b, 0xbe, 0x7c, 0xbe, 0x9b, 0xbe,
  0x9b, 0xbe, 0xbc, 0xc6, 0x1d, 0xd7, 0x3e, 0xdf, 0xfd, 0xd6, 0xfd, 0xd6, 0x3d, 0xdf, 0x9f, 0xe7,
  0x00, 0x00, 0x00, 0x00, 0x00, 0x00, 0xff, 0xff, 0xff, 0xff, 0x00, 0x00, 0x00, 0x00, 0x00, 0x00,
  0x00, 0x00, 0x00, 0x00, 0x00, 0x00, 0x00, 0x00, 0x00, 0x00, 0x00, 0x00, 0x00, 0x00, 0x00, 0x00,
  0x00, 0x00, 0x00, 0x00, 0x00, 0x00, 0x00, 0x00, 0x00, 0x00, 0x00, 0x00, 0x00, 0x00, 0x00, 0x00,
  0x00, 0x00, 0x00, 0x00, 0x00, 0x00, 0x00, 0x00, 0x00, 0x00, 0x00, 0x00, 0x00, 0x00, 0x00, 0x00,
  0x00, 0x00, 0x00, 0x00, 0x00, 0x00, 0x00, 0x00, 0x00, 0x00, 0x00, 0x00, 0x00, 0x00, 0x00, 0x00,
  0x00, 0x00, 0x00, 0x00, 0x00, 0x00, 0x00, 0x00, 0x00, 0x00, 0x00, 0x00, 0x00, 0x00, 0x00, 0x00,
  0x00, 0x00, 0x00, 0x00, 0x00, 0x00, 0x00, 0x00, 0x00, 0x00, 0x00, 0x00, 0x00, 0x00, 0x00, 0x00,
  0x00, 0x00, 0x00, 0x00, 0x00, 0x00, 0x00, 0x00, 0x00, 0x00, 0x00, 0x00, 0x00, 0x00, 0x00, 0x00,
  0x00, 0x00, 0x00, 0x00, 0x00, 0x00, 0x00, 0x00, 0x00, 0x00, 0x00, 0x00, 0x00, 0x00, 0x00, 0x00,
  0x00, 0x00, 0x00, 0x00, 0x00, 0x00, 0x00, 0x00, 0x00, 0x00, 0x00, 0x00, 0x00, 0x00, 0x00, 0x00,
  0x00, 0x00, 0x00, 0x00, 0x00, 0x00, 0x00, 0x00, 0x00, 0x00, 0x00, 0x00, 0x00, 0x00, 0x00, 0x00,
  0x00, 0x00, 0x00, 0x00, 0x00, 0x00, 0x00, 0x00, 0x00, 0x00, 0x00, 0x00, 0x00, 0x00, 0x00, 0x00,
  0x00, 0x00, 0x00, 0x00, 0x00, 0x00, 0x00, 0x00, 0x00, 0x00, 0x00, 0x00, 0x00, 0x00, 0x00, 0x00,
  0x00, 0x00, 0x00, 0x00, 0x00, 0x00, 0x00, 0x00, 0x00, 0x00, 0x00, 0x00, 0x00, 0x00, 0x00, 0x00,
  0x00, 0x00, 0x00, 0x00, 0x00, 0x00, 0x00, 0x00, 0x00, 0x00, 0x00, 0x00, 0x00, 0x00, 0x00, 0x00,
  0x00, 0x00, 0x00, 0x00, 0x00, 0x00, 0x00, 0x00, 0x00, 0x00, 0x00, 0x00, 0x00, 0x00, 0x00, 0x00,
  0x00, 0x00, 0x00, 0x00, 0x00, 0x00, 0x00, 0x00, 0x00, 0x00, 0x00, 0x00, 0x00, 0x00, 0x00, 0x00,
  0x00, 0x00, 0x00, 0x00, 0x00, 0x00, 0x00, 0x00, 0x00, 0x00, 0x00, 0x00, 0x00, 0x00, 0x00, 0x00,
  0x00, 0x00, 0x00, 0x00, 0x00, 0x00, 0x00, 0x00, 0x00, 0x00, 0x00, 0x00, 0x00, 0x00, 0x00, 0x00,
  0x00, 0x00, 0x00, 0x00, 0x00, 0x00, 0x00, 0x00, 0x00, 0x00, 0x00, 0x00, 0x00, 0x00, 0x00, 0x00,
  0x00, 0x00, 0x00, 0x00, 0xff, 0xff, 0xff, 0xff, 0x00, 0x00, 0x00, 0x00, 0xff, 0xff, 0x7e, 0xe7,
  0x1d, 0xd7, 0xfc, 0xd6, 0x1d, 0xdf, 0xfd, 0xd6, 0x9b, 0xc6, 0x7b, 0xbe, 0x5b, 0xb6, 0x3b, 0xb6,
  0x3b, 0xae, 0x3b, 0xae, 0x3a, 0xae, 0x1b, 0xae, 0x3b, 0xa6, 0x1b, 0xa6, 0x3b, 0xa6, 0x1b, 0xa6,
  0x3b, 0xa6, 0x3b, 0xa6, 0x1b, 0xa6, 0x3b, 0xa6, 0x1b, 0x9e, 0x3b, 0xa6, 0x1b, 0xa6, 0x3b, 0xa6,
  0x3b, 0xa6, 0x3b, 0xa6, 0x3b, 0xa6, 0x3b, 0xa6, 0x3b, 0xa6, 0x3b, 0xae, 0x3b, 0xa6, 0x5b, 0xae,
  0x5b, 0xae, 0x5b, 0xae, 0x5b, 0xb6, 0x7c, 0xb6, 0x7b, 0xb6, 0x7b, 0xbe, 0x7c, 0xbe, 0xfd, 0xce,
  0x3e, 0xdf, 0xdc, 0xce, 0x1d, 0xd7, 0x5e, 0xdf, 0xff, 0xff, 0x00, 0x00, 0x00, 0x00, 0xff, 0xff,
  0xff, 0xff, 0x00, 0x00, 0x00, 0x00, 0x00, 0x00, 0x00, 0x00, 0x00, 0x00, 0x00, 0x00, 0x00, 0x00,
  0x00, 0x00, 0x00, 0x00, 0x00, 0x00, 0x00, 0x00, 0x00, 0x00, 0x00, 0x00, 0x00, 0x00, 0x00, 0x00,
  0x00, 0x00, 0x00, 0x00, 0x00, 0x00, 0x00, 0x00, 0x00, 0x00, 0x00, 0x00, 0x00, 0x00, 0x00, 0x00,
  0x00, 0x00, 0x00, 0x00, 0x00, 0x00, 0x00, 0x00, 0x00, 0x00, 0x00, 0x00, 0x00, 0x00, 0x00, 0x00,
  0x00, 0x00, 0x00, 0x00, 0x00, 0x00, 0x00, 0x00, 0x00, 0x00, 0x00, 0x00, 0x00, 0x00, 0x00, 0x00,
  0x00, 0x00, 0x00, 0x00, 0x00, 0x00, 0x00, 0x00, 0x00, 0x00, 0x00, 0x00, 0x00, 0x00, 0x00, 0x00,
  0x00, 0x00, 0x00, 0x00, 0x00, 0x00, 0x00, 0x00, 0x00, 0x00, 0x00, 0x00, 0x00, 0x00, 0x00, 0x00,
  0x00, 0x00, 0x00, 0x00, 0x00, 0x00, 0x00, 0x00, 0x00, 0x00, 0x00, 0x00, 0x00, 0x00, 0x00, 0x00,
  0x00, 0x00, 0x00, 0x00, 0x00, 0x00, 0x00, 0x00, 0x00, 0x00, 0x00, 0x00, 0x00, 0x00, 0x00, 0x00,
  0x00, 0x00, 0x00, 0x00, 0x00, 0x00, 0x00, 0x00, 0x00, 0x00, 0x00, 0x00, 0x00, 0x00, 0x00, 0x00,
  0x00, 0x00, 0x00, 0x00, 0x00, 0x00, 0x00, 0x00, 0x00, 0x00, 0x00, 0x00, 0x00, 0x00, 0x00, 0x00,
  0x00, 0x00, 0x00, 0x00, 0x00, 0x00, 0x00, 0x00, 0x00, 0x00, 0x00, 0x00, 0x00, 0x00, 0x00, 0x00,
  0x00, 0x00, 0x00, 0x00, 0x00, 0x00, 0x00, 0x00, 0x00, 0x00, 0x00, 0x00, 0x00, 0x00, 0x00, 0x00,
  0x00, 0x00, 0x00, 0x00, 0x00, 0x00, 0x00, 0x00, 0x00, 0x00, 0x00, 0x00, 0x00, 0x00, 0x00, 0x00,
  0x00, 0x00, 0x00, 0x00, 0x00, 0x00, 0x00, 0x00, 0x00, 0x00, 0x00, 0x00, 0x00, 0x00, 0x00, 0x00,
  0x00, 0x00, 0x00, 0x00, 0x00, 0x00, 0x00, 0x00, 0x00, 0x00, 0x00, 0x00, 0x00, 0x00, 0x00, 0x00,
  0x00, 0x00, 0x00, 0x00, 0x00, 0x00, 0x00, 0x00, 0x00, 0x00, 0x00, 0x00, 0x00, 0x00, 0x00, 0x00,
  0x00, 0x00, 0x00, 0x00, 0x00, 0x00, 0x00, 0x00, 0x00, 0x00, 0x00, 0x00, 0x00, 0x00, 0x00, 0x00,
  0x00, 0x00, 0x00, 0x00, 0x00, 0x00, 0x00, 0x00, 0x00, 0x00, 0x00, 0x00, 0x00, 0x00, 0x00, 0x00,
  0x00, 0x00, 0x00, 0x00, 0x00, 0x00, 0xff, 0xff, 0x00, 0x00, 0x00, 0x00, 0xff, 0xff, 0x5e, 0xe7,
  0x1d, 0xd7, 0xfc, 0xce, 0xfd, 0xd6, 0x9c, 0xc6, 0x7b, 0xbe, 0x5b, 0xb6, 0x3b, 0xb6, 0x3b, 0xae,
  0x1a, 0xae, 0x1a, 0xa6, 0x1b, 0xa6, 0x1a, 0x9e, 0xfa, 0xa5, 0x1b, 0x9e, 0xfa, 0x9d, 0x1b, 0x9e,
  0xfa, 0x9d, 0x1b, 0x9e, 0x1b, 0x9e, 0x1a, 0x9e, 0x1b, 0x9e, 0x1a, 0x9e, 0x3b, 0x9e, 0x1a, 0x9e,
  0x1b, 0x9e, 0x1a, 0x9e, 0x1b, 0x9e, 0x1b, 0x9e, 0x1a, 0x9e, 0x1b, 0x9e, 0x3b, 0x9e, 0x1b, 0xa6,
  0x3a, 0x9e, 0x3b, 0xa6, 0x3b, 0xa6, 0x3b, 0xa6, 0x3b, 0xa6, 0x5b, 0xae, 0x5b, 0xae, 0x5b, 0xae,
  0x5c, 0xb6, 0x5b, 0xb6, 0x7b, 0xbe, 0x9c, 0xbe, 0xfd, 0xce, 0x1d, 0xd7, 0x1d, 0xd7, 0x3d, 0xdf,
  0xff, 0xef, 0x00, 0x00, 0x00, 0x00, 0xff, 0xff, 0x00, 0x00, 0x00, 0x00, 0x00, 0x00, 0x00, 0x00,
  0x00, 0x00, 0x00, 0x00, 0x00, 0x00, 0x00, 0x00, 0x00, 0x00, 0x00, 0x00, 0x00, 0x00, 0x00, 0x00,
  0x00, 0x00, 0x00, 0x00, 0x00, 0x00, 0x00, 0x00, 0x00, 0x00, 0x00, 0x00, 0x00, 0x00, 0x00, 0x00,
  0x00, 0x00, 0x00, 0x00, 0x00, 0x00, 0x00, 0x00, 0x00, 0x00, 0x00, 0x00, 0x00, 0x00, 0x00, 0x00,
  0x00, 0x00, 0x00, 0x00, 0x00, 0x00, 0x00, 0x00, 0x00, 0x00, 0x00, 0x00, 0x00, 0x00, 0x00, 0x00,
  0x00, 0x00, 0x00, 0x00, 0x00, 0x00, 0x00, 0x00, 0x00, 0x00, 0x00, 0x00, 0x00, 0x00, 0x00, 0x00,
  0x00, 0x00, 0x00, 0x00, 0x00, 0x00, 0x00, 0x00, 0x00, 0x00, 0x00, 0x00, 0x00, 0x00, 0x00, 0x00,
  0x00, 0x00, 0x00, 0x00, 0x00, 0x00, 0x00, 0x00, 0x00, 0x00, 0x00, 0x00, 0x00, 0x00, 0x00, 0x00,
  0x00, 0x00, 0x00, 0x00, 0x00, 0x00, 0x00, 0x00, 0x00, 0x00, 0x00, 0x00, 0x00, 0x00, 0x00, 0x00,
  0x00, 0x00, 0x00, 0x00, 0x00, 0x00, 0x00, 0x00, 0x00, 0x00, 0x00, 0x00, 0x00, 0x00, 0x00, 0x00,
  0x00, 0x00, 0x00, 0x00, 0x00, 0x00, 0x00, 0x00, 0x00, 0x00, 0x00, 0x00, 0x00, 0x00, 0x00, 0x00,
  0x00, 0x00, 0x00, 0x00, 0x00, 0x00, 0x00, 0x00, 0x00, 0x00, 0x00, 0x00, 0x00, 0x00, 0x00, 0x00,
  0x00, 0x00, 0x00, 0x00, 0x00, 0x00, 0x00, 0x00, 0x00, 0x00, 0x00, 0x00, 0x00, 0x00, 0x00, 0x00,
  0x00, 0x00, 0x00, 0x00, 0x00, 0x00, 0x00, 0x00, 0x00, 0x00, 0x00, 0x00, 0x00, 0x00, 0x00, 0x00,
  0x00, 0x00, 0x00, 0x00, 0x00, 0x00, 0x00, 0x00, 0x00, 0x00, 0x00, 0x00, 0x00, 0x00, 0x00, 0x00,
  0x00, 0x00, 0x00, 0x00, 0x00, 0x00, 0x00, 0x00, 0x00, 0x00, 0x00, 0x00, 0x00, 0x00, 0x00, 0x00,
  0x00, 0x00, 0x00, 0x00, 0x00, 0x00, 0x00, 0x00, 0x00, 0x00, 0x00, 0x00, 0x00, 0x00, 0x00, 0x00,
  0x00, 0x00, 0x00, 0x00, 0x00, 0x00, 0x00, 0x00, 0x00, 0x00, 0x00, 0x00, 0x00, 0x00, 0x00, 0x00,
  0x00, 0x00, 0x00, 0x00, 0x00, 0x00, 0x00, 0x00, 0x00, 0x00, 0x00, 0x00, 0x00, 0x00, 0x00, 0x00,
  0x00, 0x00, 0x00, 0x00, 0x00, 0x00, 0xff, 0xff, 0xef, 0x7b, 0x00, 0x00, 0xff, 0xff, 0x5d, 0xe7,
  0xfd, 0xd6, 0x1d, 0xd7, 0xbc, 0xce, 0x7b, 0xbe, 0x5b, 0xb6, 0x3a, 0xb6, 0x1b, 0xae, 0x1a, 0xae,
  0x1a, 0xa6, 0xfa, 0x9d, 0xfa, 0x9d, 0xfa, 0x9d, 0xda, 0x9d, 0xfa, 0x95, 0xfb, 0x9d, 0xfa, 0x95,
  0xfb, 0x9d, 0x1a, 0x96, 0xfa, 0x95, 0x1b, 0x96, 0x1a, 0x96, 0x1b, 0x9e, 0x1a, 0x96, 0x1b, 0x96,
  0xfb, 0x9d, 0x1b, 0x96, 0x1a, 0x96, 0x1b, 0x96, 0x1b, 0x96, 0x1b, 0x9e, 0x1b, 0x96, 0x1a, 0x96,
  0x1b, 0x9e, 0x1b, 0x9e, 0x3b, 0x9e, 0x1b, 0x9e, 0x1b, 0x9e, 0x3b, 0x9e, 0x3b, 0xa6, 0x3b, 0xa6,
  0x3b, 0xa6, 0x3b, 0xa6, 0x5b, 0xae, 0x5b, 0xae, 0x5b, 0xb6, 0x5b, 0xb6, 0x7b, 0xbe, 0x7c, 0xbe,
  0xdc, 0xc6, 0x3e, 0xd7, 0x1d, 0xd7, 0x5e, 0xdf, 0xff, 0xef, 0x00, 0x00, 0xff, 0x07, 0xff, 0xff,
  0x00, 0x00, 0x00, 0x00, 0x00, 0x00, 0x00, 0x00, 0x00, 0x00, 0x00, 0x00, 0x00, 0x00, 0x00, 0x00,
  0x00, 0x00, 0x00, 0x00, 0x00, 0x00, 0x00, 0x00, 0x00, 0x00, 0x00, 0x00, 0x00, 0x00, 0x00, 0x00,
  0x00, 0x00, 0x00, 0x00, 0x00, 0x00, 0x00, 0x00, 0x00, 0x00, 0x00, 0x00, 0x00, 0x00, 0x00, 0x00,
  0x00, 0x00, 0x00, 0x00, 0x00, 0x00, 0x00, 0x00, 0x00, 0x00, 0x00, 0x00, 0x00, 0x00, 0x00, 0x00,
  0x00, 0x00, 0x00, 0x00, 0x00, 0x00, 0x00, 0x00, 0x00, 0x00, 0x00, 0x00, 0x00, 0x00, 0x00, 0x00,
  0x00, 0x00, 0x00, 0x00, 0x00, 0x00, 0x00, 0x00, 0x00, 0x00, 0x00, 0x00, 0x00, 0x00, 0x00, 0x00,
  0x00, 0x00, 0x00, 0x00, 0x00, 0x00, 0x00, 0x00, 0x00, 0x00, 0x00, 0x00, 0x00, 0x00, 0x00, 0x00,
  0x00, 0x00, 0x00, 0x00, 0x00, 0x00, 0x00, 0x00, 0x00, 0x00, 0x00, 0x00, 0x00, 0x00, 0x00, 0x00,
  0x00, 0x00, 0x00, 0x00, 0x00, 0x00, 0x00, 0x00, 0x00, 0x00, 0x00, 0x00, 0x00, 0x00, 0x00, 0x00,
  0x00, 0x00, 0x00, 0x00, 0x00, 0x00, 0x00, 0x00, 0x00, 0x00, 0x00, 0x00, 0x00, 0x00, 0x00, 0x00,
  0x00, 0x00, 0x00, 0x00, 0x00, 0x00, 0x00, 0x00, 0x00, 0x00, 0x00, 0x00, 0x00, 0x00, 0x00, 0x00,
  0x00, 0x00, 0x00, 0x00, 0x00, 0x00, 0x00, 0x00, 0x00, 0x00, 0x00, 0x00, 0x00, 0x00, 0x00, 0x00,
  0x00, 0x00, 0x00, 0x00, 0x00, 0x00, 0x00, 0x00, 0x00, 0x00, 0x00, 0x00, 0x00, 0x00, 0x00, 0x00,
  0x00, 0x00, 0x00, 0x00, 0x00, 0x00, 0x00, 0x00, 0x00, 0x00, 0x00, 0x00, 0x00, 0x00, 0x00, 0x00,
  0x00, 0x00, 0x00, 0x00, 0x00, 0x00, 0x00, 0x00, 0x00, 0x00, 0x00, 0x00, 0x00, 0x00, 0x00, 0x00,
  0x00, 0x00, 0x00, 0x00, 0x00, 0x00, 0x00, 0x00, 0x00, 0x00, 0x00, 0x00, 0x00, 0x00, 0x00, 0x00,
  0x00, 0x00, 0x00, 0x00, 0x00, 0x00, 0x00, 0x00, 0x00, 0x00, 0x00, 0x00, 0x00, 0x00, 0x00, 0x00,
  0x00, 0x00, 0x00, 0x00, 0x00, 0x00, 0x00, 0x00, 0x00, 0x00, 0x00, 0x00, 0x00, 0x00, 0x00, 0x00,
  0x00, 0x00, 0x00, 0x00, 0x00, 0x00, 0x00, 0x00, 0xff, 0xff, 0x00, 0x00, 0x00, 0x00, 0x5e, 0xdf,
  0xfd, 0xde, 0x1d, 0xd7, 0xbc, 0xc6, 0x5b, 0xbe, 0x3a, 0xb6, 0x1a, 0xae, 0x1b, 0xa6, 0xfa, 0xa5,
  0xfa, 0x9d, 0xda, 0x9d, 0xda, 0x95, 0xda, 0x9d, 0xda, 0x95, 0xda, 0x95, 0xda, 0x95, 0xda, 0x95,
  0xfa, 0x95, 0xfa, 0x95, 0xfa, 0x95, 0xfb, 0x95, 0xfb, 0x95, 0xfa, 0x95, 0xfb, 0x95, 0xfa, 0x95,
  0xfb, 0x95, 0xfb, 0x95, 0xfa, 0x95, 0xfb, 0x95, 0x1b, 0x96, 0x1b, 0x96, 0xfa, 0x9d, 0x1b, 0x96,
  0x1a, 0x9e, 0x1b, 0x96, 0x1a, 0x9e, 0x3b, 0x96, 0x1b, 0x9e, 0x3a, 0x9e, 0x3b, 0x9e, 0x3b, 0x9e,
  0x1b, 0x9e, 0x3b, 0x9e, 0x3b, 0x9e, 0x1b, 0xa6, 0x3b, 0xa6, 0x3b, 0xa6, 0x3b, 0xa6, 0x3b, 0xae,
  0x5b, 0xae, 0x7b, 0xb6, 0x7b, 0xb6, 0x7c, 0xbe, 0xbc, 0xc6, 0x3e, 0xd7, 0x1d, 0xd7, 0x3e, 0xdf,
  0x00, 0x00, 0x00, 0x00, 0xf7, 0xbd, 0x00, 0x00, 0x00, 0x00, 0x00, 0x00, 0xff, 0x07, 0xff, 0xff,
  0xf7, 0xbd, 0xff, 0xaf, 0xff, 0x7b, 0xff, 0x07, 0xef, 0x83, 0x5f, 0xa5, 0xf7, 0xbd, 0xff, 0xff,
  0xff, 0x07, 0x00, 0x00, 0x00, 0x00, 0x00, 0x00, 0x00, 0x00, 0x00, 0x00, 0x00, 0x00, 0x00, 0x00,
  0x00, 0x00, 0x00, 0x00, 0x00, 0x00, 0x00, 0x00, 0x00, 0x00, 0x00, 0x00, 0x00, 0x00, 0x00, 0x00,
  0x00, 0x00, 0x00, 0x00, 0x00, 0x00, 0x00, 0x00, 0x00, 0x00, 0x00, 0x00, 0x00, 0x00, 0x00, 0x00,
  0x00, 0x00, 0x00, 0x00, 0x00, 0x00, 0x00, 0x00, 0x00, 0x00, 0x00, 0x00, 0x00, 0x00, 0x00, 0x00,
  0x00, 0x00, 0x00, 0x00, 0x00, 0x00, 0x00, 0x00, 0x00, 0x00, 0x00, 0x00, 0x00, 0x00, 0x00, 0x00,
  0x00, 0x00, 0x00, 0x00, 0x00, 0x00, 0x00, 0x00, 0x00, 0x00, 0x00, 0x00, 0x00, 0x00, 0x00, 0x00,
  0x00, 0x00, 0x00, 0x00, 0x00, 0x00, 0x00, 0x00, 0x00, 0x00, 0x00, 0x00, 0x00, 0x00, 0x00, 0x00,
  0x00, 0x00, 0x00, 0x00, 0x00, 0x00, 0x00, 0x00, 0x00, 0x00, 0x00, 0x00, 0x00, 0x00, 0x00, 0x00,
  0x00, 0x00, 0x00, 0x00, 0x00, 0x00, 0x00, 0x00, 0x00, 0x00, 0x00, 0x00, 0x00, 0x00, 0x00, 0x00,
  0x00, 0x00, 0x00, 0x00, 0x00, 0x00, 0x00, 0x00, 0x00, 0x00, 0x00, 0x00, 0x00, 0x00, 0x00, 0x00,
  0x00, 0x00, 0x00, 0x00, 0x00, 0x00, 0x00, 0x00, 0x00, 0x00, 0x00, 0x00, 0x00, 0x00, 0x00, 0x00,
  0x00, 0x00, 0x00, 0x00, 0x00, 0x00, 0x00, 0x00, 0x00, 0x00, 0x00, 0x00, 0x00, 0x00, 0x00, 0x00,
  0x00, 0x00, 0x00, 0x00, 0x00, 0x00, 0x00, 0x00, 0x00, 0x00, 0x00, 0x00, 0x00, 0x00, 0x00, 0x00,
  0x00, 0x00, 0x00, 0x00, 0x00, 0x00, 0x00, 0x00, 0x00, 0x00, 0x00, 0x00, 0x00, 0x00, 0x00, 0x00,
  0x00, 0x00, 0x00, 0x00, 0x00, 0x00, 0x00, 0x00, 0x00, 0x00, 0x00, 0x00, 0x00, 0x00, 0x00, 0x00,
  0x00, 0x00, 0x00, 0x00, 0x00, 0x00, 0x00, 0x00, 0x00, 0x00, 0x00, 0x00, 0x00, 0x00, 0x00, 0x00,
  0x00, 0x00, 0x00, 0x00, 0x00, 0x00, 0x00, 0x00, 0xff, 0xff, 0xff, 0xff, 0x00, 0x00, 0x5d, 0xdf,
  0xfd, 0xd6, 0xfd, 0xd6, 0xbc, 0xc6, 0x5a, 0xbe, 0x3a, 0xb6, 0x1a, 0xae, 0xfa, 0xa5, 0xfa, 0xa5,
  0xda, 0x9d, 0xb9, 0x95, 0xba, 0x95, 0xb9, 0x95, 0xda, 0x8d, 0xba, 0x95, 0xda, 0x8d, 0xba, 0x95,
  0xda, 0x8d, 0xda, 0x8d, 0xdb, 0x8d, 0xda, 0x95, 0xdb, 0x95, 0xfa, 0x8d, 0xfb, 0x95, 0xdb, 0x95,
  0xfb, 0x95, 0xfb, 0x95, 0xfb, 0x95, 0xfb, 0x95, 0xfb, 0x95, 0x1b, 0x96, 0xfa, 0x95, 0x1a, 0x96,
  0x1b, 0x96, 0x1a, 0x96, 0x1b, 0x96, 0x1b, 0x96, 0x3b, 0x96, 0x1a, 0x9e, 0x1b, 0x96, 0x3b, 0x96,
  0x3b, 0x96, 0x3a, 0x9e, 0x3b, 0x96, 0x1b, 0x9e, 0x3b, 0x9e, 0x1b, 0x9e, 0x1b, 0x9e, 0x3b, 0x9e,
  0x3b, 0xa6, 0x3b, 0xa6, 0x3b, 0xa6, 0x5b, 0xae, 0x5c, 0xae, 0x7b, 0xb6, 0x7b, 0xb6, 0x9c, 0xbe,
  0xdd, 0xce, 0x1e, 0xd7, 0x1d, 0xd7, 0x7e, 0xdf, 0x00, 0x00, 0xf0, 0x83, 0xff, 0xaf, 0xff, 0xa7,
  0x00, 0x00, 0x00, 0x00, 0x00, 0x00, 0x00, 0x00, 0x00, 0x00, 0x00, 0x00, 0x00, 0x00, 0x00, 0x00,
  0x00, 0x00, 0x00, 0x00, 0x00, 0x00, 0xff, 0xff, 0xff, 0xff, 0x00, 0x00, 0x00, 0x00, 0x00, 0x00,
  0x00, 0x00, 0x00, 0x00, 0x00, 0x00, 0x00, 0x00, 0x00, 0x00, 0x00, 0x00, 0x00, 0x00, 0x00, 0x00,
  0x00, 0x00, 0x00, 0x00, 0x00, 0x00, 0x00, 0x00, 0x00, 0x00, 0x00, 0x00, 0x00, 0x00, 0x00, 0x00,
  0x00, 0x00, 0x00, 0x00, 0x00, 0x00, 0x00, 0x00, 0x00, 0x00, 0x00, 0x00, 0x00, 0x00, 0x00, 0x00,
  0x00, 0x00, 0x00, 0x00, 0x00, 0x00, 0x00, 0x00, 0x00, 0x00, 0x00, 0x00, 0x00, 0x00, 0x00, 0x00,
  0x00, 0x00, 0x00, 0x00, 0x00, 0x00, 0x00, 0x00, 0x00, 0x00, 0x00, 0x00, 0x00, 0x00, 0x00, 0x00,
  0x00, 0x00, 0x00, 0x00, 0x00, 0x00, 0x00, 0x00, 0x00, 0x00, 0x00, 0x00, 0x00, 0x00, 0x00, 0x00,
  0x00, 0x00, 0x00, 0x00, 0x00, 0x00, 0x00, 0x00, 0x00, 0x00, 0x00, 0x00, 0x00, 0x00, 0x00, 0x00,
  0x00, 0x00, 0x00, 0x00, 0x00, 0x00, 0x00, 0x00, 0x00, 0x00, 0x00, 0x00, 0x00, 0x00, 0x00, 0x00,
  0x00, 0x00, 0x00, 0x00, 0x00, 0x00, 0x00, 0x00, 0x00, 0x00, 0x00, 0x00, 0x00, 0x00, 0x00, 0x00,
  0x00, 0x00, 0x00, 0x00, 0x00, 0x00, 0x00, 0x00, 0x00, 0x00, 0x00, 0x00, 0x00, 0x00, 0x00, 0x00,
  0x00, 0x00, 0x00, 0x00, 0x00, 0x00, 0x00, 0x00, 0x00, 0x00, 0x00, 0x00, 0x00, 0x00, 0x00, 0x00,
  0x00, 0x00, 0x00, 0x00, 0x00, 0x00, 0x00, 0x00, 0x00, 0x00, 0x00, 0x00, 0x00, 0x00, 0x00, 0x00,
  0x00, 0x00, 0x00, 0x00, 0x00, 0x00, 0x00, 0x00, 0x00, 0x00, 0x00, 0x00, 0x00, 0x00, 0x00, 0x00,
  0x00, 0x00, 0x00, 0x00, 0x00, 0x00, 0x00, 0x00, 0x00, 0x00, 0x00, 0x00, 0x00, 0x00, 0x00, 0x00,
  0x00, 0x00, 0x00, 0x00, 0x00, 0x00, 0x1f, 0x00, 0xff, 0xff, 0xff, 0x7b, 0x1f, 0x84, 0xff, 0xff,
  0xff, 0xff, 0x00, 0x00, 0x00, 0x00, 0x00, 0x00, 0x00, 0x00, 0xff, 0xff, 0x00, 0x00, 0x00, 0x00,
  0xfd, 0xde, 0xdc, 0xce, 0xdd, 0xce, 0x5a, 0xbe, 0x3a, 0xb6, 0x1a, 0xae, 0xfa, 0xad, 0xda, 0x9d,
  0xda, 0x9d, 0xb9, 0x95, 0xba, 0x8d, 0xb9, 0x95, 0xba, 0x8d, 0xba, 0x8d, 0xb9, 0x8d, 0xba, 0x8d,
  0xda, 0x8d, 0xba, 0x8d, 0xda, 0x8d, 0xda, 0x8d, 0xda, 0x8d, 0xfa, 0x8d, 0xdb, 0x95, 0xda, 0x8d,
  0xfa, 0x8d, 0xfa, 0x8d, 0xfa, 0x8d, 0xfa, 0x8d, 0xfb, 0x95, 0xfb, 0x8d, 0xfa, 0x95, 0x1b, 0x8e,
  0xfb, 0x95, 0xfa, 0x8d, 0xfb, 0x95, 0x1a, 0x96, 0xfa, 0x95, 0x3b, 0x96, 0x1b, 0x96, 0x1b, 0x96,
  0x3a, 0x96, 0x1b, 0x9e, 0x3b, 0x96, 0x1b, 0x96, 0x3b, 0x9e, 0x3a, 0x96, 0x3b, 0x96, 0x3b, 0x9e,
  0x3a, 0x9e, 0x1b, 0x9e, 0x3b, 0x9e, 0x3b, 0xa6, 0x3b, 0xa6, 0x3b, 0xa6, 0x3b, 0xa6, 0x5b, 0xae,
  0x5b, 0xae, 0x7b, 0xb6, 0x7c, 0xb6, 0x9b, 0xbe, 0x1e, 0xcf, 0xfd, 0xd6, 0x3e, 0xdf, 0x00, 0x00,
  0x00, 0x00, 0x00, 0x00, 0x20, 0x00, 0x7e, 0xdf, 0xdd, 0xce, 0xbd, 0xbe, 0x9c, 0xb6, 0x9c, 0xb6,
  0xbc, 0xbe, 0xbc, 0xc6, 0xfd, 0xce, 0x9f, 0xdf, 0x00, 0x08, 0x00, 0x00, 0x00, 0x00, 0xff, 0xff,
  0x00, 0x00, 0x00, 0x00, 0x00, 0x00, 0x00, 0x00, 0x00, 0x00, 0x00, 0x00, 0x00, 0x00, 0x00, 0x00,
  0x00, 0x00, 0x00, 0x00, 0x00, 0x00, 0x00, 0x00, 0x00, 0x00, 0x00, 0x00, 0x00, 0x00, 0x00, 0x00,
  0x00, 0x00, 0x00, 0x00, 0x00, 0x00, 0x00, 0x00, 0x00, 0x00, 0x00, 0x00, 0x00, 0x00, 0x00, 0x00,
  0x00, 0x00, 0x00, 0x00, 0x00, 0x00, 0x00, 0x00, 0x00, 0x00, 0x00, 0x00, 0x00, 0x00, 0x00, 0x00,
  0x00, 0x00, 0x00, 0x00, 0x00, 0x00, 0x00, 0x00, 0x00, 0x00, 0x00, 0x00, 0x00, 0x00, 0x00, 0x00,
  0x00, 0x00, 0x00, 0x00, 0x00, 0x00, 0x00, 0x00, 0x00, 0x00, 0x00, 0x00, 0x00, 0x00, 0x00, 0x00,
  0x00, 0x00, 0x00, 0x00, 0x00, 0x00, 0x00, 0x00, 0x00, 0x00, 0x00, 0x00, 0x00, 0x00, 0x00, 0x00,
  0x00, 0x00, 0x00, 0x00, 0x00, 0x00, 0x00, 0x00, 0x00, 0x00, 0x00, 0x00, 0x00, 0x00, 0x00, 0x00,
  0x00, 0x00, 0x00, 0x00, 0x00, 0x00, 0x00, 0x00, 0x00, 0x00, 0x00, 0x00, 0x00, 0x00, 0x00, 0x00,
  0x00, 0x00, 0x00, 0x00, 0x00, 0x00, 0x00, 0x00, 0x00, 0x00, 0x00, 0x00, 0x00, 0x00, 0x00, 0x00,
  0x00, 0x00, 0x00, 0x00, 0x00, 0x00, 0x00, 0x00, 0x00, 0x00, 0x00, 0x00, 0x00, 0x00, 0x00, 0x00,
  0x00, 0x00, 0x00, 0x00, 0x00, 0x00, 0x00, 0x00, 0x00, 0x00, 0x00, 0x00, 0x00, 0x00, 0x00, 0x00,
  0x00, 0x00, 0x00, 0x00, 0x00, 0x00, 0x00, 0x00, 0x00, 0x00, 0x00, 0x00, 0x00, 0x00, 0x00, 0x00,
  0x00, 0x00, 0x00, 0x00, 0x00, 0x00, 0x00, 0x00, 0x00, 0x00, 0x00, 0x00, 0x00, 0x00, 0x00, 0x00,
  0x00, 0x00, 0x00, 0x00, 0xff, 0xff, 0xff, 0xaf, 0x5f, 0xad, 0x00, 0x00, 0x00, 0x00, 0x00, 0x00,
  0x00, 0x00, 0x00, 0x00, 0x00, 0x00, 0xff, 0x7f, 0xf7, 0xbd, 0x55, 0xad, 0xf7, 0xbd, 0x00, 0x00,
  0xbf, 0xf7, 0x1d, 0xdf, 0xfd, 0xd6, 0x7b, 0xbe, 0x1a, 0xb6, 0xfa, 0xad, 0xfa, 0xad, 0xba, 0x9d,
  0xb9, 0x95, 0x99, 0x95, 0x99, 0x95, 0x99, 0x8d, 0x99, 0x8d, 0x9a, 0x85, 0xb9, 0x85, 0x9a, 0x85,
  0xba, 0x8d, 0xba, 0x85, 0xba, 0x8d, 0xba, 0x8d, 0xda, 0x8d, 0xba, 0x8d, 0xda, 0x8d, 0xdb, 0x8d,
  0xda, 0x8d, 0xfa, 0x8d, 0xda, 0x8d, 0xfb, 0x8d, 0xfa, 0x95, 0xfa, 0x8d, 0xfb, 0x95, 0xfb, 0x8d,
  0xfb, 0x95, 0xfb, 0x8d, 0xfb, 0x95, 0x1b, 0x96, 0xfb, 0x95, 0x1a, 0x96, 0x1b, 0x96, 0x1b, 0x96,
  0x1a, 0x96, 0x3b, 0x9e, 0x1b, 0x96, 0x1a, 0x96, 0x3b, 0x9e, 0x1a, 0x9e, 0x3b, 0x96, 0x1b, 0x9e,
  0x3b, 0x9e, 0x1b, 0x96, 0x3b, 0x9e, 0x3b, 0x9e, 0x3b, 0x9e, 0x3b, 0x9e, 0x3b, 0x9e, 0x3b, 0x9e,
  0x3b, 0xa6, 0x5b, 0xa6, 0x5b, 0xa6, 0x5c, 0xae, 0x5b, 0xb6, 0x7c, 0xb6, 0x7b, 0xbe, 0x9c, 0xbe,
  0x5d, 0xd7, 0x1d, 0xd7, 0x7e, 0xdf, 0x1d, 0xcf, 0xbd, 0xc6, 0x5b, 0xae, 0x7d, 0xae, 0x5c, 0xae,
  0x7c, 0xa6, 0x7c, 0xa6, 0x7c, 0xa6, 0xbd, 0xae, 0xbd, 0xb6, 0x7c, 0xb6, 0xbc, 0xbe, 0x3e, 0xcf,
  0xff, 0xff, 0x00, 0x00, 0x5f, 0xad, 0x00, 0x00, 0x00, 0x00, 0x00, 0x00, 0x00, 0x00, 0x00, 0x00,
  0x00, 0x00, 0x00, 0x00, 0x00, 0x00, 0x00, 0x00, 0x00, 0x00, 0x00, 0x00, 0x00, 0x00, 0x00, 0x00,
  0x00, 0x00, 0x00, 0x00, 0x00, 0x00, 0x00, 0x00, 0x00, 0x00, 0x00, 0x00, 0x00, 0x00, 0x00, 0x00,
  0x00, 0x00, 0x00, 0x00, 0x00, 0x00, 0x00, 0x00, 0x00, 0x00, 0x00, 0x00, 0x00, 0x00, 0x00, 0x00,
  0x00, 0x00, 0x00, 0x00, 0x00, 0x00, 0x00, 0x00, 0x00, 0x00, 0x00, 0x00, 0x00, 0x00, 0x00, 0x00,
  0x00, 0x00, 0x00, 0x00, 0x00, 0x00, 0x00, 0x00, 0x00, 0x00, 0x00, 0x00, 0x00, 0x00, 0x00, 0x00,
  0x00, 0x00, 0x00, 0x00, 0x00, 0x00, 0x00, 0x00, 0x00, 0x00, 0x00, 0x00, 0x00, 0x00, 0x00, 0x00,
  0x00, 0x00, 0x00, 0x00, 0x00, 0x00, 0x00, 0x00, 0x00, 0x00, 0x00, 0x00, 0x00, 0x00, 0x00, 0x00,
  0x00, 0x00, 0x00, 0x00, 0x00, 0x00, 0x00, 0x00, 0x00, 0x00, 0x00, 0x00, 0x00, 0x00, 0x00, 0x00,
  0x00, 0x00, 0x00, 0x00, 0x00, 0x00, 0x00, 0x00, 0x00, 0x00, 0x00, 0x00, 0x00, 0x00, 0x00, 0x00,
  0x00, 0x00, 0x00, 0x00, 0x00, 0x00, 0x00, 0x00, 0x00, 0x00, 0x00, 0x00, 0x00, 0x00, 0x00, 0x00,
  0x00, 0x00, 0x00, 0x00, 0x00, 0x00, 0x00, 0x00, 0x00, 0x00, 0x00, 0x00, 0x00, 0x00, 0x00, 0x00,
  0x00, 0x00, 0x00, 0x00, 0x00, 0x00, 0x00, 0x00, 0x00, 0x00, 0x00, 0x00, 0x00, 0x00, 0x00, 0x00,
  0x00, 0x00, 0x00, 0x00, 0x00, 0x00, 0x00, 0x00, 0x00, 0x00, 0x00, 0x00, 0x00, 0x00, 0x00, 0x00,
  0x00, 0x00, 0x00, 0x00, 0x00, 0x00, 0x5f, 0xad, 0x00, 0x00, 0x00, 0x00, 0x00, 0x00, 0x20, 0x00,
  0xff, 0xef, 0x1e, 0xd7, 0x7e, 0xdf, 0xff, 0xe7, 0xff, 0xff, 0x00, 0x00, 0x00, 0x00, 0x00, 0x00,
  0x00, 0x00, 0x7e, 0xe7, 0xfd, 0xde, 0xfd, 0xd6, 0x3a, 0xbe, 0x1a, 0xb6, 0xfa, 0xad, 0xba, 0x9d,
  0xb9, 0x95, 0x99, 0x95, 0x79, 0x8d, 0x79, 0x8d, 0x99, 0x85, 0x9a, 0x85, 0x9a, 0x85, 0x99, 0x85,
  0x9a, 0x85, 0x99, 0x85, 0x9a, 0x85, 0x9a, 0x85, 0xba, 0x85, 0xba, 0x85, 0xba, 0x85, 0xba, 0x85,
  0xbb, 0x85, 0xda, 0x85, 0xda, 0x85, 0xdb, 0x8d, 0xda, 0x8d, 0xdb, 0x8d, 0xda, 0x8d, 0xdb, 0x8d,
  0xfa, 0x8d, 0xfb, 0x8d, 0xfb, 0x95, 0xfa, 0x8d, 0xfb, 0x95, 0xfa, 0x8d, 0xfb, 0x95, 0xfb, 0x95,
  0x1b, 0x96, 0x1b, 0x96, 0x1a, 0x96, 0x1b, 0x96, 0x1a, 0x96, 0x1b, 0x9e, 0x3b, 0x96, 0x1b, 0x9e,
  0x1b, 0x96, 0x3a, 0x9e, 0x1b, 0x9e, 0x1a, 0x9e, 0x3b, 0x96, 0x1b, 0x9e, 0x3a, 0x9e, 0x3b, 0x9e,
  0x3b, 0x9e, 0x3b, 0x9e, 0x3b, 0x9e, 0x3b, 0xa6, 0x3b, 0xa6, 0x3b, 0xa6, 0x3b, 0xa6, 0x5b, 0xae,
  0x5c, 0xb6, 0x7b, 0xb6, 0x9c, 0xc6, 0xfd, 0xce, 0xbd, 0xbe, 0x7c, 0xb6, 0x1b, 0x9e, 0xba, 0x95,
  0xba, 0x8d, 0xba, 0x8d, 0xda, 0x8d, 0xfb, 0x95, 0x1b, 0x9e, 0x1b, 0x9e, 0x1b, 0x9e, 0x3b, 0x9e,
  0x7c, 0xae, 0x9d, 0xb6, 0xbc, 0xbe, 0x5e, 0xd7, 0x00, 0x00, 0x5f, 0xad, 0x00, 0x00, 0x00, 0x00,
  0x00, 0x00, 0x00, 0x00, 0x00, 0x00, 0x00, 0x00, 0x00, 0x00, 0x00, 0x00, 0x00, 0x00, 0x00, 0x00,
  0x00, 0x00, 0x00, 0x00, 0x00, 0x00, 0x00, 0x00, 0x00, 0x00, 0x00, 0x00, 0x00, 0x00, 0x00, 0x00,
  0x00, 0x00, 0x00, 0x00, 0x00, 0x00, 0x00, 0x00, 0x00, 0x00, 0x00, 0x00, 0x00, 0x00, 0x00, 0x00,
  0x00, 0x00, 0x00, 0x00, 0x00, 0x00, 0x00, 0x00, 0x00, 0x00, 0x00, 0x00, 0x00, 0x00, 0x00, 0x00,
  0x00, 0x00, 0x00, 0x00, 0x00, 0x00, 0x00, 0x00, 0x00, 0x00, 0x00, 0x00, 0x00, 0x00, 0x00, 0x00,
  0x00, 0x00, 0x00, 0x00, 0x00, 0x00, 0x00, 0x00, 0x00, 0x00, 0x00, 0x00, 0x00, 0x00, 0x00, 0x00,
  0x00, 0x00, 0x00, 0x00, 0x00, 0x00, 0x00, 0x00, 0x00, 0x00, 0x00, 0x00, 0x00, 0x00, 0x00, 0x00,
  0x00, 0x00, 0x00, 0x00, 0x00, 0x00, 0x00, 0x00, 0x00, 0x00, 0x00, 0x00, 0x00, 0x00, 0x00, 0x00,
  0x00, 0x00, 0x00, 0x00, 0x00, 0x00, 0x00, 0x00, 0x00, 0x00, 0x00, 0x00, 0x00, 0x00, 0x00, 0x00,
  0x00, 0x00, 0x00, 0x00, 0x00, 0x00, 0x00, 0x00, 0x00, 0x00, 0x00, 0x00, 0x00, 0x00, 0x00, 0x00,
  0x00, 0x00, 0x00, 0x00, 0x00, 0x00, 0x00, 0x00, 0x00, 0x00, 0x00, 0x00, 0x00, 0x00, 0x00, 0x00,
  0x00, 0x00, 0x00, 0x00, 0x00, 0x00, 0x00, 0x00, 0x00, 0x00, 0x00, 0x00, 0x00, 0x00, 0x00, 0x00,
  0x00, 0x00, 0x00, 0x00, 0x00, 0x00, 0x00, 0x00, 0x00, 0x00, 0x00, 0x00, 0x00, 0x00, 0x00, 0x00,
  0x00, 0x00, 0x00, 0x00, 0x00, 0x00, 0xff, 0xff, 0x00, 0x00, 0x00, 0x00, 0xff, 0xff, 0x3f, 0xd7,
  0xdd, 0xc6, 0x7b, 0xb6, 0x5b, 0xb6, 0x5b, 0xae, 0x5b, 0xae, 0x5b, 0xae, 0x7c, 0xb6, 0xbc, 0xbe,
  0xdd, 0xc6, 0x3e, 0xd7, 0x3d, 0xdf, 0xfc, 0xd6, 0xbc, 0xce, 0x3a, 0xb6, 0x1a, 0xb6, 0xda, 0xa5,
  0xb9, 0x9d, 0x99, 0x95, 0x79, 0x8d, 0x59, 0x85, 0x79, 0x85, 0x79, 0x8d, 0x79, 0x85, 0x99, 0x85,
  0x79, 0x85, 0x99, 0x85, 0x79, 0x85, 0x99, 0x85, 0x99, 0x85, 0x99, 0x85, 0xba, 0x85, 0xba, 0x7d,
  0xba, 0x85, 0xda, 0x85, 0xba, 0x85, 0xba, 0x8d, 0xda, 0x85, 0xda, 0x85, 0xdb, 0x85, 0xda, 0x8d,
  0xdb, 0x85, 0xfa, 0x8d, 0xdb, 0x8d, 0xfa, 0x8d, 0xfb, 0x8d, 0xdb, 0x95, 0xfb, 0x95, 0xfb, 0x95,
  0x1a, 0x96, 0x1b, 0x96, 0x1a, 0x96, 0x1b, 0x96, 0x1b, 0x96, 0x1a, 0x9e, 0x3b, 0x96, 0x1a, 0x96,
  0x1b, 0x9e, 0x3a, 0x9e, 0x1b, 0x9e, 0x1b, 0x9e, 0x3b, 0x9e, 0x3b, 0x9e, 0x3b, 0x9e, 0x3b, 0x9e,
  0x3b, 0x9e, 0x1b, 0x9e, 0x3b, 0x9e, 0x1b, 0x9e, 0x3b, 0x9e, 0x3b, 0x9e, 0x3b, 0x9e, 0x3b, 0x9e,
  0x3b, 0xa6, 0x5b, 0xa6, 0x5b, 0xae, 0x5c, 0xae, 0x7c, 0xb6, 0x9c, 0xb6, 0xda, 0x95, 0x99, 0x85,
  0x9a, 0x85, 0x9a, 0x85, 0xba, 0x85, 0xda, 0x8d, 0xda, 0x8d, 0xfa, 0x95, 0x1a, 0x9e, 0x1b, 0x9e,
  0x3a, 0xa6, 0x3b, 0xa6, 0x1b, 0xa6, 0x3a, 0x9e, 0x5c, 0xa6, 0xbd, 0xbe, 0xfd, 0xce, 0x00, 0x00,
  0xff, 0xff, 0x00, 0x00, 0x00, 0x00, 0x00, 0x00, 0x00, 0x00, 0x00, 0x00, 0x00, 0x00, 0x00, 0x00,
  0x00, 0x00, 0x00, 0x00, 0x00, 0x00, 0x00, 0x00, 0x00, 0x00, 0x00, 0x00, 0x00, 0x00, 0x00, 0x00,
  0x00, 0x00, 0x00, 0x00, 0x00, 0x00, 0x00, 0x00, 0x00, 0x00, 0x00, 0x00, 0x00, 0x00, 0x00, 0x00,
  0x00, 0x00, 0x00, 0x00, 0x00, 0x00, 0x00, 0x00, 0x00, 0x00, 0x00, 0x00, 0x00, 0x00, 0x00, 0x00,
  0x00, 0x00, 0x00, 0x00, 0x00, 0x00, 0x00, 0x00, 0x00, 0x00, 0x00, 0x00, 0x00, 0x00, 0x00, 0x00,
  0x00, 0x00, 0x00, 0x00, 0x00, 0x00, 0x00, 0x00, 0x00, 0x00, 0x00, 0x00, 0x00, 0x00, 0x00, 0x00,
  0x00, 0x00, 0x00, 0x00, 0x00, 0x00, 0x00, 0x00, 0x00, 0x00, 0x00, 0x00, 0x00, 0x00, 0x00, 0x00,
  0x00, 0x00, 0x00, 0x00, 0x00, 0x00, 0x00, 0x00, 0x00, 0x00, 0x00, 0x00, 0x00, 0x00, 0x00, 0x00,
  0x00, 0x00, 0x00, 0x00, 0x00, 0x00, 0x00, 0x00, 0x00, 0x00, 0x00, 0x00, 0x00, 0x00, 0x00, 0x00,
  0x00, 0x00, 0x00, 0x00, 0x00, 0x00, 0x00, 0x00, 0x00, 0x00, 0x00, 0x00, 0x00, 0x00, 0x00, 0x00,
  0x00, 0x00, 0x00, 0x00, 0x00, 0x00, 0x00, 0x00, 0x00, 0x00, 0x00, 0x00, 0x00, 0x00, 0x00, 0x00,
  0x00, 0x00, 0x00, 0x00, 0x00, 0x00, 0x00, 0x00, 0x00, 0x00, 0x00, 0x00, 0x00, 0x00, 0x00, 0x00,
  0x00, 0x00, 0x00, 0x00, 0x00, 0x00, 0x00, 0x00, 0x00, 0x00, 0x00, 0x00, 0x00, 0x00, 0x00, 0x00,
  0x00, 0x00, 0x00, 0x00, 0x00, 0x00, 0x00, 0x00, 0xff, 0xff, 0x00, 0x00, 0x00, 0x00, 0x7c, 0xbe,
  0x5b, 0xb6, 0x5b, 0xb6, 0x5c, 0xa6, 0x1b, 0x9e, 0xfa, 0x9d, 0xfa, 0x95, 0xfa, 0x95, 0x3b, 0x9e,
  0x5b, 0xa6, 0x7c, 0xae, 0x9c, 0xb6, 0x9c, 0xb6, 0x9c, 0xc6, 0x5b, 0xbe, 0x1a, 0xae, 0xfa, 0xad,
  0xda, 0xa5, 0x99, 0x9d, 0x79, 0x8d, 0x79, 0x8d, 0x59, 0x85, 0x59, 0x85, 0x58, 0x85, 0x59, 0x7d,
  0x79, 0x85, 0x79, 0x7d, 0x79, 0x85, 0x7a, 0x85, 0x79, 0x85, 0x9a, 0x7d, 0x9a, 0x85, 0x99, 0x7d,
  0x9a, 0x85, 0xb9, 0x85, 0xba, 0x85, 0xba, 0x85, 0xba, 0x85, 0xba, 0x8d, 0xbb, 0x85, 0xba, 0x85,
  0xba, 0x8d, 0xdb, 0x85, 0xda, 0x8d, 0xdb, 0x8d, 0xda, 0x8d, 0xdb, 0x8d, 0xfa, 0x8d, 0xfb, 0x8d,
  0xdb, 0x95, 0xfb, 0x8d, 0xfa, 0x95, 0x1a, 0x96, 0x1b, 0x96, 0x1a, 0x9e, 0x1b, 0x96, 0x1b, 0x9e,
  0x1b, 0x9e, 0x1a, 0x9e, 0x1b, 0x9e, 0x3b, 0x9e, 0x1b, 0x9e, 0x3a, 0x9e, 0x1b, 0xa6, 0x1b, 0x9e,
  0x3a, 0xa6, 0x1b, 0xa6, 0x3b, 0x9e, 0x3b, 0xa6, 0x3b, 0x9e, 0x3b, 0x9e, 0x3b, 0x9e, 0x1b, 0x9e,
  0x3b, 0x9e, 0x3b, 0xa6, 0x3b, 0xa6, 0x3b, 0xa6, 0x3b, 0xa6, 0x5b, 0xae, 0x5b, 0xae, 0x5b, 0xae,
  0xfb, 0x95, 0x99, 0x85, 0x9a, 0x85, 0x9a, 0x85, 0x9a, 0x85, 0xba, 0x8d, 0xda, 0x8d, 0xda, 0x8d,
  0xfa, 0x9d, 0x1b, 0xa6, 0x3b, 0xa6, 0x3b, 0xae, 0x5b, 0xa6, 0x3b, 0xae, 0x3b, 0x9e, 0x3b, 0x9e,
  0x9c, 0xb6, 0xfd, 0xce, 0x00, 0x00, 0xff, 0xa7, 0x00, 0x00, 0x00, 0x00, 0x00, 0x00, 0x00, 0x00,
  0x00, 0x00, 0x00, 0x00, 0x00, 0x00, 0x00, 0x00, 0x00, 0x00, 0x00, 0x00, 0x00, 0x00, 0x00, 0x00,
  0x00, 0x00, 0x00, 0x00, 0x00, 0x00, 0x00, 0x00, 0x00, 0x00, 0x00, 0x00, 0x00, 0x00, 0x00, 0x00,
  0x00, 0x00, 0x00, 0x00, 0x00, 0x00, 0x00, 0x00, 0x00, 0x00, 0x00, 0x00, 0x00, 0x00, 0x00, 0x00,
  0x00, 0x00, 0x00, 0x00, 0x00, 0x00, 0x00, 0x00, 0x00, 0x00, 0x00, 0x00, 0x00, 0x00, 0x00, 0x00,
  0x00, 0x00, 0x00, 0x00, 0x00, 0x00, 0x00, 0x00, 0x00, 0x00, 0x00, 0x00, 0x00, 0x00, 0x00, 0x00,
  0x00, 0x00, 0x00, 0x00, 0x00, 0x00, 0x00, 0x00, 0x00, 0x00, 0x00, 0x00, 0x00, 0x00, 0x00, 0x00,
  0x00, 0x00, 0x00, 0x00, 0x00, 0x00, 0x00, 0x00, 0x00, 0x00, 0x00, 0x00, 0x00, 0x00, 0x00, 0x00,
  0x00, 0x00, 0x00, 0x00, 0x00, 0x00, 0x00, 0x00, 0x00, 0x00, 0x00, 0x00, 0x00, 0x00, 0x00, 0x00,
  0x00, 0x00, 0x00, 0x00, 0x00, 0x00, 0x00, 0x00, 0x00, 0x00, 0x00, 0x00, 0x00, 0x00, 0x00, 0x00,
  0x00, 0x00, 0x00, 0x00, 0x00, 0x00, 0x00, 0x00, 0x00, 0x00, 0x00, 0x00, 0x00, 0x00, 0x00, 0x00,
  0x00, 0x00, 0x00, 0x00, 0x00, 0x00, 0x00, 0x00, 0x00, 0x00, 0x00, 0x00, 0x00, 0x00, 0x00, 0x00,
  0x00, 0x00, 0x00, 0x00, 0x00, 0x00, 0x00, 0x00, 0x00, 0x00, 0x00, 0x00, 0x00, 0x00, 0x00, 0x00,
  0x00, 0x00, 0x00, 0x00, 0x00, 0x00, 0x00, 0x00, 0x00, 0x00, 0x55, 0xad, 0x00, 0x00, 0x5f, 0xdf,
  0x3b, 0xb6, 0x1b, 0xa6, 0x99, 0x8d, 0x79, 0x8d, 0x99, 0x8d, 0xda, 0x8d, 0xda, 0x95, 0xda, 0x95,
  0xfa, 0x95, 0xfa, 0x95, 0xfa, 0x95, 0x1b, 0x9e, 0xfa, 0x9d, 0xfb, 0x9d, 0xb9, 0x95, 0xb9, 0xa5,
  0xda, 0xad, 0x99, 0x9d, 0x79, 0x95, 0x79, 0x8d, 0x59, 0x8d, 0x58, 0x85, 0x59, 0x85, 0x58, 0x7d,
  0x59, 0x7d, 0x59, 0x85, 0x59, 0x7d, 0x59, 0x7d, 0x59, 0x85, 0x79, 0x7d, 0x7a, 0x85, 0x79, 0x85,
  0x9a, 0x7d, 0x79, 0x85, 0x9a, 0x85, 0x9a, 0x7d, 0xba, 0x85, 0xba, 0x85, 0xba, 0x85, 0xba, 0x85,
  0xba, 0x85, 0xba, 0x8d, 0xba, 0x85, 0xda, 0x8d, 0xbb, 0x85, 0xda, 0x85, 0xdb, 0x8d, 0xda, 0x8d,
  0xdb, 0x8d, 0xfa, 0x8d, 0xfa, 0x95, 0xfa, 0x95, 0x1b, 0x96, 0xfa, 0x95, 0x1b, 0x96, 0x1a, 0x9e,
  0x1b, 0x96, 0x1a, 0x9e, 0x1b, 0x9e, 0x3a, 0x9e, 0x1b, 0x9e, 0x3a, 0xa6, 0x1b, 0xa6, 0x3b, 0xa6,
  0x3b, 0xa6, 0x3b, 0xa6, 0x1b, 0xa6, 0x3b, 0xa6, 0x1b, 0xa6, 0x3b, 0xa6, 0x3b, 0x9e, 0x3b, 0x9e,
  0x3b, 0x9e, 0x3b, 0x9e, 0x3b, 0x9e, 0x1b, 0x9e, 0x3b, 0x9e, 0x3b, 0xa6, 0x3b, 0xa6, 0x3c, 0xa6,
  0x3b, 0xa6, 0x3b, 0xa6, 0x3b, 0x9e, 0xba, 0x85, 0x79, 0x7d, 0x79, 0x85, 0x9a, 0x85, 0x99, 0x85,
  0x9a, 0x85, 0x9a, 0x8d, 0xba, 0x8d, 0xda, 0x95, 0xfa, 0x9d, 0x3b, 0xae, 0x3b, 0xa6, 0x5b, 0xae,
  0x5b, 0xae, 0x3b, 0xa6, 0x3b, 0x9e, 0x9c, 0xb6, 0x1e, 0xd7, 0x00, 0x00, 0x55, 0xad, 0x00, 0x00,
  0x00, 0x00, 0x00, 0x00, 0x00, 0x00, 0x00, 0x00, 0x00, 0x00, 0x00, 0x00, 0x00, 0x00, 0x00, 0x00,
  0x00, 0x00, 0x00, 0x00, 0x00, 0x00, 0x00, 0x00, 0x00, 0x00, 0x00, 0x00, 0x00, 0x00, 0x00, 0x00,
  0x00, 0x00, 0x00, 0x00, 0x00, 0x00, 0x00, 0x00, 0x00, 0x00, 0x00, 0x00, 0x00, 0x00, 0x00, 0x00,
  0x00, 0x00, 0x00, 0x00, 0x00, 0x00, 0x00, 0x00, 0x00, 0x00, 0x00, 0x00, 0x00, 0x00, 0x00, 0x00,
  0x00, 0x00, 0x00, 0x00, 0x00, 0x00, 0x00, 0x00, 0x00, 0x00, 0x00, 0x00, 0x00, 0x00, 0x00, 0x00,
  0x00, 0x00, 0x00, 0x00, 0x00, 0x00, 0x00, 0x00, 0x00, 0x00, 0x00, 0x00, 0x00, 0x00, 0x00, 0x00,
  0x00, 0x00, 0x00, 0x00, 0x00, 0x00, 0x00, 0x00, 0x00, 0x00, 0x00, 0x00, 0x00, 0x00, 0x00, 0x00,
  0x00, 0x00, 0x00, 0x00, 0x00, 0x00, 0x00, 0x00, 0x00, 0x00, 0x00, 0x00, 0x00, 0x00, 0x00, 0x00,
  0x00, 0x00, 0x00, 0x00, 0x00, 0x00, 0x00, 0x00, 0x00, 0x00, 0x00, 0x00, 0x00, 0x00, 0x00, 0x00,
  0x00, 0x00, 0x00, 0x00, 0x00, 0x00, 0x00, 0x00, 0x00, 0x00, 0x00, 0x00, 0x00, 0x00, 0x00, 0x00,
  0x00, 0x00, 0x00, 0x00, 0x00, 0x00, 0x00, 0x00, 0x00, 0x00, 0x00, 0x00, 0x00, 0x00, 0x00, 0x00,
  0x00, 0x00, 0x00, 0x00, 0x00, 0x00, 0x00, 0x00, 0x00, 0x00, 0x00, 0x00, 0x00, 0x00, 0x00, 0x00,
  0x00, 0x00, 0x00, 0x00, 0x00, 0x00, 0x00, 0x00, 0x00, 0x00, 0x00, 0x00, 0xff, 0xff, 0x00, 0x00,
  0x1d, 0xd7, 0x1a, 0xb6, 0x9a, 0x95, 0x38, 0x7d, 0x58, 0x85, 0x79, 0x85, 0x99, 0x8d, 0xb9, 0x8d,
  0xb9, 0x8d, 0xda, 0x95, 0xfa, 0x95, 0xfa, 0x9d, 0x1b, 0x9e, 0x1a, 0xa6, 0x1b, 0x9e, 0xfa, 0x9d,
  0x79, 0x8d, 0x79, 0x95, 0x99, 0x9d, 0x58, 0x8d, 0x58, 0x8d, 0x58, 0x85, 0x39, 0x7d, 0x38, 0x85,
  0x38, 0x7d, 0x59, 0x7d, 0x38, 0x7d, 0x59, 0x7d, 0x38, 0x7d, 0x59, 0x7d, 0x59, 0x7d, 0x79, 0x85,
  0x79, 0x7d, 0x99, 0x7d, 0x9a, 0x85, 0x79, 0x7d, 0x99, 0x7d, 0x9a, 0x85, 0x99, 0x85, 0x9a, 0x85,
  0x99, 0x85, 0xba, 0x85, 0x9a, 0x85, 0xba, 0x85, 0xba, 0x85, 0xba, 0x85, 0xda, 0x8d, 0xbb, 0x85,
  0xda, 0x8d, 0xdb, 0x8d, 0xda, 0x8d, 0xfb, 0x8d, 0xfb, 0x95, 0xfb, 0x8d, 0xfa, 0x95, 0x1b, 0x96,
  0x1b, 0x9e, 0xfa, 0x9d, 0x1b, 0x9e, 0x1a, 0x9e, 0x1b, 0x9e, 0x1b, 0xa6, 0x3b, 0x9e, 0x1b, 0xa6,
  0x3a, 0x9e, 0x3b, 0xa6, 0x3a, 0xa6, 0x3b, 0xa6, 0x3b, 0xa6, 0x3b, 0xa6, 0x3a, 0xa6, 0x3b, 0xa6,
  0x3b, 0xa6, 0x3b, 0x9e, 0x3b, 0x9e, 0x3b, 0x9e, 0x3b, 0x9e, 0x3b, 0x9e, 0x3b, 0x9e, 0x3b, 0x9e,
  0x1b, 0xa6, 0x3b, 0x9e, 0x3b, 0xa6, 0x5b, 0x9e, 0x3b, 0x9e, 0x1b, 0x96, 0x79, 0x85, 0x79, 0x85,
  0x59, 0x7d, 0x59, 0x85, 0x7a, 0x7d, 0x99, 0x85, 0x9a, 0x85, 0xb9, 0x8d, 0xba, 0x95, 0xfa, 0x9d,
  0x3b, 0xae, 0x3b, 0xae, 0x5b, 0xae, 0x5b, 0xa6, 0x3b, 0x9e, 0x7c, 0xa6, 0x7b, 0xae, 0xff, 0xe7,
  0xff, 0xff, 0xff, 0xff, 0x00, 0x00, 0x00, 0x00, 0x00, 0x00, 0x00, 0x00, 0x00, 0x00, 0x00, 0x00,
  0x00, 0x00, 0x00, 0x00, 0x00, 0x00, 0x00, 0x00, 0x00, 0x00, 0x00, 0x00, 0x00, 0x00, 0x00, 0x00,
  0x00, 0x00, 0x00, 0x00, 0x00, 0x00, 0x00, 0x00, 0x00, 0x00, 0x00, 0x00, 0x00, 0x00, 0x00, 0x00,
  0x00, 0x00, 0x00, 0x00, 0x00, 0x00, 0x00, 0x00, 0x00, 0x00, 0x00, 0x00, 0x00, 0x00, 0x00, 0x00,
  0x00, 0x00, 0x00, 0x00, 0x00, 0x00, 0x00, 0x00, 0x00, 0x00, 0x00, 0x00, 0x00, 0x00, 0x00, 0x00,
  0x00, 0x00, 0x00, 0x00, 0x00, 0x00, 0x00, 0x00, 0x00, 0x00, 0x00, 0x00, 0x00, 0x00, 0x00, 0x00,
  0x00, 0x00, 0x00, 0x00, 0x00, 0x00, 0x00, 0x00, 0x00, 0x00, 0x00, 0x00, 0x00, 0x00, 0x00, 0x00,
  0x00, 0x00, 0x00, 0x00, 0x00, 0x00, 0x00, 0x00, 0x00, 0x00, 0x00, 0x00, 0x00, 0x00, 0x00, 0x00,
  0x00, 0x00, 0x00, 0x00, 0x00, 0x00, 0x00, 0x00, 0x00, 0x00, 0x00, 0x00, 0x00, 0x00, 0x00, 0x00,
  0x00, 0x00, 0x00, 0x00, 0x00, 0x00, 0x00, 0x00, 0x00, 0x00, 0x00, 0x00, 0x00, 0x00, 0x00, 0x00,
  0x00, 0x00, 0x00, 0x00, 0x00, 0x00, 0x00, 0x00, 0x00, 0x00, 0x00, 0x00, 0x00, 0x00, 0x00, 0x00,
  0x00, 0x00, 0x00, 0x00, 0x00, 0x00, 0x00, 0x00, 0x00, 0x00, 0x00, 0x00, 0x00, 0x00, 0x00, 0x00,
  0x00, 0x00, 0x00, 0x00, 0x00, 0x00, 0x00, 0x00, 0x00, 0x00, 0x00, 0x00, 0x00, 0x00, 0xff, 0x7b,
  0x00, 0x00, 0x1e, 0xcf, 0xda, 0xad, 0x58, 0x8d, 0xf8, 0x7c, 0x38, 0x7d, 0x38, 0x7d, 0x58, 0x7d,
  0x79, 0x7d, 0x99, 0x85, 0x9a, 0x8d, 0xb9, 0x8d, 0xda, 0x8d, 0xfa, 0x9d, 0x1a, 0xa6, 0x1a, 0xa6,
  0x1b, 0xae, 0xda, 0x95, 0x18, 0x7d, 0x58, 0x85, 0x38, 0x8d, 0x38, 0x85, 0x18, 0x7d, 0x18, 0x7d,
  0x38, 0x7d, 0x39, 0x7d, 0x38, 0x7d, 0x38, 0x7d, 0x39, 0x7d, 0x38, 0x7d, 0x59, 0x7d, 0x59, 0x7d,
  0x59, 0x7d, 0x79, 0x7d, 0x5a, 0x7d, 0x79, 0x85, 0x79, 0x7d, 0x7a, 0x85, 0x99, 0x7d, 0x9a, 0x85,
  0x9a, 0x7d, 0x99, 0x85, 0xba, 0x7d, 0xba, 0x85, 0xb9, 0x85, 0xba, 0x85, 0xba, 0x85, 0xba, 0x85,
  0xda, 0x85, 0xda, 0x8d, 0xda, 0x85, 0xdb, 0x8d, 0xda, 0x8d, 0xdb, 0x8d, 0xfb, 0x95, 0xfa, 0x95,
  0x1a, 0x96, 0xfa, 0x95, 0x1b, 0x9e, 0x1a, 0x9e, 0x1b, 0x9e, 0x1b, 0xa6, 0x1a, 0xa6, 0x1b, 0xa6,
  0x3a, 0xa6, 0x3b, 0xa6, 0x1b, 0xa6, 0x3b, 0xa6, 0x3b, 0xa6, 0x3b, 0xa6, 0x3a, 0xae, 0x3b, 0xa6,
  0x3b, 0xa6, 0x3b, 0xa6, 0x3b, 0xa6, 0x3b, 0xa6, 0x3b, 0xa6, 0x3b, 0xa6, 0x3b, 0x9e, 0x3b, 0xa6,
  0x3b, 0x9e, 0x3b, 0x9e, 0x3b, 0x9e, 0x3b, 0x9e, 0x3b, 0x9e, 0x3b, 0x9e, 0x3b, 0x9e, 0x3b, 0x9e,
  0xfb, 0x95, 0x59, 0x7d, 0x59, 0x7d, 0x5a, 0x7d, 0x39, 0x7d, 0x19, 0x75, 0x19, 0x75, 0x59, 0x7d,
  0x9a, 0x85, 0xda, 0x95, 0x1a, 0xa6, 0x1a, 0xae, 0x5b, 0xae, 0x3b, 0xae, 0x3b, 0xa6, 0x3a, 0x9e,
  0x9d, 0xae, 0xbc, 0xbe, 0x00, 0x00, 0xff, 0xaf, 0x00, 0x00, 0x00, 0x00, 0x00, 0x00, 0x00, 0x00,
  0x00, 0x00, 0x00, 0x00, 0x00, 0x00, 0x00, 0x00, 0x00, 0x00, 0x00, 0x00, 0x00, 0x00, 0x00, 0x00,
  0x00, 0x00, 0x00, 0x00, 0x00, 0x00, 0x00, 0x00, 0x00, 0x00, 0x00, 0x00, 0x00, 0x00, 0x00, 0x00,
  0x00, 0x00, 0x00, 0x00, 0x00, 0x00, 0x00, 0x00, 0x00, 0x00, 0x00, 0x00, 0x00, 0x00, 0x00, 0x00,
  0x00, 0x00, 0x00, 0x00, 0x00, 0x00, 0x00, 0x00, 0x00, 0x00, 0x00, 0x00, 0x00, 0x00, 0x00, 0x00,
  0x00, 0x00, 0x00, 0x00, 0x00, 0x00, 0x00, 0x00, 0x00, 0x00, 0x00, 0x00, 0x00, 0x00, 0x00, 0x00,
  0x00, 0x00, 0x00, 0x00, 0x00, 0x00, 0x00, 0x00, 0x00, 0x00, 0x00, 0x00, 0x00, 0x00, 0x00, 0x00,
  0x00, 0x00, 0x00, 0x00, 0x00, 0x00, 0x00, 0x00, 0x00, 0x00, 0x00, 0x00, 0x00, 0x00, 0x00, 0x00,
  0x00, 0x00, 0x00, 0x00, 0x00, 0x00, 0x00, 0x00, 0x00, 0x00, 0x00, 0x00, 0x00, 0x00, 0x00, 0x00,
  0x00, 0x00, 0x00, 0x00, 0x00, 0x00, 0x00, 0x00, 0x00, 0x00, 0x00, 0x00, 0x00, 0x00, 0x00, 0x00,
  0x00, 0x00, 0x00, 0x00, 0x00, 0x00, 0x00, 0x00, 0x00, 0x00, 0x00, 0x00, 0x00, 0x00, 0x00, 0x00,
  0x00, 0x00, 0x00, 0x00, 0x00, 0x00, 0x00, 0x00, 0x00, 0x00, 0x00, 0x00, 0x00, 0x00, 0x00, 0x00,
  0x00, 0x00, 0x00, 0x00, 0x00, 0x00, 0x00, 0x00, 0x00, 0x00, 0x00, 0x00, 0x00, 0x00, 0x00, 0x00,
  0x00, 0x00, 0x0f, 0x84, 0xff, 0xff, 0x78, 0x9d, 0x17, 0x8d, 0xb6, 0x74, 0xf7, 0x7c, 0x38, 0x7d,
  0x38, 0x7d, 0x59, 0x7d, 0x59, 0x7d, 0x59, 0x7d, 0x79, 0x85, 0x79, 0x85, 0x99, 0x85, 0xba, 0x95,
  0xda, 0x95, 0xda, 0x9d, 0xfa, 0x9d, 0x59, 0x85, 0xd7, 0x6c, 0x18, 0x85, 0x18, 0x7d, 0x18, 0x7d,
  0x18, 0x7d, 0x18, 0x7d, 0x18, 0x7d, 0x38, 0x75, 0x18, 0x7d, 0x39, 0x75, 0x38, 0x75, 0x39, 0x7d,
  0x39, 0x75, 0x59, 0x7d, 0x39, 0x75, 0x59, 0x7d, 0x79, 0x7d, 0x5a, 0x7d, 0x79, 0x7d, 0x79, 0x85,
  0x7a, 0x7d, 0x99, 0x7d, 0x9a, 0x85, 0x9a, 0x7d, 0x99, 0x85, 0x9a, 0x85, 0x9a, 0x7d, 0xba, 0x85,
  0xba, 0x85, 0xba, 0x85, 0xba, 0x85, 0xba, 0x85, 0xda, 0x8d, 0xdb, 0x8d, 0xba, 0x8d, 0xdb, 0x95,
  0xfa, 0x8d, 0xfa, 0x95, 0xfb, 0x95, 0x1a, 0x9e, 0xfb, 0x9d, 0x1a, 0x9e, 0x1b, 0xa6, 0x1a, 0x9e,
  0x1b, 0xa6, 0x3a, 0xa6, 0x1b, 0xa6, 0x3a, 0xae, 0x3b, 0xae, 0x3a, 0xae, 0x3b, 0xae, 0x3a, 0xa6,
  0x3b, 0xae, 0x3b, 0xa6, 0x3b, 0xae, 0x3b, 0xa6, 0x3b, 0xa6, 0x3b, 0xa6, 0x3b, 0xa6, 0x3b, 0xa6,
  0x5b, 0xa6, 0x3b, 0x9e, 0x3b, 0x9e, 0x5b, 0x9e, 0x3b, 0x9e, 0x3b, 0x9e, 0x3b, 0x9e, 0x3b, 0x9e,
  0x3b, 0x9e, 0x3b, 0x9e, 0x3b, 0x9e, 0xba, 0x8d, 0x19, 0x7d, 0x76, 0x6c, 0xd4, 0x53, 0xf3, 0x5b,
  0x35, 0x6c, 0x96, 0x74, 0xf8, 0x7c, 0x99, 0x85, 0xda, 0x95, 0x1b, 0xa6, 0x3a, 0xa6, 0x3b, 0xae,
  0x3b, 0xa6, 0x1a, 0x96, 0x3c, 0x9e, 0x5b, 0xa6, 0xff, 0xd7, 0x1f, 0x00, 0xff, 0x07, 0x00, 0x00,
  0x00, 0x00, 0x00, 0x00, 0x00, 0x00, 0x00, 0x00, 0x00, 0x00, 0x00, 0x00, 0x00, 0x00, 0x00, 0x00,
  0x00, 0x00, 0x00, 0x00, 0x00, 0x00, 0x00, 0x00, 0x00, 0x00, 0x00, 0x00, 0x00, 0x00, 0x00, 0x00,
  0x00, 0x00, 0x00, 0x00, 0x00, 0x00, 0x00, 0x00, 0x00, 0x00, 0x00, 0x00, 0x00, 0x00, 0x00, 0x00,
  0x00, 0x00, 0x00, 0x00, 0x00, 0x00, 0x00, 0x00, 0x00, 0x00, 0x00, 0x00, 0x00, 0x00, 0x00, 0x00,
  0x00, 0x00, 0x00, 0x00, 0x00, 0x00, 0x00, 0x00, 0x00, 0x00, 0x00, 0x00, 0x00, 0x00, 0x00, 0x00,
  0x00, 0x00, 0x00, 0x00, 0x00, 0x00, 0x00, 0x00, 0x00, 0x00, 0x00, 0x00, 0x00, 0x00, 0x00, 0x00,
  0x00, 0x00, 0x00, 0x00, 0x00, 0x00, 0x00, 0x00, 0x00, 0x00, 0x00, 0x00, 0x00, 0x00, 0x00, 0x00,
  0x00, 0x00, 0x00, 0x00, 0x00, 0x00, 0x00, 0x00, 0x00, 0x00, 0x00, 0x00, 0x00, 0x00, 0x00, 0x00,
  0x00, 0x00, 0x00, 0x00, 0x00, 0x00, 0x00, 0x00, 0x00, 0x00, 0x00, 0x00, 0x00, 0x00, 0x00, 0x00,
  0x00, 0x00, 0x00, 0x00, 0x00, 0x00, 0x00, 0x00, 0x00, 0x00, 0x00, 0x00, 0x00, 0x00, 0x00, 0x00,
  0x00, 0x00, 0x00, 0x00, 0x00, 0x00, 0x00, 0x00, 0x00, 0x00, 0x00, 0x00, 0x00, 0x00, 0x00, 0x00,
  0x00, 0x00, 0x00, 0x00, 0x00, 0x00, 0x00, 0x00, 0x00, 0x00, 0x00, 0x00, 0x00, 0x00, 0x00, 0x00,
  0x00, 0x00, 0x00, 0x00, 0x55, 0xad, 0x00, 0x00, 0x99, 0xa5, 0xf7, 0x84, 0x55, 0x64, 0xb6, 0x6c,
  0xd7, 0x74, 0x18, 0x7d, 0x38, 0x75, 0x38, 0x7d, 0x38, 0x75, 0x38, 0x7d, 0x59, 0x75, 0x59, 0x7d,
  0x79, 0x85, 0x79, 0x85, 0x79, 0x8d, 0xba, 0x8d, 0x79, 0x85, 0xd7, 0x74, 0xf8, 0x74, 0xf7, 0x74,
  0xf8, 0x7c, 0x18, 0x7d, 0xf8, 0x74, 0x18, 0x75, 0x18, 0x75, 0x18, 0x7d, 0x38, 0x75, 0x18, 0x75,
  0x38, 0x7d, 0x38, 0x75, 0x39, 0x75, 0x59, 0x7d, 0x59, 0x7d, 0x59, 0x7d, 0x79, 0x7d, 0x79, 0x7d,
  0x79, 0x7d, 0x7a, 0x7d, 0x79, 0x85, 0x79, 0x7d, 0x79, 0x7d, 0x99, 0x85, 0x9a, 0x7d, 0x99, 0x85,
  0x9a, 0x85, 0x9a, 0x85, 0xba, 0x85, 0xba, 0x85, 0xba, 0x85, 0xda, 0x8d, 0xba, 0x8d, 0xda, 0x85,
  0xdb, 0x8d, 0xfa, 0x95, 0xfa, 0x95, 0xfa, 0x95, 0xfa, 0x95, 0xfb, 0x9d, 0x1a, 0x9e, 0xfb, 0x9d,
  0x1b, 0x9e, 0x1a, 0xa6, 0x1b, 0xa6, 0x3b, 0xa6, 0x1b, 0xa6, 0x3b, 0xae, 0x3a, 0xa6, 0x3b, 0xa6,
  0x3b, 0xae, 0x5b, 0xa6, 0x3b, 0xae, 0x3b, 0xae, 0x3b, 0xae, 0x5b, 0xae, 0x3b, 0xa6, 0x3b, 0xa6,
  0x3b, 0xa6, 0x3b, 0xa6, 0x3b, 0xa6, 0x3b, 0xa6, 0x3b, 0xa6, 0x3b, 0xa6, 0x3b, 0x9e, 0x3b, 0x9e,
  0x3b, 0x9e, 0x3b, 0x9e, 0x3b, 0x9e, 0x3b, 0x9e, 0x5c, 0xa6, 0xfa, 0x95, 0x52, 0x4b, 0x11, 0x43,
  0x30, 0x53, 0x31, 0x4b, 0x71, 0x5b, 0xf3, 0x6b, 0x95, 0x84, 0xf7, 0x7c, 0x99, 0x8d, 0xda, 0x9d,
  0xfa, 0x9d, 0x1b, 0xa6, 0x1a, 0x9e, 0xfb, 0x95, 0xfa, 0x95, 0x5b, 0xa6, 0xdd, 0xc6, 0x00, 0x00,
  0x55, 0xad, 0x00, 0x00, 0x00, 0x00, 0x00, 0x00, 0x00, 0x00, 0x00, 0x00, 0x00, 0x00, 0x00, 0x00,
  0x00, 0x00, 0x00, 0x00, 0x00, 0x00, 0x00, 0x00, 0x00, 0x00, 0x00, 0x00, 0x00, 0x00, 0x00, 0x00,
  0x00, 0x00, 0x00, 0x00, 0x00, 0x00, 0x00, 0x00, 0x00, 0x00, 0x00, 0x00, 0x00, 0x00, 0x00, 0x00,
  0x00, 0x00, 0x00, 0x00, 0x00, 0x00, 0x00, 0x00, 0x00, 0x00, 0x00, 0x00, 0x00, 0x00, 0x00, 0x00,
  0x00, 0x00, 0x00, 0x00, 0x00, 0x00, 0x00, 0x00, 0x00, 0x00, 0x00, 0x00, 0x00, 0x00, 0x00, 0x00,
  0x00, 0x00, 0x00, 0x00, 0x00, 0x00, 0x00, 0x00, 0x00, 0x00, 0x00, 0x00, 0x00, 0x00, 0x00, 0x00,
  0x00, 0x00, 0x00, 0x00, 0x00, 0x00, 0x00, 0x00, 0x00, 0x00, 0x00, 0x00, 0x00, 0x00, 0x00, 0x00,
  0x00, 0x00, 0x00, 0x00, 0x00, 0x00, 0x00, 0x00, 0x00, 0x00, 0x00, 0x00, 0x00, 0x00, 0x00, 0x00,
  0x00, 0x00, 0x00, 0x00, 0x00, 0x00, 0x00, 0x00, 0x00, 0x00, 0x00, 0x00, 0x00, 0x00, 0x00, 0x00,
  0x00, 0x00, 0x00, 0x00, 0x00, 0x00, 0x00, 0x00, 0x00, 0x00, 0x00, 0x00, 0x00, 0x00, 0x00, 0x00,
  0x00, 0x00, 0x00, 0x00, 0x00, 0x00, 0x00, 0x00, 0x00, 0x00, 0x00, 0x00, 0x00, 0x00, 0x00, 0x00,
  0x00, 0x00, 0x00, 0x00, 0x00, 0x00, 0x00, 0x00, 0x00, 0x00, 0x00, 0x00, 0x00, 0x00, 0x00, 0x00,
  0x00, 0x00, 0x00, 0x00, 0x00, 0x00, 0xff, 0xff, 0x00, 0x00, 0x3f, 0xe7, 0xd6, 0x84, 0x34, 0x64,
  0x35, 0x64, 0x96, 0x6c, 0xd7, 0x6c, 0x18, 0x75, 0x38, 0x7d, 0x38, 0x75, 0x19, 0x75, 0x18, 0x75,
  0xb7, 0x6c, 0x97, 0x6c, 0xb7, 0x6c, 0xf7, 0x74, 0x18, 0x7d, 0x38, 0x7d, 0xd7, 0x74, 0xb7, 0x6c,
  0xd8, 0x6c, 0xf7, 0x74, 0xf8, 0x74, 0xf7, 0x74, 0xf7, 0x74, 0xf8, 0x74, 0x18, 0x75, 0x18, 0x75,
  0x19, 0x75, 0x18, 0x75, 0x19, 0x75, 0x38, 0x7d, 0x39, 0x75, 0x38, 0x75, 0x59, 0x7d, 0x59, 0x75,
  0x79, 0x75, 0x59, 0x7d, 0x79, 0x7d, 0x79, 0x7d, 0x7a, 0x7d, 0x79, 0x7d, 0x7a, 0x85, 0x7a, 0x7d,
  0x99, 0x85, 0x9a, 0x7d, 0x99, 0x85, 0x9a, 0x85, 0x9a, 0x85, 0xba, 0x85, 0xba, 0x85, 0xba, 0x85,
  0xda, 0x8d, 0xba, 0x8d, 0xda, 0x8d, 0xda, 0x8d, 0xfa, 0x95, 0xfa, 0x95, 0xfa, 0x95, 0xfa, 0x95,
  0x1b, 0x9e, 0x1a, 0x9e, 0x1a, 0xa6, 0x1b, 0xa6, 0x3a, 0xa6, 0x1b, 0xa6, 0x3a, 0xae, 0x3b, 0xa6,
  0x3a, 0xae, 0x3a, 0xae, 0x5b, 0xa6, 0x3a, 0xae, 0x3b, 0xae, 0x3b, 0xae, 0x3b, 0xa6, 0x3a, 0xae,
  0x3b, 0xae, 0x3b, 0xa6, 0x5b, 0xae, 0x3b, 0xa6, 0x3b, 0xa6, 0x5b, 0xa6, 0x3b, 0xa6, 0x5b, 0x9e,
  0x3b, 0x9e, 0x5b, 0x9e, 0x3b, 0x9e, 0x3b, 0x9e, 0x3b, 0x9e, 0x3b, 0x9e, 0x3b, 0x9e, 0x5c, 0x9e,
  0x34, 0x5c, 0xcf, 0x3a, 0x10, 0x4b, 0x10, 0x43, 0x11, 0x4b, 0x30, 0x53, 0xf2, 0x6b, 0xb5, 0x84,
  0x18, 0x7d, 0xba, 0x8d, 0xda, 0x9d, 0xfa, 0x9d, 0xfb, 0x9d, 0x1a, 0x96, 0xfb, 0x8d, 0x7d, 0xae,
  0x5c, 0xb6, 0x00, 0x00, 0xf7, 0xbd, 0x00, 0x00, 0x00, 0x00, 0x00, 0x00, 0x00, 0x00, 0x00, 0x00,
  0x00, 0x00, 0x00, 0x00, 0x00, 0x00, 0x00, 0x00, 0x00, 0x00, 0x00, 0x00, 0x00, 0x00, 0x00, 0x00,
  0x00, 0x00, 0x00, 0x00, 0x00, 0x00, 0x00, 0x00, 0x00, 0x00, 0x00, 0x00, 0x00, 0x00, 0x00, 0x00,
  0x00, 0x00, 0x00, 0x00, 0x00, 0x00, 0x00, 0x00, 0x00, 0x00, 0x00, 0x00, 0x00, 0x00, 0x00, 0x00,
  0x00, 0x00, 0x00, 0x00, 0x00, 0x00, 0x00, 0x00, 0x00, 0x00, 0x00, 0x00, 0x00, 0x00, 0x00, 0x00,
  0x00, 0x00, 0x00, 0x00, 0x00, 0x00, 0x00, 0x00, 0x00, 0x00, 0x00, 0x00, 0x00, 0x00, 0x00, 0x00,
  0x00, 0x00, 0x00, 0x00, 0x00, 0x00, 0x00, 0x00, 0x00, 0x00, 0x00, 0x00, 0x00, 0x00, 0x00, 0x00,
  0x00, 0x00, 0x00, 0x00, 0x00, 0x00, 0x00, 0x00, 0x00, 0x00, 0x00, 0x00, 0x00, 0x00, 0x00, 0x00,
  0x00, 0x00, 0x00, 0x00, 0x00, 0x00, 0x00, 0x00, 0x00, 0x00, 0x00, 0x00, 0x00, 0x00, 0x00, 0x00,
  0x00, 0x00, 0x00, 0x00, 0x00, 0x00, 0x00, 0x00, 0x00, 0x00, 0x00, 0x00, 0x00, 0x00, 0x00, 0x00,
  0x00, 0x00, 0x00, 0x00, 0x00, 0x00, 0x00, 0x00, 0x00, 0x00, 0x00, 0x00, 0x00, 0x00, 0x00, 0x00,
  0x00, 0x00, 0x00, 0x00, 0x00, 0x00, 0x00, 0x00, 0x00, 0x00, 0x00, 0x00, 0x00, 0x00, 0x00, 0x00,
  0x00, 0x00, 0x00, 0x00, 0x00, 0x00, 0x00, 0x00, 0x00, 0x00, 0xf7, 0x7b, 0x00, 0x00, 0x99, 0xa5,
  0x95, 0x7c, 0xd4, 0x5b, 0x35, 0x5c, 0x75, 0x64, 0xb6, 0x6c, 0xf7, 0x74, 0xf8, 0x74, 0x38, 0x7d,
  0xd7, 0x6c, 0x93, 0x53, 0x51, 0x4b, 0x71, 0x53, 0xb2, 0x63, 0xf4, 0x63, 0x35, 0x6c, 0x76, 0x64,
  0x97, 0x64, 0xb7, 0x6c, 0xd7, 0x6c, 0xd7, 0x74, 0xd8, 0x74, 0xf7, 0x74, 0xd7, 0x6c, 0xf8, 0x74,
  0xf8, 0x6c, 0xf8, 0x74, 0x18, 0x75, 0x18, 0x75, 0x18, 0x75, 0x38, 0x75, 0x39, 0x75, 0x39, 0x7d,
  0x59, 0x75, 0x59, 0x7d, 0x59, 0x7d, 0x59, 0x75, 0x79, 0x7d, 0x79, 0x7d, 0x79, 0x7d, 0x7a, 0x7d,
  0x79, 0x7d, 0x79, 0x85, 0x9a, 0x7d, 0x99, 0x85, 0x9a, 0x7d, 0x99, 0x85, 0xba, 0x85, 0x99, 0x85,
  0xba, 0x85, 0xb9, 0x85, 0xba, 0x85, 0xda, 0x8d, 0xdb, 0x8d, 0xda, 0x95, 0xda, 0x8d, 0xfa, 0x95,
  0xfb, 0x95, 0xfa, 0x9d, 0xfa, 0x9d, 0xfb, 0x9d, 0x1a, 0xa6, 0x1b, 0xa6, 0x1b, 0xa6, 0x3a, 0xae,
  0x3b, 0xa6, 0x3a, 0xa6, 0x3b, 0xae, 0x5a, 0xae, 0x3b, 0xae, 0x3b, 0xae, 0x3b, 0xae, 0x3b, 0xae,
  0x3b, 0xae, 0x5b, 0xae, 0x3b, 0xae, 0x5b, 0xae, 0x3b, 0xae, 0x3b, 0xa6, 0x3b, 0xae, 0x3b, 0xa6,
  0x3b, 0xa6, 0x5b, 0xa6, 0x3b, 0x9e, 0x3b, 0x9e, 0x3b, 0x9e, 0x5b, 0x9e, 0x3b, 0x9e, 0x3b, 0x9e,
  0x3b, 0x96, 0x3b, 0x9e, 0x1c, 0x96, 0x72, 0x4b, 0xd0, 0x3a, 0x10, 0x43, 0x10, 0x43, 0x31, 0x4b,
  0x51, 0x53, 0x13, 0x74, 0xb7, 0x7c, 0x79, 0x85, 0xda, 0x8d, 0xda, 0x8d, 0xfb, 0x95, 0xfa, 0x95,
  0xdb, 0x8d, 0x5c, 0x9e, 0x5b, 0xa6, 0x00, 0x00, 0x5f, 0xad, 0x00, 0x00, 0x00, 0x00, 0x00, 0x00,
  0x00, 0x00, 0x00, 0x00, 0x00, 0x00, 0x00, 0x00, 0x00, 0x00, 0x00, 0x00, 0x00, 0x00, 0x00, 0x00,
  0x00, 0x00, 0x00, 0x00, 0x00, 0x00, 0x00, 0x00, 0x00, 0x00, 0x00, 0x00, 0x00, 0x00, 0x00, 0x00,
  0x00, 0x00, 0x00, 0x00, 0x00, 0x00, 0x00, 0x00, 0x00, 0x00, 0x00, 0x00, 0x00, 0x00, 0x00, 0x00,
  0x00, 0x00, 0x00, 0x00, 0x00, 0x00, 0x00, 0x00, 0x00, 0x00, 0x00, 0x00, 0x00, 0x00, 0x00, 0x00,
  0x00, 0x00, 0x00, 0x00, 0x00, 0x00, 0x00, 0x00, 0x00, 0x00, 0x00, 0x00, 0x00, 0x00, 0x00, 0x00,
  0x00, 0x00, 0x00, 0x00, 0x00, 0x00, 0x00, 0x00, 0x00, 0x00, 0x00, 0x00, 0x00, 0x00, 0x00, 0x00,
  0x00, 0x00, 0x00, 0x00, 0x00, 0x00, 0x00, 0x00, 0x00, 0x00, 0x00, 0x00, 0x00, 0x00, 0x00, 0x00,
  0x00, 0x00, 0x00, 0x00, 0x00, 0x00, 0x00, 0x00, 0x00, 0x00, 0x00, 0x00, 0x00, 0x00, 0x00, 0x00,
  0x00, 0x00, 0x00, 0x00, 0x00, 0x00, 0x00, 0x00, 0x00, 0x00, 0x00, 0x00, 0x00, 0x00, 0x00, 0x00,
  0x00, 0x00, 0x00, 0x00, 0x00, 0x00, 0x00, 0x00, 0x00, 0x00, 0x00, 0x00, 0x00, 0x00, 0x00, 0x00,
  0x00, 0x00, 0x00, 0x00, 0x00, 0x00, 0x00, 0x00, 0x00, 0x00, 0x00, 0x00, 0x00, 0x00, 0x00, 0x00,
  0x00, 0x00, 0x00, 0x00, 0x00, 0x00, 0x00, 0x00, 0x00, 0x00, 0x00, 0x00, 0x00, 0x00, 0xb5, 0x52,
  0x00, 0x00, 0xf6, 0x8c, 0x34, 0x6c, 0xf3, 0x5b, 0x14, 0x5c, 0x55, 0x64, 0x96, 0x64, 0xd7, 0x64,
  0x18, 0x75, 0x96, 0x6c, 0x10, 0x4b, 0xce, 0x42, 0xcf, 0x42, 0xef, 0x4a, 0xef, 0x4a, 0x30, 0x53,
  0xd2, 0x6b, 0x14, 0x64, 0x76, 0x64, 0xb7, 0x6c, 0xd7, 0x6c, 0xf7, 0x74, 0xd7, 0x6c, 0xd7, 0x6c,
  0xf8, 0x74, 0xf7, 0x74, 0xf8, 0x6c, 0xf7, 0x74, 0x18, 0x6d, 0x18, 0x6d, 0x38, 0x75, 0x38, 0x75,
  0x38, 0x75, 0x38, 0x75, 0x39, 0x75, 0x38, 0x7d, 0x59, 0x75, 0x59, 0x7d, 0x59, 0x7d, 0x7a, 0x7d,
  0x59, 0x7d, 0x79, 0x7d, 0x79, 0x7d, 0x79, 0x7d, 0x7a, 0x7d, 0x99, 0x7d, 0x99, 0x85, 0x9a, 0x7d,
  0xb9, 0x85, 0xba, 0x85, 0xba, 0x85, 0xba, 0x85, 0xba, 0x8d, 0xda, 0x8d, 0xba, 0x8d, 0xda, 0x8d,
  0xda, 0x8d, 0xfa, 0x95, 0xfa, 0x95, 0xfa, 0x9d, 0xfb, 0x9d, 0x1a, 0x9e, 0x1a, 0x9e, 0x1a, 0xa6,
  0x3b, 0xa6, 0x1a, 0xa6, 0x3b, 0xa6, 0x3b, 0xae, 0x3b, 0xa6, 0x3b, 0xae, 0x5b, 0xae, 0x3a, 0xae,
  0x3a, 0xa6, 0x5b, 0xae, 0x3a, 0xae, 0x3b, 0xae, 0x3a, 0xae, 0x3b, 0xae, 0x3b, 0xae, 0x5b, 0xa6,
  0x5b, 0xae, 0x3b, 0xa6, 0x5b, 0xa6, 0x3b, 0xa6, 0x3b, 0xa6, 0x3c, 0x9e, 0x3b, 0x9e, 0x3b, 0x9e,
  0x3b, 0x9e, 0x3b, 0x9e, 0x3c, 0x9e, 0x3b, 0x96, 0x3b, 0x9e, 0x9a, 0x85, 0x11, 0x43, 0xf0, 0x3a,
  0x11, 0x43, 0x10, 0x43, 0x31, 0x43, 0x71, 0x5b, 0x35, 0x64, 0x59, 0x7d, 0x9a, 0x85, 0xba, 0x8d,
  0xbb, 0x8d, 0xda, 0x8d, 0xda, 0x8d, 0x3c, 0x9e, 0x1b, 0xa6, 0x00, 0x00, 0xef, 0x7b, 0x00, 0x00,
  0x00, 0x00, 0x00, 0x00, 0x00, 0x00, 0x00, 0x00, 0x00, 0x00, 0x00, 0x00, 0x00, 0x00, 0x00, 0x00,
  0x00, 0x00, 0x00, 0x00, 0x00, 0x00, 0x00, 0x00, 0x00, 0x00, 0x00, 0x00, 0x00, 0x00, 0x00, 0x00,
  0x00, 0x00, 0x00, 0x00, 0x00, 0x00, 0x00, 0x00, 0x00, 0x00, 0x00, 0x00, 0x00, 0x00, 0x00, 0x00,
  0x00, 0x00, 0x00, 0x00, 0x00, 0x00, 0x00, 0x00, 0x00, 0x00, 0x00, 0x00, 0x00, 0x00, 0x00, 0x00,
  0x00, 0x00, 0x00, 0x00, 0x00, 0x00, 0x00, 0x00, 0x00, 0x00, 0x00, 0x00, 0x00, 0x00, 0x00, 0x00,
  0x00, 0x00, 0x00, 0x00, 0x00, 0x00, 0x00, 0x00, 0x00, 0x00, 0x00, 0x00, 0x00, 0x00, 0x00, 0x00,
  0x00, 0x00, 0x00, 0x00, 0x00, 0x00, 0x00, 0x00, 0x00, 0x00, 0x00, 0x00, 0x00, 0x00, 0x00, 0x00,
  0x00, 0x00, 0x00, 0x00, 0x00, 0x00, 0x00, 0x00, 0x00, 0x00, 0x00, 0x00, 0x00, 0x00, 0x00, 0x00,
  0x00, 0x00, 0x00, 0x00, 0x00, 0x00, 0x00, 0x00, 0x00, 0x00, 0x00, 0x00, 0x00, 0x00, 0x00, 0x00,
  0x00, 0x00, 0x00, 0x00, 0x00, 0x00, 0x00, 0x00, 0x00, 0x00, 0x00, 0x00, 0x00, 0x00, 0x00, 0x00,
  0x00, 0x00, 0x00, 0x00, 0x00, 0x00, 0x00, 0x00, 0x00, 0x00, 0x00, 0x00, 0x00, 0x00, 0x00, 0x00,
  0x00, 0x00, 0x00, 0x00, 0x00, 0x00, 0x00, 0x00, 0x00, 0x00, 0x00, 0x00, 0x00, 0x00, 0x00, 0x00,
  0x1f, 0x00, 0x00, 0x00, 0xff, 0xff, 0x75, 0x7c, 0xb2, 0x5b, 0xd3, 0x5b, 0x14, 0x5c, 0x35, 0x5c,
  0x76, 0x5c, 0xb6, 0x64, 0xd7, 0x6c, 0x10, 0x4b, 0x8e, 0x3a, 0xae, 0x42, 0xce, 0x42, 0xcf, 0x42,
  0xcf, 0x42, 0x8e, 0x3a, 0x72, 0x53, 0x76, 0x64, 0x76, 0x64, 0xb7, 0x6c, 0xb7, 0x6c, 0xd7, 0x74,
  0xd7, 0x6c, 0xd8, 0x6c, 0xf7, 0x6c, 0xd8, 0x74, 0xf8, 0x6c, 0xf8, 0x74, 0xf8, 0x6c, 0x18, 0x75,
  0x18, 0x6d, 0x39, 0x75, 0x38, 0x75, 0x39, 0x75, 0x58, 0x75, 0x59, 0x75, 0x58, 0x7d, 0x59, 0x75,
  0x59, 0x7d, 0x59, 0x75, 0x79, 0x7d, 0x59, 0x7d, 0x79, 0x7d, 0x7a, 0x7d, 0x79, 0x85, 0x99, 0x7d,
  0x9a, 0x85, 0x99, 0x85, 0x9a, 0x85, 0x9a, 0x7d, 0xb9, 0x85, 0xba, 0x85, 0xba, 0x85, 0xba, 0x8d,
  0xba, 0x8d, 0xda, 0x8d, 0xfa, 0x8d, 0xda, 0x95, 0xfa, 0x95, 0xfa, 0x9d, 0xfa, 0x9d, 0x1a, 0x9e,
  0x1b, 0x9e, 0x1a, 0xa6, 0x1b, 0xa6, 0x3a, 0xa6, 0x3a, 0xae, 0x3b, 0xae, 0x3a, 0xae, 0x3a, 0xa6,
  0x3b, 0xae, 0x3b, 0xae, 0x5b, 0xae, 0x3b, 0xae, 0x3b, 0xae, 0x5b, 0xae, 0x5b, 0xae, 0x5b, 0xae,
  0x5b, 0xa6, 0x3a, 0xae, 0x5b, 0xae, 0x3b, 0xa6, 0x3b, 0xa6, 0x3b, 0xa6, 0x3b, 0xa6, 0x5b, 0xa6,
  0x3b, 0x9e, 0x3b, 0x9e, 0x5b, 0x9e, 0x3b, 0x9e, 0x3b, 0x9e, 0x3b, 0x9e, 0x1b, 0x96, 0x7c, 0x9e,
  0x38, 0x7d, 0xf0, 0x3a, 0x10, 0x43, 0x11, 0x43, 0x31, 0x43, 0x31, 0x53, 0xd3, 0x53, 0x59, 0x7d,
  0x9a, 0x7d, 0x9a, 0x85, 0xba, 0x8d, 0xda, 0x85, 0xda, 0x8d, 0x1c, 0x8e, 0xfa, 0x9d, 0x00, 0x00,
  0x10, 0x84, 0x00, 0x00, 0x00, 0x00, 0x00, 0x00, 0x00, 0x00, 0x00, 0x00, 0x00, 0x00, 0x00, 0x00,
  0x00, 0x00, 0x00, 0x00, 0x00, 0x00, 0x00, 0x00, 0x00, 0x00, 0x00, 0x00, 0x00, 0x00, 0x00, 0x00,
  0x00, 0x00, 0x00, 0x00, 0x00, 0x00, 0x00, 0x00, 0x00, 0x00, 0x00, 0x00, 0x00, 0x00, 0x00, 0x00,
  0x00, 0x00, 0x00, 0x00, 0x00, 0x00, 0x00, 0x00, 0x00, 0x00, 0x00, 0x00, 0x00, 0x00, 0x00, 0x00,
  0x00, 0x00, 0x00, 0x00, 0x00, 0x00, 0x00, 0x00, 0x00, 0x00, 0x00, 0x00, 0x00, 0x00, 0x00, 0x00,
  0x00, 0x00, 0x00, 0x00, 0x00, 0x00, 0x00, 0x00, 0x00, 0x00, 0x00, 0x00, 0x00, 0x00, 0x00, 0x00,
  0x00, 0x00, 0x00, 0x00, 0x00, 0x00, 0x00, 0x00, 0x00, 0x00, 0x00, 0x00, 0x00, 0x00, 0x00, 0x00,
  0x00, 0x00, 0x00, 0x00, 0x00, 0x00, 0x00, 0x00, 0x00, 0x00, 0x00, 0x00, 0x00, 0x00, 0x00, 0x00,
  0x00, 0x00, 0x00, 0x00, 0x00, 0x00, 0x00, 0x00, 0x00, 0x00, 0x00, 0x00, 0x00, 0x00, 0x00, 0x00,
  0x00, 0x00, 0x00, 0x00, 0x00, 0x00, 0x00, 0x00, 0x00, 0x00, 0x00, 0x00, 0x00, 0x00, 0x00, 0x00,
  0x00, 0x00, 0x00, 0x00, 0x00, 0x00, 0x00, 0x00, 0x00, 0x00, 0x00, 0x00, 0x00, 0x00, 0x00, 0x00,
  0x00, 0x00, 0x00, 0x00, 0x00, 0x00, 0x00, 0x00, 0x00, 0x00, 0x00, 0x00, 0x00, 0x00, 0x00, 0x00,
  0x00, 0x00, 0x00, 0x00, 0xef, 0x83, 0x00, 0x00, 0x3a, 0xb6, 0x33, 0x74, 0x92, 0x53, 0xb2, 0x53,
  0xf4, 0x53, 0x34, 0x5c, 0x55, 0x5c, 0xd8, 0x6c, 0xb3, 0x53, 0x0c, 0x2a, 0xae, 0x42, 0xae, 0x3a,
  0xaf, 0x42, 0xae, 0x3a, 0x8d, 0x3a, 0x8f, 0x3a, 0xf4, 0x53, 0x56, 0x5c, 0x96, 0x64, 0x96, 0x64,
  0xb7, 0x6c, 0xb7, 0x6c, 0xd7, 0x6c, 0xd7, 0x6c, 0xd8, 0x74, 0xd7, 0x6c, 0xd7, 0x6c, 0xf8, 0x6c,
  0xf8, 0x6c, 0x18, 0x75, 0x18, 0x6d, 0x18, 0x75, 0x38, 0x6d, 0x39, 0x75, 0x58, 0x75, 0x59, 0x75,
  0x39, 0x75, 0x58, 0x75, 0x59, 0x7d, 0x59, 0x75, 0x59, 0x7d, 0x59, 0x7d, 0x79, 0x7d, 0x79, 0x7d,
  0x7a, 0x7d, 0x99, 0x85, 0x99, 0x7d, 0x99, 0x7d, 0x9a, 0x85, 0xb9, 0x85, 0x9a, 0x85, 0xb9, 0x85,
  0xba, 0x85, 0xba, 0x85, 0xba, 0x8d, 0xda, 0x8d, 0xda, 0x95, 0xfa, 0x8d, 0xda, 0x95, 0xfa, 0x95,
  0xfb, 0x9d, 0xfa, 0x9d, 0x1a, 0xa6, 0x1a, 0xa6, 0x1a, 0xa6, 0x1b, 0xa6, 0x3a, 0xa6, 0x3b, 0xae,
  0x3b, 0xa6, 0x3a, 0xae, 0x5b, 0xae, 0x3a, 0xae, 0x5a, 0xae, 0x5b, 0xae, 0x5b, 0xae, 0x3a, 0xae,
  0x5b, 0xae, 0x5a, 0xae, 0x5b, 0xae, 0x5b, 0xae, 0x3b, 0xae, 0x5b, 0xa6, 0x3b, 0xae, 0x3b, 0xa6,
  0x3b, 0xa6, 0x5b, 0xa6, 0x3b, 0x9e, 0x3b, 0xa6, 0x3b, 0x9e, 0x3b, 0x96, 0x3b, 0x9e, 0x3b, 0x9e,
  0x3b, 0x9e, 0x3b, 0x9e, 0x7c, 0xa6, 0x76, 0x6c, 0xcf, 0x3a, 0x10, 0x43, 0x10, 0x43, 0x11, 0x43,
  0xd4, 0x53, 0x5a, 0x7d, 0x79, 0x7d, 0x99, 0x85, 0x9a, 0x85, 0xba, 0x85, 0xba, 0x85, 0xfb, 0x8d,
  0xba, 0x95, 0x00, 0x00, 0x55, 0x55, 0x00, 0x00, 0x00, 0x00, 0x00, 0x00, 0x00, 0x00, 0x00, 0x00,
  0x00, 0x00, 0x00, 0x00, 0x00, 0x00, 0x00, 0x00, 0x00, 0x00, 0x00, 0x00, 0x00, 0x00, 0x00, 0x00,
  0x00, 0x00, 0x00, 0x00, 0x00, 0x00, 0x00, 0x00, 0x00, 0x00, 0x00, 0x00, 0x00, 0x00, 0x00, 0x00,
  0x00, 0x00, 0x00, 0x00, 0x00, 0x00, 0x00, 0x00, 0x00, 0x00, 0x00, 0x00, 0x00, 0x00, 0x00, 0x00,
  0x00, 0x00, 0x00, 0x00, 0x00, 0x00, 0x00, 0x00, 0x00, 0x00, 0x00, 0x00, 0x00, 0x00, 0x00, 0x00,
  0x00, 0x00, 0x00, 0x00, 0x00, 0x00, 0x00, 0x00, 0x00, 0x00, 0x00, 0x00, 0x00, 0x00, 0x00, 0x00,
  0x00, 0x00, 0x00, 0x00, 0x00, 0x00, 0x00, 0x00, 0x00, 0x00, 0x00, 0x00, 0x00, 0x00, 0x00, 0x00,
  0x00, 0x00, 0x00, 0x00, 0x00, 0x00, 0x00, 0x00, 0x00, 0x00, 0x00, 0x00, 0x00, 0x00, 0x00, 0x00,
  0x00, 0x00, 0x00, 0x00, 0x00, 0x00, 0x00, 0x00, 0x00, 0x00, 0x00, 0x00, 0x00, 0x00, 0x00, 0x00,
  0x00, 0x00, 0x00, 0x00, 0x00, 0x00, 0x00, 0x00, 0x00, 0x00, 0x00, 0x00, 0x00, 0x00, 0x00, 0x00,
  0x00, 0x00, 0x00, 0x00, 0x00, 0x00, 0x00, 0x00, 0x00, 0x00, 0x00, 0x00, 0x00, 0x00, 0x00, 0x00,
  0x00, 0x00, 0x00, 0x00, 0x00, 0x00, 0x00, 0x00, 0x00, 0x00, 0x00, 0x00, 0x00, 0x00, 0x00, 0x00,
  0x00, 0x00, 0x00, 0x00, 0x00, 0x00, 0x00, 0x00, 0x10, 0x7c, 0x00, 0x00, 0x37, 0x95, 0xd2, 0x6b,
  0x51, 0x4b, 0x92, 0x53, 0xd3, 0x53, 0x14, 0x5c, 0x35, 0x5c, 0xb7, 0x6c, 0xf0, 0x3a, 0xcb, 0x29,
  0x8d, 0x3a, 0x8e, 0x3a, 0x8e, 0x3a, 0xae, 0x3a, 0x6e, 0x32, 0x93, 0x4b, 0x35, 0x5c, 0x56, 0x64,
  0x96, 0x64, 0x97, 0x6c, 0xb7, 0x6c, 0xb7, 0x6c, 0xb7, 0x6c, 0xb8, 0x6c, 0xb7, 0x6c, 0xd8, 0x6c,
  0xf8, 0x6c, 0xf8, 0x6c, 0xf8, 0x6c, 0x18, 0x6d, 0x18, 0x6d, 0x18, 0x75, 0x38, 0x6d, 0x38, 0x75,
  0x38, 0x6d, 0x39, 0x75, 0x58, 0x75, 0x59, 0x75, 0x59, 0x7d, 0x59, 0x7d, 0x59, 0x75, 0x59, 0x7d,
  0x79, 0x7d, 0x79, 0x7d, 0x79, 0x7d, 0x79, 0x7d, 0x7a, 0x85, 0x99, 0x7d, 0x99, 0x85, 0x9a, 0x7d,
  0x99, 0x85, 0x9a, 0x85, 0x9a, 0x85, 0xba, 0x8d, 0xba, 0x85, 0xba, 0x8d, 0xba, 0x8d, 0xd9, 0x95,
  0xfa, 0x95, 0xfa, 0x95, 0xfa, 0x9d, 0xfa, 0x9d, 0x1a, 0x9e, 0x1b, 0x9e, 0x1a, 0xa6, 0x1b, 0xa6,
  0x1a, 0xae, 0x3b, 0xa6, 0x3a, 0xae, 0x3a, 0xae, 0x3b, 0xae, 0x5a, 0xae, 0x3b, 0xae, 0x5a, 0xae,
  0x5b, 0xae, 0x3a, 0xae, 0x5b, 0xae, 0x3b, 0xae, 0x5b, 0xae, 0x5b, 0xae, 0x3b, 0xae, 0x3b, 0xae,
  0x3b, 0xa6, 0x5b, 0xa6, 0x3b, 0xa6, 0x3b, 0xa6, 0x5b, 0xa6, 0x3b, 0x9e, 0x3b, 0x9e, 0x5c, 0x9e,
  0x3b, 0x9e, 0x3b, 0x9e, 0x3b, 0x9e, 0x3b, 0x96, 0x3b, 0x9e, 0x3c, 0x96, 0xb3, 0x53, 0xaf, 0x3a,
  0x11, 0x4b, 0xd0, 0x3a, 0x56, 0x64, 0x59, 0x7d, 0x59, 0x7d, 0x79, 0x7d, 0x9a, 0x7d, 0x99, 0x7d,
  0x7a, 0x7d, 0xdb, 0x85, 0x9a, 0x8d, 0x00, 0x00, 0xf7, 0x83, 0x00, 0x00, 0x00, 0x00, 0x00, 0x00,
  0x00, 0x00, 0x00, 0x00, 0x00, 0x00, 0x00, 0x00, 0x00, 0x00, 0x00, 0x00, 0x00, 0x00, 0x00, 0x00,
  0x00, 0x00, 0x00, 0x00, 0x00, 0x00, 0x00, 0x00, 0x00, 0x00, 0x00, 0x00, 0x00, 0x00, 0x00, 0x00,
  0x00, 0x00, 0x00, 0x00, 0x00, 0x00, 0x00, 0x00, 0x00, 0x00, 0x00, 0x00, 0x00, 0x00, 0x00, 0x00,
  0x00, 0x00, 0x00, 0x00, 0x00, 0x00, 0x00, 0x00, 0x00, 0x00, 0x00, 0x00, 0x00, 0x00, 0x00, 0x00,
  0x00, 0x00, 0x00, 0x00, 0x00, 0x00, 0x00, 0x00, 0x00, 0x00, 0x00, 0x00, 0x00, 0x00, 0x00, 0x00,
  0x00, 0x00, 0x00, 0x00, 0x00, 0x00, 0x00, 0x00, 0x00, 0x00, 0x00, 0x00, 0x00, 0x00, 0x00, 0x00,
  0x00, 0x00, 0x00, 0x00, 0x00, 0x00, 0x00, 0x00, 0x00, 0x00, 0x00, 0x00, 0x00, 0x00, 0x00, 0x00,
  0x00, 0x00, 0x00, 0x00, 0x00, 0x00, 0x00, 0x00, 0x00, 0x00, 0x00, 0x00, 0x00, 0x00, 0x00, 0x00,
  0x00, 0x00, 0x00, 0x00, 0x00, 0x00, 0x00, 0x00, 0x00, 0x00, 0x00, 0x00, 0x00, 0x00, 0x00, 0x00,
  0x00, 0x00, 0x00, 0x00, 0x00, 0x00, 0x00, 0x00, 0x00, 0x00, 0x00, 0x00, 0x00, 0x00, 0x00, 0x00,
  0x00, 0x00, 0x00, 0x00, 0x00, 0x00, 0x00, 0x00, 0x00, 0x00, 0x00, 0x00, 0x00, 0x00, 0x00, 0x00,
  0x00, 0x00, 0x00, 0x00, 0x00, 0x00, 0x00, 0x00, 0x00, 0x00, 0x00, 0x00, 0xef, 0x83, 0x00, 0x00,
  0xf6, 0x94, 0xb2, 0x63, 0x10, 0x43, 0x51, 0x4b, 0x92, 0x4b, 0xf3, 0x53, 0x15, 0x5c, 0xd7, 0x6c,
  0xd0, 0x3a, 0xaa, 0x21, 0x6d, 0x3a, 0x6d, 0x3a, 0x8e, 0x3a, 0x8e, 0x3a, 0x31, 0x43, 0x36, 0x5c,
  0x55, 0x5c, 0x76, 0x64, 0x76, 0x64, 0x96, 0x64, 0x97, 0x64, 0xb6, 0x6c, 0xb7, 0x6c, 0xb7, 0x6c,
  0xd7, 0x6c, 0xd7, 0x6c, 0xd7, 0x6c, 0xf7, 0x6c, 0xf8, 0x6c, 0xf8, 0x6c, 0x18, 0x75, 0x18, 0x6d,
  0x18, 0x75, 0x39, 0x6d, 0x38, 0x75, 0x39, 0x75, 0x58, 0x75, 0x39, 0x7d, 0x59, 0x75, 0x58, 0x75,
  0x59, 0x7d, 0x59, 0x7d, 0x59, 0x7d, 0x59, 0x7d, 0x79, 0x7d, 0x7a, 0x7d, 0x79, 0x85, 0x79, 0x7d,
  0x9a, 0x85, 0x99, 0x85, 0x9a, 0x7d, 0x99, 0x85, 0xb9, 0x85, 0xb9, 0x85, 0xba, 0x85, 0xba, 0x8d,
  0xda, 0x8d, 0xda, 0x8d, 0xda, 0x95, 0xfa, 0x95, 0xfa, 0x9d, 0xfa, 0x9d, 0xfa, 0x9d, 0x1a, 0x9e,
  0x1b, 0xa6, 0x3a, 0xa6, 0x1a, 0xa6, 0x1b, 0xae, 0x3a, 0xa6, 0x3b, 0xae, 0x3a, 0xae, 0x3b, 0xae,
  0x5b, 0xae, 0x3b, 0xae, 0x5b, 0xae, 0x5b, 0xae, 0x5a, 0xae, 0x5b, 0xae, 0x5b, 0xae, 0x5a, 0xae,
  0x5b, 0xae, 0x5a, 0xae, 0x5b, 0xae, 0x3b, 0xae, 0x3b, 0xa6, 0x3b, 0xa6, 0x3b, 0xa6, 0x5b, 0xa6,
  0x3b, 0x9e, 0x3b, 0x9e, 0x3b, 0x9e, 0x5b, 0x9e, 0x3b, 0x9e, 0x3b, 0x9e, 0x1b, 0x96, 0x3b, 0x96,
  0xdb, 0x95, 0x52, 0x4b, 0x4f, 0x2a, 0x52, 0x43, 0x19, 0x75, 0x39, 0x75, 0x39, 0x75, 0x59, 0x7d,
  0x7a, 0x75, 0x7a, 0x7d, 0x59, 0x75, 0x9b, 0x85, 0x79, 0x8d, 0x00, 0x00, 0x5f, 0xa5, 0x00, 0x00,
  0x00, 0x00, 0x00, 0x00, 0x00, 0x00, 0x00, 0x00, 0x00, 0x00, 0x00, 0x00, 0x00, 0x00, 0x00, 0x00,
  0x00, 0x00, 0x00, 0x00, 0x00, 0x00, 0x00, 0x00, 0x00, 0x00, 0x00, 0x00, 0x00, 0x00, 0x00, 0x00,
  0x00, 0x00, 0x00, 0x00, 0x00, 0x00, 0x00, 0x00, 0x00, 0x00, 0x00, 0x00, 0x00, 0x00, 0x00, 0x00,
  0x00, 0x00, 0x00, 0x00, 0x00, 0x00, 0x00, 0x00, 0x00, 0x00, 0x00, 0x00, 0x00, 0x00, 0x00, 0x00,
  0x00, 0x00, 0x00, 0x00, 0x00, 0x00, 0x00, 0x00, 0x00, 0x00, 0x00, 0x00, 0x00, 0x00, 0x00, 0x00,
  0x00, 0x00, 0x00, 0x00, 0x00, 0x00, 0x00, 0x00, 0x00, 0x00, 0x00, 0x00, 0x00, 0x00, 0x00, 0x00,
  0x00, 0x00, 0x00, 0x00, 0x00, 0x00, 0x00, 0x00, 0x00, 0x00, 0x00, 0x00, 0x00, 0x00, 0x00, 0x00,
  0x00, 0x00, 0x00, 0x00, 0x00, 0x00, 0x00, 0x00, 0x00, 0x00, 0x00, 0x00, 0x00, 0x00, 0x00, 0x00,
  0x00, 0x00, 0x00, 0x00, 0x00, 0x00, 0x00, 0x00, 0x00, 0x00, 0x00, 0x00, 0x00, 0x00, 0x00, 0x00,
  0x00, 0x00, 0x00, 0x00, 0x00, 0x00, 0x00, 0x00, 0x00, 0x00, 0x00, 0x00, 0x00, 0x00, 0x00, 0x00,
  0x00, 0x00, 0x00, 0x00, 0x00, 0x00, 0x00, 0x00, 0x00, 0x00, 0x00, 0x00, 0x00, 0x00, 0x00, 0x00,
  0x00, 0x00, 0x00, 0x00, 0x00, 0x00, 0x00, 0x00, 0x00, 0x00, 0x00, 0x00, 0x00, 0x00, 0x00, 0x00,
  0xff, 0xff, 0x00, 0x00, 0x1a, 0xb6, 0xb2, 0x6b, 0xf0, 0x42, 0x31, 0x43, 0x72, 0x4b, 0xb3, 0x53,
  0xf4, 0x53, 0x97, 0x64, 0x31, 0x4b, 0x69, 0x19, 0x2c, 0x32, 0x6d, 0x3a, 0x4d, 0x32, 0xcf, 0x42,
  0x15, 0x5c, 0x35, 0x5c, 0x55, 0x64, 0x76, 0x64, 0x76, 0x64, 0x77, 0x6c, 0x96, 0x64, 0x97, 0x64,
  0xb7, 0x64, 0xb7, 0x64, 0xd7, 0x6c, 0xd7, 0x6c, 0xd8, 0x6c, 0xf7, 0x6c, 0xf8, 0x6c, 0xf7, 0x6c,
  0x18, 0x6d, 0x18, 0x6d, 0x18, 0x75, 0x18, 0x6d, 0x38, 0x75, 0x39, 0x75, 0x38, 0x75, 0x39, 0x7d,
  0x39, 0x75, 0x59, 0x7d, 0x59, 0x75, 0x59, 0x7d, 0x58, 0x75, 0x59, 0x7d, 0x79, 0x7d, 0x79, 0x7d,
  0x79, 0x7d, 0x79, 0x85, 0x7a, 0x7d, 0x79, 0x7d, 0x99, 0x85, 0x9a, 0x7d, 0xba, 0x85, 0x99, 0x85,
  0xba, 0x85, 0xba, 0x8d, 0xba, 0x8d, 0xba, 0x8d, 0xd9, 0x95, 0xda, 0x95, 0xfa, 0x95, 0xfa, 0x95,
  0xfa, 0x9d, 0xfa, 0x9d, 0x1a, 0xa6, 0x1b, 0xa6, 0x1a, 0xa6, 0x1a, 0xa6, 0x3b, 0xae, 0x3a, 0xa6,
  0x5b, 0xae, 0x3b, 0xae, 0x3b, 0xae, 0x5a, 0xae, 0x3b, 0xae, 0x5a, 0xae, 0x5b, 0xae, 0x3b, 0xae,
  0x5a, 0xae, 0x3b, 0xae, 0x5b, 0xae, 0x3b, 0xae, 0x5b, 0xae, 0x3b, 0xa6, 0x3b, 0xae, 0x3b, 0xa6,
  0x3b, 0xa6, 0x3b, 0xa6, 0x3b, 0x9e, 0x3b, 0x9e, 0x3b, 0x9e, 0x3b, 0x9e, 0x3b, 0x9e, 0x3b, 0x96,
  0x3b, 0x9e, 0x1b, 0x96, 0x3b, 0x96, 0x9a, 0x85, 0xd4, 0x53, 0xb8, 0x64, 0x18, 0x6d, 0x19, 0x75,
  0x39, 0x75, 0x39, 0x75, 0x59, 0x75, 0x59, 0x75, 0x5a, 0x75, 0x59, 0x7d, 0xfc, 0x95, 0x00, 0x00,
  0xff, 0xff, 0x00, 0x00, 0x00, 0x00, 0x00, 0x00, 0x00, 0x00, 0x00, 0x00, 0x00, 0x00, 0x00, 0x00,
  0x00, 0x00, 0x00, 0x00, 0x00, 0x00, 0x00, 0x00, 0x00, 0x00, 0x00, 0x00, 0x00, 0x00, 0x00, 0x00,
  0x00, 0x00, 0x00, 0x00, 0x00, 0x00, 0x00, 0x00, 0x00, 0x00, 0x00, 0x00, 0x00, 0x00, 0x00, 0x00,
  0x00, 0x00, 0x00, 0x00, 0x00, 0x00, 0x00, 0x00, 0x00, 0x00, 0x00, 0x00, 0x00, 0x00, 0x00, 0x00,
  0x00, 0x00, 0x00, 0x00, 0x00, 0x00, 0x00, 0x00, 0x00, 0x00, 0x00, 0x00, 0x00, 0x00, 0x00, 0x00,
  0x00, 0x00, 0x00, 0x00, 0x00, 0x00, 0x00, 0x00, 0x00, 0x00, 0x00, 0x00, 0x00, 0x00, 0x00, 0x00,
  0x00, 0x00, 0x00, 0x00, 0x00, 0x00, 0x00, 0x00, 0x00, 0x00, 0x00, 0x00, 0x00, 0x00, 0x00, 0x00,
  0x00, 0x00, 0x00, 0x00, 0x00, 0x00, 0x00, 0x00, 0x00, 0x00, 0x00, 0x00, 0x00, 0x00, 0x00, 0x00,
  0x00, 0x00, 0x00, 0x00, 0x00, 0x00, 0x00, 0x00, 0x00, 0x00, 0x00, 0x00, 0x00, 0x00, 0x00, 0x00,
  0x00, 0x00, 0x00, 0x00, 0x00, 0x00, 0x00, 0x00, 0x00, 0x00, 0x00, 0x00, 0x00, 0x00, 0x00, 0x00,
  0x00, 0x00, 0x00, 0x00, 0x00, 0x00, 0x00, 0x00, 0x00, 0x00, 0x00, 0x00, 0x00, 0x00, 0x00, 0x00,
  0x00, 0x00, 0x00, 0x00, 0x00, 0x00, 0x00, 0x00, 0x00, 0x00, 0x00, 0x00, 0x00, 0x00, 0x00, 0x00,
  0x00, 0x00, 0x00, 0x00, 0x00, 0x00, 0x00, 0x00, 0x00, 0x00, 0xb2, 0x63, 0x10, 0x4b, 0xf0, 0x42,
  0x31, 0x4b, 0x92, 0x4b, 0xd3, 0x53, 0x35, 0x5c, 0xb3, 0x53, 0x69, 0x21, 0xcb, 0x29, 0x0b, 0x32,
  0x4d, 0x2a, 0xb3, 0x53, 0x15, 0x5c, 0x35, 0x5c, 0x56, 0x64, 0x76, 0x64, 0x76, 0x64, 0x96, 0x64,
  0x96, 0x64, 0x96, 0x6c, 0xb6, 0x64, 0xb7, 0x6c, 0xb7, 0x64, 0xb7, 0x6c, 0xd7, 0x64, 0xd7, 0x6c,
  0xf8, 0x64, 0xf8, 0x6c, 0xf8, 0x6c, 0xf8, 0x6c, 0x18, 0x6d, 0x18, 0x6d, 0x38, 0x75, 0x38, 0x75,
  0x39, 0x75, 0x38, 0x75, 0x38, 0x75, 0x39, 0x75, 0x59, 0x75, 0x39, 0x7d, 0x59, 0x7d, 0x59, 0x7d,
  0x59, 0x7d, 0x79, 0x7d, 0x7a, 0x85, 0x79, 0x7d, 0x79, 0x85, 0x99, 0x7d, 0x9a, 0x85, 0x99, 0x85,
  0x99, 0x7d, 0x9a, 0x85, 0x9a, 0x85, 0xb9, 0x85, 0xba, 0x8d, 0xb9, 0x8d, 0xda, 0x8d, 0xda, 0x95,
  0xda, 0x95, 0xda, 0x9d, 0xfa, 0x9d, 0xfa, 0x9d, 0x1a, 0x9e, 0x1a, 0x9e, 0x1b, 0xa6, 0x1a, 0xa6,
  0x3b, 0xae, 0x1b, 0xa6, 0x3a, 0xae, 0x3b, 0xae, 0x5b, 0xae, 0x3b, 0xae, 0x5a, 0xae, 0x5b, 0xae,
  0x3a, 0xa6, 0x5b, 0xae, 0x5b, 0xae, 0x5a, 0xae, 0x3b, 0xae, 0x5b, 0xae, 0x3b, 0xae, 0x5b, 0xae,
  0x3b, 0xa6, 0x3b, 0xa6, 0x3b, 0xae, 0x5b, 0xa6, 0x3b, 0xa6, 0x5b, 0x9e, 0x3c, 0x9e, 0x5b, 0x9e,
  0x3b, 0x9e, 0x3b, 0x96, 0x1b, 0x96, 0x3b, 0x96, 0x1b, 0x96, 0x1b, 0x96, 0x5b, 0x9e, 0x9a, 0x85,
  0xf8, 0x6c, 0xf9, 0x6c, 0x18, 0x6d, 0x39, 0x6d, 0x39, 0x75, 0x39, 0x6d, 0x5b, 0x75, 0x39, 0x85,
  0x00, 0x00, 0x55, 0x55, 0x00, 0x00, 0x00, 0x00, 0x00, 0x00, 0x00, 0x00, 0x00, 0x00, 0x00, 0x00,
  0x00, 0x00, 0x00, 0x00, 0x00, 0x00, 0x00, 0x00, 0x00, 0x00, 0x00, 0x00, 0x00, 0x00, 0x00, 0x00,
  0x00, 0x00, 0x00, 0x00, 0x00, 0x00, 0x00, 0x00, 0x00, 0x00, 0x00, 0x00, 0x00, 0x00, 0x00, 0x00,
  0x00, 0x00, 0x00, 0x00, 0x00, 0x00, 0x00, 0x00, 0x00, 0x00, 0x00, 0x00, 0x00, 0x00, 0x00, 0x00,
  0x00, 0x00, 0x00, 0x00, 0x00, 0x00, 0x00, 0x00, 0x00, 0x00, 0x00, 0x00, 0x00, 0x00, 0x00, 0x00,
  0x00, 0x00, 0x00, 0x00, 0x00, 0x00, 0x00, 0x00, 0x00, 0x00, 0x00, 0x00, 0x00, 0x00, 0x00, 0x00,
  0x00, 0x00, 0x00, 0x00, 0x00, 0x00, 0x00, 0x00, 0x00, 0x00, 0x00, 0x00, 0x00, 0x00, 0x00, 0x00,
  0x00, 0x00, 0x00, 0x00, 0x00, 0x00, 0x00, 0x00, 0x00, 0x00, 0x00, 0x00, 0x00, 0x00, 0x00, 0x00,
  0x00, 0x00, 0x00, 0x00, 0x00, 0x00, 0x00, 0x00, 0x00, 0x00, 0x00, 0x00, 0x00, 0x00, 0x00, 0x00,
  0x00, 0x00, 0x00, 0x00, 0x00, 0x00, 0x00, 0x00, 0x00, 0x00, 0x00, 0x00, 0x00, 0x00, 0x00, 0x00,
  0x00, 0x00, 0x00, 0x00, 0x00, 0x00, 0x00, 0x00, 0x00, 0x00, 0x00, 0x00, 0x00, 0x00, 0x00, 0x00,
  0x00, 0x00, 0x00, 0x00, 0x00, 0x00, 0x00, 0x00, 0x00, 0x00, 0x00, 0x00, 0x00, 0x00, 0x00, 0x00,
  0x00, 0x00, 0x00, 0x00, 0x00, 0x00, 0x00, 0x00, 0x00, 0x00, 0x0f, 0x44, 0x00, 0x00, 0xd1, 0x63,
  0x31, 0x4b, 0xd0, 0x3a, 0x10, 0x43, 0x51, 0x43, 0x72, 0x4b, 0xd3, 0x53, 0xf4, 0x53, 0x4d, 0x32,
  0x49, 0x19, 0xcb, 0x21, 0x31, 0x43, 0xf4, 0x5b, 0x14, 0x5c, 0x35, 0x64, 0x75, 0x64, 0x76, 0x64,
  0x76, 0x64, 0x76, 0x64, 0x96, 0x64, 0x96, 0x64, 0x97, 0x64, 0x96, 0x6c, 0xb7, 0x64, 0xb7, 0x6c,
  0xd7, 0x6c, 0xd7, 0x64, 0xf7, 0x6c, 0xf8, 0x6c, 0xf7, 0x6c, 0xf8, 0x6c, 0x18, 0x6d, 0x18, 0x75,
  0x18, 0x6d, 0x38, 0x75, 0x39, 0x75, 0x38, 0x75, 0x39, 0x75, 0x58, 0x7d, 0x38, 0x75, 0x59, 0x7d,
  0x59, 0x75, 0x58, 0x7d, 0x59, 0x7d, 0x59, 0x7d, 0x79, 0x7d, 0x79, 0x7d, 0x79, 0x85, 0x7a, 0x7d,
  0x79, 0x85, 0x99, 0x7d, 0x9a, 0x85, 0x99, 0x85, 0xba, 0x85, 0x99, 0x85, 0x9a, 0x8d, 0xba, 0x8d,
  0xda, 0x8d, 0xda, 0x95, 0xda, 0x95, 0xda, 0x95, 0xfa, 0x95, 0x1a, 0x9e, 0xfa, 0x9d, 0xfa, 0xa5,
  0x1a, 0x9e, 0x1a, 0xae, 0x1a, 0xa6, 0x3a, 0xa6, 0x1b, 0xa6, 0x3a, 0xae, 0x3b, 0xae, 0x3a, 0xae,
  0x3b, 0xae, 0x3b, 0xae, 0x5b, 0xae, 0x5a, 0xae, 0x3b, 0xae, 0x5b, 0xae, 0x5a, 0xae, 0x3b, 0xae,
  0x3a, 0xae, 0x3b, 0xae, 0x3b, 0xa6, 0x3b, 0xae, 0x3b, 0xa6, 0x3b, 0xa6, 0x3b, 0xa6, 0x5b, 0xa6,
  0x3b, 0x9e, 0x3b, 0x9e, 0x3b, 0x9e, 0x3b, 0x9e, 0x1b, 0x96, 0x1a, 0x9e, 0x1b, 0x96, 0x1a, 0x96,
  0x1b, 0x96, 0x3b, 0x96, 0x9a, 0x85, 0xf8, 0x6c, 0xf9, 0x64, 0xf9, 0x6c, 0xf9, 0x64, 0x19, 0x6d,
  0x19, 0x7d, 0x39, 0x85, 0x00, 0x00, 0x55, 0xad, 0x00, 0x00, 0x00, 0x00, 0x00, 0x00, 0x00, 0x00,
  0x00, 0x00, 0x00, 0x00, 0x00, 0x00, 0x00, 0x00, 0x00, 0x00, 0x00, 0x00, 0x00, 0x00, 0x00, 0x00,
  0x00, 0x00, 0x00, 0x00, 0x00, 0x00, 0x00, 0x00, 0x00, 0x00, 0x00, 0x00, 0x00, 0x00, 0x00, 0x00,
  0x00, 0x00, 0x00, 0x00, 0x00, 0x00, 0x00, 0x00, 0x00, 0x00, 0x00, 0x00, 0x00, 0x00, 0x00, 0x00,
  0x00, 0x00, 0x00, 0x00, 0x00, 0x00, 0x00, 0x00, 0x00, 0x00, 0x00, 0x00, 0x00, 0x00, 0x00, 0x00,
  0x00, 0x00, 0x00, 0x00, 0x00, 0x00, 0x00, 0x00, 0x00, 0x00, 0x00, 0x00, 0x00, 0x00, 0x00, 0x00,
  0x00, 0x00, 0x00, 0x00, 0x00, 0x00, 0x00, 0x00, 0x00, 0x00, 0x00, 0x00, 0x00, 0x00, 0x00, 0x00,
  0x00, 0x00, 0x00, 0x00, 0x00, 0x00, 0x00, 0x00, 0x00, 0x00, 0x00, 0x00, 0x00, 0x00, 0x00, 0x00,
  0x00, 0x00, 0x00, 0x00, 0x00, 0x00, 0x00, 0x00, 0x00, 0x00, 0x00, 0x00, 0x00, 0x00, 0x00, 0x00,
  0x00, 0x00, 0x00, 0x00, 0x00, 0x00, 0x00, 0x00, 0x00, 0x00, 0x00, 0x00, 0x00, 0x00, 0x00, 0x00,
  0x00, 0x00, 0x00, 0x00, 0x00, 0x00, 0x00, 0x00, 0x00, 0x00, 0x00, 0x00, 0x00, 0x00, 0x00, 0x00,
  0x00, 0x00, 0x00, 0x00, 0x00, 0x00, 0x00, 0x00, 0x00, 0x00, 0x00, 0x00, 0x00, 0x00, 0x00, 0x00,
  0x00, 0x00, 0x00, 0x00, 0x00, 0x00, 0x00, 0x00, 0x00, 0x00, 0x00, 0x00, 0x00, 0x00, 0xf0, 0x7b,
  0x00, 0x00, 0x14, 0x7c, 0x30, 0x53, 0xcf, 0x3a, 0xd0, 0x3a, 0x11, 0x43, 0x31, 0x43, 0x72, 0x4b,
  0xb3, 0x53, 0x72, 0x4b, 0xec, 0x21, 0xd0, 0x3a, 0xf4, 0x5b, 0xf4, 0x53, 0x15, 0x5c, 0x35, 0x5c,
  0x55, 0x64, 0x76, 0x64, 0x76, 0x64, 0x76, 0x64, 0x76, 0x64, 0x76, 0x64, 0x96, 0x64, 0x97, 0x6c,
  0xb7, 0x6c, 0xb7, 0x64, 0xd7, 0x6c, 0xd7, 0x64, 0xd7, 0x64, 0xd8, 0x6c, 0xf7, 0x64, 0xf8, 0x6c,
  0xf7, 0x6c, 0x18, 0x75, 0x18, 0x6d, 0x18, 0x75, 0x39, 0x75, 0x18, 0x75, 0x38, 0x75, 0x39, 0x75,
  0x38, 0x7d, 0x59, 0x75, 0x38, 0x7d, 0x59, 0x7d, 0x59, 0x7d, 0x59, 0x7d, 0x79, 0x7d, 0x59, 0x7d,
  0x79, 0x85, 0x79, 0x7d, 0x79, 0x85, 0x7a, 0x85, 0x99, 0x85, 0x99, 0x85, 0x99, 0x85, 0x9a, 0x85,
  0xba, 0x85, 0xba, 0x85, 0xba, 0x8d, 0xd9, 0x8d, 0xda, 0x95, 0xda, 0x95, 0xda, 0x95, 0xda, 0x9d,
  0xfa, 0x9d, 0xfa, 0x9d, 0x1b, 0x9e, 0x1a, 0xa6, 0x1b, 0xa6, 0x1a, 0xa6, 0x3a, 0xa6, 0x3a, 0xae,
  0x5b, 0xae, 0x5b, 0xae, 0x5b, 0xae, 0x3a, 0xae, 0x3b, 0xae, 0x3a, 0xae, 0x5b, 0xae, 0x3a, 0xae,
  0x5b, 0xae, 0x3b, 0xae, 0x3b, 0xae, 0x5b, 0xae, 0x5b, 0xae, 0x3b, 0xa6, 0x3b, 0xa6, 0x5b, 0xa6,
  0x3b, 0xa6, 0x3b, 0x9e, 0x3b, 0xa6, 0x3b, 0x9e, 0x3b, 0x9e, 0x3b, 0x9e, 0x1b, 0x96, 0x3b, 0x96,
  0x1b, 0x9e, 0x1b, 0x96, 0x1b, 0x9e, 0x1b, 0x96, 0x3b, 0x9e, 0x9a, 0x7d, 0xd8, 0x64, 0xd9, 0x64,
  0xd9, 0x64, 0x3a, 0x6d, 0xd8, 0x7c, 0x00, 0x00, 0x10, 0x7c, 0x00, 0x00, 0x00, 0x00, 0x00, 0x00,
  0x00, 0x00, 0x00, 0x00, 0x00, 0x00, 0x00, 0x00, 0x00, 0x00, 0x00, 0x00, 0x00, 0x00, 0x00, 0x00,
  0x00, 0x00, 0x00, 0x00, 0x00, 0x00, 0x00, 0x00, 0x00, 0x00, 0x00, 0x00, 0x00, 0x00, 0x00, 0x00,
  0x00, 0x00, 0x00, 0x00, 0x00, 0x00, 0x00, 0x00, 0x00, 0x00, 0x00, 0x00, 0x00, 0x00, 0x00, 0x00,
  0x00, 0x00, 0x00, 0x00, 0x00, 0x00, 0x00, 0x00, 0x00, 0x00, 0x00, 0x00, 0x00, 0x00, 0x00, 0x00,
  0x00, 0x00, 0x00, 0x00, 0x00, 0x00, 0x00, 0x00, 0x00, 0x00, 0x00, 0x00, 0x00, 0x00, 0x00, 0x00,
  0x00, 0x00, 0x00, 0x00, 0x00, 0x00, 0x00, 0x00, 0x00, 0x00, 0x00, 0x00, 0x00, 0x00, 0x00, 0x00,
  0x00, 0x00, 0x00, 0x00, 0x00, 0x00, 0x00, 0x00, 0x00, 0x00, 0x00, 0x00, 0x00, 0x00, 0x00, 0x00,
  0x00, 0x00, 0x00, 0x00, 0x00, 0x00, 0x00, 0x00, 0x00, 0x00, 0x00, 0x00, 0x00, 0x00, 0x00, 0x00,
  0x00, 0x00, 0x00, 0x00, 0x00, 0x00, 0x00, 0x00, 0x00, 0x00, 0x00, 0x00, 0x00, 0x00, 0x00, 0x00,
  0x00, 0x00, 0x00, 0x00, 0x00, 0x00, 0x00, 0x00, 0x00, 0x00, 0x00, 0x00, 0x00, 0x00, 0x00, 0x00,
  0x00, 0x00, 0x00, 0x00, 0x00, 0x00, 0x00, 0x00, 0x00, 0x00, 0x00, 0x00, 0x00, 0x00, 0x00, 0x00,
  0x00, 0x00, 0x00, 0x00, 0x00, 0x00, 0x00, 0x00, 0x00, 0x00, 0x00, 0x00, 0x00, 0x00, 0x00, 0x00,
  0x00, 0x00, 0x00, 0x00, 0xef, 0x7b, 0x00, 0x00, 0x71, 0x5b, 0x11, 0x4b, 0xaf, 0x3a, 0xcf, 0x3a,
  0xf0, 0x3a, 0x31, 0x43, 0x51, 0x4b, 0x72, 0x4b, 0x72, 0x4b, 0xd4, 0x53, 0xf4, 0x53, 0x14, 0x5c,
  0x14, 0x5c, 0x35, 0x64, 0x55, 0x5c, 0x56, 0x64, 0x55, 0x64, 0x76, 0x64, 0x96, 0x64, 0x76, 0x64,
  0x96, 0x64, 0x96, 0x64, 0x96, 0x64, 0xb7, 0x64, 0xb7, 0x64, 0xd7, 0x64, 0xd7, 0x6c, 0xf8, 0x6c,
  0xd7, 0x6c, 0xf7, 0x6c, 0xf8, 0x6c, 0xf8, 0x6c, 0xf8, 0x74, 0x18, 0x6d, 0x18, 0x75, 0x18, 0x6d,
  0x38, 0x75, 0x39, 0x75, 0x38, 0x75, 0x59, 0x75, 0x38, 0x7d, 0x59, 0x7d, 0x58, 0x7d, 0x59, 0x7d,
  0x59, 0x7d, 0x59, 0x7d, 0x59, 0x7d, 0x79, 0x85, 0x79, 0x7d, 0x79, 0x7d, 0x79, 0x85, 0x9a, 0x7d,
  0x99, 0x85, 0x9a, 0x85, 0x99, 0x85, 0xba, 0x85, 0xba, 0x8d, 0xba, 0x8d, 0xd9, 0x8d, 0xda, 0x95,
  0xda, 0x95, 0xfa, 0x95, 0xda, 0x9d, 0xfa, 0x9d, 0xfa, 0x9d, 0xfa, 0x9d, 0x1a, 0xa6, 0x1b, 0xa6,
  0x1b, 0xa6, 0x5b, 0xae, 0xb9, 0x9d, 0x78, 0x95, 0xfa, 0xa5, 0x5b, 0xae, 0x3b, 0xae, 0x3b, 0xae,
  0x3b, 0xae, 0x3b, 0xae, 0x3b, 0xae, 0x5a, 0xa6, 0x3a, 0xae, 0x3b, 0xa6, 0x3b, 0xae, 0x3b, 0xa6,
  0x3b, 0xa6, 0x3b, 0xa6, 0x3b, 0xa6, 0x3b, 0xa6, 0x3b, 0x9e, 0x3b, 0x9e, 0x3b, 0x9e, 0x1b, 0x9e,
  0x3b, 0x96, 0x1b, 0x9e, 0x1b, 0x96, 0x3a, 0x96, 0x3b, 0x96, 0x1a, 0x9e, 0x1b, 0x96, 0x1b, 0x96,
  0x7a, 0x7d, 0xd8, 0x64, 0xd8, 0x64, 0xb8, 0x74, 0x3a, 0x85, 0x00, 0x00, 0xef, 0x83, 0x00, 0x00,
  0x00, 0x00, 0x00, 0x00, 0x00, 0x00, 0x00, 0x00, 0x00, 0x00, 0x00, 0x00, 0x00, 0x00, 0x00, 0x00,
  0x00, 0x00, 0x00, 0x00, 0x00, 0x00, 0x00, 0x00, 0x00, 0x00, 0x00, 0x00, 0x00, 0x00, 0x00, 0x00,
  0x00, 0x00, 0x00, 0x00, 0x00, 0x00, 0x00, 0x00, 0xff, 0x07, 0x55, 0xad, 0xf7, 0x7d, 0xf7, 0x85,
  0xff, 0xa7, 0xf7, 0x85, 0xf7, 0xbd, 0xff, 0xff, 0xff, 0xff, 0x00, 0x00, 0x00, 0x00, 0x00, 0x00,
  0x00, 0x00, 0x00, 0x00, 0x00, 0x00, 0x00, 0x00, 0x00, 0x00, 0x00, 0x00, 0x00, 0x00, 0x00, 0x00,
  0x00, 0x00, 0x00, 0x00, 0x00, 0x00, 0x00, 0x00, 0x00, 0x00, 0x00, 0x00, 0x00, 0x00, 0x00, 0x00,
  0x00, 0x00, 0x00, 0x00, 0x00, 0x00, 0x00, 0x00, 0x00, 0x00, 0x00, 0x00, 0x00, 0x00, 0x00, 0x00,
  0x00, 0x00, 0x00, 0x00, 0x00, 0x00, 0x00, 0x00, 0x00, 0x00, 0x00, 0x00, 0x00, 0x00, 0x00, 0x00,
  0x00, 0x00, 0x00, 0x00, 0x00, 0x00, 0x00, 0x00, 0x00, 0x00, 0x00, 0x00, 0x00, 0x00, 0x00, 0x00,
  0x00, 0x00, 0x00, 0x00, 0x00, 0x00, 0x00, 0x00, 0x00, 0x00, 0x00, 0x00, 0x00, 0x00, 0x00, 0x00,
  0x00, 0x00, 0x00, 0x00, 0x00, 0x00, 0x00, 0x00, 0x00, 0x00, 0x00, 0x00, 0x00, 0x00, 0x00, 0x00,
  0x00, 0x00, 0x00, 0x00, 0x00, 0x00, 0x00, 0x00, 0x00, 0x00, 0x00, 0x00, 0x00, 0x00, 0x00, 0x00,
  0x00, 0x00, 0x00, 0x00, 0x00, 0x00, 0x00, 0x00, 0x10, 0x84, 0x00, 0x00, 0xb2, 0x73, 0x10, 0x4b,
  0xb0, 0x3a, 0x8f, 0x3a, 0xcf, 0x3a, 0xd0, 0x3a, 0x11, 0x43, 0x72, 0x53, 0xd3, 0x53, 0xd3, 0x53,
  0x14, 0x5c, 0x14, 0x5c, 0x35, 0x5c, 0x35, 0x5c, 0x55, 0x5c, 0x56, 0x64, 0x76, 0x5c, 0x76, 0x64,
  0x76, 0x64, 0x76, 0x64, 0x96, 0x64, 0x97, 0x64, 0x97, 0x64, 0xb7, 0x64, 0xb7, 0x64, 0xd7, 0x64,
  0xd7, 0x64, 0xd7, 0x6c, 0xd8, 0x64, 0xf8, 0x6c, 0xd7, 0x6c, 0x18, 0x75, 0x17, 0x75, 0xf8, 0x74,
  0x38, 0x7d, 0x18, 0x75, 0x38, 0x75, 0x38, 0x7d, 0x38, 0x75, 0x39, 0x7d, 0x38, 0x75, 0x59, 0x75,
  0x59, 0x75, 0x59, 0x7d, 0x58, 0x7d, 0x59, 0x7d, 0x79, 0x7d, 0x59, 0x7d, 0x79, 0x7d, 0x7a, 0x7d,
  0x79, 0x85, 0x7a, 0x85, 0x99, 0x85, 0x9a, 0x85, 0x99, 0x85, 0x99, 0x85, 0x9a, 0x8d, 0xba, 0x8d,
  0xba, 0x8d, 0xb9, 0x8d, 0xda, 0x95, 0xd9, 0x95, 0xfa, 0x95, 0xda, 0x9d, 0xfa, 0x9d, 0xfa, 0x9d,
  0xfb, 0x9d, 0x1a, 0x9e, 0xfb, 0xa5, 0x54, 0x74, 0xb2, 0x5b, 0x13, 0x74, 0x34, 0x7c, 0x79, 0x95,
  0x7b, 0xb6, 0x3a, 0xae, 0x5b, 0xa6, 0x3a, 0xae, 0x3b, 0xae, 0x3b, 0xae, 0x3a, 0xae, 0x5b, 0xae,
  0x3b, 0xa6, 0x5b, 0xa6, 0x3b, 0xae, 0x5b, 0xa6, 0x3b, 0x9e, 0x3b, 0xa6, 0x3b, 0x9e, 0x3b, 0x9e,
  0x3b, 0x9e, 0x3b, 0x9e, 0x1b, 0x96, 0x3a, 0x96, 0x1b, 0x96, 0x1b, 0x9e, 0x1b, 0x96, 0x1b, 0x96,
  0x1b, 0x96, 0x1b, 0x96, 0x1b, 0x96, 0x9a, 0x85, 0x5a, 0x7d, 0xd8, 0x74, 0x00, 0x00, 0x5f, 0xad,
  0x00, 0x00, 0x00, 0x00, 0x00, 0x00, 0x00, 0x00, 0x00, 0x00, 0x00, 0x00, 0x00, 0x00, 0x00, 0x00,
  0x00, 0x00, 0x00, 0x00, 0x00, 0x00, 0x00, 0x00, 0x00, 0x00, 0x00, 0x00, 0x00, 0x00, 0x00, 0x00,
  0x00, 0x00, 0x00, 0x00, 0x00, 0x00, 0x00, 0x00, 0x00, 0x00, 0x5f, 0xad, 0x00, 0x00, 0x00, 0x00,
  0x00, 0x00, 0x00, 0x00, 0x00, 0x00, 0x00, 0x00, 0x00, 0x00, 0x00, 0x00, 0x00, 0x00, 0xff, 0xaf,
  0xff, 0xff, 0x00, 0x00, 0x00, 0x00, 0x00, 0x00, 0x00, 0x00, 0x00, 0x00, 0x00, 0x00, 0x00, 0x00,
  0x00, 0x00, 0x00, 0x00, 0x00, 0x00, 0x00, 0x00, 0x00, 0x00, 0x00, 0x00, 0x00, 0x00, 0x00, 0x00,
  0x00, 0x00, 0x00, 0x00, 0x00, 0x00, 0x00, 0x00, 0x00, 0x00, 0x00, 0x00, 0x00, 0x00, 0x00, 0x00,
  0x00, 0x00, 0x00, 0x00, 0x00, 0x00, 0x00, 0x00, 0x00, 0x00, 0x00, 0x00, 0x00, 0x00, 0x00, 0x00,
  0x00, 0x00, 0x00, 0x00, 0x00, 0x00, 0x00, 0x00, 0x00, 0x00, 0x00, 0x00, 0x00, 0x00, 0x00, 0x00,
  0x00, 0x00, 0x00, 0x00, 0x00, 0x00, 0x00, 0x00, 0x00, 0x00, 0x00, 0x00, 0x00, 0x00, 0x00, 0x00,
  0x00, 0x00, 0x00, 0x00, 0x00, 0x00, 0x00, 0x00, 0x00, 0x00, 0x00, 0x00, 0x00, 0x00, 0x00, 0x00,
  0x00, 0x00, 0x00, 0x00, 0x00, 0x00, 0x00, 0x00, 0x00, 0x00, 0x00, 0x00, 0x00, 0x00, 0x00, 0x00,
  0x00, 0x00, 0x00, 0x00, 0x00, 0x00, 0x00, 0x00, 0x00, 0x00, 0x00, 0x00, 0x00, 0x00, 0xaa, 0x52,
  0x00, 0x00, 0x30, 0x53, 0xf0, 0x4a, 0x8f, 0x32, 0x8f, 0x3a, 0xaf, 0x3a, 0x51, 0x4b, 0xb3, 0x53,
  0xd3, 0x53, 0xf4, 0x5b, 0x14, 0x5c, 0x15, 0x5c, 0x14, 0x5c, 0x35, 0x5c, 0x35, 0x5c, 0x55, 0x5c,
  0x55, 0x64, 0x55, 0x5c, 0x76, 0x64, 0x76, 0x5c, 0x76, 0x64, 0x96, 0x64, 0x96, 0x64, 0x97, 0x64,
  0x97, 0x6c, 0xb7, 0x64, 0xb7, 0x6c, 0xd7, 0x6c, 0xd7, 0x6c, 0xd7, 0x64, 0xd7, 0x6c, 0x35, 0x64,
  0x93, 0x5b, 0xd3, 0x5b, 0x55, 0x6c, 0xf7, 0x74, 0x39, 0x7d, 0x38, 0x75, 0x58, 0x75, 0x39, 0x75,
  0x58, 0x7d, 0x58, 0x75, 0x39, 0x7d, 0x58, 0x75, 0x59, 0x7d, 0x59, 0x7d, 0x59, 0x7d, 0x79, 0x7d,
  0x79, 0x7d, 0x79, 0x7d, 0x79, 0x85, 0x7a, 0x7d, 0x99, 0x85, 0x9a, 0x85, 0x99, 0x85, 0x9a, 0x85,
  0xb9, 0x85, 0x9a, 0x85, 0xb9, 0x8d, 0xba, 0x8d, 0xba, 0x8d, 0xda, 0x95, 0xda, 0x95, 0xda, 0x95,
  0xfa, 0x9d, 0xfa, 0x9d, 0xfa, 0x9d, 0x1b, 0x9e, 0xf3, 0x6b, 0xcf, 0x42, 0xf2, 0x73, 0xb5, 0x8c,
  0xb5, 0x8c, 0x54, 0x74, 0xba, 0x9d, 0x7b, 0xb6, 0x3a, 0xae, 0x3b, 0xae, 0x3b, 0xae, 0x3b, 0xae,
  0x3b, 0xa6, 0x3b, 0xae, 0x3b, 0xa6, 0x3a, 0xae, 0x3b, 0xa6, 0x3b, 0xa6, 0x3b, 0xa6, 0x3b, 0xa6,
  0x3b, 0x9e, 0x3b, 0x9e, 0x1b, 0x9e, 0x3b, 0x9e, 0x3b, 0x96, 0x3b, 0x9e, 0x1b, 0x96, 0x3b, 0x96,
  0x1a, 0x96, 0x1b, 0x9e, 0x3b, 0x96, 0x3b, 0x9e, 0x3b, 0x9e, 0x3b, 0xa6, 0x9d, 0xb6, 0xbc, 0xc6,
  0x10, 0x7c, 0xf7, 0xbd, 0x00, 0x00, 0x00, 0x00, 0x00, 0x00, 0x00, 0x00, 0x00, 0x00, 0x00, 0x00,
  0x00, 0x00, 0x00, 0x00, 0x00, 0x00, 0x00, 0x00, 0x00, 0x00, 0x00, 0x00, 0x00, 0x00, 0x00, 0x00,
  0x00, 0x00, 0x00, 0x00, 0x00, 0x00, 0x00, 0x00, 0x00, 0x00, 0xff, 0xff, 0x1f, 0x00, 0x00, 0x00,
  0xff, 0xff, 0xfe, 0xc6, 0x9c, 0xb6, 0x9c, 0xae, 0x9c, 0xae, 0x9d, 0xb6, 0xbd, 0xb6, 0x3e, 0xcf,
  0xff, 0xff, 0x00, 0x00, 0x00, 0x00, 0x5f, 0xad, 0xff, 0xff, 0x00, 0x00, 0x00, 0x00, 0x00, 0x00,
  0x00, 0x00, 0x00, 0x00, 0x00, 0x00, 0x00, 0x00, 0x00, 0x00, 0x00, 0x00, 0x00, 0x00, 0x00, 0x00,
  0x00, 0x00, 0x00, 0x00, 0x00, 0x00, 0x00, 0x00, 0x00, 0x00, 0x00, 0x00, 0x00, 0x00, 0x00, 0x00,
  0x00, 0x00, 0x00, 0x00, 0x00, 0x00, 0x00, 0x00, 0x00, 0x00, 0x00, 0x00, 0x00, 0x00, 0x00, 0x00,
  0x00, 0x00, 0x00, 0x00, 0x00, 0x00, 0x00, 0x00, 0x00, 0x00, 0x00, 0x00, 0x00, 0x00, 0x00, 0x00,
  0x00, 0x00, 0x00, 0x00, 0x00, 0x00, 0x00, 0x00, 0x00, 0x00, 0x00, 0x00, 0x00, 0x00, 0x00, 0x00,
  0x00, 0x00, 0x00, 0x00, 0x00, 0x00, 0x00, 0x00, 0x00, 0x00, 0x00, 0x00, 0x00, 0x00, 0x00, 0x00,
  0x00, 0x00, 0x00, 0x00, 0x00, 0x00, 0x00, 0x00, 0x00, 0x00, 0x00, 0x00, 0x00, 0x00, 0x00, 0x00,
  0x00, 0x00, 0x00, 0x00, 0x00, 0x00, 0x00, 0x00, 0x00, 0x00, 0x00, 0x00, 0x00, 0x00, 0x00, 0x00,
  0x00, 0x00, 0x00, 0x00, 0xaa, 0x52, 0x10, 0x44, 0xaf, 0x42, 0x8f, 0x3a, 0x8e, 0x3a, 0xf0, 0x42,
  0x92, 0x4b, 0xd3, 0x53, 0xd3, 0x5b, 0x14, 0x5c, 0x14, 0x5c, 0x14, 0x5c, 0x15, 0x5c, 0x35, 0x5c,
  0x35, 0x5c, 0x55, 0x5c, 0x56, 0x5c, 0x56, 0x64, 0x75, 0x5c, 0x76, 0x64, 0x76, 0x64, 0x96, 0x64,
  0x77, 0x64, 0x96, 0x64, 0x96, 0x64, 0xb7, 0x64, 0xb7, 0x64, 0xb7, 0x64, 0xb7, 0x6c, 0xd7, 0x6c,
  0xd3, 0x53, 0x8e, 0x3a, 0xce, 0x42, 0x10, 0x4b, 0xf3, 0x6b, 0x55, 0x74, 0x18, 0x75, 0x38, 0x75,
  0x38, 0x7d, 0x39, 0x75, 0x38, 0x75, 0x39, 0x75, 0x58, 0x75, 0x39, 0x7d, 0x59, 0x75, 0x59, 0x7d,
  0x59, 0x7d, 0x59, 0x7d, 0x79, 0x7d, 0x79, 0x7d, 0x79, 0x7d, 0x79, 0x85, 0x99, 0x7d, 0x79, 0x85,
  0x9a, 0x85, 0x99, 0x85, 0x9a, 0x85, 0x99, 0x85, 0xba, 0x8d, 0xba, 0x8d, 0xb9, 0x8d, 0xba, 0x8d,
  0xd9, 0x95, 0xda, 0x95, 0xda, 0x95, 0xfa, 0x95, 0x1b, 0x9e, 0xf7, 0x7c, 0x8e, 0x3a, 0x0f, 0x53,
  0xd2, 0x63, 0x54, 0x84, 0xd6, 0x8c, 0x95, 0x84, 0x74, 0x7c, 0x5b, 0xae, 0x3b, 0xae, 0x3b, 0xae,
  0x3b, 0xa6, 0x3b, 0xae, 0x3a, 0xae, 0x3b, 0xa6, 0x5a, 0xa6, 0x3b, 0xa6, 0x3b, 0xa6, 0x3b, 0xa6,
  0x3b, 0xa6, 0x3b, 0x9e, 0x1b, 0xa6, 0x3b, 0x9e, 0x3b, 0x9e, 0x1b, 0x9e, 0x3b, 0x9e, 0x3b, 0x96,
  0x1b, 0x96, 0x3b, 0x9e, 0x1a, 0x96, 0x3b, 0x96, 0x1b, 0x96, 0x1b, 0x9e, 0x1b, 0x9e, 0x3b, 0xa6,
  0xdd, 0xc6, 0xbd, 0xce, 0x00, 0x00, 0x55, 0xad, 0x00, 0x00, 0x00, 0x00, 0x00, 0x00, 0x00, 0x00,
  0x00, 0x00, 0x00, 0x00, 0x00, 0x00, 0x00, 0x00, 0x00, 0x00, 0x00, 0x00, 0x00, 0x00, 0x00, 0x00,
  0x00, 0x00, 0x00, 0x00, 0x00, 0x00, 0x00, 0x00, 0x00, 0x00, 0x00, 0x00, 0xff, 0x7f, 0x00, 0x00,
  0x00, 0x00, 0x9d, 0xb6, 0x3b, 0xa6, 0x1b, 0x9e, 0x5c, 0x9e, 0x5c, 0xa6, 0x5c, 0xa6, 0x9d, 0xa6,
  0x9c, 0xae, 0x3b, 0xa6, 0x7c, 0xae, 0xdd, 0xbe, 0xbf, 0xd7, 0x00, 0x00, 0x00, 0x00, 0xff, 0xff,
  0x00, 0x00, 0x00, 0x00, 0x00, 0x00, 0x00, 0x00, 0x00, 0x00, 0x00, 0x00, 0x00, 0x00, 0x00, 0x00,
  0x00, 0x00, 0x00, 0x00, 0x00, 0x00, 0x00, 0x00, 0x00, 0x00, 0x00, 0x00, 0x00, 0x00, 0x00, 0x00,
  0x00, 0x00, 0x00, 0x00, 0x00, 0x00, 0x00, 0x00, 0x00, 0x00, 0x00, 0x00, 0x00, 0x00, 0x00, 0x00,
  0x00, 0x00, 0x00, 0x00, 0x00, 0x00, 0x00, 0x00, 0x00, 0x00, 0x00, 0x00, 0x00, 0x00, 0x00, 0x00,
  0x00, 0x00, 0x00, 0x00, 0x00, 0x00, 0x00, 0x00, 0x00, 0x00, 0x00, 0x00, 0x00, 0x00, 0x00, 0x00,
  0x00, 0x00, 0x00, 0x00, 0x00, 0x00, 0x00, 0x00, 0x00, 0x00, 0x00, 0x00, 0x00, 0x00, 0x00, 0x00,
  0x00, 0x00, 0x00, 0x00, 0x00, 0x00, 0x00, 0x00, 0x00, 0x00, 0x00, 0x00, 0x00, 0x00, 0x00, 0x00,
  0x00, 0x00, 0x00, 0x00, 0x00, 0x00, 0x00, 0x00, 0x00, 0x00, 0x00, 0x00, 0x00, 0x00, 0x00, 0x00,
  0x00, 0x00, 0x00, 0x00, 0x00, 0x00, 0x00, 0x00, 0xf7, 0x83, 0x00, 0x00, 0xf6, 0x94, 0x54, 0x7c,
  0xf3, 0x6b, 0xd3, 0x63, 0xd3, 0x5b, 0xd3, 0x5b, 0xf3, 0x5b, 0xf4, 0x5b, 0x14, 0x5c, 0xf4, 0x5b,
  0x14, 0x5c, 0x15, 0x5c, 0x14, 0x5c, 0x35, 0x5c, 0x55, 0x5c, 0x56, 0x64, 0x55, 0x5c, 0x75, 0x64,
  0x76, 0x5c, 0x76, 0x64, 0x96, 0x64, 0x97, 0x64, 0x96, 0x64, 0x96, 0x64, 0xb6, 0x64, 0xb7, 0x64,
  0xb7, 0x6c, 0x15, 0x64, 0x6d, 0x32, 0x4d, 0x3a, 0xad, 0x3a, 0xcf, 0x42, 0xd2, 0x6b, 0xb5, 0x8c,
  0x75, 0x74, 0x38, 0x7d, 0x38, 0x75, 0x38, 0x75, 0x38, 0x75, 0x38, 0x75, 0x39, 0x7d, 0x58, 0x75,
  0x39, 0x7d, 0x58, 0x7d, 0x59, 0x7d, 0x59, 0x7d, 0x59, 0x7d, 0x79, 0x7d, 0x79, 0x7d, 0x79, 0x7d,
  0x79, 0x7d, 0x79, 0x7d, 0x99, 0x7d, 0x99, 0x85, 0x9a, 0x7d, 0x9a, 0x85, 0x99, 0x85, 0x9a, 0x85,
  0xba, 0x8d, 0xba, 0x8d, 0xb9, 0x8d, 0xda, 0x8d, 0xda, 0x95, 0xda, 0x95, 0x1b, 0xa6, 0xd3, 0x53,
  0x4d, 0x32, 0x10, 0x4b, 0x70, 0x5b, 0x13, 0x7c, 0x94, 0x8c, 0xd5, 0x94, 0xf3, 0x6b, 0xb9, 0x9d,
  0x7b, 0xae, 0x3b, 0xae, 0x3a, 0xae, 0x3b, 0xa6, 0x3b, 0xa6, 0x3a, 0xa6, 0x5b, 0xae, 0x3b, 0xae,
  0x3b, 0xa6, 0x3b, 0xa6, 0x3b, 0xa6, 0x1b, 0xa6, 0x3b, 0x9e, 0x3b, 0x9e, 0x3b, 0x9e, 0x3b, 0x96,
  0x1b, 0x9e, 0x1b, 0x96, 0x1a, 0x9e, 0x1b, 0x96, 0x1b, 0x96, 0x1a, 0x96, 0x1b, 0x9e, 0x3b, 0x96,
  0x1b, 0x9e, 0x3b, 0xa6, 0x7c, 0xb6, 0x9c, 0xc6, 0xff, 0xff, 0x00, 0x00, 0xff, 0xff, 0x00, 0x00,
  0x00, 0x00, 0x00, 0x00, 0x00, 0x00, 0x00, 0x00, 0x00, 0x00, 0x00, 0x00, 0x00, 0x00, 0x00, 0x00,
  0x00, 0x00, 0x00, 0x00, 0x00, 0x00, 0x00, 0x00, 0x00, 0x00, 0x00, 0x00, 0x00, 0x00, 0x55, 0xad,
  0x00, 0x00, 0xdd, 0xc6, 0xfc, 0xa5, 0xfb, 0x95, 0xdb, 0x8d, 0x99, 0x85, 0xba, 0x8d, 0xda, 0x8d,
  0xfa, 0x95, 0x1b, 0x9e, 0x1b, 0x9e, 0x3b, 0xa6, 0x5c, 0xa6, 0x9d, 0xae, 0x7c, 0xae, 0xdd, 0xbe,
  0xff, 0xe7, 0x00, 0x00, 0xff, 0xaf, 0x00, 0x00, 0x00, 0x00, 0x00, 0x00, 0x00, 0x00, 0x00, 0x00,
  0x00, 0x00, 0x00, 0x00, 0x00, 0x00, 0x00, 0x00, 0x00, 0x00, 0x00, 0x00, 0x00, 0x00, 0x00, 0x00,
  0x00, 0x00, 0x00, 0x00, 0x00, 0x00, 0x00, 0x00, 0x00, 0x00, 0x00, 0x00, 0x00, 0x00, 0x00, 0x00,
  0x00, 0x00, 0x00, 0x00, 0x00, 0x00, 0x00, 0x00, 0x00, 0x00, 0x00, 0x00, 0x00, 0x00, 0x00, 0x00,
  0x00, 0x00, 0x00, 0x00, 0x00, 0x00, 0x00, 0x00, 0x00, 0x00, 0x00, 0x00, 0x00, 0x00, 0x00, 0x00,
  0x00, 0x00, 0x00, 0x00, 0x00, 0x00, 0x00, 0x00, 0x00, 0x00, 0x00, 0x00, 0x00, 0x00, 0x00, 0x00,
  0x00, 0x00, 0x00, 0x00, 0x00, 0x00, 0x00, 0x00, 0x00, 0x00, 0x00, 0x00, 0x00, 0x00, 0x00, 0x00,
  0x00, 0x00, 0x00, 0x00, 0x00, 0x00, 0x00, 0x00, 0x00, 0x00, 0x00, 0x00, 0x00, 0x00, 0x00, 0x00,
  0x00, 0x00, 0x00, 0x00, 0x00, 0x00, 0x00, 0x00, 0x00, 0x00, 0x00, 0x00, 0xf7, 0xbd, 0x00, 0x00,
  0x5b, 0xc6, 0xf9, 0xb5, 0xf6, 0x94, 0x54, 0x7c, 0xf3, 0x63, 0xf3, 0x5b, 0xd3, 0x5b, 0xf4, 0x53,
  0x14, 0x5c, 0x14, 0x5c, 0x14, 0x5c, 0x14, 0x5c, 0x35, 0x5c, 0x35, 0x5c, 0x35, 0x5c, 0x55, 0x5c,
  0x56, 0x5c, 0x75, 0x5c, 0x76, 0x5c, 0x76, 0x5c, 0x96, 0x5c, 0x96, 0x64, 0x97, 0x5c, 0x77, 0x64,
  0x97, 0x64, 0x97, 0x64, 0x76, 0x64, 0x10, 0x43, 0x2c, 0x32, 0x4d, 0x3a, 0x6d, 0x32, 0xae, 0x42,
  0x50, 0x5b, 0x94, 0x84, 0x55, 0x7c, 0xf7, 0x74, 0x19, 0x7d, 0x18, 0x75, 0x38, 0x75, 0x39, 0x75,
  0x38, 0x75, 0x58, 0x75, 0x59, 0x7d, 0x39, 0x75, 0x59, 0x7d, 0x58, 0x75, 0x79, 0x7d, 0x59, 0x7d,
  0x79, 0x85, 0x59, 0x85, 0x79, 0x7d, 0x7a, 0x85, 0x79, 0x7d, 0x79, 0x85, 0x99, 0x85, 0x9a, 0x85,
  0x99, 0x85, 0xba, 0x85, 0x9a, 0x8d, 0xba, 0x8d, 0xba, 0x8d, 0xba, 0x8d, 0xd9, 0x95, 0xda, 0x95,
  0xda, 0x95, 0x10, 0x43, 0x4d, 0x32, 0xef, 0x4a, 0x30, 0x53, 0xd2, 0x6b, 0x74, 0x84, 0xb5, 0x8c,
  0xd3, 0x63, 0x17, 0x8d, 0x5b, 0xae, 0x3b, 0xae, 0x3b, 0xa6, 0x3a, 0xa6, 0x3b, 0xa6, 0x3b, 0xa6,
  0x3b, 0xa6, 0x3b, 0xa6, 0x3b, 0xa6, 0x3b, 0xa6, 0x1b, 0x9e, 0x3b, 0xa6, 0x3b, 0x9e, 0x1b, 0x9e,
  0x3b, 0x9e, 0x1b, 0x9e, 0x3b, 0x96, 0x3a, 0x9e, 0x1b, 0x96, 0x1b, 0x96, 0x3b, 0x96, 0x1b, 0x96,
  0x1b, 0x96, 0x1a, 0x9e, 0x1b, 0x9e, 0x1b, 0x9e, 0x3b, 0xae, 0x9c, 0xbe, 0x1d, 0xcf, 0x00, 0x00,
  0x5f, 0xad, 0x00, 0x00, 0x00, 0x00, 0x00, 0x00, 0x00, 0x00, 0x00, 0x00, 0x00, 0x00, 0x00, 0x00,
  0x00, 0x00, 0x00, 0x00, 0x00, 0x00, 0x00, 0x00, 0x00, 0x00, 0x00, 0x00, 0x00, 0x00, 0x00, 0x00,
  0x5f, 0xad, 0x00, 0x00, 0x9d, 0xbe, 0xfb, 0x9d, 0xbb, 0x8d, 0x39, 0x75, 0x79, 0x7d, 0x9a, 0x7d,
  0x9a, 0x85, 0xba, 0x8d, 0xda, 0x95, 0xfa, 0x9d, 0x1b, 0xa6, 0x1a, 0xa6, 0x3b, 0xae, 0x3b, 0xa6,
  0x5b, 0xa6, 0x9d, 0xae, 0x9c, 0xae, 0xfd, 0xc6, 0x00, 0x00, 0xff, 0xaf, 0x00, 0x00, 0x00, 0x00,
  0x00, 0x00, 0x00, 0x00, 0x00, 0x00, 0x00, 0x00, 0x00, 0x00, 0x00, 0x00, 0x00, 0x00, 0x00, 0x00,
  0x00, 0x00, 0x00, 0x00, 0x00, 0x00, 0x00, 0x00, 0x00, 0x00, 0x00, 0x00, 0x00, 0x00, 0x00, 0x00,
  0x00, 0x00, 0x00, 0x00, 0x00, 0x00, 0x00, 0x00, 0x00, 0x00, 0x00, 0x00, 0x00, 0x00, 0x00, 0x00,
  0x00, 0x00, 0x00, 0x00, 0x00, 0x00, 0x00, 0x00, 0x00, 0x00, 0x00, 0x00, 0x00, 0x00, 0x00, 0x00,
  0x00, 0x00, 0x00, 0x00, 0x00, 0x00, 0x00, 0x00, 0x00, 0x00, 0x00, 0x00, 0x00, 0x00, 0x00, 0x00,
  0x00, 0x00, 0x00, 0x00, 0x00, 0x00, 0x00, 0x00, 0x00, 0x00, 0x00, 0x00, 0x00, 0x00, 0x00, 0x00,
  0x00, 0x00, 0x00, 0x00, 0x00, 0x00, 0x00, 0x00, 0x00, 0x00, 0x00, 0x00, 0x00, 0x00, 0x00, 0x00,
  0x00, 0x00, 0x00, 0x00, 0x00, 0x00, 0x00, 0x00, 0x00, 0x00, 0x00, 0x00, 0x00, 0x00, 0x00, 0x00,
  0xf0, 0x7b, 0x00, 0x00, 0x5a, 0xbe, 0xd8, 0xad, 0xb5, 0x84, 0x34, 0x74, 0xf3, 0x5b, 0xd3, 0x5b,
  0xf3, 0x5b, 0xd4, 0x5b, 0xf3, 0x53, 0xf4, 0x5b, 0x14, 0x54, 0x15, 0x5c, 0x34, 0x5c, 0x35, 0x5c,
  0x35, 0x54, 0x55, 0x5c, 0x56, 0x5c, 0x55, 0x5c, 0x76, 0x5c, 0x76, 0x5c, 0x76, 0x64, 0x96, 0x64,
  0x76, 0x5c, 0x96, 0x64, 0x76, 0x5c, 0x76, 0x64, 0xf5, 0x5b, 0x6d, 0x32, 0x0b, 0x32, 0x4c, 0x32,
  0x6d, 0x3a, 0x8e, 0x3a, 0xef, 0x4a, 0x13, 0x74, 0x54, 0x7c, 0xb6, 0x74, 0x38, 0x75, 0x18, 0x75,
  0x38, 0x75, 0x38, 0x75, 0x38, 0x7d, 0x39, 0x75, 0x58, 0x75, 0x59, 0x7d, 0x58, 0x75, 0x59, 0x7d,
  0x59, 0x7d, 0x79, 0x7d, 0x79, 0x7d, 0x79, 0x7d, 0x79, 0x7d, 0x79, 0x7d, 0x99, 0x85, 0x7a, 0x7d,
  0x79, 0x7d, 0x9a, 0x85, 0x99, 0x85, 0xba, 0x85, 0xb9, 0x85, 0x9a, 0x85, 0xba, 0x8d, 0xba, 0x8d,
  0xb9, 0x8d, 0xda, 0x8d, 0x9a, 0x85, 0x8e, 0x32, 0x2d, 0x32, 0xef, 0x42, 0x10, 0x4b, 0x90, 0x63,
  0x13, 0x74, 0x54, 0x7c, 0xb2, 0x5b, 0xf6, 0x7c, 0x5b, 0xae, 0x3a, 0xa6, 0x3b, 0xa6, 0x3b, 0xa6,
  0x3a, 0xa6, 0x3b, 0xa6, 0x3a, 0xa6, 0x3b, 0xa6, 0x3b, 0xa6, 0x1b, 0xa6, 0x3b, 0x9e, 0x1b, 0x9e,
  0x3a, 0xa6, 0x3b, 0x9e, 0x3b, 0x9e, 0x1a, 0x96, 0x3b, 0x96, 0x1a, 0x96, 0x3b, 0x96, 0x1b, 0x96,
  0x1b, 0x96, 0x1b, 0x96, 0x3b, 0x9e, 0x1b, 0x96, 0x1b, 0x96, 0x3b, 0x9e, 0x3b, 0xa6, 0xbd, 0xbe,
  0xbd, 0xc6, 0x00, 0x00, 0xf7, 0xbd, 0x00, 0x00, 0x00, 0x00, 0x00, 0x00, 0x00, 0x00, 0x00, 0x00,
  0x00, 0x00, 0x00, 0x00, 0x00, 0x00, 0x00, 0x00, 0x00, 0x00, 0x00, 0x00, 0x00, 0x00, 0x00, 0x00,
  0x00, 0x00, 0x55, 0xad, 0x00, 0x00, 0xdd, 0xbe, 0xdb, 0x9d, 0x7a, 0x85, 0x39, 0x75, 0x59, 0x75,
  0x59, 0x7d, 0x79, 0x7d, 0x79, 0x85, 0x9a, 0x85, 0xba, 0x8d, 0xda, 0x95, 0xda, 0x9d, 0x1b, 0xa6,
  0x1a, 0x9e, 0x3b, 0xa6, 0x3a, 0xa6, 0x5b, 0xa6, 0x7c, 0xae, 0x9c, 0xae, 0xbc, 0xbe, 0x00, 0x00,
  0x5f, 0xa5, 0x00, 0x00, 0x00, 0x00, 0x00, 0x00, 0x00, 0x00, 0x00, 0x00, 0x00, 0x00, 0x00, 0x00,
  0x00, 0x00, 0x00, 0x00, 0x00, 0x00, 0x00, 0x00, 0x00, 0x00, 0x00, 0x00, 0x00, 0x00, 0x00, 0x00,
  0x00, 0x00, 0x00, 0x00, 0x00, 0x00, 0x00, 0x00, 0x00, 0x00, 0x00, 0x00, 0x00, 0x00, 0x00, 0x00,
  0x00, 0x00, 0x00, 0x00, 0x00, 0x00, 0x00, 0x00, 0x00, 0x00, 0x00, 0x00, 0x00, 0x00, 0x00, 0x00,
  0x00, 0x00, 0x00, 0x00, 0x00, 0x00, 0x00, 0x00, 0x00, 0x00, 0x00, 0x00, 0x00, 0x00, 0x00, 0x00,
  0x00, 0x00, 0x00, 0x00, 0x00, 0x00, 0x00, 0x00, 0x00, 0x00, 0x00, 0x00, 0x00, 0x00, 0x00, 0x00,
  0x00, 0x00, 0x00, 0x00, 0x00, 0x00, 0x00, 0x00, 0x00, 0x00, 0x00, 0x00, 0x00, 0x00, 0x00, 0x00,
  0x00, 0x00, 0x00, 0x00, 0x00, 0x00, 0x00, 0x00, 0x00, 0x00, 0x00, 0x00, 0x00, 0x00, 0x00, 0x00,
  0x00, 0x00, 0xff, 0xff, 0x00, 0x00, 0x7f, 0xef, 0x19, 0xbe, 0x57, 0xa5, 0x95, 0x84, 0x13, 0x6c,
  0xd3, 0x5b, 0xd3, 0x5b, 0xd3, 0x53, 0xf4, 0x5b, 0xf4, 0x53, 0xf4, 0x5b, 0x14, 0x5c, 0x14, 0x5c,
  0x15, 0x54, 0x35, 0x5c, 0x35, 0x5c, 0x35, 0x5c, 0x55, 0x5c, 0x56, 0x5c, 0x56, 0x5c, 0x75, 0x5c,
  0x76, 0x5c, 0x76, 0x5c, 0x76, 0x64, 0x77, 0x5c, 0x76, 0x64, 0x56, 0x5c, 0x72, 0x4b, 0x0b, 0x2a,
  0x0b, 0x32, 0x2c, 0x32, 0x6d, 0x32, 0x8e, 0x3a, 0xce, 0x42, 0x91, 0x63, 0x13, 0x74, 0x96, 0x6c,
  0x18, 0x75, 0x18, 0x75, 0x18, 0x75, 0x38, 0x75, 0x38, 0x75, 0x38, 0x75, 0x38, 0x75, 0x39, 0x7d,
  0x58, 0x75, 0x59, 0x7d, 0x78, 0x75, 0x59, 0x7d, 0x79, 0x7d, 0x59, 0x7d, 0x79, 0x7d, 0x79, 0x7d,
  0x79, 0x85, 0x79, 0x85, 0x9a, 0x85, 0x99, 0x85, 0x99, 0x85, 0x9a, 0x85, 0xb9, 0x85, 0xba, 0x8d,
  0xba, 0x8d, 0xb9, 0x8d, 0xba, 0x8d, 0xba, 0x8d, 0x79, 0x85, 0x4e, 0x2a, 0x0c, 0x32, 0xcf, 0x42,
  0xf0, 0x4a, 0x50, 0x53, 0x91, 0x63, 0xd3, 0x63, 0x71, 0x53, 0xf6, 0x7c, 0x5b, 0xae, 0x1b, 0xa6,
  0x3b, 0xa6, 0x3a, 0xa6, 0x3b, 0xa6, 0x3b, 0xa6, 0x3b, 0xa6, 0x1b, 0xa6, 0x1b, 0x9e, 0x3a, 0xa6,
  0x3b, 0x9e, 0x1b, 0x9e, 0x1b, 0x9e, 0x1b, 0x9e, 0x1b, 0x9e, 0x1a, 0x9e, 0x1b, 0x96, 0x3b, 0x96,
  0x1b, 0x96, 0x1b, 0x96, 0x1b, 0x96, 0x1b, 0x96, 0x3b, 0x96, 0x1b, 0x96, 0x1b, 0x96, 0x1b, 0x9e,
  0x1b, 0x9e, 0xbc, 0xbe, 0x9c, 0xbe, 0x00, 0x00, 0xff, 0xff, 0x00, 0x00, 0x00, 0x00, 0x00, 0x00,
  0x00, 0x00, 0x00, 0x00, 0x00, 0x00, 0x00, 0x00, 0x00, 0x00, 0x00, 0x00, 0x00, 0x00, 0x00, 0x00,
  0x00, 0x00, 0x00, 0x00, 0xff, 0xaf, 0x00, 0x00, 0x9f, 0xdf, 0xfb, 0x9d, 0x7a, 0x85, 0x39, 0x6d,
  0x39, 0x75, 0x59, 0x75, 0x59, 0x75, 0x5a, 0x7d, 0x79, 0x7d, 0x79, 0x7d, 0x9a, 0x85, 0xb9, 0x8d,
  0xba, 0x8d, 0xda, 0x95, 0xfa, 0x9d, 0xfb, 0xa5, 0x1b, 0xa6, 0x3a, 0xa6, 0x3b, 0xae, 0x3b, 0xa6,
  0x7c, 0xae, 0xbd, 0xb6, 0x00, 0x00, 0x5f, 0xad, 0x00, 0x00, 0x00, 0x00, 0x00, 0x00, 0x00, 0x00,
  0x00, 0x00, 0x00, 0x00, 0x00, 0x00, 0x00, 0x00, 0x00, 0x00, 0x00, 0x00, 0x00, 0x00, 0x00, 0x00,
  0x00, 0x00, 0x00, 0x00, 0x00, 0x00, 0x00, 0x00, 0x00, 0x00, 0x00, 0x00, 0x00, 0x00, 0x00, 0x00,
  0x00, 0x00, 0x00, 0x00, 0x00, 0x00, 0x00, 0x00, 0x00, 0x00, 0x00, 0x00, 0x00, 0x00, 0x00, 0x00,
  0x00, 0x00, 0x00, 0x00, 0x00, 0x00, 0x00, 0x00, 0x00, 0x00, 0x00, 0x00, 0x00, 0x00, 0x00, 0x00,
  0x00, 0x00, 0x00, 0x00, 0x00, 0x00, 0x00, 0x00, 0x00, 0x00, 0x00, 0x00, 0x00, 0x00, 0x00, 0x00,
  0x00, 0x00, 0x00, 0x00, 0x00, 0x00, 0x00, 0x00, 0x00, 0x00, 0x00, 0x00, 0x00, 0x00, 0x00, 0x00,
  0x00, 0x00, 0x00, 0x00, 0x00, 0x00, 0x00, 0x00, 0x00, 0x00, 0x00, 0x00, 0x00, 0x00, 0x00, 0x00,
  0x00, 0x00, 0x00, 0x00, 0x00, 0x00, 0x55, 0xad, 0x00, 0x00, 0x5a, 0xc6, 0xd9, 0xb5, 0xf5, 0x94,
  0x54, 0x7c, 0x13, 0x64, 0xd3, 0x5b, 0xd3, 0x5b, 0xd3, 0x53, 0xd3, 0x5b, 0xf3, 0x53, 0xf4, 0x5b,
  0x14, 0x54, 0x14, 0x54, 0x14, 0x54, 0x14, 0x54, 0x35, 0x5c, 0x15, 0x5c, 0x35, 0x5c, 0x55, 0x5c,
  0x36, 0x5c, 0x56, 0x5c, 0x76, 0x64, 0x76, 0x5c, 0x56, 0x64, 0x76, 0x5c, 0x56, 0x5c, 0x35, 0x5c,
  0x31, 0x43, 0xca, 0x29, 0xea, 0x29, 0x2c, 0x32, 0x4d, 0x32, 0x6d, 0x3a, 0x8e, 0x3a, 0x30, 0x53,
  0x91, 0x5b, 0x75, 0x64, 0x18, 0x75, 0xf8, 0x74, 0x18, 0x75, 0x38, 0x75, 0x38, 0x75, 0x38, 0x75,
  0x39, 0x75, 0x38, 0x75, 0x58, 0x75, 0x59, 0x7d, 0x58, 0x75, 0x79, 0x7d, 0x79, 0x85, 0x9a, 0x85,
  0x79, 0x85, 0x9a, 0x85, 0x9a, 0x85, 0xba, 0x85, 0x99, 0x85, 0x99, 0x85, 0x9a, 0x85, 0x99, 0x85,
  0x9a, 0x85, 0xb9, 0x85, 0xba, 0x85, 0xba, 0x8d, 0xba, 0x85, 0xba, 0x85, 0x7a, 0x85, 0xaf, 0x3a,
  0xeb, 0x29, 0xae, 0x3a, 0xef, 0x42, 0x10, 0x4b, 0x30, 0x53, 0x71, 0x53, 0x30, 0x4b, 0x17, 0x85,
  0x5c, 0xae, 0x1a, 0xa6, 0x3b, 0xa6, 0x1b, 0xa6, 0x3b, 0xa6, 0x1b, 0xa6, 0x1b, 0x9e, 0x1b, 0xa6,
  0x1b, 0x9e, 0x3a, 0x9e, 0x3b, 0x9e, 0x3a, 0x9e, 0x1a, 0x9e, 0x1b, 0x9e, 0x1a, 0x96, 0x3b, 0x9e,
  0x1b, 0x96, 0x1b, 0x96, 0x1b, 0x96, 0x3b, 0x96, 0x1b, 0x96, 0x1a, 0x96, 0x1b, 0x96, 0x1b, 0x96,
  0x1b, 0x96, 0x1a, 0x96, 0x1b, 0x9e, 0x5c, 0xae, 0xbc, 0xc6, 0x9f, 0xef, 0x00, 0x00, 0xff, 0xff,
  0x00, 0x00, 0x00, 0x00, 0x00, 0x00, 0x00, 0x00, 0x00, 0x00, 0x00, 0x00, 0x1f, 0x00, 0x5f, 0xad,
  0xf7, 0x7d, 0xf7, 0x85, 0xf7, 0x7d, 0xff, 0xbd, 0x00, 0x00, 0x7f, 0xdf, 0xfb, 0x9d, 0x9a, 0x85,
  0x19, 0x75, 0x39, 0x75, 0x59, 0x75, 0x59, 0x75, 0x39, 0x75, 0x59, 0x75, 0x59, 0x7d, 0x79, 0x7d,
  0x79, 0x7d, 0x9a, 0x85, 0x99, 0x85, 0xba, 0x8d, 0xba, 0x95, 0xfa, 0x9d, 0xfa, 0x9d, 0x1b, 0xa6,
  0x3b, 0xae, 0x3b, 0xa6, 0x3b, 0x9e, 0x7c, 0xae, 0xdd, 0xc6, 0x00, 0x00, 0xff, 0x7f, 0x00, 0x00,
  0x00, 0x00, 0x00, 0x00, 0x00, 0x00, 0x00, 0x00, 0x00, 0x00, 0x00, 0x00, 0x00, 0x00, 0x00, 0x00,
  0x00, 0x00, 0x00, 0x00, 0x00, 0x00, 0x00, 0x00, 0x00, 0x00, 0x00, 0x00, 0x00, 0x00, 0x00, 0x00,
  0x00, 0x00, 0x00, 0x00, 0x00, 0x00, 0x00, 0x00, 0x00, 0x00, 0x00, 0x00, 0x00, 0x00, 0x00, 0x00,
  0x00, 0x00, 0x00, 0x00, 0x00, 0x00, 0x00, 0x00, 0x00, 0x00, 0x00, 0x00, 0x00, 0x00, 0x00, 0x00,
  0x00, 0x00, 0x00, 0x00, 0x00, 0x00, 0x00, 0x00, 0x00, 0x00, 0x00, 0x00, 0x00, 0x00, 0x00, 0x00,
  0x00, 0x00, 0x00, 0x00, 0x00, 0x00, 0x00, 0x00, 0x00, 0x00, 0x00, 0x00, 0x00, 0x00, 0x00, 0x00,
  0x00, 0x00, 0x00, 0x00, 0x00, 0x00, 0x00, 0x00, 0x00, 0x00, 0x00, 0x00, 0x00, 0x00, 0x00, 0x00,
  0x00, 0x00, 0x00, 0x00, 0x00, 0x00, 0x00, 0x00, 0x00, 0x00, 0xf7, 0xbd, 0x00, 0x00, 0x1a, 0xbe,
  0xd9, 0xb5, 0xb5, 0x84, 0x34, 0x74, 0xf3, 0x63, 0xb3, 0x53, 0xd3, 0x53, 0xd3, 0x5b, 0xf3, 0x53,
  0xd4, 0x53, 0xf4, 0x5b, 0xf4, 0x53, 0xf4, 0x5b, 0x14, 0x54, 0x15, 0x5c, 0x14, 0x54, 0x35, 0x54,
  0x15, 0x5c, 0x35, 0x5c, 0x55, 0x5c, 0x56, 0x5c, 0x56, 0x5c, 0x75, 0x5c, 0x56, 0x64, 0x76, 0x64,
  0x35, 0x5c, 0x15, 0x5c, 0x31, 0x43, 0xaa, 0x21, 0xca, 0x29, 0x0c, 0x32, 0x2c, 0x32, 0x6d, 0x32,
  0x6d, 0x3a, 0xcf, 0x42, 0x30, 0x4b, 0x76, 0x6c, 0x18, 0x75, 0xf8, 0x6c, 0x17, 0x75, 0x38, 0x75,
  0x38, 0x75, 0x18, 0x75, 0x38, 0x75, 0x18, 0x75, 0x39, 0x75, 0x79, 0x7d, 0x59, 0x7d, 0x18, 0x7d,
  0xd7, 0x74, 0xb7, 0x74, 0xb7, 0x74, 0xb7, 0x74, 0xf7, 0x7c, 0x38, 0x7d, 0x79, 0x8d, 0xba, 0x8d,
  0x99, 0x85, 0x9a, 0x85, 0x99, 0x85, 0x9a, 0x85, 0x99, 0x85, 0xba, 0x85, 0x99, 0x8d, 0x9a, 0x85,
  0x9a, 0x85, 0x72, 0x4b, 0xca, 0x21, 0x8e, 0x3a, 0xaf, 0x3a, 0xce, 0x42, 0xef, 0x42, 0x10, 0x4b,
  0xf0, 0x42, 0x98, 0x95, 0x3b, 0xa6, 0x1b, 0xa6, 0x1b, 0xa6, 0x3b, 0x9e, 0x1a, 0x9e, 0x1b, 0xa6,
  0x3a, 0xa6, 0x3b, 0x9e, 0x1a, 0x9e, 0x1b, 0xa6, 0x1a, 0x9e, 0x1b, 0x9e, 0x1b, 0x9e, 0x3b, 0x9e,
  0x1b, 0x96, 0x1a, 0x96, 0x1b, 0x96, 0x3a, 0x96, 0x1b, 0x96, 0x1b, 0x96, 0x1b, 0x96, 0xfb, 0x95,
  0xfa, 0x95, 0x1b, 0x8e, 0xfa, 0x95, 0xfb, 0x95, 0x1a, 0x9e, 0x3b, 0xa6, 0xbc, 0xc6, 0x1d, 0xd7,
  0x00, 0x00, 0xff, 0xff, 0x00, 0x00, 0x00, 0x00, 0x00, 0x00, 0x00, 0x00, 0x00, 0x00, 0xff, 0xff,
  0x00, 0x00, 0x00, 0x00, 0x00, 0x00, 0x00, 0x00, 0x00, 0x00, 0x00, 0x00, 0xdd, 0xc6, 0xfb, 0x9d,
  0x9b, 0x85, 0x19, 0x75, 0x38, 0x6d, 0x39, 0x75, 0x39, 0x75, 0x39, 0x75, 0x39, 0x75, 0x59, 0x75,
  0x59, 0x75, 0x5a, 0x7d, 0x59, 0x7d, 0x79, 0x7d, 0x79, 0x85, 0x9a, 0x85, 0xba, 0x8d, 0xba, 0x8d,
  0xfa, 0x95, 0xfa, 0x9d, 0x1a, 0xa6, 0x1b, 0xa6, 0x3b, 0xa6, 0x5b, 0x9e, 0x5b, 0xa6, 0xff, 0xcf,
  0xff, 0xff, 0xff, 0xff, 0x00, 0x00, 0x00, 0x00, 0x00, 0x00, 0x00, 0x00, 0x00, 0x00, 0x00, 0x00,
  0x00, 0x00, 0x00, 0x00, 0x00, 0x00, 0x00, 0x00, 0x00, 0x00, 0x00, 0x00, 0x00, 0x00, 0x00, 0x00,
  0x00, 0x00, 0x00, 0x00, 0x00, 0x00, 0x00, 0x00, 0x00, 0x00, 0x00, 0x00, 0x00, 0x00, 0x00, 0x00,
  0x00, 0x00, 0x00, 0x00, 0x00, 0x00, 0x00, 0x00, 0x00, 0x00, 0x00, 0x00, 0x00, 0x00, 0x00, 0x00,
  0x00, 0x00, 0x00, 0x00, 0x00, 0x00, 0x00, 0x00, 0x00, 0x00, 0x00, 0x00, 0x00, 0x00, 0x00, 0x00,
  0x00, 0x00, 0x00, 0x00, 0x00, 0x00, 0x00, 0x00, 0x00, 0x00, 0x00, 0x00, 0x00, 0x00, 0x00, 0x00,
  0x00, 0x00, 0x00, 0x00, 0x00, 0x00, 0x00, 0x00, 0x00, 0x00, 0x00, 0x00, 0x00, 0x00, 0x00, 0x00,
  0x00, 0x00, 0x00, 0x00, 0x00, 0x00, 0x00, 0x00, 0x00, 0x00, 0x00, 0x00, 0x00, 0x00, 0x0f, 0x7c,
  0x00, 0x00, 0x19, 0xbe, 0xb8, 0xad, 0x75, 0x7c, 0xf3, 0x6b, 0xd2, 0x5b, 0xb2, 0x53, 0xd3, 0x5b,
  0xb3, 0x53, 0xd3, 0x53, 0xf4, 0x53, 0xf3, 0x53, 0xf4, 0x53, 0xf4, 0x5b, 0xf4, 0x53, 0x14, 0x54,
  0x14, 0x54, 0x15, 0x54, 0x35, 0x5c, 0x35, 0x54, 0x35, 0x5c, 0x55, 0x5c, 0x55, 0x5c, 0x56, 0x5c,
  0x56, 0x64, 0x76, 0x5c, 0x36, 0x5c, 0x15, 0x54, 0x51, 0x43, 0xca, 0x21, 0xa9, 0x29, 0xeb, 0x29,
  0x2c, 0x2a, 0x2d, 0x32, 0x6d, 0x32, 0xae, 0x42, 0x10, 0x43, 0xb6, 0x6c, 0xf8, 0x74, 0xf8, 0x6c,
  0x18, 0x6d, 0x18, 0x75, 0x18, 0x75, 0x38, 0x75, 0x19, 0x75, 0x38, 0x75, 0x18, 0x75, 0x55, 0x6c,
  0xd4, 0x5b, 0xb3, 0x53, 0xb2, 0x5b, 0xb3, 0x53, 0xd2, 0x53, 0xd3, 0x5b, 0xf4, 0x63, 0x14, 0x64,
  0x35, 0x6c, 0xd7, 0x7c, 0x99, 0x85, 0xba, 0x8d, 0x99, 0x85, 0x99, 0x85, 0x99, 0x85, 0x9a, 0x85,
  0x99, 0x85, 0x9a, 0x85, 0xb9, 0x8d, 0xb7, 0x6c, 0x0c, 0x22, 0x2c, 0x32, 0x6e, 0x3a, 0x8e, 0x3a,
  0xef, 0x42, 0xae, 0x3a, 0xb3, 0x5b, 0x1b, 0x9e, 0x1a, 0x9e, 0x1a, 0xa6, 0x1a, 0x9e, 0x1a, 0x9e,
  0x1b, 0xa6, 0x3a, 0x9e, 0x1b, 0x9e, 0x1b, 0x9e, 0x1a, 0x9e, 0x1b, 0x9e, 0x1b, 0x9e, 0x1a, 0x9e,
  0x1b, 0x9e, 0x1a, 0x96, 0x1a, 0x9e, 0x1b, 0x96, 0x1a, 0x9e, 0x1b, 0x96, 0x1a, 0x96, 0xfa, 0x95,
  0xfb, 0x95, 0xfa, 0x8d, 0x1b, 0x8e, 0x1b, 0x96, 0x1b, 0x8e, 0x1b, 0x96, 0x1a, 0x9e, 0x3b, 0xa6,
  0xbd, 0xc6, 0xfd, 0xce, 0xff, 0x07, 0xf7, 0xbd, 0x00, 0x00, 0x00, 0x00, 0x00, 0x00, 0x00, 0x00,
  0xff, 0xff, 0x00, 0x00, 0x20, 0x00, 0xbd, 0xb6, 0x9c, 0xb6, 0x7c, 0xb6, 0xbd, 0xb6, 0x9c, 0xb6,
  0x1b, 0x9e, 0xdb, 0x8d, 0x39, 0x75, 0x59, 0x75, 0x39, 0x75, 0x39, 0x6d, 0x39, 0x75, 0x59, 0x75,
  0x39, 0x75, 0x59, 0x75, 0x39, 0x7d, 0x39, 0x75, 0x59, 0x7d, 0x59, 0x7d, 0x79, 0x7d, 0x79, 0x85,
  0x99, 0x85, 0xba, 0x85, 0xba, 0x8d, 0xda, 0x95, 0xda, 0x9d, 0xfa, 0x9d, 0x1b, 0xa6, 0xfa, 0x9d,
  0x7d, 0xa6, 0x7c, 0xb6, 0x00, 0x00, 0xf7, 0x7d, 0x00, 0x00, 0x00, 0x00, 0x00, 0x00, 0x00, 0x00,
  0x00, 0x00, 0x00, 0x00, 0x00, 0x00, 0x00, 0x00, 0x00, 0x00, 0x00, 0x00, 0x00, 0x00, 0x00, 0x00,
  0x00, 0x00, 0x00, 0x00, 0x00, 0x00, 0x00, 0x00, 0x00, 0x00, 0x00, 0x00, 0x00, 0x00, 0x00, 0x00,
  0x00, 0x00, 0x00, 0x00, 0x00, 0x00, 0x00, 0x00, 0x00, 0x00, 0x00, 0x00, 0x00, 0x00, 0x00, 0x00,
  0x00, 0x00, 0x00, 0x00, 0x00, 0x00, 0x00, 0x00, 0x00, 0x00, 0x00, 0x00, 0x00, 0x00, 0x00, 0x00,
  0x00, 0x00, 0x00, 0x00, 0x00, 0x00, 0x00, 0x00, 0x00, 0x00, 0x00, 0x00, 0x00, 0x00, 0x00, 0x00,
  0x00, 0x00, 0x00, 0x00, 0x00, 0x00, 0x00, 0x00, 0x00, 0x00, 0x00, 0x00, 0x00, 0x00, 0x00, 0x00,
  0x00, 0x00, 0x00, 0x00, 0x00, 0x00, 0x00, 0x00, 0x00, 0x00, 0x00, 0x00, 0x00, 0x00, 0x00, 0x00,
  0xff, 0xff, 0x00, 0x00, 0x1f, 0xe7, 0xf9, 0xb5, 0x57, 0x9d, 0x54, 0x7c, 0xf3, 0x63, 0xb2, 0x53,
  0x92, 0x53, 0xb3, 0x53, 0xd3, 0x53, 0xd3, 0x53, 0xd3, 0x53, 0xd3, 0x53, 0xf3, 0x53, 0xf4, 0x53,
  0xf4, 0x53, 0x14, 0x54, 0x14, 0x54, 0x15, 0x5c, 0x15, 0x54, 0x15, 0x5c, 0x35, 0x5c, 0x36, 0x5c,
  0x35, 0x5c, 0x56, 0x5c, 0x56, 0x5c, 0x55, 0x5c, 0x56, 0x5c, 0x15, 0x5c, 0x93, 0x4b, 0x0c, 0x2a,
  0x68, 0x21, 0xca, 0x29, 0xeb, 0x29, 0x2c, 0x32, 0x6d, 0x32, 0x8e, 0x32, 0xb3, 0x53, 0xf8, 0x74,
  0xf7, 0x6c, 0x18, 0x75, 0x17, 0x75, 0x18, 0x75, 0x38, 0x75, 0x18, 0x75, 0x39, 0x75, 0x96, 0x6c,
  0x72, 0x4b, 0x10, 0x4b, 0x51, 0x4b, 0x71, 0x53, 0x91, 0x53, 0xb2, 0x5b, 0xd3, 0x63, 0x13, 0x74,
  0x54, 0x7c, 0x54, 0x74, 0x54, 0x7c, 0x54, 0x6c, 0x75, 0x74, 0x59, 0x8d, 0xba, 0x8d, 0x7a, 0x85,
  0x9a, 0x85, 0x79, 0x85, 0x9a, 0x85, 0x99, 0x85, 0x79, 0x85, 0x59, 0x85, 0x31, 0x43, 0xab, 0x21,
  0x0b, 0x2a, 0x2d, 0x32, 0x6d, 0x32, 0x10, 0x4b, 0x78, 0x8d, 0x1b, 0x9e, 0xfa, 0x9d, 0xfa, 0x9d,
  0x1b, 0x9e, 0x1a, 0x9e, 0xfa, 0x9d, 0x1b, 0x9e, 0x1a, 0x9e, 0x1a, 0x9e, 0x1b, 0x9e, 0x3a, 0x9e,
  0x1b, 0x9e, 0x1a, 0x96, 0x1b, 0x9e, 0x1a, 0x96, 0xfb, 0x95, 0xfa, 0x95, 0x3b, 0x96, 0x3b, 0x9e,
  0x3b, 0x9e, 0x3b, 0x96, 0xfb, 0x95, 0xda, 0x8d, 0xba, 0x8d, 0x99, 0x85, 0xba, 0x8d, 0xfa, 0x95,
  0x1b, 0x9e, 0x3b, 0xa6, 0xdd, 0xc6, 0xdd, 0xce, 0x00, 0x00, 0x96, 0x94, 0xb5, 0x52, 0x00, 0x00,
  0x00, 0x00, 0xff, 0xff, 0x00, 0x00, 0x1f, 0xb7, 0xdb, 0x9d, 0x1b, 0x96, 0x5c, 0x9e, 0x7c, 0xa6,
  0x9d, 0xae, 0x9d, 0xa6, 0x1b, 0x96, 0xba, 0x8d, 0x79, 0x7d, 0x59, 0x75, 0x39, 0x6d, 0x39, 0x75,
  0x39, 0x75, 0x39, 0x75, 0x39, 0x75, 0x59, 0x75, 0x59, 0x75, 0x39, 0x75, 0x59, 0x75, 0x59, 0x7d,
  0x59, 0x7d, 0x7a, 0x7d, 0x79, 0x7d, 0x79, 0x85, 0x9a, 0x85, 0xba, 0x8d, 0xda, 0x95, 0xda, 0x95,
  0xfa, 0x9d, 0xfb, 0x95, 0x3b, 0x96, 0x1b, 0x9e, 0xff, 0xdf, 0x00, 0x00, 0xff, 0x07, 0x00, 0x00,
  0x00, 0x00, 0x00, 0x00, 0x00, 0x00, 0x00, 0x00, 0x00, 0x00, 0x00, 0x00, 0x00, 0x00, 0x00, 0x00,
  0x00, 0x00, 0x00, 0x00, 0x00, 0x00, 0x00, 0x00, 0x00, 0x00, 0x00, 0x00, 0x00, 0x00, 0x00, 0x00,
  0x00, 0x00, 0x00, 0x00, 0x00, 0x00, 0x00, 0x00, 0x00, 0x00, 0x00, 0x00, 0x00, 0x00, 0x00, 0x00,
  0x00, 0x00, 0x00, 0x00, 0x00, 0x00, 0x00, 0x00, 0x00, 0x00, 0x00, 0x00, 0x00, 0x00, 0x00, 0x00,
  0x00, 0x00, 0x00, 0x00, 0x00, 0x00, 0x00, 0x00, 0x00, 0x00, 0x00, 0x00, 0x00, 0x00, 0x00, 0x00,
  0x00, 0x00, 0x00, 0x00, 0x00, 0x00, 0x00, 0x00, 0x00, 0x00, 0x00, 0x00, 0x00, 0x00, 0x00, 0x00,
  0x00, 0x00, 0x00, 0x00, 0x00, 0x00, 0x00, 0x00, 0x00, 0x00, 0x00, 0x00, 0x00, 0x00, 0x00, 0x00,
  0x00, 0x00, 0x00, 0x00, 0xff, 0xff, 0x00, 0x00, 0xfc, 0xd6, 0xd9, 0xb5, 0x16, 0x95, 0x34, 0x74,
  0xb2, 0x5b, 0x92, 0x53, 0x92, 0x4b, 0x92, 0x53, 0xb3, 0x53, 0xb3, 0x53, 0xb3, 0x53, 0xf3, 0x53,
  0xd3, 0x53, 0xf4, 0x53, 0xf4, 0x53, 0xf4, 0x53, 0x14, 0x54, 0x14, 0x5c, 0x15, 0x54, 0x15, 0x5c,
  0x35, 0x54, 0x35, 0x5c, 0x56, 0x5c, 0x35, 0x5c, 0x55, 0x5c, 0x56, 0x5c, 0x55, 0x64, 0x35, 0x5c,
  0xf4, 0x53, 0xaf, 0x32, 0xa9, 0x21, 0x89, 0x21, 0xaa, 0x21, 0xeb, 0x29, 0x2c, 0x2a, 0x8e, 0x32,
  0x55, 0x6c, 0xf7, 0x74, 0xd7, 0x6c, 0xd7, 0x6c, 0xf7, 0x6c, 0xf8, 0x6c, 0xd8, 0x64, 0xf8, 0x6c,
  0x76, 0x64, 0xf0, 0x3a, 0xef, 0x42, 0xf0, 0x4a, 0x0f, 0x4b, 0x0f, 0x4b, 0x30, 0x4b, 0x51, 0x5b,
  0xd2, 0x63, 0x33, 0x7c, 0x95, 0x84, 0xd5, 0x94, 0xd6, 0x94, 0xb5, 0x8c, 0x54, 0x74, 0x75, 0x74,
  0x99, 0x8d, 0x79, 0x85, 0x99, 0x85, 0x99, 0x8d, 0xda, 0x95, 0xda, 0x9d, 0xfa, 0xa5, 0x3a, 0xae,
  0xb9, 0x9d, 0x12, 0x6c, 0x4f, 0x5b, 0x4f, 0x53, 0x12, 0x6c, 0xb8, 0x9d, 0x3b, 0xa6, 0xd9, 0x9d,
  0xda, 0x95, 0xfa, 0x95, 0xfa, 0x9d, 0x1b, 0x9e, 0xfa, 0x9d, 0xfb, 0x9d, 0xfb, 0x9d, 0x1a, 0x96,
  0x1b, 0x9e, 0x1a, 0x96, 0x1a, 0x9e, 0x1b, 0x96, 0xfa, 0x95, 0xfa, 0x95, 0x1b, 0x96, 0x1b, 0x96,
  0xba, 0x8d, 0x38, 0x85, 0xd6, 0x7c, 0x96, 0x74, 0x34, 0x6c, 0x13, 0x6c, 0x14, 0x6c, 0x33, 0x6c,
  0x74, 0x7c, 0xb5, 0x84, 0xd5, 0x84, 0x16, 0x8d, 0x79, 0x9d, 0xb8, 0xa5, 0x13, 0x6c, 0x00, 0x00,
  0x00, 0x00, 0xff, 0x07, 0xff, 0xff, 0x0f, 0x7c, 0xff, 0xff, 0x3a, 0x7d, 0x9b, 0x7d, 0x59, 0x7d,
  0xba, 0x8d, 0x1b, 0x9e, 0x3b, 0xa6, 0x1a, 0xa6, 0x3b, 0xa6, 0xfa, 0x95, 0x9a, 0x85, 0x7a, 0x7d,
  0x39, 0x75, 0x39, 0x75, 0x39, 0x6d, 0x59, 0x75, 0x38, 0x6d, 0x39, 0x75, 0x59, 0x75, 0x38, 0x75,
  0x59, 0x75, 0x59, 0x75, 0x59, 0x75, 0x59, 0x7d, 0x59, 0x7d, 0x79, 0x7d, 0x99, 0x85, 0x9a, 0x85,
  0xba, 0x8d, 0xda, 0x8d, 0xda, 0x95, 0xfa, 0x95, 0xfa, 0x8d, 0x1b, 0x9e, 0x7c, 0xae, 0x00, 0x00,
  0x5f, 0xad, 0x00, 0x00, 0x00, 0x00, 0x00, 0x00, 0x00, 0x00, 0x00, 0x00, 0x00, 0x00, 0x00, 0x00,
  0x00, 0x00, 0x00, 0x00, 0x00, 0x00, 0x00, 0x00, 0x00, 0x00, 0x00, 0x00, 0x00, 0x00, 0x00, 0x00,
  0x00, 0x00, 0x00, 0x00, 0x00, 0x00, 0x00, 0x00, 0x00, 0x00, 0x00, 0x00, 0x00, 0x00, 0x00, 0x00,
  0x00, 0x00, 0x00, 0x00, 0x00, 0x00, 0x00, 0x00, 0x00, 0x00, 0x00, 0x00, 0x00, 0x00, 0x00, 0x00,
  0x00, 0x00, 0x00, 0x00, 0x00, 0x00, 0x00, 0x00, 0x00, 0x00, 0x00, 0x00, 0x00, 0x00, 0x00, 0x00,
  0x00, 0x00, 0x00, 0x00, 0x00, 0x00, 0x00, 0x00, 0x00, 0x00, 0x00, 0x00, 0x00, 0x00, 0x00, 0x00,
  0x00, 0x00, 0x00, 0x00, 0x00, 0x00, 0x00, 0x00, 0x00, 0x00, 0x00, 0x00, 0x00, 0x00, 0x00, 0x00,
  0x00, 0x00, 0x00, 0x00, 0x00, 0x00, 0x00, 0x00, 0x55, 0xad, 0x00, 0x00, 0x7b, 0xce, 0xd9, 0xb5,
  0xb5, 0x8c, 0x13, 0x74, 0xb2, 0x5b, 0x72, 0x53, 0x72, 0x4b, 0x92, 0x4b, 0x92, 0x4b, 0xb3, 0x53,
  0xb3, 0x53, 0xb3, 0x4b, 0xd4, 0x53, 0xd3, 0x53, 0xd4, 0x53, 0xf4, 0x53, 0xf4, 0x53, 0xf4, 0x53,
  0x15, 0x54, 0x15, 0x54, 0x15, 0x5c, 0x35, 0x5c, 0x35, 0x5c, 0x35, 0x5c, 0x36, 0x5c, 0x56, 0x5c,
  0x55, 0x5c, 0x35, 0x5c, 0xf4, 0x53, 0x51, 0x4b, 0x4d, 0x2a, 0x89, 0x21, 0x49, 0x19, 0xcb, 0x29,
  0xce, 0x42, 0x95, 0x7c, 0xd9, 0xa5, 0xd9, 0x9d, 0xb9, 0x9d, 0xb9, 0x95, 0x99, 0x95, 0x58, 0x85,
  0x38, 0x7d, 0xb6, 0x6c, 0x10, 0x43, 0x4d, 0x32, 0x8d, 0x42, 0xae, 0x3a, 0xcf, 0x42, 0xcf, 0x42,
  0xef, 0x4a, 0x50, 0x4b, 0x71, 0x5b, 0xb2, 0x6b, 0x33, 0x74, 0x94, 0x8c, 0xd5, 0x94, 0xd5, 0x8c,
  0x34, 0x74, 0x92, 0x5b, 0x37, 0x85, 0x9b, 0xbe, 0x9b, 0xbe, 0xbb, 0xc6, 0xdc, 0xce, 0xfc, 0xce,
  0xfc, 0xd6, 0xfc, 0xce, 0xfc, 0xd6, 0x1c, 0xd7, 0xfc, 0xce, 0xfc, 0xd6, 0x1c, 0xd7, 0x1d, 0xd7,
  0xfc, 0xd6, 0xdc, 0xc6, 0x9b, 0xbe, 0x3b, 0xae, 0xfa, 0x9d, 0xda, 0x95, 0xda, 0x95, 0xfa, 0x95,
  0x1b, 0x9e, 0x1a, 0x96, 0xfb, 0x9d, 0x1a, 0x96, 0xfb, 0x95, 0x1a, 0x9e, 0x1b, 0x96, 0x1b, 0x96,
  0x79, 0x85, 0x54, 0x64, 0x92, 0x5b, 0x51, 0x53, 0x71, 0x5b, 0x70, 0x5b, 0x50, 0x53, 0x30, 0x53,
  0x0f, 0x4b, 0xef, 0x4a, 0xef, 0x4a, 0x30, 0x53, 0x71, 0x5b, 0xb1, 0x63, 0xf2, 0x73, 0x54, 0x7c,
  0x94, 0x84, 0x74, 0x84, 0x33, 0x7c, 0x00, 0x00, 0x1f, 0x00, 0x00, 0x00, 0x1a, 0x7d, 0x1a, 0x6d,
  0xf9, 0x6c, 0x39, 0x75, 0x9a, 0x85, 0xfa, 0x95, 0x1b, 0xa6, 0x1b, 0xa6, 0x3b, 0xa6, 0x1b, 0xa6,
  0xda, 0x8d, 0x9a, 0x85, 0x59, 0x7d, 0x39, 0x75, 0x39, 0x75, 0x39, 0x75, 0x39, 0x75, 0x39, 0x75,
  0x38, 0x6d, 0x39, 0x75, 0x39, 0x75, 0x39, 0x75, 0x59, 0x75, 0x39, 0x75, 0x79, 0x7d, 0x59, 0x7d,
  0x79, 0x7d, 0x9a, 0x85, 0x99, 0x85, 0x9a, 0x8d, 0xba, 0x8d, 0xda, 0x8d, 0xda, 0x8d, 0x5c, 0x9e,
  0x1b, 0xa6, 0x00, 0x00, 0xf7, 0x7d, 0x00, 0x00, 0x00, 0x00, 0x00, 0x00, 0x00, 0x00, 0x00, 0x00,
  0x00, 0x00, 0x00, 0x00, 0x00, 0x00, 0x00, 0x00, 0x00, 0x00, 0x00, 0x00, 0x00, 0x00, 0x00, 0x00,
  0x00, 0x00, 0x00, 0x00, 0x00, 0x00, 0x00, 0x00, 0x00, 0x00, 0x00, 0x00, 0x00, 0x00, 0x00, 0x00,
  0x00, 0x00, 0x00, 0x00, 0x00, 0x00, 0x00, 0x00, 0x00, 0x00, 0x00, 0x00, 0x00, 0x00, 0x00, 0x00,
  0x00, 0x00, 0x00, 0x00, 0x00, 0x00, 0x00, 0x00, 0x00, 0x00, 0x00, 0x00, 0x00, 0x00, 0x00, 0x00,
  0x00, 0x00, 0x00, 0x00, 0x00, 0x00, 0x00, 0x00, 0x00, 0x00, 0x00, 0x00, 0x00, 0x00, 0x00, 0x00,
  0x00, 0x00, 0x00, 0x00, 0x00, 0x00, 0x00, 0x00, 0x00, 0x00, 0x00, 0x00, 0x00, 0x00, 0x00, 0x00,
  0x00, 0x00, 0x00, 0x00, 0x00, 0x00, 0x00, 0x00, 0x00, 0x00, 0x00, 0x00, 0xf7, 0xbd, 0x00, 0x00,
  0x1a, 0xbe, 0xd8, 0xb5, 0xb5, 0x8c, 0xf3, 0x6b, 0x92, 0x5b, 0x71, 0x53, 0x72, 0x4b, 0x72, 0x53,
  0x92, 0x4b, 0x92, 0x4b, 0xb3, 0x4b, 0xb3, 0x53, 0xb3, 0x4b, 0xd3, 0x53, 0xd4, 0x4b, 0xd3, 0x53,
  0xf4, 0x53, 0xf4, 0x53, 0x14, 0x54, 0x14, 0x5c, 0x15, 0x54, 0x15, 0x54, 0x15, 0x54, 0x35, 0x5c,
  0x35, 0x5c, 0x55, 0x5c, 0x35, 0x5c, 0x14, 0x5c, 0x55, 0x6c, 0x95, 0x74, 0xd6, 0x84, 0xd5, 0x84,
  0xf5, 0x8c, 0x56, 0x9d, 0x39, 0xb6, 0x9b, 0xc6, 0x9b, 0xc6, 0x9a, 0xc6, 0xbb, 0xc6, 0x9a, 0xc6,
  0x9b, 0xc6, 0x9a, 0xc6, 0x7a, 0xbe, 0x78, 0x9d, 0xad, 0x42, 0x0b, 0x32, 0x4d, 0x3a, 0x6d, 0x3a,
  0x6d, 0x3a, 0xae, 0x3a, 0xcf, 0x42, 0xef, 0x4a, 0x10, 0x4b, 0x30, 0x53, 0x91, 0x63, 0x13, 0x74,
  0x53, 0x7c, 0x54, 0x7c, 0xd2, 0x6b, 0x71, 0x53, 0x17, 0x95, 0x1d, 0xd7, 0xdc, 0xce, 0xfc, 0xd6,
  0xdc, 0xce, 0xdb, 0xd6, 0xdb, 0xd6, 0xdb, 0xd6, 0xfb, 0xce, 0xdb, 0xd6, 0xfc, 0xd6, 0x1b, 0xd7,
  0xfc, 0xd6, 0xfb, 0xd6, 0xfc, 0xd6, 0x1c, 0xdf, 0x1c, 0xd7, 0x1c, 0xd7, 0xfc, 0xd6, 0x9b, 0xbe,
  0x1b, 0xa6, 0xda, 0x95, 0xfa, 0x95, 0xfa, 0x9d, 0xfa, 0x95, 0x1b, 0x9e, 0xfa, 0x95, 0xfa, 0x95,
  0x1a, 0x96, 0xba, 0x8d, 0x71, 0x53, 0xef, 0x4a, 0xef, 0x4a, 0x8e, 0x3a, 0x4d, 0x3a, 0x2d, 0x32,
  0x2d, 0x2a, 0x4d, 0x32, 0x6e, 0x32, 0x8f, 0x32, 0x8e, 0x32, 0x2d, 0x2a, 0xec, 0x21, 0xcc, 0x21,
  0xec, 0x29, 0x6d, 0x3a, 0x90, 0x5b, 0x94, 0x84, 0xb5, 0x8c, 0x94, 0x84, 0xf4, 0x6b, 0x00, 0x00,
  0xb9, 0x6c, 0xb9, 0x5c, 0xb8, 0x5c, 0x19, 0x6d, 0x79, 0x7d, 0x9a, 0x85, 0xfb, 0x9d, 0x1a, 0xa6,
  0x1a, 0xa6, 0x1b, 0xa6, 0xfa, 0x9d, 0xba, 0x8d, 0x79, 0x7d, 0x59, 0x7d, 0x59, 0x75, 0x39, 0x75,
  0x39, 0x75, 0x59, 0x75, 0x39, 0x75, 0x39, 0x75, 0x59, 0x75, 0x59, 0x75, 0x39, 0x75, 0x59, 0x75,
  0x5a, 0x75, 0x59, 0x7d, 0x59, 0x7d, 0x59, 0x7d, 0x9a, 0x85, 0x9a, 0x85, 0x9a, 0x85, 0xba, 0x8d,
  0xda, 0x8d, 0x3c, 0x9e, 0x1b, 0x9e, 0x00, 0x00, 0x55, 0xad, 0x00, 0x00, 0x00, 0x00, 0x00, 0x00,
  0x00, 0x00, 0x00, 0x00, 0x00, 0x00, 0x00, 0x00, 0x00, 0x00, 0x00, 0x00, 0x00, 0x00, 0x00, 0x00,
  0x00, 0x00, 0x00, 0x00, 0x00, 0x00, 0x00, 0x00, 0x00, 0x00, 0x00, 0x00, 0x00, 0x00, 0x00, 0x00,
  0x00, 0x00, 0x00, 0x00, 0x00, 0x00, 0x00, 0x00, 0x00, 0x00, 0x00, 0x00, 0x00, 0x00, 0x00, 0x00,
  0x00, 0x00, 0x00, 0x00, 0x00, 0x00, 0x00, 0x00, 0x00, 0x00, 0x00, 0x00, 0x00, 0x00, 0x00, 0x00,
  0x00, 0x00, 0x00, 0x00, 0x00, 0x00, 0x00, 0x00, 0x00, 0x00, 0x00, 0x00, 0x00, 0x00, 0x00, 0x00,
  0x00, 0x00, 0x00, 0x00, 0x00, 0x00, 0x00, 0x00, 0x00, 0x00, 0x00, 0x00, 0x00, 0x00, 0x00, 0x00,
  0x00, 0x00, 0x00, 0x00, 0x00, 0x00, 0x00, 0x00, 0x00, 0x00, 0x00, 0x00, 0x00, 0x00, 0x00, 0x00,
  0x55, 0x7d, 0xaa, 0x5a, 0xd9, 0xb5, 0xb8, 0xad, 0xb5, 0x8c, 0x13, 0x74, 0xb2, 0x5b, 0x72, 0x53,
  0x71, 0x53, 0x71, 0x4b, 0x72, 0x4b, 0x72, 0x53, 0x72, 0x4b, 0x92, 0x4b, 0x93, 0x53, 0x93, 0x4b,
  0xd3, 0x4b, 0xd4, 0x53, 0xf4, 0x53, 0xf4, 0x53, 0xf4, 0x53, 0x15, 0x54, 0x14, 0x5c, 0x15, 0x54,
  0x35, 0x5c, 0x35, 0x5c, 0x35, 0x54, 0x15, 0x54, 0x75, 0x6c, 0x57, 0x8d, 0xd9, 0xa5, 0x39, 0xb6,
  0x39, 0xb6, 0x7a, 0xc6, 0x7a, 0xc6, 0x7a, 0xbe, 0x7a, 0xbe, 0x5a, 0xbe, 0x59, 0xbe, 0x5a, 0xbe,
  0x5a, 0xbe, 0x5a, 0xc6, 0x79, 0xbe, 0x5a, 0xb6, 0x39, 0xb6, 0xf5, 0x8c, 0x8d, 0x42, 0xea, 0x31,
  0x0c, 0x32, 0x2c, 0x32, 0x4d, 0x32, 0x6d, 0x3a, 0x8e, 0x3a, 0xce, 0x42, 0xcf, 0x42, 0xef, 0x42,
  0x10, 0x4b, 0x50, 0x5b, 0x91, 0x63, 0x91, 0x63, 0x51, 0x53, 0x50, 0x53, 0x16, 0x8d, 0xfc, 0xd6,
  0xdb, 0xce, 0xdc, 0xce, 0xdb, 0xce, 0xdc, 0xce, 0xfb, 0xce, 0xfc, 0xd6, 0xfc, 0xd6, 0xfb, 0xd6,
  0xfb, 0xd6, 0xfc, 0xd6, 0xfb, 0xd6, 0x1c, 0xdf, 0x1b, 0xd7, 0x1c, 0xd7, 0x1c, 0xd7, 0xfc, 0xd6,
  0x1c, 0xd7, 0x1c, 0xd7, 0xfc, 0xce, 0x9b, 0xbe, 0xfa, 0xa5, 0xfa, 0x95, 0xfb, 0x95, 0xfa, 0x95,
  0xfb, 0x95, 0xfa, 0x95, 0xfb, 0x95, 0x99, 0x8d, 0x6e, 0x32, 0x0d, 0x2a, 0xed, 0x21, 0x0d, 0x22,
  0x4f, 0x2a, 0x12, 0x43, 0x36, 0x64, 0x19, 0x75, 0x99, 0x85, 0xba, 0x8d, 0xda, 0x8d, 0xba, 0x8d,
  0x59, 0x7d, 0x97, 0x6c, 0xd3, 0x5b, 0xaf, 0x3a, 0xcb, 0x21, 0x4d, 0x3a, 0x51, 0x53, 0x13, 0x74,
  0x91, 0x63, 0x5d, 0x7d, 0x57, 0x54, 0x78, 0x54, 0xb8, 0x5c, 0xf8, 0x6c, 0x39, 0x75, 0x7a, 0x7d,
  0xba, 0x8d, 0xfa, 0x9d, 0xfb, 0x9d, 0x1a, 0xa6, 0xfb, 0x9d, 0xba, 0x95, 0x9a, 0x85, 0x79, 0x7d,
  0x59, 0x7d, 0x59, 0x75, 0x39, 0x75, 0x39, 0x75, 0x59, 0x75, 0x39, 0x75, 0x59, 0x75, 0x39, 0x75,
  0x39, 0x75, 0x59, 0x75, 0x39, 0x75, 0x39, 0x7d, 0x59, 0x7d, 0x59, 0x7d, 0x79, 0x7d, 0x99, 0x7d,
  0xba, 0x85, 0xba, 0x8d, 0xba, 0x85, 0x1b, 0x8e, 0xfb, 0x9d, 0x00, 0x00, 0xef, 0x7b, 0x00, 0x00,
  0x00, 0x00, 0x00, 0x00, 0x00, 0x00, 0x00, 0x00, 0x00, 0x00, 0x00, 0x00, 0x00, 0x00, 0x00, 0x00,
  0x00, 0x00, 0x00, 0x00, 0x00, 0x00, 0x00, 0x00, 0x00, 0x00, 0x00, 0x00, 0x00, 0x00, 0x00, 0x00,
  0x00, 0x00, 0x00, 0x00, 0x00, 0x00, 0x00, 0x00, 0x00, 0x00, 0x00, 0x00, 0x00, 0x00, 0x00, 0x00,
  0x00, 0x00, 0x00, 0x00, 0x00, 0x00, 0x00, 0x00, 0x00, 0x00, 0x00, 0x00, 0x00, 0x00, 0x00, 0x00,
  0x00, 0x00, 0x00, 0x00, 0x00, 0x00, 0x00, 0x00, 0x00, 0x00, 0x00, 0x00, 0x00, 0x00, 0x00, 0x00,
  0x00, 0x00, 0x00, 0x00, 0x00, 0x00, 0x00, 0x00, 0x00, 0x00, 0x00, 0x00, 0x00, 0x00, 0x00, 0x00,
  0x00, 0x00, 0x00, 0x00, 0x00, 0x00, 0x00, 0x00, 0x00, 0x00, 0x00, 0x00, 0x00, 0x00, 0x00, 0x00,
  0xef, 0x03, 0xaa, 0x52, 0x00, 0x00, 0x00, 0x00, 0x77, 0xa5, 0x38, 0x9d, 0x54, 0x7c, 0xb1, 0x6b,
  0x50, 0x53, 0x0f, 0x4b, 0x0f, 0x4b, 0xef, 0x4a, 0x10, 0x4b, 0x0f, 0x4b, 0x30, 0x53, 0x30, 0x53,
  0x50, 0x53, 0x31, 0x4b, 0x51, 0x4b, 0x72, 0x4b, 0xb3, 0x4b, 0xd4, 0x53, 0xf4, 0x53, 0xf4, 0x53,
  0x15, 0x54, 0x14, 0x5c, 0x14, 0x54, 0xf4, 0x53, 0x55, 0x64, 0x37, 0x85, 0xb8, 0xa5, 0xf9, 0xad,
  0xf8, 0xb5, 0x18, 0xb6, 0x19, 0xb6, 0x18, 0xb6, 0x39, 0xb6, 0x39, 0xbe, 0x39, 0xb6, 0x59, 0xbe,
  0x5a, 0xbe, 0x59, 0xbe, 0x5a, 0xbe, 0x59, 0xbe, 0x5a, 0xbe, 0x39, 0xb6, 0xf8, 0xad, 0xb4, 0x84,
  0x6c, 0x42, 0xca, 0x29, 0xca, 0x29, 0xeb, 0x31, 0x2c, 0x32, 0x4d, 0x32, 0x6d, 0x3a, 0x8e, 0x32,
  0xae, 0x3a, 0xae, 0x42, 0xef, 0x42, 0x0f, 0x43, 0x10, 0x4b, 0x10, 0x43, 0x10, 0x4b, 0x50, 0x53,
  0x77, 0x9d, 0xfc, 0xce, 0xbb, 0xc6, 0xbb, 0xce, 0xdb, 0xce, 0xdb, 0xce, 0xdc, 0xce, 0xdb, 0xce,
  0xdb, 0xd6, 0xfc, 0xce, 0xdb, 0xd6, 0xfb, 0xd6, 0xfc, 0xd6, 0xfb, 0xd6, 0xfc, 0xd6, 0xfb, 0xd6,
  0xfc, 0xde, 0x1c, 0xd7, 0xfc, 0xde, 0xfc, 0xd6, 0xfc, 0xd6, 0x1c, 0xdf, 0xfc, 0xce, 0x5b, 0xae,
  0xda, 0x95, 0xfa, 0x95, 0xda, 0x95, 0xdb, 0x8d, 0xda, 0x8d, 0xda, 0x8d, 0x56, 0x64, 0x93, 0x4b,
  0xb5, 0x53, 0xd5, 0x53, 0x16, 0x54, 0x57, 0x64, 0xb8, 0x64, 0xf8, 0x6c, 0x59, 0x7d, 0x9a, 0x85,
  0xda, 0x85, 0xdb, 0x85, 0xfb, 0x95, 0xfc, 0x95, 0x1b, 0x9e, 0x3b, 0xae, 0x75, 0x7c, 0xab, 0x21,
  0xec, 0x29, 0x6e, 0x3a, 0x00, 0x00, 0x58, 0x5c, 0x38, 0x54, 0x37, 0x4c, 0x78, 0x5c, 0xd8, 0x64,
  0x19, 0x6d, 0x59, 0x7d, 0x9a, 0x85, 0xba, 0x8d, 0xfa, 0x9d, 0xfa, 0x9d, 0xda, 0x9d, 0xda, 0x95,
  0xba, 0x8d, 0x9a, 0x85, 0x7a, 0x85, 0x59, 0x7d, 0x59, 0x75, 0x59, 0x75, 0x39, 0x75, 0x59, 0x75,
  0x39, 0x75, 0x59, 0x75, 0x39, 0x75, 0x39, 0x75, 0x59, 0x75, 0x59, 0x75, 0x59, 0x75, 0x59, 0x7d,
  0x59, 0x7d, 0x79, 0x85, 0x9a, 0x7d, 0x99, 0x85, 0xba, 0x85, 0xfb, 0x8d, 0xfb, 0x95, 0x00, 0x00,
  0x1f, 0x00, 0x00, 0x00, 0x00, 0x00, 0x00, 0x00, 0x00, 0x00, 0x00, 0x00, 0x00, 0x00, 0x00, 0x00,
  0x00, 0x00, 0x00, 0x00, 0x00, 0x00, 0x00, 0x00, 0x00, 0x00, 0x00, 0x00, 0x00, 0x00, 0x00, 0x00,
  0x00, 0x00, 0x00, 0x00, 0x00, 0x00, 0x00, 0x00, 0x00, 0x00, 0x00, 0x00, 0x00, 0x00, 0x00, 0x00,
  0x00, 0x00, 0x00, 0x00, 0x00, 0x00, 0x00, 0x00, 0x00, 0x00, 0x00, 0x00, 0x00, 0x00, 0x00, 0x00,
  0x00, 0x00, 0x00, 0x00, 0x00, 0x00, 0x00, 0x00, 0x00, 0x00, 0x00, 0x00, 0x00, 0x00, 0x00, 0x00,
  0x00, 0x00, 0x00, 0x00, 0x00, 0x00, 0x00, 0x00, 0x00, 0x00, 0x00, 0x00, 0x00, 0x00, 0x00, 0x00,
  0x00, 0x00, 0x00, 0x00, 0x00, 0x00, 0x00, 0x00, 0x00, 0x00, 0x00, 0x00, 0x00, 0x00, 0x00, 0x00,
  0x00, 0x00, 0xf0, 0x7b, 0x00, 0x00, 0x00, 0x00, 0xaf, 0x4a, 0x8d, 0x42, 0xae, 0x42, 0x8d, 0x42,
  0x4c, 0x3a, 0x2c, 0x3a, 0x4c, 0x3a, 0x2c, 0x32, 0x0b, 0x2a, 0xeb, 0x31, 0x0b, 0x32, 0x0b, 0x32,
  0x2b, 0x32, 0x4c, 0x3a, 0x6d, 0x3a, 0x8d, 0x42, 0xce, 0x4a, 0xef, 0x42, 0x72, 0x4b, 0xd4, 0x4b,
  0xf4, 0x53, 0xf4, 0x53, 0x14, 0x5c, 0xf5, 0x53, 0xf4, 0x5b, 0xd5, 0x7c, 0x98, 0x9d, 0xd8, 0xad,
  0xd8, 0xa5, 0xd8, 0xad, 0xf8, 0xad, 0xf9, 0xad, 0x18, 0xb6, 0x19, 0xb6, 0x19, 0xb6, 0x39, 0xb6,
  0x39, 0xb6, 0x39, 0xb6, 0x39, 0xbe, 0x59, 0xb6, 0x5a, 0xbe, 0x39, 0xb6, 0x39, 0xb6, 0x19, 0xb6,
  0xd8, 0xad, 0x15, 0x95, 0xac, 0x42, 0xc9, 0x29, 0x89, 0x21, 0xaa, 0x29, 0xeb, 0x29, 0x0c, 0x2a,
  0x2c, 0x32, 0x4d, 0x32, 0x6d, 0x3a, 0x8e, 0x3a, 0xae, 0x3a, 0xae, 0x3a, 0xae, 0x42, 0xcf, 0x42,
  0xef, 0x42, 0xd1, 0x63, 0x7a, 0xc6, 0xbb, 0xc6, 0xbb, 0xc6, 0xbb, 0xc6, 0xbb, 0xce, 0xbc, 0xce,
  0xbb, 0xce, 0xdc, 0xce, 0xdb, 0xce, 0xdb, 0xd6, 0xdb, 0xce, 0xfb, 0xd6, 0xfb, 0xd6, 0xfc, 0xd6,
  0xfb, 0xd6, 0xfc, 0xd6, 0xfb, 0xd6, 0xfc, 0xd6, 0xfc, 0xd6, 0xfc, 0xd6, 0x1c, 0xd7, 0xfc, 0xd6,
  0xfc, 0xd6, 0x1c, 0xd7, 0x7b, 0xb6, 0xda, 0x9d, 0xda, 0x8d, 0xda, 0x8d, 0xda, 0x8d, 0xba, 0x8d,
  0xba, 0x85, 0x9a, 0x85, 0x79, 0x7d, 0x18, 0x75, 0xf8, 0x6c, 0xb7, 0x64, 0xb7, 0x6c, 0xd8, 0x6c,
  0x18, 0x6d, 0x39, 0x75, 0x7a, 0x7d, 0x9a, 0x85, 0xba, 0x85, 0x9a, 0x85, 0x9a, 0x95, 0xfa, 0xad,
  0xff, 0xef, 0x00, 0x00, 0x00, 0x00, 0x00, 0x00, 0x00, 0x00, 0x37, 0x54, 0x39, 0x4c, 0xf7, 0x43,
  0x77, 0x54, 0xb8, 0x64, 0xf8, 0x6c, 0x39, 0x75, 0x79, 0x7d, 0x9a, 0x8d, 0xda, 0x8d, 0xda, 0x9d,
  0xda, 0x95, 0xda, 0x95, 0xba, 0x95, 0xba, 0x8d, 0x79, 0x85, 0x7a, 0x7d, 0x79, 0x7d, 0x79, 0x7d,
  0x59, 0x75, 0x39, 0x75, 0x59, 0x75, 0x39, 0x75, 0x59, 0x75, 0x39, 0x75, 0x39, 0x75, 0x5a, 0x7d,
  0x59, 0x75, 0x59, 0x7d, 0x5a, 0x7d, 0x79, 0x7d, 0x7a, 0x7d, 0x99, 0x85, 0x9a, 0x85, 0xfb, 0x8d,
  0xda, 0x8d, 0x00, 0x00, 0xff, 0x07, 0x00, 0x00, 0x00, 0x00, 0x00, 0x00, 0x00, 0x00, 0x00, 0x00,
  0x00, 0x00, 0x00, 0x00, 0x00, 0x00, 0x00, 0x00, 0x00, 0x00, 0x00, 0x00, 0x00, 0x00, 0x00, 0x00,
  0x00, 0x00, 0x00, 0x00, 0x00, 0x00, 0x00, 0x00, 0x00, 0x00, 0x00, 0x00, 0x00, 0x00, 0x00, 0x00,
  0x00, 0x00, 0x00, 0x00, 0x00, 0x00, 0x00, 0x00, 0x00, 0x00, 0x00, 0x00, 0x00, 0x00, 0x00, 0x00,
  0x00, 0x00, 0x00, 0x00, 0x00, 0x00, 0x00, 0x00, 0x00, 0x00, 0x00, 0x00, 0x00, 0x00, 0x00, 0x00,
  0x00, 0x00, 0x00, 0x00, 0x00, 0x00, 0x00, 0x00, 0x00, 0x00, 0x00, 0x00, 0x00, 0x00, 0x00, 0x00,
  0x00, 0x00, 0x00, 0x00, 0x00, 0x00, 0x00, 0x00, 0x00, 0x00, 0x00, 0x00, 0x00, 0x00, 0x00, 0x00,
  0x00, 0x00, 0x00, 0x00, 0x00, 0x00, 0x00, 0x00, 0xad, 0x4a, 0x8d, 0x42, 0x6c, 0x42, 0x6d, 0x3a,
  0x0b, 0x32, 0xaa, 0x29, 0xa9, 0x21, 0x89, 0x21, 0xaa, 0x21, 0xeb, 0x29, 0xec, 0x29, 0x0c, 0x2a,
  0xec, 0x29, 0xcb, 0x21, 0xab, 0x21, 0x89, 0x21, 0x69, 0x19, 0x69, 0x21, 0x69, 0x21, 0xec, 0x21,
  0x72, 0x4b, 0xf4, 0x53, 0xd3, 0x53, 0xf4, 0x53, 0xf4, 0x53, 0x13, 0x5c, 0x37, 0x95, 0xb7, 0xa5,
  0xb7, 0xa5, 0xb7, 0xa5, 0xd8, 0xa5, 0xd7, 0xad, 0xd8, 0xad, 0xf8, 0xad, 0xf8, 0xb5, 0x18, 0xb6,
  0x19, 0xb6, 0x38, 0xb6, 0x39, 0xb6, 0x39, 0xb6, 0x39, 0xbe, 0x39, 0xb6, 0x39, 0xb6, 0x39, 0xb6,
  0x39, 0xb6, 0xf8, 0xad, 0xd8, 0xad, 0x56, 0x9d, 0x90, 0x63, 0xe9, 0x29, 0xca, 0x29, 0x89, 0x21,
  0xca, 0x29, 0xeb, 0x29, 0xeb, 0x29, 0x0c, 0x32, 0x4c, 0x32, 0x6d, 0x32, 0x6d, 0x3a, 0x8e, 0x3a,
  0x8e, 0x3a, 0x8e, 0x3a, 0xce, 0x42, 0x36, 0x95, 0xdc, 0xce, 0x9b, 0xc6, 0x9b, 0xc6, 0x9b, 0xc6,
  0xbb, 0xc6, 0xbb, 0xc6, 0xbb, 0xce, 0xbb, 0xce, 0xdb, 0xce, 0xbb, 0xce, 0xdc, 0xd6, 0xdb, 0xce,
  0xdc, 0xd6, 0xdb, 0xd6, 0xfb, 0xd6, 0xfb, 0xd6, 0xfb, 0xd6, 0xfc, 0xd6, 0xfb, 0xd6, 0x1b, 0xd7,
  0xfc, 0xd6, 0x1b, 0xd7, 0xfc, 0xd6, 0xfb, 0xd6, 0x1c, 0xd7, 0x9b, 0xbe, 0xb9, 0x8d, 0xda, 0x8d,
  0xba, 0x8d, 0xba, 0x85, 0x9a, 0x85, 0x99, 0x85, 0x99, 0x85, 0x59, 0x7d, 0x38, 0x75, 0x18, 0x75,
  0xf8, 0x6c, 0xf8, 0x6c, 0xf8, 0x6c, 0x19, 0x75, 0x7a, 0x75, 0x9a, 0x7d, 0xba, 0x85, 0x9a, 0x85,
  0x7a, 0x8d, 0xda, 0xa5, 0xbd, 0xbe, 0xaa, 0x52, 0xd3, 0x6c, 0x71, 0x4b, 0x00, 0x00, 0xd7, 0x4b,
  0x18, 0x44, 0xf7, 0x4b, 0x57, 0x54, 0x98, 0x64, 0xf9, 0x64, 0x39, 0x75, 0x59, 0x75, 0x7a, 0x85,
  0xba, 0x8d, 0xba, 0x8d, 0xba, 0x95, 0xda, 0x95, 0xba, 0x8d, 0xba, 0x8d, 0xba, 0x85, 0x99, 0x85,
  0x79, 0x7d, 0x59, 0x7d, 0x59, 0x7d, 0x59, 0x7d, 0x59, 0x75, 0x39, 0x75, 0x59, 0x75, 0x5a, 0x75,
  0x59, 0x75, 0x59, 0x75, 0x39, 0x75, 0x59, 0x75, 0x59, 0x7d, 0x79, 0x75, 0x79, 0x7d, 0x7a, 0x7d,
  0x99, 0x7d, 0xdb, 0x8d, 0xda, 0x95, 0x00, 0x00, 0xff, 0x7b, 0x00, 0x00, 0x00, 0x00, 0x00, 0x00,
  0x00, 0x00, 0x00, 0x00, 0x00, 0x00, 0x00, 0x00, 0x00, 0x00, 0x00, 0x00, 0x00, 0x00, 0x00, 0x00,
  0x00, 0x00, 0x00, 0x00, 0x00, 0x00, 0x00, 0x00, 0x00, 0x00, 0x00, 0x00, 0x00, 0x00, 0x00, 0x00,
  0x00, 0x00, 0x00, 0x00, 0x00, 0x00, 0x00, 0x00, 0x00, 0x00, 0x00, 0x00, 0x00, 0x00, 0x00, 0x00,
  0x00, 0x00, 0x00, 0x00, 0x00, 0x00, 0x00, 0x00, 0x00, 0x00, 0x00, 0x00, 0x00, 0x00, 0x00, 0x00,
  0x00, 0x00, 0x00, 0x00, 0x00, 0x00, 0x00, 0x00, 0x00, 0x00, 0x00, 0x00, 0x00, 0x00, 0x00, 0x00,
  0x00, 0x00, 0x00, 0x00, 0x00, 0x00, 0x00, 0x00, 0x00, 0x00, 0x00, 0x00, 0x00, 0x00, 0x00, 0x00,
  0x00, 0x00, 0x00, 0x00, 0x00, 0x00, 0xef, 0x7b, 0x00, 0x00, 0x6d, 0x42, 0x6c, 0x3a, 0x6c, 0x3a,
  0x2c, 0x32, 0xaa, 0x29, 0xa9, 0x21, 0x2b, 0x32, 0x6d, 0x42, 0xcf, 0x42, 0x30, 0x4b, 0x51, 0x4b,
  0x51, 0x4b, 0x51, 0x4b, 0x31, 0x4b, 0x10, 0x43, 0xaf, 0x3a, 0x8e, 0x32, 0x2d, 0x32, 0x0d, 0x2a,
  0x0c, 0x32, 0xcf, 0x3a, 0x93, 0x4b, 0xd3, 0x4b, 0xd4, 0x4b, 0xd3, 0x53, 0xf3, 0x5b, 0x37, 0x8d,
  0x97, 0xa5, 0x97, 0x9d, 0x97, 0xa5, 0xb7, 0xa5, 0xb7, 0xa5, 0xb8, 0xad, 0xd8, 0xa5, 0xd8, 0xad,
  0xf8, 0xad, 0x18, 0xae, 0x18, 0xae, 0x19, 0xb6, 0x19, 0xb6, 0x39, 0xb6, 0x39, 0xb6, 0x39, 0xb6,
  0x19, 0xb6, 0x18, 0xb6, 0x19, 0xae, 0x18, 0xae, 0xb7, 0xa5, 0x77, 0x9d, 0x73, 0x7c, 0xcd, 0x4a,
  0x0a, 0x32, 0xaa, 0x29, 0x89, 0x21, 0x89, 0x21, 0xca, 0x21, 0xeb, 0x29, 0x0c, 0x2a, 0x2c, 0x32,
  0x4d, 0x32, 0x4d, 0x32, 0x6d, 0x32, 0x6d, 0x32, 0x54, 0x74, 0x9a, 0xc6, 0x7a, 0xbe, 0x9a, 0xc6,
  0x9a, 0xc6, 0x9a, 0xc6, 0x9a, 0xc6, 0xbb, 0xc6, 0xba, 0xce, 0xbb, 0xc6, 0xbb, 0xce, 0xbb, 0xce,
  0xbb, 0xce, 0xdb, 0xce, 0xdb, 0xce, 0xdb, 0xce, 0xdb, 0xd6, 0xdc, 0xce, 0xfb, 0xce, 0xfb, 0xd6,
  0xfb, 0xd6, 0xfc, 0xd6, 0xdb, 0xd6, 0xfb, 0xd6, 0xfc, 0xd6, 0xdc, 0xce, 0xdc, 0xce, 0xfc, 0xd6,
  0x5b, 0xae, 0x99, 0x85, 0x9a, 0x85, 0xba, 0x85, 0xda, 0x8d, 0xba, 0x8d, 0x9a, 0x85, 0x99, 0x85,
  0x79, 0x7d, 0x39, 0x7d, 0x39, 0x6d, 0x19, 0x6d, 0x38, 0x6d, 0x19, 0x6d, 0x39, 0x75, 0x7a, 0x7d,
  0x9a, 0x85, 0x79, 0x85, 0x59, 0x85, 0x79, 0x9d, 0x9d, 0xbe, 0x00, 0x00, 0xff, 0x7b, 0x55, 0x55,
  0x00, 0x00, 0xd6, 0x4b, 0x18, 0x44, 0xd7, 0x43, 0x37, 0x54, 0x97, 0x5c, 0xd8, 0x64, 0x19, 0x6d,
  0x39, 0x75, 0x59, 0x7d, 0x99, 0x85, 0xba, 0x8d, 0xba, 0x8d, 0xda, 0x8d, 0xd9, 0x8d, 0xda, 0x8d,
  0xba, 0x8d, 0x9a, 0x85, 0x9a, 0x85, 0x9a, 0x7d, 0x79, 0x7d, 0x59, 0x7d, 0x59, 0x7d, 0x5a, 0x75,
  0x39, 0x75, 0x59, 0x75, 0x39, 0x7d, 0x59, 0x75, 0x5a, 0x75, 0x59, 0x75, 0x59, 0x7d, 0x79, 0x7d,
  0x7a, 0x7d, 0x79, 0x7d, 0x79, 0x7d, 0xdb, 0x8d, 0xba, 0x8d, 0x00, 0x00, 0x5f, 0xad, 0x00, 0x00,
  0x00, 0x00, 0x00, 0x00, 0x00, 0x00, 0x00, 0x00, 0x00, 0x00, 0x00, 0x00, 0x00, 0x00, 0x00, 0x00,
  0x00, 0x00, 0x00, 0x00, 0x00, 0x00, 0x00, 0x00, 0x00, 0x00, 0x00, 0x00, 0x00, 0x00, 0x00, 0x00,
  0x00, 0x00, 0x00, 0x00, 0x00, 0x00, 0x00, 0x00, 0x00, 0x00, 0x00, 0x00, 0x00, 0x00, 0x00, 0x00,
  0x00, 0x00, 0x00, 0x00, 0x00, 0x00, 0x00, 0x00, 0x00, 0x00, 0x00, 0x00, 0x00, 0x00, 0x00, 0x00,
  0x00, 0x00, 0x00, 0x00, 0x00, 0x00, 0x00, 0x00, 0x00, 0x00, 0x00, 0x00, 0x00, 0x00, 0x00, 0x00,
  0x00, 0x00, 0x00, 0x00, 0x00, 0x00, 0x00, 0x00, 0x00, 0x00, 0x00, 0x00, 0x00, 0x00, 0x00, 0x00,
  0x00, 0x00, 0x00, 0x00, 0x00, 0x00, 0x00, 0x00, 0x00, 0x00, 0x00, 0x00, 0x05, 0x00, 0xa9, 0x29,
  0xeb, 0x31, 0xaa, 0x29, 0xaa, 0x29, 0xe6, 0x08, 0xd6, 0x94, 0x57, 0x9d, 0x14, 0x74, 0x91, 0x5b,
  0x51, 0x4b, 0x50, 0x43, 0x31, 0x43, 0x10, 0x43, 0xf0, 0x42, 0xcf, 0x3a, 0xb0, 0x3a, 0xaf, 0x3a,
  0xaf, 0x32, 0xd0, 0x3a, 0x31, 0x4b, 0x51, 0x4b, 0x72, 0x43, 0x93, 0x4b, 0xb3, 0x4b, 0xb3, 0x53,
  0xd6, 0x84, 0x56, 0x9d, 0x75, 0x9d, 0x77, 0x9d, 0x97, 0xa5, 0x97, 0xa5, 0x97, 0xa5, 0xb7, 0xa5,
  0xb7, 0xad, 0xd7, 0xa5, 0xd8, 0xa5, 0xd8, 0xad, 0xf8, 0xad, 0xf8, 0xb5, 0x18, 0xb6, 0xf8, 0xb5,
  0x19, 0xb6, 0x18, 0xb6, 0x19, 0xb6, 0xf8, 0xad, 0xf8, 0xb5, 0xf8, 0xad, 0xd8, 0xad, 0x97, 0x9d,
  0x15, 0x95, 0x11, 0x74, 0xed, 0x4a, 0xca, 0x29, 0x89, 0x21, 0x89, 0x21, 0xaa, 0x21, 0xca, 0x29,
  0xeb, 0x29, 0x0b, 0x2a, 0x2c, 0x32, 0x2c, 0x32, 0xae, 0x3a, 0x73, 0x7c, 0x7b, 0xbe, 0x5a, 0xbe,
  0x7a, 0xbe, 0x7a, 0xbe, 0x7a, 0xc6, 0x9b, 0xbe, 0x9a, 0xc6, 0x9a, 0xbe, 0x9b, 0xc6, 0x9a, 0xc6,
  0xbb, 0xc6, 0x9a, 0xc6, 0xbb, 0xc6, 0xbb, 0xce, 0xbb, 0xce, 0xdb, 0xce, 0xdb, 0xce, 0xbb, 0xce,
  0xdb, 0xce, 0xdb, 0xd6, 0xdb, 0xce, 0xdb, 0xce, 0xdc, 0xd6, 0xfb, 0xce, 0xdc, 0xce, 0xdb, 0xd6,
  0xdc, 0xce, 0xdb, 0xce, 0xdc, 0xce, 0xfa, 0x9d, 0x99, 0x85, 0xda, 0x8d, 0x58, 0x7d, 0x75, 0x74,
  0x54, 0x74, 0x95, 0x7c, 0x76, 0x74, 0x75, 0x6c, 0x75, 0x64, 0x96, 0x6c, 0xd8, 0x6c, 0x19, 0x75,
  0x59, 0x7d, 0x79, 0x7d, 0x79, 0x7d, 0x39, 0x7d, 0x39, 0x85, 0x59, 0x95, 0x5d, 0xbe, 0x00, 0x00,
  0xef, 0x83, 0xb5, 0x52, 0x00, 0x00, 0xd7, 0x4b, 0xf8, 0x43, 0xd7, 0x43, 0x37, 0x4c, 0x77, 0x5c,
  0xb8, 0x64, 0xf9, 0x6c, 0x39, 0x75, 0x59, 0x7d, 0x7a, 0x7d, 0x9a, 0x85, 0xba, 0x8d, 0xba, 0x8d,
  0xda, 0x8d, 0xb9, 0x8d, 0xba, 0x8d, 0xba, 0x8d, 0xba, 0x85, 0x99, 0x8d, 0x7a, 0x85, 0x79, 0x7d,
  0x79, 0x7d, 0x59, 0x7d, 0x59, 0x7d, 0x59, 0x7d, 0x59, 0x75, 0x59, 0x75, 0x59, 0x7d, 0x59, 0x75,
  0x5a, 0x75, 0x79, 0x7d, 0x79, 0x7d, 0x79, 0x7d, 0x7a, 0x7d, 0xba, 0x85, 0x7a, 0x8d, 0x00, 0x00,
  0xf7, 0x7b, 0x00, 0x00, 0x00, 0x00, 0x00, 0x00, 0x00, 0x00, 0x00, 0x00, 0x00, 0x00, 0x00, 0x00,
  0x00, 0x00, 0x00, 0x00, 0x00, 0x00, 0x00, 0x00, 0x00, 0x00, 0x00, 0x00, 0x00, 0x00, 0x00, 0x00,
  0x00, 0x00, 0x00, 0x00, 0x00, 0x00, 0x00, 0x00, 0x00, 0x00, 0x00, 0x00, 0x00, 0x00, 0x00, 0x00,
  0x00, 0x00, 0x00, 0x00, 0x00, 0x00, 0x00, 0x00, 0x00, 0x00, 0x00, 0x00, 0x00, 0x00, 0x00, 0x00,
  0x00, 0x00, 0x00, 0x00, 0x00, 0x00, 0x00, 0x00, 0x00, 0x00, 0x00, 0x00, 0x00, 0x00, 0x00, 0x00,
  0x00, 0x00, 0x00, 0x00, 0x00, 0x00, 0x00, 0x00, 0x00, 0x00, 0x00, 0x00, 0x00, 0x00, 0x00, 0x00,
  0x00, 0x00, 0x00, 0x00, 0x00, 0x00, 0x00, 0x00, 0x00, 0x00, 0x00, 0x00, 0x00, 0x00, 0x00, 0x00,
  0x00, 0x00, 0x27, 0x19, 0x48, 0x21, 0x68, 0x11, 0x00, 0x00, 0x00, 0x00, 0xd9, 0xb5, 0x57, 0x9d,
  0x13, 0x74, 0x71, 0x53, 0x30, 0x4b, 0x31, 0x4b, 0x10, 0x43, 0xf0, 0x42, 0xf0, 0x42, 0xf0, 0x3a,
  0xcf, 0x3a, 0xd0, 0x3a, 0xf0, 0x3a, 0x10, 0x43, 0x31, 0x43, 0x51, 0x43, 0x52, 0x43, 0x93, 0x43,
  0x72, 0x43, 0x74, 0x74, 0x35, 0x95, 0x35, 0x95, 0x36, 0x9d, 0x76, 0x9d, 0x76, 0x9d, 0x96, 0x9d,
  0x97, 0xa5, 0x97, 0xa5, 0xb7, 0xa5, 0xb7, 0xa5, 0xb8, 0xa5, 0xd8, 0xad, 0xf8, 0xa5, 0xf8, 0xad,
  0xf8, 0xad, 0x18, 0xae, 0xf8, 0xb5, 0xf8, 0xad, 0xf8, 0xad, 0x18, 0xae, 0xf8, 0xb5, 0xf8, 0xad,
  0xd7, 0xa5, 0x97, 0xa5, 0x97, 0x9d, 0x15, 0x8d, 0x12, 0x74, 0x2e, 0x53, 0x0a, 0x32, 0xc9, 0x29,
  0xca, 0x29, 0x89, 0x21, 0xaa, 0x21, 0xca, 0x29, 0x2c, 0x32, 0x4f, 0x53, 0x36, 0x8d, 0x9a, 0xbe,
  0x7a, 0xbe, 0x59, 0xb6, 0x5a, 0xbe, 0x5a, 0xbe, 0x7a, 0xbe, 0x7a, 0xbe, 0x7a, 0xbe, 0x7a, 0xc6,
  0x7a, 0xbe, 0x9b, 0xc6, 0x9a, 0xc6, 0xbb, 0xce, 0xdc, 0xce, 0xbb, 0xce, 0xbb, 0xce, 0xbb, 0xce,
  0xbb, 0xce, 0xdb, 0xce, 0xbb, 0xce, 0xbb, 0xce, 0xdc, 0xce, 0xdb, 0xce, 0xdb, 0xce, 0xdb, 0xce,
  0xdc, 0xd6, 0xdb, 0xce, 0xdc, 0xce, 0xbb, 0xce, 0xdc, 0xce, 0xbc, 0xbe, 0xba, 0x8d, 0x79, 0x85,
  0x71, 0x53, 0x30, 0x53, 0x70, 0x5b, 0x71, 0x5b, 0x90, 0x63, 0x71, 0x5b, 0x91, 0x63, 0xd2, 0x6b,
  0x13, 0x6c, 0x75, 0x7c, 0xf6, 0x84, 0x38, 0x85, 0x39, 0x85, 0x19, 0x7d, 0xf9, 0x7c, 0xf9, 0x8c,
  0xfc, 0xad, 0x00, 0x00, 0xff, 0xff, 0x1f, 0x04, 0x00, 0x00, 0xb6, 0x43, 0xd8, 0x43, 0xd7, 0x3b,
  0x17, 0x4c, 0x77, 0x5c, 0xb8, 0x64, 0xf8, 0x6c, 0x39, 0x6d, 0x59, 0x75, 0x79, 0x7d, 0x99, 0x85,
  0xba, 0x85, 0xba, 0x8d, 0xb9, 0x85, 0xda, 0x8d, 0xd9, 0x8d, 0xba, 0x8d, 0xba, 0x8d, 0x9a, 0x85,
  0x9a, 0x85, 0x9a, 0x85, 0x79, 0x7d, 0x5a, 0x7d, 0x79, 0x7d, 0x59, 0x7d, 0x59, 0x75, 0x59, 0x7d,
  0x59, 0x75, 0x5a, 0x7d, 0x79, 0x7d, 0x59, 0x75, 0x59, 0x7d, 0x79, 0x75, 0x79, 0x7d, 0x79, 0x85,
  0x9a, 0x8d, 0x00, 0x00, 0xff, 0x7f, 0x00, 0x00, 0x00, 0x00, 0x00, 0x00, 0x00, 0x00, 0x00, 0x00,
  0x00, 0x00, 0x00, 0x00, 0x00, 0x00, 0x00, 0x00, 0x00, 0x00, 0x00, 0x00, 0x00, 0x00, 0x00, 0x00,
  0x00, 0x00, 0x00, 0x00, 0x00, 0x00, 0x00, 0x00, 0x00, 0x00, 0x00, 0x00, 0x00, 0x00, 0x00, 0x00,
  0x00, 0x00, 0x00, 0x00, 0x00, 0x00, 0x00, 0x00, 0x00, 0x00, 0x00, 0x00, 0x00, 0x00, 0x00, 0x00,
  0x00, 0x00, 0x00, 0x00, 0x00, 0x00, 0x00, 0x00, 0x00, 0x00, 0x00, 0x00, 0x00, 0x00, 0x00, 0x00,
  0x00, 0x00, 0x00, 0x00, 0x00, 0x00, 0x00, 0x00, 0x00, 0x00, 0x00, 0x00, 0x00, 0x00, 0x00, 0x00,
  0x00, 0x00, 0x00, 0x00, 0x00, 0x00, 0x00, 0x00, 0x00, 0x00, 0x00, 0x00, 0x00, 0x00, 0x00, 0x00,
  0x00, 0x00, 0x00, 0x00, 0x00, 0x00, 0x00, 0x00, 0x00, 0x00, 0x00, 0x00, 0xef, 0x63, 0x10, 0x00,
  0xb8, 0xad, 0x77, 0xa5, 0x13, 0x74, 0x91, 0x53, 0x31, 0x4b, 0x10, 0x43, 0xf0, 0x42, 0xf0, 0x42,
  0xd0, 0x3a, 0xd0, 0x42, 0xf0, 0x3a, 0xf0, 0x42, 0x11, 0x43, 0x31, 0x43, 0x31, 0x43, 0x51, 0x43,
  0x52, 0x43, 0x52, 0x43, 0xb2, 0x53, 0xd5, 0x84, 0xf5, 0x94, 0x15, 0x95, 0x35, 0x95, 0x56, 0x95,
  0x56, 0x9d, 0x76, 0x9d, 0x77, 0x9d, 0x96, 0x9d, 0x97, 0xa5, 0xb7, 0xa5, 0xb7, 0xa5, 0xb7, 0xa5,
  0xd7, 0xa5, 0xf8, 0xad, 0x18, 0xb6, 0xf8, 0xad, 0xf8, 0xad, 0xf8, 0xad, 0xf8, 0xad, 0xf8, 0xad,
  0xf8, 0xad, 0xd8, 0xad, 0xd8, 0xa5, 0xb7, 0xa5, 0x97, 0xa5, 0x56, 0x9d, 0x15, 0x8d, 0x73, 0x7c,
  0xd1, 0x6b, 0x6f, 0x5b, 0x2b, 0x3a, 0xa9, 0x21, 0x4d, 0x3a, 0xcf, 0x42, 0x12, 0x74, 0xf9, 0xad,
  0x39, 0xb6, 0x39, 0xb6, 0x5a, 0xbe, 0x59, 0xbe, 0x5a, 0xb6, 0x59, 0xbe, 0x7a, 0xbe, 0x59, 0xbe,
  0x7a, 0xbe, 0x7a, 0xbe, 0x7a, 0xbe, 0x7a, 0xbe, 0x9b, 0xc6, 0x77, 0x9d, 0x15, 0x95, 0x39, 0xbe,
  0xba, 0xc6, 0xbb, 0xce, 0xbb, 0xc6, 0xbb, 0xce, 0xbb, 0xce, 0xbb, 0xc6, 0xbb, 0xce, 0xbb, 0xce,
  0xbb, 0xce, 0xbb, 0xce, 0xdb, 0xce, 0xbb, 0xce, 0xdc, 0xce, 0xdb, 0xce, 0xdb, 0xce, 0xfc, 0xce,
  0x3b, 0xae, 0x58, 0x7d, 0xcf, 0x3a, 0x0d, 0x2a, 0x2d, 0x32, 0x2c, 0x2a, 0xec, 0x29, 0x0c, 0x2a,
  0xec, 0x29, 0x4d, 0x3a, 0xae, 0x42, 0x70, 0x5b, 0xf2, 0x73, 0x74, 0x84, 0xd5, 0x8c, 0xd6, 0x84,
  0xd7, 0x7c, 0xd8, 0x84, 0x00, 0x00, 0x00, 0x00, 0xf7, 0x85, 0x00, 0x00, 0x00, 0x00, 0xb6, 0x43,
  0xd8, 0x3b, 0xb7, 0x43, 0x17, 0x4c, 0x57, 0x5c, 0xb8, 0x64, 0xd8, 0x64, 0x18, 0x75, 0x59, 0x75,
  0x59, 0x75, 0x7a, 0x85, 0x9a, 0x85, 0xba, 0x85, 0xba, 0x8d, 0xda, 0x8d, 0xba, 0x8d, 0xda, 0x8d,
  0xba, 0x8d, 0xba, 0x8d, 0x9a, 0x85, 0x9a, 0x85, 0x99, 0x85, 0x79, 0x85, 0x79, 0x7d, 0x79, 0x7d,
  0x79, 0x7d, 0x59, 0x7d, 0x59, 0x7d, 0x59, 0x75, 0x59, 0x7d, 0x59, 0x75, 0x79, 0x7d, 0x59, 0x75,
  0x7a, 0x7d, 0x39, 0x7d, 0x3b, 0xa6, 0x00, 0x00, 0xff, 0xff, 0x00, 0x00, 0x00, 0x00, 0x00, 0x00,
  0x00, 0x00, 0x00, 0x00, 0x00, 0x00, 0x00, 0x00, 0x00, 0x00, 0x00, 0x00, 0x00, 0x00, 0x00, 0x00,
  0x00, 0x00, 0x00, 0x00, 0x00, 0x00, 0x00, 0x00, 0x00, 0x00, 0x00, 0x00, 0x00, 0x00, 0x00, 0x00,
  0x00, 0x00, 0x00, 0x00, 0x00, 0x00, 0x00, 0x00, 0x00, 0x00, 0x00, 0x00, 0x00, 0x00, 0x00, 0x00,
  0x00, 0x00, 0x00, 0x00, 0x00, 0x00, 0x00, 0x00, 0x00, 0x00, 0x00, 0x00, 0x00, 0x00, 0x00, 0x00,
  0x00, 0x00, 0x00, 0x00, 0x00, 0x00, 0x00, 0x00, 0x00, 0x00, 0x00, 0x00, 0x00, 0x00, 0x00, 0x00,
  0x00, 0x00, 0x00, 0x00, 0x00, 0x00, 0x00, 0x00, 0x00, 0x00, 0x00, 0x00, 0x00, 0x00, 0x00, 0x00,
  0x00, 0x00, 0x00, 0x00, 0x00, 0x00, 0x00, 0x00, 0x00, 0x00, 0x10, 0x00, 0xaa, 0x02, 0x00, 0x00,
  0xf7, 0x7b, 0x00, 0x00, 0xb8, 0xad, 0x57, 0x9d, 0x13, 0x74, 0x91, 0x5b, 0x30, 0x43, 0x10, 0x43,
  0xf0, 0x42, 0xcf, 0x3a, 0xcf, 0x42, 0xd0, 0x3a, 0xd0, 0x3a, 0xf0, 0x3a, 0xf0, 0x3a, 0xf0, 0x3a,
  0xf0, 0x3a, 0x10, 0x43, 0x52, 0x4b, 0x31, 0x43, 0x33, 0x64, 0xd4, 0x8c, 0xd4, 0x8c, 0x14, 0x8d,
  0x16, 0x95, 0x35, 0x95, 0x36, 0x95, 0x56, 0x9d, 0x76, 0x9d, 0x76, 0x9d, 0x77, 0x9d, 0x96, 0x9d,
  0x97, 0xa5, 0xb7, 0x9d, 0xb8, 0xa5, 0x56, 0x9d, 0xd5, 0x84, 0x77, 0x9d, 0xf8, 0xad, 0xd8, 0xad,
  0xf8, 0xad, 0xd8, 0xad, 0xd8, 0xad, 0xd8, 0xad, 0xd7, 0xa5, 0xb8, 0xad, 0xb7, 0xa5, 0x77, 0x9d,
  0x76, 0x9d, 0x56, 0x95, 0x14, 0x8d, 0xb4, 0x84, 0xcd, 0x4a, 0x89, 0x21, 0x4d, 0x32, 0xef, 0x4a,
  0xd5, 0x84, 0x5a, 0xbe, 0xf8, 0xad, 0x39, 0xb6, 0x39, 0xb6, 0x59, 0xb6, 0x59, 0xb6, 0x5a, 0xb6,
  0x59, 0xb6, 0x5a, 0xbe, 0x59, 0xb6, 0x5a, 0xbe, 0x5a, 0xbe, 0x9a, 0xbe, 0x16, 0x95, 0x6d, 0x3a,
  0x91, 0x5b, 0xd5, 0x8c, 0x7a, 0xbe, 0xbb, 0xce, 0x9a, 0xc6, 0x9b, 0xc6, 0xba, 0xc6, 0xbb, 0xc6,
  0xbb, 0xc6, 0xbb, 0xc6, 0xbb, 0xce, 0xbb, 0xc6, 0xbb, 0xc6, 0xbb, 0xc6, 0xbb, 0xc6, 0xdb, 0xce,
  0xbc, 0xc6, 0xfc, 0xd6, 0x9b, 0xb6, 0xba, 0x8d, 0xb8, 0x6c, 0x12, 0x3b, 0x50, 0x2a, 0x2f, 0x2a,
  0xb0, 0x32, 0x11, 0x43, 0xf1, 0x3a, 0xd0, 0x3a, 0x6f, 0x32, 0x2d, 0x2a, 0xec, 0x21, 0x4d, 0x32,
  0xef, 0x4a, 0xb1, 0x63, 0x54, 0x7c, 0x95, 0x84, 0x54, 0x84, 0x4a, 0x29, 0x00, 0x00, 0x1f, 0x7c,
  0xf7, 0x84, 0xb7, 0x43, 0xd8, 0x3b, 0xb7, 0x43, 0x16, 0x4c, 0x57, 0x54, 0x97, 0x64, 0xd8, 0x64,
  0x19, 0x6d, 0x39, 0x75, 0x59, 0x75, 0x79, 0x7d, 0x9a, 0x7d, 0x99, 0x85, 0xba, 0x8d, 0xba, 0x85,
  0xb9, 0x8d, 0xba, 0x8d, 0xb9, 0x8d, 0xba, 0x8d, 0xba, 0x8d, 0x9a, 0x85, 0x9a, 0x8d, 0x9a, 0x7d,
  0x79, 0x85, 0x7a, 0x7d, 0x79, 0x7d, 0x79, 0x7d, 0x5a, 0x7d, 0x59, 0x7d, 0x79, 0x75, 0x59, 0x7d,
  0x59, 0x75, 0x5a, 0x75, 0x9a, 0x7d, 0x59, 0x85, 0x00, 0x00, 0x1f, 0x7c, 0x00, 0x00, 0x00, 0x00,
  0x00, 0x00, 0x00, 0x00, 0x00, 0x00, 0x00, 0x00, 0x00, 0x00, 0x00, 0x00, 0x00, 0x00, 0x00, 0x00,
  0x00, 0x00, 0x00, 0x00, 0x00, 0x00, 0x00, 0x00, 0x00, 0x00, 0x00, 0x00, 0x00, 0x00, 0x00, 0x00,
  0x00, 0x00, 0x00, 0x00, 0x00, 0x00, 0x00, 0x00, 0x00, 0x00, 0x00, 0x00, 0x00, 0x00, 0x00, 0x00,
  0x00, 0x00, 0x00, 0x00, 0x00, 0x00, 0x00, 0x00, 0x00, 0x00, 0x00, 0x00, 0x00, 0x00, 0x00, 0x00,
  0x00, 0x00, 0x00, 0x00, 0x00, 0x00, 0x00, 0x00, 0x00, 0x00, 0x00, 0x00, 0x00, 0x00, 0x00, 0x00,
  0x00, 0x00, 0x00, 0x00, 0x00, 0x00, 0x00, 0x00, 0x00, 0x00, 0x00, 0x00, 0x00, 0x00, 0x00, 0x00,
  0x00, 0x00, 0x00, 0x00, 0x00, 0x00, 0x00, 0x00, 0x00, 0x00, 0x00, 0x00, 0x00, 0x00, 0x00, 0x00,
  0x00, 0x00, 0x00, 0x00, 0x55, 0xad, 0x00, 0x00, 0xd8, 0xb5, 0x36, 0x9d, 0x33, 0x74, 0x92, 0x5b,
  0x30, 0x4b, 0xef, 0x42, 0xd0, 0x42, 0xd0, 0x42, 0xcf, 0x42, 0xaf, 0x3a, 0xcf, 0x42, 0xae, 0x42,
  0xae, 0x42, 0xae, 0x42, 0x8e, 0x42, 0x8d, 0x3a, 0xcf, 0x3a, 0x71, 0x4b, 0x73, 0x7c, 0x93, 0x84,
  0xd4, 0x84, 0xd4, 0x8c, 0x15, 0x8d, 0x15, 0x95, 0x35, 0x95, 0x35, 0x95, 0x56, 0x9d, 0x56, 0x9d,
  0x76, 0x9d, 0x76, 0x9d, 0x77, 0x9d, 0x96, 0x9d, 0x16, 0x95, 0x8d, 0x3a, 0x10, 0x53, 0x33, 0x74,
  0x36, 0x9d, 0xf8, 0xad, 0xb7, 0xad, 0xd8, 0xad, 0xd8, 0xa5, 0xd8, 0xad, 0xd7, 0xad, 0xb7, 0xa5,
  0xb7, 0xa5, 0xb7, 0xa5, 0x97, 0x9d, 0x97, 0xa5, 0x76, 0x9d, 0x35, 0x95, 0x0e, 0x53, 0xaa, 0x21,
  0x4c, 0x32, 0x50, 0x5b, 0xb4, 0x84, 0x5a, 0xbe, 0x18, 0xae, 0x19, 0xae, 0x39, 0xb6, 0x39, 0xb6,
  0x59, 0xb6, 0x39, 0xbe, 0x59, 0xb6, 0x59, 0xb6, 0x59, 0xbe, 0x59, 0xb6, 0x5a, 0xbe, 0x39, 0xb6,
  0x2f, 0x53, 0x4d, 0x32, 0x10, 0x4b, 0x50, 0x53, 0x5a, 0xbe, 0xbb, 0xc6, 0x9a, 0xc6, 0x9b, 0xc6,
  0x9a, 0xc6, 0x9b, 0xc6, 0x9a, 0xc6, 0x9b, 0xc6, 0x9a, 0xc6, 0xbb, 0xc6, 0x9b, 0xc6, 0xbb, 0xc6,
  0xbb, 0xc6, 0xbb, 0xce, 0xdb, 0xce, 0xdb, 0xce, 0xbc, 0xc6, 0xb9, 0x8d, 0x79, 0x7d, 0xf8, 0x74,
  0xf5, 0x53, 0x33, 0x3b, 0x73, 0x43, 0x16, 0x54, 0xb8, 0x64, 0x39, 0x75, 0x59, 0x7d, 0xf8, 0x6c,
  0x56, 0x64, 0x52, 0x43, 0x4e, 0x32, 0xec, 0x29, 0x4d, 0x3a, 0x50, 0x5b, 0x54, 0x7c, 0x94, 0x84,
  0x34, 0x74, 0x00, 0x00, 0x58, 0x5c, 0xd7, 0x43, 0xb7, 0x3b, 0xb7, 0x43, 0x17, 0x4c, 0x57, 0x5c,
  0x98, 0x5c, 0xd8, 0x64, 0xf8, 0x6c, 0x39, 0x6d, 0x59, 0x75, 0x59, 0x75, 0x99, 0x7d, 0x9a, 0x85,
  0x9a, 0x85, 0xba, 0x8d, 0xba, 0x8d, 0xba, 0x8d, 0xba, 0x8d, 0xda, 0x8d, 0xba, 0x8d, 0xb9, 0x85,
  0x9a, 0x8d, 0x9a, 0x85, 0x99, 0x85, 0x7a, 0x7d, 0x79, 0x85, 0x7a, 0x7d, 0x79, 0x7d, 0x7a, 0x7d,
  0x59, 0x75, 0x59, 0x7d, 0x5a, 0x75, 0x39, 0x75, 0x7a, 0x7d, 0x39, 0x85, 0x00, 0x00, 0xf7, 0x83,
  0x00, 0x00, 0x00, 0x00, 0x00, 0x00, 0x00, 0x00, 0x00, 0x00, 0x00, 0x00, 0x00, 0x00, 0x00, 0x00,
  0x00, 0x00, 0x00, 0x00, 0x00, 0x00, 0x00, 0x00, 0x00, 0x00, 0x00, 0x00, 0x00, 0x00, 0x00, 0x00,
  0x00, 0x00, 0x00, 0x00, 0x00, 0x00, 0x00, 0x00, 0x00, 0x00, 0x00, 0x00, 0x00, 0x00, 0x00, 0x00,
  0x00, 0x00, 0x00, 0x00, 0x00, 0x00, 0x00, 0x00, 0x00, 0x00, 0x00, 0x00, 0x00, 0x00, 0x00, 0x00,
  0x00, 0x00, 0x00, 0x00, 0x00, 0x00, 0x00, 0x00, 0x00, 0x00, 0x00, 0x00, 0x00, 0x00, 0x00, 0x00,
  0x00, 0x00, 0x00, 0x00, 0x00, 0x00, 0x00, 0x00, 0x00, 0x00, 0x00, 0x00, 0x00, 0x00, 0x00, 0x00,
  0x00, 0x00, 0x00, 0x00, 0x00, 0x00, 0x00, 0x00, 0x00, 0x00, 0x00, 0x00, 0x00, 0x00, 0x00, 0x00,
  0x00, 0x00, 0x00, 0x00, 0x00, 0x00, 0x00, 0x00, 0xef, 0x7b, 0x00, 0x00, 0xd9, 0xb5, 0x16, 0x95,
  0x54, 0x7c, 0x91, 0x5b, 0x51, 0x53, 0x30, 0x4b, 0x10, 0x53, 0xcf, 0x42, 0xae, 0x42, 0x8d, 0x3a,
  0x6d, 0x3a, 0x4c, 0x3a, 0x2c, 0x32, 0x0b, 0x2a, 0x0b, 0x2a, 0xcb, 0x29, 0xaf, 0x32, 0xb1, 0x5b,
  0x93, 0x7c, 0x93, 0x84, 0x93, 0x84, 0xd4, 0x8c, 0xd4, 0x8c, 0xf4, 0x8c, 0x15, 0x95, 0x15, 0x95,
  0x36, 0x95, 0x35, 0x95, 0x56, 0x9d, 0x56, 0x95, 0x55, 0x9d, 0x56, 0x95, 0xf1, 0x6b, 0xaa, 0x29,
  0x4c, 0x32, 0xb2, 0x63, 0x54, 0x7c, 0x97, 0xa5, 0xd8, 0xad, 0xb7, 0xa5, 0xb7, 0xa5, 0xb7, 0xa5,
  0xd8, 0xa5, 0xb7, 0xa5, 0xb7, 0xa5, 0x98, 0xa5, 0xb7, 0xa5, 0x97, 0x9d, 0xb7, 0xad, 0xf5, 0x8c,
  0x4c, 0x3a, 0x2c, 0x32, 0x6d, 0x3a, 0x71, 0x5b, 0xb5, 0x84, 0xf6, 0x8c, 0x19, 0xb6, 0x39, 0xb6,
  0x39, 0xb6, 0x19, 0xb6, 0x39, 0xb6, 0x39, 0xb6, 0x39, 0xb6, 0x3a, 0xb6, 0x39, 0xb6, 0x39, 0xb6,
  0x5a, 0xbe, 0x94, 0x84, 0x6d, 0x32, 0xcf, 0x42, 0x8e, 0x3a, 0xb2, 0x63, 0xbb, 0xc6, 0x9a, 0xc6,
  0x9a, 0xc6, 0x7a, 0xbe, 0x9a, 0xc6, 0x9a, 0xc6, 0x9a, 0xc6, 0x9a, 0xc6, 0x9b, 0xc6, 0x9a, 0xc6,
  0x9b, 0xc6, 0x9a, 0xc6, 0xbb, 0xc6, 0xbb, 0xc6, 0xbb, 0xc6, 0xbb, 0xc6, 0xdc, 0xc6, 0xba, 0x95,
  0x59, 0x75, 0x39, 0x6d, 0xd8, 0x64, 0x56, 0x5c, 0xd5, 0x4b, 0xd5, 0x4b, 0x36, 0x54, 0xd8, 0x64,
  0x39, 0x6d, 0x7a, 0x7d, 0x9a, 0x7d, 0x5a, 0x7d, 0xd9, 0x6c, 0xd5, 0x53, 0x90, 0x3a, 0xcb, 0x21,
  0x4c, 0x32, 0xb2, 0x63, 0x95, 0x84, 0xd5, 0x8c, 0xb7, 0x43, 0xb7, 0x43, 0xb7, 0x3b, 0xd7, 0x43,
  0x16, 0x4c, 0x57, 0x54, 0x97, 0x5c, 0xb8, 0x64, 0xf8, 0x6c, 0x18, 0x6d, 0x39, 0x75, 0x59, 0x75,
  0x79, 0x7d, 0x7a, 0x85, 0x99, 0x85, 0xba, 0x85, 0x9a, 0x8d, 0xba, 0x85, 0xba, 0x8d, 0xba, 0x8d,
  0xba, 0x8d, 0xba, 0x8d, 0x9a, 0x8d, 0xba, 0x85, 0x9a, 0x85, 0x99, 0x85, 0x9a, 0x7d, 0x79, 0x7d,
  0x79, 0x7d, 0x59, 0x7d, 0x59, 0x75, 0x59, 0x75, 0x39, 0x75, 0x39, 0x75, 0x18, 0x7d, 0xda, 0x9d,
  0x00, 0x00, 0xef, 0x7b, 0x00, 0x00, 0x00, 0x00, 0x00, 0x00, 0x00, 0x00, 0x00, 0x00, 0x00, 0x00,
  0x00, 0x00, 0x00, 0x00, 0x00, 0x00, 0x00, 0x00, 0x00, 0x00, 0x00, 0x00, 0x00, 0x00, 0x00, 0x00,
  0x00, 0x00, 0x00, 0x00, 0x00, 0x00, 0x00, 0x00, 0x00, 0x00, 0x00, 0x00, 0x00, 0x00, 0x00, 0x00,
  0x00, 0x00, 0x00, 0x00, 0x00, 0x00, 0x00, 0x00, 0x00, 0x00, 0x00, 0x00, 0x00, 0x00, 0x00, 0x00,
  0x00, 0x00, 0x00, 0x00, 0x00, 0x00, 0x00, 0x00, 0x00, 0x00, 0x00, 0x00, 0x00, 0x00, 0x00, 0x00,
  0x00, 0x00, 0x00, 0x00, 0x00, 0x00, 0x00, 0x00, 0x00, 0x00, 0x00, 0x00, 0x00, 0x00, 0x00, 0x00,
  0x00, 0x00, 0x00, 0x00, 0x00, 0x00, 0x00, 0x00, 0x00, 0x00, 0x00, 0x00, 0x00, 0x00, 0x00, 0x00,
  0x00, 0x00, 0x00, 0x00, 0x00, 0x00, 0x00, 0x00, 0x00, 0x00, 0x00, 0x00, 0x00, 0x00, 0x00, 0x00,
  0xd3, 0x9c, 0xf6, 0x94, 0xb5, 0x8c, 0xd2, 0x6b, 0x71, 0x5b, 0xce, 0x4a, 0x6d, 0x3a, 0x2c, 0x32,
  0x2b, 0x32, 0xea, 0x29, 0xaa, 0x21, 0xaa, 0x21, 0xab, 0x21, 0xab, 0x21, 0xcc, 0x21, 0x6e, 0x2a,
  0xd0, 0x3a, 0xb1, 0x63, 0x73, 0x7c, 0x73, 0x7c, 0x93, 0x84, 0xb3, 0x84, 0xb4, 0x84, 0xd4, 0x8c,
  0xf4, 0x8c, 0x15, 0x8d, 0x15, 0x95, 0x35, 0x95, 0x35, 0x95, 0x16, 0x95, 0x15, 0x95, 0xb4, 0x84,
  0xd0, 0x6b, 0xa9, 0x29, 0x89, 0x21, 0xad, 0x42, 0x53, 0x7c, 0x94, 0x84, 0x97, 0x9d, 0xd8, 0xa5,
  0xb7, 0xa5, 0xb7, 0xa5, 0xb8, 0xa5, 0xb7, 0xa5, 0x97, 0xa5, 0x97, 0x9d, 0xb7, 0xa5, 0xd8, 0xad,
  0x16, 0x8d, 0xce, 0x4a, 0x6d, 0x3a, 0x8d, 0x3a, 0x2d, 0x32, 0x4c, 0x32, 0x91, 0x63, 0x54, 0x7c,
  0xd5, 0x8c, 0xf9, 0xad, 0x59, 0xbe, 0x39, 0xb6, 0x39, 0xae, 0x39, 0xb6, 0x39, 0xb6, 0x39, 0xb6,
  0x39, 0xb6, 0x39, 0xb6, 0x15, 0x8d, 0x8e, 0x42, 0x8d, 0x3a, 0xef, 0x4a, 0x6d, 0x32, 0x37, 0x95,
  0x9a, 0xbe, 0x5a, 0xbe, 0x7a, 0xbe, 0x7a, 0xbe, 0x5a, 0xbe, 0x7a, 0xbe, 0x7a, 0xbe, 0x7a, 0xbe,
  0x9a, 0xc6, 0x9b, 0xc6, 0x9a, 0xbe, 0x9a, 0xc6, 0x9b, 0xc6, 0x9a, 0xc6, 0x9b, 0xc6, 0xba, 0xc6,
  0xdc, 0xc6, 0xd9, 0x95, 0x39, 0x75, 0x39, 0x75, 0xf8, 0x6c, 0xb7, 0x64, 0x77, 0x5c, 0x36, 0x54,
  0x16, 0x54, 0x77, 0x5c, 0xf8, 0x6c, 0x19, 0x6d, 0x19, 0x6d, 0x19, 0x6d, 0xd9, 0x64, 0xb8, 0x6c,
  0xb8, 0x7c, 0xb4, 0x63, 0x49, 0x19, 0xec, 0x31, 0x10, 0x53, 0x74, 0x7c, 0x75, 0x7c, 0xb6, 0x43,
  0xb7, 0x3b, 0xd7, 0x43, 0x17, 0x4c, 0x57, 0x5c, 0x77, 0x5c, 0xb8, 0x64, 0xf8, 0x64, 0xf9, 0x6c,
  0x39, 0x75, 0x59, 0x75, 0x59, 0x75, 0x79, 0x7d, 0x7a, 0x7d, 0x99, 0x85, 0xba, 0x85, 0x9a, 0x8d,
  0xba, 0x8d, 0xba, 0x8d, 0xba, 0x85, 0xba, 0x8d, 0xba, 0x85, 0x9a, 0x8d, 0x9a, 0x85, 0x9a, 0x85,
  0x79, 0x7d, 0x79, 0x85, 0x7a, 0x7d, 0x59, 0x7d, 0x59, 0x7d, 0x59, 0x75, 0x39, 0x75, 0x5a, 0x7d,
  0x18, 0x7d, 0x00, 0x00, 0xff, 0x7b, 0x00, 0x00, 0x00, 0x00, 0x00, 0x00, 0x00, 0x00, 0x00, 0x00,
  0x00, 0x00, 0x00, 0x00, 0x00, 0x00, 0x00, 0x00, 0x00, 0x00, 0x00, 0x00, 0x00, 0x00, 0x00, 0x00,
  0x00, 0x00, 0x00, 0x00, 0x00, 0x00, 0x00, 0x00, 0x00, 0x00, 0x00, 0x00, 0x00, 0x00, 0x00, 0x00,
  0x00, 0x00, 0x00, 0x00, 0x00, 0x00, 0x00, 0x00, 0x00, 0x00, 0x00, 0x00, 0x00, 0x00, 0x00, 0x00,
  0x00, 0x00, 0x00, 0x00, 0x00, 0x00, 0x00, 0x00, 0x00, 0x00, 0x00, 0x00, 0x00, 0x00, 0x00, 0x00,
  0x00, 0x00, 0x00, 0x00, 0x00, 0x00, 0x00, 0x00, 0x00, 0x00, 0x00, 0x00, 0x00, 0x00, 0x00, 0x00,
  0x00, 0x00, 0x00, 0x00, 0x00, 0x00, 0x00, 0x00, 0x00, 0x00, 0x00, 0x00, 0x00, 0x00, 0x00, 0x00,
  0x00, 0x00, 0x00, 0x00, 0x00, 0x00, 0x00, 0x00, 0x00, 0x00, 0x00, 0x00, 0x00, 0x00, 0x00, 0x00,
  0x00, 0x00, 0x33, 0x63, 0x00, 0x00, 0xd5, 0x94, 0x34, 0x7c, 0xae, 0x42, 0x4d, 0x3a, 0x2c, 0x32,
  0xeb, 0x29, 0x89, 0x29, 0xab, 0x21, 0xcb, 0x29, 0x0c, 0x32, 0x2d, 0x32, 0x4d, 0x32, 0x4e, 0x2a,
  0xaf, 0x32, 0xd0, 0x3a, 0xd0, 0x3a, 0xf1, 0x6b, 0x52, 0x7c, 0x52, 0x7c, 0x73, 0x7c, 0x93, 0x7c,
  0xb4, 0x84, 0xd4, 0x84, 0xd4, 0x8c, 0xf5, 0x8c, 0xf4, 0x8c, 0x15, 0x95, 0x15, 0x8d, 0x15, 0x8d,
  0xf5, 0x8c, 0x73, 0x7c, 0xb0, 0x63, 0xcd, 0x4a, 0x69, 0x21, 0xeb, 0x29, 0x0f, 0x53, 0x33, 0x7c,
  0x33, 0x7c, 0x36, 0x95, 0xd8, 0xad, 0xd8, 0xad, 0xb8, 0xa5, 0xb8, 0xa5, 0xd8, 0xa5, 0xf8, 0xad,
  0xb8, 0xa5, 0x53, 0x7c, 0x8d, 0x3a, 0x6d, 0x3a, 0xae, 0x3a, 0x6e, 0x3a, 0xca, 0x29, 0x69, 0x21,
  0x0b, 0x2a, 0x70, 0x5b, 0x74, 0x84, 0xb4, 0x8c, 0x57, 0x95, 0xb8, 0xa5, 0x19, 0xb6, 0x39, 0xb6,
  0x5a, 0xb6, 0x39, 0xbe, 0x19, 0xae, 0x94, 0x84, 0xae, 0x42, 0x6e, 0x3a, 0xcf, 0x42, 0x6d, 0x32,
  0xf2, 0x6b, 0x7b, 0xc6, 0x39, 0xb6, 0x5a, 0xb6, 0x5a, 0xbe, 0x7a, 0xbe, 0x5a, 0xbe, 0x7a, 0xbe,
  0x7a, 0xbe, 0x5a, 0xbe, 0x7a, 0xbe, 0x7a, 0xbe, 0x7a, 0xc6, 0x7a, 0xbe, 0x9b, 0xbe, 0x9a, 0xbe,
  0x9b, 0xc6, 0x9a, 0xbe, 0xdb, 0xc6, 0xdb, 0x9d, 0x19, 0x75, 0x39, 0x75, 0x18, 0x6d, 0xf8, 0x6c,
  0xb8, 0x64, 0x77, 0x5c, 0x77, 0x5c, 0x77, 0x54, 0xb8, 0x64, 0xf9, 0x6c, 0x19, 0x65, 0xf9, 0x6c,
  0xb8, 0x64, 0x78, 0x6c, 0x77, 0x74, 0x3b, 0xb6, 0x00, 0x00, 0x2d, 0x2a, 0xec, 0x31, 0x6d, 0x3a,
  0x52, 0x53, 0x96, 0x4b, 0xb7, 0x3b, 0xf7, 0x4b, 0x17, 0x4c, 0x56, 0x54, 0x77, 0x5c, 0xb8, 0x64,
  0xd8, 0x64, 0xf8, 0x6c, 0x18, 0x6d, 0x39, 0x75, 0x59, 0x75, 0x59, 0x7d, 0x79, 0x7d, 0x9a, 0x85,
  0x7a, 0x85, 0x9a, 0x85, 0x9a, 0x8d, 0xba, 0x8d, 0x9a, 0x85, 0xba, 0x8d, 0x9a, 0x85, 0xb9, 0x85,
  0x9a, 0x85, 0x9a, 0x85, 0x99, 0x7d, 0x7a, 0x7d, 0x79, 0x7d, 0x5a, 0x75, 0x59, 0x75, 0x39, 0x75,
  0x39, 0x75, 0x39, 0x7d, 0x39, 0x85, 0x00, 0x00, 0x5f, 0xad, 0x00, 0x00, 0x00, 0x00, 0x00, 0x00,
  0x00, 0x00, 0x00, 0x00, 0x00, 0x00, 0x00, 0x00, 0x00, 0x00, 0x00, 0x00, 0x00, 0x00, 0x00, 0x00,
  0x00, 0x00, 0x00, 0x00, 0x00, 0x00, 0x00, 0x00, 0x00, 0x00, 0x00, 0x00, 0x00, 0x00, 0x00, 0x00,
  0x00, 0x00, 0x00, 0x00, 0x00, 0x00, 0x00, 0x00, 0x00, 0x00, 0x00, 0x00, 0x00, 0x00, 0x00, 0x00,
  0x00, 0x00, 0x00, 0x00, 0x00, 0x00, 0x00, 0x00, 0x00, 0x00, 0x00, 0x00, 0x00, 0x00, 0x00, 0x00,
  0x00, 0x00, 0x00, 0x00, 0x00, 0x00, 0x00, 0x00, 0x00, 0x00, 0x00, 0x00, 0x00, 0x00, 0x00, 0x00,
  0x00, 0x00, 0x00, 0x00, 0x00, 0x00, 0x00, 0x00, 0x00, 0x00, 0x00, 0x00, 0x00, 0x00, 0x00, 0x00,
  0x00, 0x00, 0x00, 0x00, 0x00, 0x00, 0x00, 0x00, 0x00, 0x00, 0x00, 0x00, 0x00, 0x00, 0x00, 0x00,
  0x00, 0x00, 0x00, 0x00, 0xaa, 0x5a, 0x00, 0x00, 0x0b, 0x32, 0x4c, 0x3a, 0x2d, 0x3a, 0x0b, 0x32,
  0xcb, 0x29, 0xcb, 0x29, 0x0d, 0x2a, 0x4d, 0x3a, 0x6f, 0x3a, 0x8f, 0x3a, 0x8f, 0x32, 0x8f, 0x32,
  0x6e, 0x32, 0x8f, 0x32, 0xb0, 0x32, 0xd0, 0x32, 0xd0, 0x42, 0x11, 0x6c, 0x11, 0x74, 0x52, 0x74,
  0x53, 0x7c, 0x92, 0x7c, 0x93, 0x84, 0xb4, 0x84, 0xb4, 0x84, 0xd4, 0x8c, 0xf4, 0x8c, 0xf5, 0x8c,
  0xf4, 0x8c, 0xd4, 0x8c, 0xd4, 0x84, 0x52, 0x7c, 0xb0, 0x63, 0xb0, 0x63, 0x8c, 0x42, 0x69, 0x19,
  0xeb, 0x29, 0xae, 0x42, 0xd2, 0x6b, 0x53, 0x7c, 0x93, 0x84, 0xf5, 0x8c, 0x36, 0x95, 0x36, 0x8d,
  0xf5, 0x8c, 0x73, 0x7c, 0x70, 0x5b, 0x8d, 0x42, 0x8d, 0x3a, 0x8d, 0x3a, 0x4c, 0x32, 0x4c, 0x32,
  0xae, 0x42, 0xc9, 0x29, 0x69, 0x19, 0xea, 0x29, 0xae, 0x4a, 0xb1, 0x63, 0x13, 0x7c, 0x73, 0x7c,
  0x94, 0x84, 0x94, 0x84, 0x73, 0x7c, 0x13, 0x6c, 0x90, 0x63, 0xef, 0x4a, 0xae, 0x4a, 0xae, 0x42,
  0x0c, 0x32, 0xee, 0x4a, 0x1a, 0xb6, 0x5a, 0xbe, 0x39, 0xb6, 0x59, 0xbe, 0x59, 0xb6, 0x59, 0xbe,
  0x5a, 0xb6, 0x59, 0xb6, 0x5a, 0xbe, 0x5a, 0xb6, 0x7a, 0xbe, 0x7a, 0xbe, 0x7a, 0xbe, 0x7a, 0xbe,
  0x7a, 0xbe, 0x9a, 0xbe, 0x9a, 0xbe, 0x7b, 0xbe, 0x9b, 0xc6, 0xda, 0x95, 0x38, 0x75, 0x59, 0x75,
  0x19, 0x6d, 0xf8, 0x6c, 0xd8, 0x64, 0xb7, 0x64, 0x97, 0x5c, 0x98, 0x5c, 0x98, 0x5c, 0xd8, 0x5c,
  0xf9, 0x64, 0xd8, 0x64, 0xb9, 0x64, 0x99, 0x6c, 0x77, 0x74, 0x55, 0xad, 0x08, 0x42, 0x00, 0x00,
  0x00, 0x00, 0x2f, 0x32, 0x14, 0x3b, 0xb7, 0x3b, 0xd7, 0x43, 0xf7, 0x43, 0x37, 0x54, 0x57, 0x54,
  0x77, 0x5c, 0x97, 0x64, 0xb8, 0x64, 0xd9, 0x6c, 0x18, 0x6d, 0x19, 0x75, 0x59, 0x75, 0x59, 0x75,
  0x59, 0x7d, 0x7a, 0x7d, 0x79, 0x85, 0x99, 0x85, 0x9a, 0x85, 0xb9, 0x85, 0x9a, 0x8d, 0xba, 0x85,
  0x9a, 0x8d, 0xba, 0x85, 0x99, 0x85, 0x9a, 0x7d, 0x79, 0x85, 0x79, 0x7d, 0x59, 0x7d, 0x7a, 0x7d,
  0x39, 0x75, 0x39, 0x75, 0x39, 0x6d, 0xd8, 0x7c, 0x5a, 0xad, 0x00, 0x00, 0x00, 0x00, 0x00, 0x00,
  0x00, 0x00, 0x00, 0x00, 0x00, 0x00, 0x00, 0x00, 0x00, 0x00, 0x00, 0x00, 0x00, 0x00, 0x00, 0x00,
  0x00, 0x00, 0x00, 0x00, 0x00, 0x00, 0x00, 0x00, 0x00, 0x00, 0x00, 0x00, 0x00, 0x00, 0x00, 0x00,
  0x00, 0x00, 0x00, 0x00, 0x00, 0x00, 0x00, 0x00, 0x00, 0x00, 0x00, 0x00, 0x00, 0x00, 0x00, 0x00,
  0x00, 0x00, 0x00, 0x00, 0x00, 0x00, 0x00, 0x00, 0x00, 0x00, 0x00, 0x00, 0x00, 0x00, 0x00, 0x00,
  0x00, 0x00, 0x00, 0x00, 0x00, 0x00, 0x00, 0x00, 0x00, 0x00, 0x00, 0x00, 0x00, 0x00, 0x00, 0x00,
  0x00, 0x00, 0x00, 0x00, 0x00, 0x00, 0x00, 0x00, 0x00, 0x00, 0x00, 0x00, 0x00, 0x00, 0x00, 0x00,
  0x00, 0x00, 0x00, 0x00, 0x00, 0x00, 0x00, 0x00, 0x00, 0x00, 0x00, 0x00, 0x00, 0x00, 0x00, 0x00,
  0x00, 0x00, 0x00, 0x00, 0x00, 0x00, 0xf0, 0x03, 0x00, 0x00, 0x0b, 0x32, 0x2c, 0x32, 0x2c, 0x32,
  0xcb, 0x29, 0xaa, 0x21, 0x4e, 0x32, 0xd0, 0x42, 0xf0, 0x42, 0xd0, 0x42, 0xaf, 0x3a, 0xaf, 0x32,
  0x8f, 0x3a, 0x8f, 0x32, 0x8f, 0x3a, 0xaf, 0x32, 0xb0, 0x3a, 0xb0, 0x32, 0xcf, 0x3a, 0xf2, 0x6b,
  0x11, 0x74, 0x32, 0x74, 0x52, 0x74, 0x53, 0x7c, 0x73, 0x7c, 0x93, 0x84, 0x94, 0x84, 0xb4, 0x84,
  0xd4, 0x84, 0xd4, 0x8c, 0xd5, 0x8c, 0xd4, 0x84, 0x93, 0x84, 0x53, 0x7c, 0xf0, 0x6b, 0xb0, 0x63,
  0x90, 0x63, 0x4b, 0x3a, 0x68, 0x21, 0xaa, 0x21, 0x4c, 0x3a, 0x30, 0x5b, 0x91, 0x5b, 0x70, 0x5b,
  0x30, 0x5b, 0x0f, 0x4b, 0xcf, 0x42, 0xae, 0x3a, 0xae, 0x42, 0x8e, 0x42, 0x6d, 0x3a, 0xeb, 0x29,
  0x4c, 0x3a, 0x53, 0x7c, 0x74, 0x7c, 0x4f, 0x5b, 0x4b, 0x3a, 0x69, 0x21, 0xaa, 0x21, 0xeb, 0x29,
  0xce, 0x42, 0x50, 0x5b, 0x91, 0x63, 0x91, 0x5b, 0x0f, 0x53, 0xef, 0x4a, 0xef, 0x4a, 0xce, 0x42,
  0x8e, 0x3a, 0xeb, 0x29, 0xad, 0x42, 0x78, 0x9d, 0x39, 0xb6, 0x39, 0xb6, 0x39, 0xb6, 0x39, 0xb6,
  0x3a, 0xb6, 0x59, 0xb6, 0x39, 0xb6, 0x3a, 0xbe, 0x59, 0xb6, 0x59, 0xbe, 0x5a, 0xb6, 0x7a, 0xbe,
  0x5a, 0xbe, 0x7a, 0xbe, 0x7a, 0xbe, 0x7a, 0xbe, 0x5a, 0xbe, 0x7a, 0xbe, 0x9b, 0xbe, 0xba, 0x8d,
  0x39, 0x75, 0x59, 0x75, 0x19, 0x6d, 0xf9, 0x6c, 0xf8, 0x64, 0xb8, 0x64, 0xb8, 0x5c, 0x97, 0x5c,
  0xb8, 0x5c, 0xb8, 0x5c, 0xd8, 0x5c, 0xb9, 0x64, 0x98, 0x64, 0x98, 0x74, 0x56, 0x74, 0x00, 0x00,
  0xf7, 0x7b, 0x32, 0x33, 0x00, 0x00, 0x59, 0x5c, 0xf8, 0x43, 0xb7, 0x43, 0xf7, 0x43, 0xf7, 0x4b,
  0x36, 0x54, 0x57, 0x54, 0x77, 0x5c, 0x98, 0x64, 0xb8, 0x64, 0xd8, 0x64, 0xf8, 0x6c, 0x19, 0x6d,
  0x39, 0x75, 0x39, 0x75, 0x59, 0x75, 0x79, 0x7d, 0x79, 0x7d, 0x7a, 0x7d, 0x99, 0x85, 0x9a, 0x85,
  0x99, 0x85, 0x9a, 0x85, 0x9a, 0x85, 0x9a, 0x85, 0x99, 0x85, 0x79, 0x7d, 0x7a, 0x7d, 0x59, 0x7d,
  0x59, 0x7d, 0x59, 0x75, 0x39, 0x75, 0xf8, 0x6c, 0x39, 0x7d, 0xf8, 0x7c, 0x00, 0x00, 0xf7, 0x7b,
  0x00, 0x00, 0x00, 0x00, 0x00, 0x00, 0x00, 0x00, 0x00, 0x00, 0x00, 0x00, 0x00, 0x00, 0x00, 0x00,
  0x00, 0x00, 0x00, 0x00, 0x00, 0x00, 0x00, 0x00, 0x00, 0x00, 0x00, 0x00, 0x00, 0x00, 0x00, 0x00,
  0x00, 0x00, 0x00, 0x00, 0x00, 0x00, 0x00, 0x00, 0x00, 0x00, 0x00, 0x00, 0x00, 0x00, 0x00, 0x00,
  0x00, 0x00, 0x00, 0x00, 0x00, 0x00, 0x00, 0x00, 0x00, 0x00, 0x00, 0x00, 0x00, 0x00, 0x00, 0x00,
  0x00, 0x00, 0x00, 0x00, 0x00, 0x00, 0x00, 0x00, 0x00, 0x00, 0x00, 0x00, 0x00, 0x00, 0x00, 0x00,
  0x00, 0x00, 0x00, 0x00, 0x00, 0x00, 0x00, 0x00, 0x00, 0x00, 0x00, 0x00, 0x00, 0x00, 0x00, 0x00,
  0x00, 0x00, 0x00, 0x00, 0x00, 0x00, 0x00, 0x00, 0x00, 0x00, 0x00, 0x00, 0x00, 0x00, 0x00, 0x00,
  0x00, 0x00, 0x00, 0x00, 0x00, 0x00, 0x00, 0x00, 0x00, 0x00, 0x00, 0x00, 0x2b, 0x3a, 0x4c, 0x3a,
  0x0c, 0x32, 0x89, 0x21, 0x0c, 0x32, 0x72, 0x5b, 0x52, 0x4b, 0xf0, 0x42, 0xd0, 0x3a, 0xcf, 0x3a,
  0xb0, 0x3a, 0xaf, 0x3a, 0xaf, 0x3a, 0xb0, 0x3a, 0xaf, 0x32, 0xb0, 0x3a, 0xd0, 0x32, 0x8f, 0x3a,
  0x8f, 0x3a, 0xd2, 0x6b, 0xf1, 0x6b, 0x11, 0x74, 0x32, 0x74, 0x52, 0x7c, 0x52, 0x7c, 0x73, 0x7c,
  0x93, 0x84, 0x93, 0x84, 0xb4, 0x84, 0xb4, 0x84, 0xb3, 0x84, 0xb3, 0x84, 0x94, 0x7c, 0x73, 0x7c,
  0x32, 0x74, 0xd0, 0x6b, 0x8f, 0x63, 0x6f, 0x5b, 0xcd, 0x4a, 0xca, 0x29, 0x8a, 0x21, 0xca, 0x29,
  0x2c, 0x32, 0x8d, 0x42, 0xae, 0x42, 0x8d, 0x3a, 0x6d, 0x3a, 0x4d, 0x3a, 0x2c, 0x32, 0xeb, 0x29,
  0xeb, 0x29, 0xee, 0x4a, 0xb5, 0x84, 0x36, 0x95, 0x15, 0x95, 0x93, 0x7c, 0xb1, 0x6b, 0xcd, 0x42,
  0x0a, 0x32, 0x89, 0x21, 0xaa, 0x21, 0xeb, 0x29, 0x4d, 0x32, 0x6d, 0x3a, 0x6d, 0x3a, 0x4d, 0x32,
  0x0c, 0x32, 0xcb, 0x29, 0x0b, 0x32, 0x91, 0x63, 0xb8, 0xa5, 0x19, 0xae, 0xf9, 0xad, 0x19, 0xb6,
  0x39, 0xae, 0x39, 0xb6, 0x39, 0xb6, 0x39, 0xb6, 0x3a, 0xb6, 0x39, 0xb6, 0x3a, 0xb6, 0x59, 0xb6,
  0x5a, 0xbe, 0x59, 0xb6, 0x59, 0xb6, 0x5a, 0xb6, 0x5a, 0xbe, 0x5a, 0xb6, 0x5a, 0xbe, 0x5a, 0xb6,
  0x5b, 0xb6, 0x79, 0x8d, 0x39, 0x75, 0x59, 0x75, 0x39, 0x75, 0x18, 0x6d, 0xf8, 0x64, 0xd8, 0x64,
  0xb8, 0x5c, 0xb8, 0x5c, 0xb8, 0x5c, 0xb8, 0x5c, 0xb9, 0x5c, 0x98, 0x5c, 0x78, 0x64, 0x57, 0x64,
  0x56, 0x74, 0x00, 0x00, 0x55, 0x55, 0x1f, 0x84, 0xf7, 0x7d, 0xd6, 0x4b, 0xd8, 0x3b, 0xd7, 0x43,
  0xf7, 0x43, 0xf7, 0x4b, 0x37, 0x54, 0x56, 0x5c, 0x77, 0x5c, 0x77, 0x5c, 0xb8, 0x64, 0xd8, 0x64,
  0xf8, 0x6c, 0x18, 0x6d, 0x19, 0x6d, 0x39, 0x75, 0x39, 0x75, 0x59, 0x75, 0x59, 0x7d, 0x79, 0x7d,
  0x79, 0x7d, 0x7a, 0x7d, 0x79, 0x7d, 0x9a, 0x85, 0x99, 0x7d, 0x79, 0x85, 0x7a, 0x7d, 0x79, 0x7d,
  0x7a, 0x7d, 0x59, 0x75, 0x59, 0x75, 0x39, 0x75, 0x18, 0x6d, 0x19, 0x75, 0xb7, 0x74, 0x38, 0x85,
  0x00, 0x00, 0xff, 0xff, 0x00, 0x00, 0x00, 0x00, 0x00, 0x00, 0x00, 0x00, 0x00, 0x00, 0x00, 0x00,
  0x00, 0x00, 0x00, 0x00, 0x00, 0x00, 0x00, 0x00, 0x00, 0x00, 0x00, 0x00, 0x00, 0x00, 0x00, 0x00,
  0x00, 0x00, 0x00, 0x00, 0x00, 0x00, 0x00, 0x00, 0x00, 0x00, 0x00, 0x00, 0x00, 0x00, 0x00, 0x00,
  0x00, 0x00, 0x00, 0x00, 0x00, 0x00, 0x00, 0x00, 0x00, 0x00, 0x00, 0x00, 0x00, 0x00, 0x00, 0x00,
  0x00, 0x00, 0x00, 0x00, 0x00, 0x00, 0x00, 0x00, 0x00, 0x00, 0x00, 0x00, 0x00, 0x00, 0x00, 0x00,
  0x00, 0x00, 0x00, 0x00, 0x00, 0x00, 0x00, 0x00, 0x00, 0x00, 0x00, 0x00, 0x00, 0x00, 0x00, 0x00,
  0x00, 0x00, 0x00, 0x00, 0x00, 0x00, 0x00, 0x00, 0x00, 0x00, 0x00, 0x00, 0x00, 0x00, 0x00, 0x00,
  0x00, 0x00, 0x00, 0x00, 0x00, 0x00, 0x00, 0x00, 0x00, 0x00, 0xef, 0x7b, 0xaa, 0x02, 0x0b, 0x32,
  0x4d, 0x3a, 0x0c, 0x32, 0xaa, 0x29, 0x85, 0x00, 0x96, 0x84, 0x14, 0x6c, 0x31, 0x4b, 0xf0, 0x42,
  0xd0, 0x3a, 0xcf, 0x3a, 0xd0, 0x3a, 0xcf, 0x3a, 0xb0, 0x3a, 0xaf, 0x3a, 0x90, 0x32, 0xaf, 0x32,
  0xb0, 0x3a, 0xb0, 0x32, 0x8f, 0x32, 0x91, 0x5b, 0xf1, 0x6b, 0xf1, 0x6b, 0x11, 0x74, 0x32, 0x74,
  0x32, 0x74, 0x72, 0x7c, 0x93, 0x7c, 0x93, 0x7c, 0x93, 0x84, 0x93, 0x7c, 0x94, 0x84, 0x93, 0x7c,
  0x93, 0x84, 0x93, 0x7c, 0x52, 0x7c, 0x32, 0x74, 0xd0, 0x63, 0x8f, 0x63, 0xb0, 0x63, 0x90, 0x5b,
  0xad, 0x42, 0xca, 0x29, 0x89, 0x21, 0xa9, 0x21, 0xaa, 0x21, 0xca, 0x29, 0xca, 0x29, 0xca, 0x29,
  0xca, 0x29, 0x8d, 0x42, 0xf2, 0x73, 0x36, 0x95, 0x77, 0x9d, 0x56, 0x95, 0x36, 0x95, 0x15, 0x8d,
  0x93, 0x7c, 0xf1, 0x6b, 0x90, 0x63, 0x0e, 0x53, 0x6c, 0x3a, 0x0b, 0x32, 0xcb, 0x29, 0xeb, 0x29,
  0xeb, 0x29, 0x0c, 0x32, 0x6c, 0x3a, 0x2f, 0x53, 0x95, 0x7c, 0xb8, 0xa5, 0xd8, 0xad, 0xf8, 0xad,
  0xf8, 0xad, 0x19, 0xae, 0xf9, 0xb5, 0x19, 0xae, 0x19, 0xb6, 0x19, 0xae, 0x39, 0xb6, 0x39, 0xb6,
  0x39, 0xb6, 0x3a, 0xb6, 0x39, 0xb6, 0x39, 0xb6, 0x3a, 0xbe, 0x39, 0xb6, 0x59, 0xb6, 0x3a, 0xbe,
  0x5a, 0xb6, 0x59, 0xbe, 0x1a, 0xae, 0x39, 0x7d, 0x39, 0x75, 0x39, 0x75, 0x18, 0x6d, 0xf9, 0x6c,
  0xf9, 0x64, 0xd8, 0x64, 0xd8, 0x5c, 0xb8, 0x5c, 0xb8, 0x5c, 0xb8, 0x5c, 0x99, 0x5c, 0x98, 0x5c,
  0x58, 0x64, 0x16, 0x6c, 0xf7, 0x7b, 0x00, 0x00, 0x33, 0x33, 0x00, 0x00, 0xd6, 0x53, 0xf8, 0x4b,
  0xb7, 0x3b, 0xf7, 0x43, 0xf7, 0x43, 0x16, 0x54, 0x57, 0x54, 0x57, 0x54, 0x57, 0x5c, 0x97, 0x64,
  0xb8, 0x64, 0xd8, 0x64, 0xd8, 0x6c, 0xf8, 0x6c, 0x18, 0x6d, 0x19, 0x6d, 0x39, 0x75, 0x59, 0x75,
  0x59, 0x75, 0x59, 0x75, 0x5a, 0x7d, 0x79, 0x7d, 0x79, 0x7d, 0x79, 0x7d, 0x79, 0x7d, 0x79, 0x7d,
  0x7a, 0x7d, 0x79, 0x7d, 0x59, 0x7d, 0x39, 0x75, 0x39, 0x75, 0x19, 0x6d, 0xf8, 0x6c, 0x19, 0x75,
  0xd7, 0x7c, 0x00, 0x00, 0x54, 0xad, 0x00, 0x00, 0x00, 0x00, 0x00, 0x00, 0x00, 0x00, 0x00, 0x00,
  0x00, 0x00, 0x00, 0x00, 0x00, 0x00, 0x00, 0x00, 0x00, 0x00, 0x00, 0x00, 0x00, 0x00, 0x00, 0x00,
  0x00, 0x00, 0x00, 0x00, 0x00, 0x00, 0x00, 0x00, 0x00, 0x00, 0x00, 0x00, 0x00, 0x00, 0x00, 0x00,
  0x00, 0x00, 0x00, 0x00, 0x00, 0x00, 0x00, 0x00, 0x00, 0x00, 0x00, 0x00, 0x00, 0x00, 0x00, 0x00,
  0x00, 0x00, 0x00, 0x00, 0x00, 0x00, 0x00, 0x00, 0x00, 0x00, 0x00, 0x00, 0x00, 0x00, 0x00, 0x00,
  0x00, 0x00, 0x00, 0x00, 0x00, 0x00, 0x00, 0x00, 0x00, 0x00, 0x00, 0x00, 0x00, 0x00, 0x00, 0x00,
  0x00, 0x00, 0x00, 0x00, 0x00, 0x00, 0x00, 0x00, 0x00, 0x00, 0x00, 0x00, 0x00, 0x00, 0x00, 0x00,
  0x00, 0x00, 0x00, 0x00, 0x00, 0x00, 0x00, 0x00, 0x00, 0x00, 0x00, 0x00, 0x10, 0x00, 0x00, 0x00,
  0x48, 0x21, 0xcb, 0x29, 0x0b, 0x32, 0xaa, 0x21, 0xa8, 0x00, 0x00, 0x00, 0xf2, 0x73, 0xd3, 0x63,
  0x52, 0x4b, 0xf1, 0x3a, 0xd0, 0x3a, 0xd0, 0x42, 0xd0, 0x3a, 0xb0, 0x3a, 0xd0, 0x3a, 0xcf, 0x3a,
  0xb0, 0x3a, 0xaf, 0x32, 0xb0, 0x3a, 0xaf, 0x32, 0x6e, 0x32, 0x30, 0x53, 0xf1, 0x6b, 0xf1, 0x6b,
  0xf1, 0x6b, 0x12, 0x74, 0x31, 0x74, 0x53, 0x7c, 0x52, 0x7c, 0x73, 0x7c, 0x93, 0x7c, 0x93, 0x84,
  0x93, 0x7c, 0x93, 0x84, 0x94, 0x7c, 0x73, 0x7c, 0x73, 0x7c, 0x53, 0x7c, 0x32, 0x74, 0xf1, 0x6b,
  0xd0, 0x63, 0xb0, 0x63, 0xb0, 0x63, 0x6f, 0x53, 0xed, 0x4a, 0x6c, 0x42, 0x6c, 0x3a, 0x8c, 0x42,
  0xce, 0x4a, 0x50, 0x53, 0xf2, 0x6b, 0xb4, 0x84, 0x36, 0x95, 0x56, 0x95, 0x56, 0x9d, 0x56, 0x95,
  0x36, 0x95, 0x36, 0x8d, 0xf5, 0x8c, 0xb4, 0x84, 0x73, 0x7c, 0x11, 0x74, 0xd1, 0x63, 0x90, 0x5b,
  0x50, 0x5b, 0x50, 0x5b, 0xb1, 0x5b, 0x32, 0x74, 0xb5, 0x84, 0x36, 0x95, 0x77, 0x9d, 0x97, 0xa5,
  0xd8, 0xa5, 0xd9, 0xad, 0xd8, 0xad, 0xf9, 0xad, 0xf8, 0xad, 0xf9, 0xad, 0x19, 0xae, 0x19, 0xae,
  0x19, 0xb6, 0x19, 0xae, 0x19, 0xb6, 0x19, 0xae, 0x39, 0xb6, 0x39, 0xb6, 0x39, 0xb6, 0x3a, 0xb6,
  0x39, 0xb6, 0x3a, 0xb6, 0x39, 0xb6, 0x3a, 0xae, 0xba, 0x9d, 0x18, 0x75, 0x39, 0x75, 0x38, 0x6d,
  0x19, 0x6d, 0xf8, 0x6c, 0xf8, 0x64, 0xd8, 0x64, 0xd8, 0x5c, 0xd8, 0x5c, 0xb9, 0x5c, 0xd9, 0x5c,
  0x98, 0x5c, 0x58, 0x5c, 0x58, 0x6c, 0xf5, 0x63, 0x00, 0x00, 0xf5, 0x53, 0x00, 0x00, 0x97, 0x64,
  0xf7, 0x53, 0xd8, 0x43, 0xf7, 0x3b, 0xf7, 0x43, 0x16, 0x4c, 0x37, 0x54, 0x57, 0x54, 0x57, 0x5c,
  0x77, 0x5c, 0x77, 0x5c, 0xb8, 0x64, 0xb8, 0x64, 0xd7, 0x64, 0xd8, 0x6c, 0xf8, 0x6c, 0x38, 0x6d,
  0x18, 0x75, 0x39, 0x75, 0x39, 0x75, 0x59, 0x75, 0x59, 0x75, 0x59, 0x75, 0x79, 0x7d, 0x59, 0x7d,
  0x7a, 0x7d, 0x59, 0x7d, 0x79, 0x7d, 0x59, 0x75, 0x59, 0x75, 0x59, 0x75, 0x39, 0x6d, 0x18, 0x6d,
  0xf8, 0x74, 0xd7, 0x74, 0x5a, 0x8d, 0x1f, 0x00, 0xff, 0xff, 0x00, 0x00, 0x00, 0x00, 0x00, 0x00,
  0x00, 0x00, 0x00, 0x00, 0x00, 0x00, 0x00, 0x00, 0x00, 0x00, 0x00, 0x00, 0x00, 0x00, 0x00, 0x00,
  0x00, 0x00, 0x00, 0x00, 0x00, 0x00, 0x00, 0x00, 0x00, 0x00, 0x00, 0x00, 0x00, 0x00, 0x00, 0x00,
  0x00, 0x00, 0x00, 0x00, 0x00, 0x00, 0x00, 0x00, 0x00, 0x00, 0x00, 0x00, 0x00, 0x00, 0x00, 0x00,
  0x00, 0x00, 0x00, 0x00, 0x00, 0x00, 0x00, 0x00, 0x00, 0x00, 0x00, 0x00, 0x00, 0x00, 0x00, 0x00,
  0x00, 0x00, 0x00, 0x00, 0x00, 0x00, 0x00, 0x00, 0x00, 0x00, 0x00, 0x00, 0x00, 0x00, 0x00, 0x00,
  0x00, 0x00, 0x00, 0x00, 0x00, 0x00, 0x00, 0x00, 0x00, 0x00, 0x00, 0x00, 0x00, 0x00, 0x00, 0x00,
  0x00, 0x00, 0x00, 0x00, 0x00, 0x00, 0x00, 0x00, 0x00, 0x00, 0x00, 0x00, 0x00, 0x00, 0x00, 0x00,
  0x00, 0x00, 0x00, 0x00, 0x08, 0x00, 0x68, 0x21, 0x69, 0x19, 0x00, 0x00, 0x00, 0x00, 0x2c, 0x33,
  0x00, 0x00, 0xd4, 0x63, 0x94, 0x53, 0xf1, 0x3a, 0xf0, 0x3a, 0xd0, 0x3a, 0xd0, 0x42, 0xd0, 0x3a,
  0xb0, 0x3a, 0xb0, 0x3a, 0xaf, 0x32, 0xb0, 0x3a, 0xb0, 0x32, 0xb0, 0x3a, 0x6f, 0x2a, 0xef, 0x42,
  0xf1, 0x6b, 0xd1, 0x6b, 0xf1, 0x6b, 0x11, 0x6c, 0x12, 0x74, 0x32, 0x74, 0x52, 0x74, 0x53, 0x7c,
  0x52, 0x7c, 0x73, 0x7c, 0x73, 0x7c, 0x73, 0x7c, 0x93, 0x84, 0x93, 0x7c, 0x73, 0x7c, 0x72, 0x7c,
  0x52, 0x74, 0x32, 0x74, 0x12, 0x74, 0xf1, 0x6b, 0xd0, 0x6b, 0xd0, 0x63, 0xd1, 0x6b, 0xd1, 0x6b,
  0xf1, 0x6b, 0x12, 0x74, 0x73, 0x7c, 0xb4, 0x84, 0xf5, 0x8c, 0x15, 0x95, 0x35, 0x8d, 0x36, 0x95,
  0x56, 0x95, 0x56, 0x95, 0x56, 0x95, 0x36, 0x95, 0x36, 0x8d, 0x15, 0x8d, 0xf4, 0x8c, 0xb4, 0x84,
  0x94, 0x84, 0xb3, 0x7c, 0x93, 0x84, 0xb4, 0x84, 0xd4, 0x8c, 0x16, 0x95, 0x56, 0x95, 0x76, 0x9d,
  0x97, 0xa5, 0xb8, 0xa5, 0xb8, 0xa5, 0xd8, 0xa5, 0xd8, 0xad, 0xd8, 0xa5, 0xd9, 0xad, 0xf8, 0xad,
  0xf9, 0xad, 0xf8, 0xad, 0xf9, 0xad, 0x19, 0xae, 0x19, 0xae, 0x19, 0xae, 0x19, 0xae, 0x19, 0xae,
  0x39, 0xae, 0x19, 0xb6, 0x39, 0xae, 0x39, 0xae, 0x3a, 0xb6, 0x1a, 0xae, 0x58, 0x7d, 0x19, 0x6d,
  0x38, 0x6d, 0xf9, 0x74, 0x19, 0x6d, 0xf9, 0x6c, 0xf9, 0x64, 0xd8, 0x64, 0xd8, 0x5c, 0xb9, 0x5c,
  0xb8, 0x5c, 0xb9, 0x5c, 0x78, 0x5c, 0x38, 0x5c, 0xf6, 0x5b, 0x36, 0x5c, 0xb4, 0x52, 0x1f, 0x00,
  0x19, 0x75, 0x37, 0x5c, 0x18, 0x4c, 0xf7, 0x43, 0x17, 0x44, 0x17, 0x4c, 0x17, 0x4c, 0x57, 0x54,
  0x36, 0x54, 0x57, 0x5c, 0x77, 0x5c, 0x97, 0x5c, 0x98, 0x64, 0xd7, 0x64, 0xb8, 0x64, 0xf8, 0x64,
  0xf8, 0x6c, 0x19, 0x6d, 0x18, 0x6d, 0x39, 0x6d, 0x38, 0x75, 0x39, 0x75, 0x59, 0x75, 0x59, 0x75,
  0x39, 0x75, 0x59, 0x75, 0x5a, 0x75, 0x59, 0x75, 0x5a, 0x75, 0x59, 0x75, 0x39, 0x75, 0x19, 0x75,
  0xf8, 0x6c, 0xd8, 0x6c, 0xf8, 0x74, 0xd7, 0x74, 0x00, 0x00, 0x55, 0x55, 0x00, 0x00, 0x00, 0x00,
  0x00, 0x00, 0x00, 0x00, 0x00, 0x00, 0x00, 0x00, 0x00, 0x00, 0x00, 0x00, 0x00, 0x00, 0x00, 0x00,
  0x00, 0x00, 0x00, 0x00, 0x00, 0x00, 0x00, 0x00, 0x00, 0x00, 0x00, 0x00, 0x00, 0x00, 0x00, 0x00,
  0x00, 0x00, 0x00, 0x00, 0x00, 0x00, 0x00, 0x00, 0x00, 0x00, 0x00, 0x00, 0x00, 0x00, 0x00, 0x00,
  0x00, 0x00, 0x00, 0x00, 0x00, 0x00, 0x00, 0x00, 0x00, 0x00, 0x00, 0x00, 0x00, 0x00, 0x00, 0x00,
  0x00, 0x00, 0x00, 0x00, 0x00, 0x00, 0x00, 0x00, 0x00, 0x00, 0x00, 0x00, 0x00, 0x00, 0x00, 0x00,
  0x00, 0x00, 0x00, 0x00, 0x00, 0x00, 0x00, 0x00, 0xff, 0xff, 0xf7, 0xbd, 0xff, 0xaf, 0xff, 0x7b,
  0x1f, 0x84, 0x5f, 0xa5, 0xf7, 0xbd, 0xff, 0xff, 0x00, 0x00, 0x00, 0x00, 0x00, 0x00, 0x00, 0x00,
  0x00, 0x00, 0x00, 0x00, 0x00, 0x00, 0x00, 0x00, 0x00, 0x00, 0x00, 0x00, 0x00, 0x00, 0x10, 0x00,
  0x00, 0x00, 0x10, 0x84, 0x00, 0x00, 0xf4, 0x63, 0xb3, 0x5b, 0x32, 0x43, 0xf1, 0x3a, 0xf0, 0x3a,
  0xd0, 0x3a, 0xd0, 0x3a, 0xb0, 0x3a, 0xb0, 0x3a, 0xb0, 0x3a, 0xaf, 0x3a, 0xb0, 0x32, 0xaf, 0x32,
  0x90, 0x32, 0x8f, 0x32, 0xb2, 0x63, 0xd1, 0x6b, 0xf1, 0x6b, 0xf1, 0x6b, 0x11, 0x74, 0x32, 0x6c,
  0x32, 0x74, 0x32, 0x74, 0x52, 0x74, 0x53, 0x7c, 0x52, 0x74, 0x73, 0x7c, 0x73, 0x7c, 0x73, 0x7c,
  0x93, 0x7c, 0x73, 0x7c, 0x73, 0x7c, 0x73, 0x7c, 0x52, 0x74, 0x32, 0x74, 0x32, 0x74, 0x32, 0x74,
  0x52, 0x74, 0x53, 0x7c, 0x73, 0x7c, 0x93, 0x7c, 0xb4, 0x84, 0xf5, 0x8c, 0x15, 0x95, 0x35, 0x8d,
  0x36, 0x95, 0x36, 0x95, 0x56, 0x95, 0x36, 0x95, 0x56, 0x95, 0x36, 0x95, 0x35, 0x95, 0x35, 0x8d,
  0x16, 0x95, 0x15, 0x8d, 0x15, 0x8d, 0x15, 0x95, 0x16, 0x8d, 0x35, 0x95, 0x36, 0x95, 0x36, 0x95,
  0x76, 0x9d, 0x77, 0x9d, 0x97, 0x9d, 0xb7, 0xa5, 0xb8, 0xa5, 0xb8, 0xa5, 0xb8, 0xa5, 0xd8, 0xad,
  0xd8, 0xa5, 0xd8, 0xad, 0xd8, 0xad, 0xd9, 0xad, 0xf8, 0xad, 0xf9, 0xad, 0xf9, 0xad, 0xf9, 0xad,
  0xf9, 0xad, 0x19, 0xb6, 0x19, 0xae, 0x1a, 0xae, 0xf9, 0xad, 0xf9, 0xad, 0x1a, 0xae, 0x99, 0x8d,
  0xf8, 0x74, 0x18, 0x6d, 0x19, 0x6d, 0xf8, 0x6c, 0xf9, 0x6c, 0xf8, 0x64, 0xf8, 0x64, 0xd9, 0x64,
  0xd8, 0x5c, 0xd9, 0x5c, 0xb9, 0x5c, 0x98, 0x5c, 0x58, 0x5c, 0x38, 0x5c, 0xd5, 0x5b, 0x00, 0x00,
  0xf0, 0x03, 0x1f, 0xc6, 0x58, 0x5c, 0x59, 0x54, 0x18, 0x4c, 0x17, 0x4c, 0x37, 0x4c, 0x17, 0x54,
  0x57, 0x54, 0x57, 0x54, 0x57, 0x5c, 0x77, 0x5c, 0x77, 0x5c, 0x97, 0x5c, 0x97, 0x5c, 0xb8, 0x64,
  0xd8, 0x64, 0xd8, 0x6c, 0xf8, 0x6c, 0xf8, 0x6c, 0x18, 0x6d, 0x18, 0x6d, 0x19, 0x6d, 0x39, 0x75,
  0x19, 0x75, 0x39, 0x75, 0x39, 0x75, 0x39, 0x75, 0x39, 0x75, 0x39, 0x75, 0x39, 0x75, 0x39, 0x75,
  0x38, 0x6d, 0x18, 0x6d, 0xf8, 0x6c, 0xf8, 0x6c, 0xb6, 0x74, 0xd9, 0x8d, 0xef, 0x83, 0xff, 0x07,
  0x00, 0x00, 0x00, 0x00, 0x00, 0x00, 0x00, 0x00, 0x00, 0x00, 0x00, 0x00, 0x00, 0x00, 0x00, 0x00,
  0x00, 0x00, 0x00, 0x00, 0x00, 0x00, 0x00, 0x00, 0x00, 0x00, 0x00, 0x00, 0x00, 0x00, 0x00, 0x00,
  0x00, 0x00, 0x00, 0x00, 0x00, 0x00, 0x00, 0x00, 0x00, 0x00, 0x00, 0x00, 0x00, 0x00, 0x00, 0x00,
  0x00, 0x00, 0x00, 0x00, 0x00, 0x00, 0x00, 0x00, 0x00, 0x00, 0x00, 0x00, 0x00, 0x00, 0x00, 0x00,
  0x00, 0x00, 0x00, 0x00, 0x00, 0x00, 0x00, 0x00, 0x00, 0x00, 0x00, 0x00, 0x00, 0x00, 0x00, 0x00,
  0x00, 0x00, 0x00, 0x00, 0x00, 0x00, 0x00, 0x00, 0xff, 0xff, 0x55, 0xad, 0x00, 0x00, 0x00, 0x00,
  0x00, 0x00, 0x00, 0x00, 0x00, 0x00, 0x00, 0x00, 0x00, 0x00, 0x00, 0x00, 0x00, 0x00, 0x5f, 0xad,
  0x00, 0x00, 0x00, 0x00, 0x00, 0x00, 0x00, 0x00, 0x00, 0x00, 0x00, 0x00, 0x00, 0x00, 0xaa, 0x02,
  0xaa, 0x02, 0x00, 0x00, 0x00, 0x00, 0x00, 0x00, 0xef, 0x7b, 0x00, 0x00, 0xd3, 0x5b, 0x94, 0x4b,
  0xf1, 0x3a, 0xd0, 0x3a, 0xd0, 0x3a, 0xd0, 0x3a, 0xd0, 0x3a, 0xcf, 0x3a, 0xb0, 0x32, 0xaf, 0x3a,
  0xb0, 0x32, 0xb0, 0x3a, 0xb0, 0x32, 0x8f, 0x32, 0x50, 0x53, 0x12, 0x6c, 0xd1, 0x63, 0xf1, 0x6b,
  0xf1, 0x6b, 0x11, 0x6c, 0x12, 0x74, 0x12, 0x74, 0x32, 0x74, 0x32, 0x74, 0x52, 0x74, 0x53, 0x7c,
  0x53, 0x7c, 0x73, 0x7c, 0x73, 0x7c, 0x93, 0x7c, 0x73, 0x7c, 0x73, 0x7c, 0x73, 0x7c, 0x54, 0x7c,
  0x73, 0x7c, 0x73, 0x7c, 0x74, 0x7c, 0x93, 0x84, 0xb4, 0x84, 0xd4, 0x84, 0xf5, 0x8c, 0xf5, 0x8c,
  0x15, 0x8d, 0x15, 0x95, 0x35, 0x95, 0x36, 0x95, 0x35, 0x95, 0x36, 0x95, 0x36, 0x95, 0x36, 0x95,
  0x36, 0x95, 0x36, 0x95, 0x35, 0x95, 0x36, 0x8d, 0x16, 0x95, 0x36, 0x95, 0x35, 0x95, 0x56, 0x95,
  0x56, 0x95, 0x76, 0x9d, 0x77, 0x9d, 0x77, 0x9d, 0x97, 0x9d, 0x98, 0xa5, 0x97, 0x9d, 0xb7, 0xa5,
  0xb8, 0xa5, 0xb8, 0xa5, 0xd8, 0xa5, 0xd8, 0xa5, 0xd8, 0xa5, 0xd8, 0xa5, 0xd8, 0xa5, 0xf8, 0xad,
  0xf8, 0xa5, 0xf8, 0xad, 0xf9, 0xad, 0xf9, 0xa5, 0xd8, 0xad, 0xf9, 0xa5, 0xf8, 0xad, 0xf9, 0xa5,
  0xda, 0x9d, 0xf8, 0x74, 0xf8, 0x6c, 0xf9, 0x6c, 0x18, 0x6d, 0xf9, 0x64, 0xf8, 0x64, 0xf8, 0x64,
  0xd9, 0x64, 0xd8, 0x5c, 0xd9, 0x5c, 0xd9, 0x64, 0x99, 0x5c, 0x78, 0x54, 0x39, 0x5c, 0xb5, 0x5b,
  0x57, 0x5c, 0x00, 0x00, 0xf7, 0x84, 0x57, 0x5c, 0x79, 0x5c, 0x58, 0x4c, 0x58, 0x4c, 0x37, 0x54,
  0x37, 0x4c, 0x57, 0x54, 0x57, 0x54, 0x57, 0x5c, 0x77, 0x54, 0x57, 0x5c, 0x77, 0x5c, 0x77, 0x5c,
  0x98, 0x64, 0xb8, 0x64, 0xb7, 0x64, 0xd8, 0x64, 0xd7, 0x64, 0x18, 0x6d, 0xf8, 0x6c, 0x18, 0x6d,
  0x18, 0x6d, 0x18, 0x6d, 0x38, 0x6d, 0x18, 0x75, 0x39, 0x75, 0x38, 0x6d, 0x39, 0x75, 0x39, 0x75,
  0x38, 0x75, 0x19, 0x6d, 0x18, 0x6d, 0xd8, 0x6c, 0xb7, 0x6c, 0xd8, 0x74, 0xd7, 0x74, 0x00, 0x00,
  0x55, 0x55, 0x00, 0x00, 0x00, 0x00, 0x00, 0x00, 0x00, 0x00, 0x00, 0x00, 0x00, 0x00, 0x00, 0x00,
  0x00, 0x00, 0x00, 0x00, 0x00, 0x00, 0x00, 0x00, 0x00, 0x00, 0x00, 0x00, 0x00, 0x00, 0x00, 0x00,
  0x00, 0x00, 0x00, 0x00, 0x00, 0x00, 0x00, 0x00, 0x00, 0x00, 0x00, 0x00, 0x00, 0x00, 0x00, 0x00,
  0x00, 0x00, 0x00, 0x00, 0x00, 0x00, 0x00, 0x00, 0x00, 0x00, 0x00, 0x00, 0x00, 0x00, 0x00, 0x00,
  0x00, 0x00, 0x00, 0x00, 0x00, 0x00, 0x00, 0x00, 0x00, 0x00, 0x00, 0x00, 0x00, 0x00, 0x00, 0x00,
  0x00, 0x00, 0x00, 0x00, 0x00, 0x00, 0x00, 0x00, 0x00, 0x00, 0xff, 0xff, 0x00, 0x00, 0x00, 0x00,
  0x5f, 0xdf, 0xbd, 0xc6, 0x9c, 0xbe, 0x5b, 0xb6, 0x5b, 0xb6, 0x5c, 0xb6, 0x9c, 0xbe, 0xbd, 0xc6,
  0x00, 0x00, 0x00, 0x00, 0xff, 0xff, 0xff, 0x7f, 0x00, 0x00, 0x00, 0x00, 0x00, 0x00, 0x00, 0x00,
  0x00, 0x00, 0x00, 0x00, 0x00, 0x00, 0x00, 0x00, 0x00, 0x00, 0x00, 0x00, 0x10, 0x84, 0x00, 0x00,
  0xb4, 0x5b, 0x93, 0x53, 0x12, 0x43, 0xd1, 0x3a, 0xd0, 0x3a, 0xd0, 0x3a, 0xb0, 0x3a, 0xd0, 0x3a,
  0xb0, 0x3a, 0xb0, 0x32, 0xd0, 0x3a, 0xd0, 0x32, 0xaf, 0x3a, 0xb0, 0x32, 0xaf, 0x3a, 0xd2, 0x63,
  0xf1, 0x6b, 0xd1, 0x63, 0xf1, 0x6b, 0xf1, 0x6b, 0xf2, 0x6b, 0x11, 0x6c, 0x12, 0x74, 0x12, 0x74,
  0x12, 0x74, 0x32, 0x74, 0x52, 0x74, 0x72, 0x74, 0x73, 0x7c, 0x73, 0x7c, 0x73, 0x7c, 0x93, 0x74,
  0x73, 0x7c, 0x74, 0x7c, 0x93, 0x7c, 0x94, 0x84, 0xb3, 0x84, 0xb4, 0x84, 0xb4, 0x84, 0xd5, 0x84,
  0xf5, 0x8c, 0x15, 0x8d, 0xf5, 0x8c, 0x15, 0x8d, 0x15, 0x8d, 0x16, 0x95, 0x36, 0x8d, 0x35, 0x95,
  0x36, 0x95, 0x35, 0x95, 0x16, 0x95, 0x36, 0x8d, 0x36, 0x95, 0x35, 0x95, 0x56, 0x95, 0x56, 0x95,
  0x56, 0x95, 0x56, 0x95, 0x57, 0x95, 0x76, 0x9d, 0x77, 0x9d, 0x77, 0x9d, 0x77, 0x9d, 0x77, 0x9d,
  0x97, 0x9d, 0x97, 0x9d, 0x98, 0x9d, 0xb7, 0xa5, 0xb8, 0xa5, 0xb7, 0xa5, 0xb8, 0xa5, 0xd8, 0xa5,
  0xb8, 0xa5, 0xb8, 0xa5, 0xd8, 0xa5, 0xb8, 0xa5, 0xd8, 0xa5, 0xd8, 0xa5, 0xd8, 0xa5, 0xb9, 0xa5,
  0xd9, 0xa5, 0xb9, 0xa5, 0x18, 0x7d, 0xd7, 0x6c, 0x19, 0x65, 0xf8, 0x6c, 0xf9, 0x64, 0xf8, 0x64,
  0xf9, 0x64, 0xd8, 0x64, 0xd9, 0x64, 0xd9, 0x5c, 0xd9, 0x5c, 0xb9, 0x5c, 0x98, 0x54, 0x38, 0x54,
  0xf7, 0x53, 0xb5, 0x53, 0x00, 0x00, 0x37, 0x5c, 0x38, 0x5c, 0x99, 0x54, 0x58, 0x54, 0x78, 0x54,
  0x78, 0x54, 0x78, 0x54, 0x78, 0x54, 0x77, 0x5c, 0x57, 0x5c, 0x77, 0x5c, 0x57, 0x5c, 0x77, 0x5c,
  0x77, 0x5c, 0x97, 0x64, 0x98, 0x5c, 0xb8, 0x64, 0xb8, 0x64, 0xd8, 0x64, 0xd7, 0x64, 0xd8, 0x64,
  0xf8, 0x6c, 0xf8, 0x6c, 0x18, 0x6d, 0x19, 0x6d, 0x18, 0x6d, 0x19, 0x6d, 0x18, 0x6d, 0x19, 0x6d,
  0x18, 0x6d, 0x18, 0x6d, 0x18, 0x6d, 0x18, 0x6d, 0xf8, 0x6c, 0xd8, 0x64, 0xd8, 0x6c, 0x96, 0x6c,
  0xff, 0xff, 0xff, 0x7b, 0x00, 0x00, 0x00, 0x00, 0x00, 0x00, 0x00, 0x00, 0x00, 0x00, 0x00, 0x00,
  0x00, 0x00, 0x00, 0x00, 0x00, 0x00, 0x00, 0x00, 0x00, 0x00, 0x00, 0x00, 0x00, 0x00, 0x00, 0x00,
  0x00, 0x00, 0x00, 0x00, 0x00, 0x00, 0x00, 0x00, 0x00, 0x00, 0x00, 0x00, 0x00, 0x00, 0x00, 0x00,
  0x00, 0x00, 0x00, 0x00, 0x00, 0x00, 0x00, 0x00, 0x00, 0x00, 0x00, 0x00, 0x00, 0x00, 0x00, 0x00,
  0x00, 0x00, 0x00, 0x00, 0x00, 0x00, 0x00, 0x00, 0x00, 0x00, 0x00, 0x00, 0x00, 0x00, 0x00, 0x00,
  0x00, 0x00, 0x00, 0x00, 0x00, 0x00, 0x00, 0x00, 0x00, 0x00, 0x00, 0x00, 0x55, 0xad, 0x00, 0x00,
  0x7f, 0xdf, 0x9c, 0xbe, 0x1b, 0xae, 0x3b, 0xae, 0x1b, 0xa6, 0xfb, 0x9d, 0xfa, 0x9d, 0x1b, 0x9e,
  0x1b, 0xa6, 0xfa, 0xa5, 0x7c, 0xbe, 0xdd, 0xc6, 0x00, 0x00, 0x00, 0x00, 0xff, 0xaf, 0x00, 0x00,
  0x00, 0x00, 0x00, 0x00, 0x00, 0x00, 0x00, 0x00, 0x00, 0x00, 0x00, 0x00, 0x00, 0x00, 0x00, 0x00,
  0x00, 0x00, 0xb5, 0x52, 0x00, 0x00, 0x93, 0x53, 0x74, 0x4b, 0xf1, 0x3a, 0xd0, 0x3a, 0xd0, 0x3a,
  0xb0, 0x3a, 0xd0, 0x3a, 0xd0, 0x32, 0xb0, 0x3a, 0xb0, 0x32, 0xb0, 0x32, 0xb0, 0x32, 0xb0, 0x3a,
  0xb0, 0x32, 0x10, 0x43, 0x12, 0x64, 0xd2, 0x63, 0xd1, 0x6b, 0xf1, 0x63, 0xf2, 0x6b, 0xf1, 0x6b,
  0xf2, 0x6b, 0x12, 0x6c, 0x12, 0x74, 0x32, 0x74, 0x33, 0x74, 0x53, 0x7c, 0x53, 0x7c, 0x53, 0x7c,
  0x53, 0x74, 0x73, 0x7c, 0x73, 0x7c, 0x94, 0x84, 0x93, 0x7c, 0x94, 0x7c, 0xb4, 0x84, 0xb4, 0x84,
  0xd4, 0x84, 0xd4, 0x8c, 0xf4, 0x8c, 0xf5, 0x8c, 0xf5, 0x8c, 0x15, 0x8d, 0x15, 0x8d, 0x15, 0x8d,
  0x16, 0x95, 0x15, 0x8d, 0x16, 0x8d, 0x35, 0x95, 0x16, 0x8d, 0x15, 0x95, 0x36, 0x95, 0x36, 0x95,
  0x36, 0x95, 0x36, 0x95, 0x56, 0x95, 0x56, 0x95, 0x56, 0x95, 0x57, 0x9d, 0x76, 0x95, 0x77, 0x9d,
  0x76, 0x95, 0x77, 0x9d, 0x97, 0x9d, 0x77, 0x9d, 0x97, 0x9d, 0x97, 0x9d, 0x97, 0x9d, 0x98, 0x9d,
  0x97, 0x9d, 0x98, 0xa5, 0xb7, 0x9d, 0xb8, 0xa5, 0x98, 0x9d, 0xb8, 0xa5, 0xb8, 0x9d, 0xb8, 0xa5,
  0xb9, 0x9d, 0xb8, 0x9d, 0xb9, 0x9d, 0x38, 0x7d, 0xb8, 0x6c, 0xf8, 0x64, 0xd8, 0x64, 0xf8, 0x64,
  0xd8, 0x64, 0xf8, 0x64, 0xd8, 0x64, 0xf9, 0x5c, 0xd8, 0x5c, 0xd9, 0x5c, 0xb9, 0x5c, 0x99, 0x5c,
  0x58, 0x54, 0x39, 0x5c, 0xb6, 0x4b, 0x00, 0x00, 0xf6, 0x53, 0x38, 0x5c, 0x99, 0x54, 0x79, 0x54,
  0x98, 0x5c, 0x98, 0x5c, 0x98, 0x5c, 0x78, 0x5c, 0x98, 0x5c, 0x77, 0x5c, 0x77, 0x5c, 0x77, 0x5c,
  0x77, 0x5c, 0x77, 0x5c, 0x77, 0x5c, 0x98, 0x5c, 0x97, 0x64, 0xb7, 0x64, 0xb8, 0x64, 0xb8, 0x64,
  0xb8, 0x64, 0xd8, 0x6c, 0xd8, 0x64, 0xd8, 0x6c, 0xf8, 0x6c, 0xf8, 0x6c, 0xf8, 0x6c, 0x18, 0x6d,
  0x18, 0x6d, 0xf8, 0x6c, 0xf8, 0x6c, 0x18, 0x6d, 0xf8, 0x6c, 0xd8, 0x6c, 0xd8, 0x6c, 0xb7, 0x64,
  0xb7, 0x74, 0xf7, 0x7c, 0x00, 0x00, 0x55, 0x5d, 0x00, 0x00, 0x00, 0x00, 0x00, 0x00, 0x00, 0x00,
  0x00, 0x00, 0x00, 0x00, 0x00, 0x00, 0x00, 0x00, 0x00, 0x00, 0x00, 0x00, 0x00, 0x00, 0x00, 0x00,
  0x00, 0x00, 0x00, 0x00, 0x00, 0x00, 0x00, 0x00, 0x00, 0x00, 0x00, 0x00, 0x00, 0x00, 0x00, 0x00,
  0x00, 0x00, 0x00, 0x00, 0x00, 0x00, 0x00, 0x00, 0x00, 0x00, 0x00, 0x00, 0x00, 0x00, 0x00, 0x00,
  0x00, 0x00, 0x00, 0x00, 0x00, 0x00, 0x00, 0x00, 0x00, 0x00, 0x00, 0x00, 0x00, 0x00, 0x00, 0x00,
  0x00, 0x00, 0x00, 0x00, 0x00, 0x00, 0x00, 0x00, 0x00, 0x00, 0x00, 0x00, 0x00, 0x00, 0x55, 0xad,
  0x00, 0x00, 0x1e, 0xcf, 0x1b, 0xb6, 0xfb, 0x9d, 0x38, 0x85, 0xf8, 0x7c, 0x18, 0x7d, 0xf8, 0x7c,
  0x18, 0x7d, 0x18, 0x7d, 0x18, 0x85, 0x79, 0x8d, 0xfa, 0x9d, 0x5c, 0xb6, 0x9c, 0xbe, 0x1e, 0xcf,
  0x00, 0x00, 0x5f, 0xad, 0x00, 0x00, 0x00, 0x00, 0x00, 0x00, 0x00, 0x00, 0x00, 0x00, 0x00, 0x00,
  0x00, 0x00, 0x00, 0x00, 0x00, 0x00, 0x1f, 0x00, 0xef, 0x7b, 0xf3, 0x63, 0x52, 0x4b, 0x33, 0x43,
  0xd1, 0x3a, 0xd0, 0x3a, 0xd0, 0x3a, 0xd0, 0x3a, 0xb0, 0x32, 0xb0, 0x3a, 0xd0, 0x32, 0xb0, 0x3a,
  0xb0, 0x32, 0xb0, 0x32, 0xb0, 0x32, 0xb0, 0x32, 0x31, 0x4b, 0x12, 0x6c, 0xd2, 0x63, 0xd1, 0x63,
  0xf2, 0x63, 0xf1, 0x63, 0xf2, 0x6b, 0x11, 0x6c, 0x12, 0x6c, 0x32, 0x6c, 0x32, 0x74, 0x32, 0x74,
  0x53, 0x74, 0x53, 0x74, 0x73, 0x7c, 0x53, 0x7c, 0x73, 0x7c, 0x74, 0x7c, 0x93, 0x7c, 0x93, 0x7c,
  0xb4, 0x7c, 0xb4, 0x7c, 0xb4, 0x84, 0xd4, 0x84, 0xd5, 0x84, 0xf4, 0x84, 0xf5, 0x84, 0xf5, 0x8c,
  0xf5, 0x84, 0xf5, 0x8c, 0x15, 0x8d, 0xf5, 0x8c, 0x15, 0x8d, 0x16, 0x8d, 0x15, 0x8d, 0x36, 0x8d,
  0x15, 0x8d, 0x36, 0x95, 0x35, 0x8d, 0x36, 0x95, 0x35, 0x95, 0x36, 0x95, 0x56, 0x95, 0x56, 0x95,
  0x56, 0x95, 0x56, 0x9d, 0x57, 0x9d, 0x77, 0x95, 0x56, 0x9d, 0x77, 0x9d, 0x77, 0x9d, 0x77, 0x9d,
  0x77, 0x9d, 0x77, 0x9d, 0x77, 0x9d, 0x97, 0x9d, 0x97, 0x9d, 0x98, 0x9d, 0x97, 0x9d, 0x78, 0x9d,
  0x98, 0x9d, 0x98, 0x9d, 0x98, 0x9d, 0x99, 0x95, 0x18, 0x7d, 0x97, 0x64, 0xd8, 0x6c, 0xd8, 0x64,
  0xd8, 0x64, 0xd9, 0x64, 0xf8, 0x64, 0xd9, 0x5c, 0xd8, 0x5c, 0xd8, 0x64, 0xd9, 0x5c, 0xb9, 0x5c,
  0xb9, 0x5c, 0x98, 0x54, 0x59, 0x54, 0xb7, 0x4b, 0x00, 0x00, 0x17, 0x5c, 0x58, 0x54, 0x9a, 0x5c,
  0x99, 0x54, 0x98, 0x5c, 0xb9, 0x5c, 0x98, 0x5c, 0xb8, 0x5c, 0xb8, 0x5c, 0x98, 0x64, 0x97, 0x5c,
  0x78, 0x5c, 0x77, 0x5c, 0x77, 0x5c, 0x77, 0x5c, 0x97, 0x64, 0xb7, 0x64, 0x97, 0x5c, 0x97, 0x64,
  0xb7, 0x64, 0xb8, 0x64, 0xd7, 0x64, 0xd8, 0x64, 0xd7, 0x64, 0xd8, 0x64, 0xd8, 0x64, 0xd8, 0x6c,
  0xd8, 0x6c, 0xf8, 0x6c, 0xf8, 0x6c, 0xd8, 0x6c, 0xf8, 0x6c, 0xd8, 0x6c, 0xd8, 0x6c, 0xd7, 0x64,
  0xb7, 0x64, 0xd8, 0x74, 0x96, 0x74, 0x00, 0x00, 0x54, 0x55, 0x00, 0x00, 0x00, 0x00, 0x00, 0x00,
  0x00, 0x00, 0x00, 0x00, 0x00, 0x00, 0x00, 0x00, 0x00, 0x00, 0x00, 0x00, 0x00, 0x00, 0x00, 0x00,
  0x00, 0x00, 0x00, 0x00, 0x00, 0x00, 0x00, 0x00, 0x00, 0x00, 0x00, 0x00, 0x00, 0x00, 0x00, 0x00,
  0x00, 0x00, 0x00, 0x00, 0x00, 0x00, 0x00, 0x00, 0x00, 0x00, 0x00, 0x00, 0x00, 0x00, 0x00, 0x00,
  0x00, 0x00, 0x00, 0x00, 0x00, 0x00, 0x00, 0x00, 0x00, 0x00, 0x00, 0x00, 0x00, 0x00, 0x00, 0x00,
  0x00, 0x00, 0x00, 0x00, 0x00, 0x00, 0x00, 0x00, 0x00, 0x00, 0x00, 0x00, 0x00, 0x00, 0x00, 0x00,
  0xff, 0x7b, 0x00, 0x00, 0x3e, 0xd7, 0xfb, 0xa5, 0x59, 0x8d, 0xb7, 0x6c, 0xd7, 0x74, 0xd7, 0x6c,
  0xb7, 0x6c, 0xd7, 0x6c, 0xd8, 0x74, 0xf7, 0x74, 0xf8, 0x7c, 0xf8, 0x7c, 0x18, 0x7d, 0x59, 0x8d,
  0x1b, 0xae, 0x7c, 0xb6, 0xdd, 0xc6, 0x00, 0x00, 0x55, 0xad, 0x1f, 0x00, 0x00, 0x00, 0x00, 0x00,
  0x00, 0x00, 0x00, 0x00, 0x00, 0x00, 0x00, 0x00, 0x00, 0x00, 0x00, 0x00, 0x10, 0x84, 0x00, 0x00,
  0x72, 0x4b, 0x53, 0x4b, 0xf2, 0x3a, 0xb0, 0x32, 0xd0, 0x32, 0xb0, 0x3a, 0xd0, 0x32, 0xd0, 0x3a,
  0xb0, 0x32, 0xb1, 0x32, 0xd0, 0x3a, 0xb1, 0x32, 0xb1, 0x3a, 0xb1, 0x32, 0x90, 0x32, 0x51, 0x4b,
  0xf2, 0x63, 0xd2, 0x63, 0xd2, 0x63, 0xf2, 0x63, 0xd2, 0x63, 0xf2, 0x6b, 0x12, 0x6c, 0x12, 0x6c,
  0x33, 0x6c, 0x53, 0x6c, 0x52, 0x74, 0x53, 0x74, 0x53, 0x74, 0x54, 0x74, 0x73, 0x74, 0x53, 0x74,
  0x73, 0x7c, 0x73, 0x7c, 0x94, 0x7c, 0x94, 0x7c, 0xb3, 0x7c, 0xd4, 0x7c, 0xb4, 0x84, 0xb4, 0x84,
  0xd4, 0x84, 0xd5, 0x84, 0xf5, 0x84, 0xf5, 0x84, 0xf5, 0x8c, 0xf5, 0x84, 0x15, 0x8d, 0xf5, 0x8c,
  0x15, 0x8d, 0xf5, 0x8c, 0x15, 0x8d, 0x15, 0x8d, 0x16, 0x8d, 0x35, 0x95, 0x16, 0x8d, 0x36, 0x95,
  0x36, 0x8d, 0x36, 0x95, 0x56, 0x95, 0x36, 0x95, 0x56, 0x95, 0x56, 0x95, 0x57, 0x95, 0x56, 0x9d,
  0x57, 0x95, 0x77, 0x9d, 0x77, 0x95, 0x77, 0x9d, 0x77, 0x95, 0x77, 0x9d, 0x78, 0x95, 0x77, 0x95,
  0x78, 0x95, 0x78, 0x95, 0x77, 0x95, 0x58, 0x8d, 0x78, 0x95, 0xf7, 0x7c, 0x77, 0x64, 0xb8, 0x64,
  0xd8, 0x64, 0xd8, 0x64, 0xd9, 0x5c, 0xd8, 0x64, 0xd8, 0x5c, 0xd8, 0x5c, 0xd9, 0x5c, 0xb9, 0x5c,
  0xb9, 0x5c, 0x98, 0x5c, 0x99, 0x54, 0x59, 0x54, 0xd8, 0x4b, 0x75, 0x43, 0x37, 0x5c, 0x79, 0x5c,
  0xba, 0x54, 0x98, 0x5c, 0xb9, 0x5c, 0xd9, 0x5c, 0xd8, 0x64, 0xd9, 0x5c, 0xb8, 0x64, 0xb8, 0x64,
  0x98, 0x64, 0x98, 0x5c, 0x97, 0x64, 0x97, 0x64, 0x98, 0x5c, 0x97, 0x64, 0x98, 0x5c, 0x98, 0x64,
  0x97, 0x64, 0xb7, 0x64, 0xb7, 0x64, 0xd8, 0x64, 0xb8, 0x64, 0xb8, 0x64, 0xb7, 0x64, 0xd8, 0x64,
  0xd7, 0x6c, 0xd8, 0x64, 0xd7, 0x64, 0xd7, 0x6c, 0xd8, 0x64, 0xd7, 0x6c, 0xd8, 0x64, 0xd7, 0x64,
  0xb8, 0x6c, 0xb7, 0x64, 0xb7, 0x6c, 0x96, 0x6c, 0x38, 0x7d, 0xef, 0x7b, 0xff, 0xff, 0x00, 0x00,
  0x00, 0x00, 0x00, 0x00, 0x00, 0x00, 0x00, 0x00, 0x00, 0x00, 0x00, 0x00, 0x00, 0x00, 0x00, 0x00,
  0x00, 0x00, 0x00, 0x00, 0x00, 0x00, 0x00, 0x00, 0x00, 0x00, 0x00, 0x00, 0x00, 0x00, 0x00, 0x00,
  0x00, 0x00, 0x00, 0x00, 0x00, 0x00, 0x00, 0x00, 0x00, 0x00, 0x00, 0x00, 0x00, 0x00, 0x00, 0x00,
  0x00, 0x00, 0x00, 0x00, 0x00, 0x00, 0x00, 0x00, 0x00, 0x00, 0x00, 0x00, 0x00, 0x00, 0x00, 0x00,
  0x00, 0x00, 0x00, 0x00, 0x00, 0x00, 0x00, 0x00, 0x00, 0x00, 0x00, 0x00, 0x00, 0x00, 0x00, 0x00,
  0x00, 0x00, 0xff, 0xff, 0x0f, 0x84, 0x7f, 0xef, 0xfa, 0xa5, 0x18, 0x85, 0x96, 0x6c, 0x97, 0x6c,
  0x97, 0x64, 0x97, 0x6c, 0xb7, 0x6c, 0x97, 0x6c, 0xb7, 0x6c, 0xb7, 0x74, 0xd8, 0x6c, 0xd7, 0x74,
  0xd8, 0x74, 0xf8, 0x74, 0x18, 0x85, 0xba, 0xa5, 0x7c, 0xb6, 0x9d, 0xc6, 0x00, 0x00, 0x54, 0x55,
  0xff, 0xff, 0x00, 0x00, 0x00, 0x00, 0x00, 0x00, 0x00, 0x00, 0x00, 0x00, 0x00, 0x00, 0x00, 0x00,
  0x00, 0x00, 0xb5, 0x52, 0x00, 0x00, 0x52, 0x53, 0x53, 0x4b, 0xd1, 0x3a, 0xd1, 0x3a, 0xd1, 0x3a,
  0xd0, 0x32, 0xb1, 0x3a, 0xb0, 0x32, 0xd1, 0x32, 0xb1, 0x32, 0xb1, 0x3a, 0xd1, 0x32, 0xb1, 0x3a,
  0xb1, 0x32, 0x90, 0x32, 0x31, 0x4b, 0xd3, 0x63, 0xf2, 0x63, 0xd2, 0x63, 0xf2, 0x63, 0xf2, 0x63,
  0xf2, 0x6b, 0x12, 0x6c, 0x13, 0x6c, 0x12, 0x6c, 0x13, 0x6c, 0x33, 0x74, 0x53, 0x74, 0x33, 0x74,
  0x54, 0x74, 0x53, 0x74, 0x74, 0x74, 0x74, 0x74, 0x74, 0x7c, 0x94, 0x7c, 0x94, 0x7c, 0x94, 0x84,
  0xb4, 0x7c, 0xb4, 0x7c, 0xb4, 0x84, 0xd4, 0x84, 0xd4, 0x84, 0xd5, 0x84, 0xf5, 0x84, 0xf5, 0x84,
  0xf5, 0x84, 0xf5, 0x8c, 0xf6, 0x84, 0xf5, 0x8c, 0x16, 0x8d, 0x15, 0x8d, 0x15, 0x8d, 0x16, 0x8d,
  0x15, 0x8d, 0x36, 0x8d, 0x16, 0x8d, 0x36, 0x8d, 0x36, 0x8d, 0x56, 0x95, 0x36, 0x95, 0x56, 0x95,
  0x57, 0x95, 0x56, 0x95, 0x57, 0x95, 0x57, 0x95, 0x57, 0x95, 0x57, 0x95, 0x77, 0x95, 0x57, 0x95,
  0x57, 0x95, 0x77, 0x95, 0x57, 0x95, 0x58, 0x8d, 0x58, 0x8d, 0x58, 0x8d, 0xb7, 0x6c, 0x77, 0x5c,
  0xb8, 0x64, 0xd8, 0x64, 0xb8, 0x5c, 0xb9, 0x5c, 0xb8, 0x64, 0xb9, 0x5c, 0xd9, 0x5c, 0xd9, 0x64,
  0xb9, 0x5c, 0xb9, 0x5c, 0xb8, 0x54, 0x99, 0x54, 0x59, 0x54, 0xd8, 0x43, 0x36, 0x3b, 0xf7, 0x53,
  0xba, 0x5c, 0xb9, 0x54, 0xb9, 0x5c, 0xd9, 0x5c, 0xf9, 0x64, 0xd8, 0x64, 0xf9, 0x64, 0xd8, 0x64,
  0xd9, 0x6c, 0xd8, 0x64, 0xb8, 0x64, 0xb8, 0x64, 0x98, 0x5c, 0x98, 0x64, 0x97, 0x5c, 0x98, 0x64,
  0x97, 0x5c, 0x97, 0x64, 0x97, 0x5c, 0xb7, 0x64, 0xb7, 0x64, 0xb7, 0x64, 0xb7, 0x64, 0xb8, 0x64,
  0xd8, 0x64, 0xb8, 0x64, 0xb7, 0x64, 0xb8, 0x64, 0xb8, 0x64, 0xd8, 0x64, 0xb8, 0x64, 0xb7, 0x64,
  0xd8, 0x6c, 0xb7, 0x64, 0xb7, 0x6c, 0x97, 0x64, 0x97, 0x6c, 0x96, 0x74, 0x00, 0x00, 0x55, 0x55,
  0x00, 0x00, 0x00, 0x00, 0x00, 0x00, 0x00, 0x00, 0x00, 0x00, 0x00, 0x00, 0x00, 0x00, 0x00, 0x00,
  0x00, 0x00, 0x00, 0x00, 0x00, 0x00, 0x00, 0x00, 0x00, 0x00, 0x00, 0x00, 0x00, 0x00, 0x00, 0x00,
  0x00, 0x00, 0x00, 0x00, 0x00, 0x00, 0x00, 0x00, 0x00, 0x00, 0x00, 0x00, 0x00, 0x00, 0x00, 0x00,
  0x00, 0x00, 0x00, 0x00, 0x00, 0x00, 0x00, 0x00, 0x00, 0x00, 0x00, 0x00, 0x00, 0x00, 0x00, 0x00,
  0x00, 0x00, 0x00, 0x00, 0x00, 0x00, 0x00, 0x00, 0x00, 0x00, 0x00, 0x00, 0x00, 0x00, 0x00, 0x00,
  0x00, 0x00, 0x00, 0x00, 0x00, 0x00, 0xff, 0x7f, 0x00, 0x00, 0xda, 0xad, 0x38, 0x8d, 0x76, 0x6c,
  0x77, 0x64, 0x96, 0x64, 0x77, 0x64, 0x96, 0x64, 0x97, 0x64, 0x97, 0x64, 0x97, 0x64, 0x97, 0x6c,
  0xb7, 0x6c, 0x97, 0x6c, 0xb7, 0x74, 0xb7, 0x74, 0xd8, 0x74, 0x38, 0x85, 0x79, 0x95, 0x5c, 0xb6,
  0x7c, 0xbe, 0x00, 0x00, 0x55, 0x55, 0xff, 0xff, 0x00, 0x00, 0x00, 0x00, 0x00, 0x00, 0x00, 0x00,
  0x00, 0x00, 0x00, 0x00, 0x00, 0x00, 0x00, 0x00, 0x0f, 0x42, 0x00, 0x00, 0x52, 0x4b, 0x53, 0x43,
  0xd1, 0x32, 0xd1, 0x3a, 0xb0, 0x3a, 0xd1, 0x32, 0xb1, 0x3a, 0xb1, 0x32, 0xb0, 0x32, 0xd1, 0x32,
  0xb1, 0x32, 0xb0, 0x32, 0xd1, 0x32, 0xb1, 0x32, 0x90, 0x32, 0x11, 0x43, 0xd2, 0x5b, 0xd2, 0x63,
  0xf3, 0x63, 0xf2, 0x63, 0xf2, 0x63, 0xf2, 0x63, 0xf2, 0x6b, 0x13, 0x6c, 0x12, 0x6c, 0x13, 0x6c,
  0x33, 0x6c, 0x53, 0x6c, 0x33, 0x74, 0x53, 0x6c, 0x53, 0x74, 0x73, 0x74, 0x74, 0x7c, 0x74, 0x7c,
  0x94, 0x7c, 0x94, 0x7c, 0x94, 0x7c, 0xb4, 0x7c, 0x95, 0x7c, 0xb4, 0x7c, 0xb5, 0x7c, 0xb5, 0x84,
  0xd5, 0x84, 0xd5, 0x84, 0xd5, 0x84, 0xf5, 0x84, 0xf5, 0x84, 0xf5, 0x8c, 0xf5, 0x84, 0x16, 0x8d,
  0x16, 0x8d, 0x16, 0x8d, 0x36, 0x8d, 0x16, 0x8d, 0x36, 0x8d, 0x36, 0x8d, 0x36, 0x95, 0x36, 0x8d,
  0x37, 0x8d, 0x36, 0x8d, 0x37, 0x8d, 0x56, 0x8d, 0x57, 0x8d, 0x56, 0x8d, 0x57, 0x8d, 0x57, 0x8d,
  0x37, 0x8d, 0x57, 0x8d, 0x58, 0x8d, 0x37, 0x8d, 0x38, 0x8d, 0x58, 0x8d, 0x18, 0x7d, 0x77, 0x64,
  0x77, 0x5c, 0xb7, 0x5c, 0xb8, 0x5c, 0xb8, 0x5c, 0xb8, 0x64, 0xd8, 0x5c, 0xd9, 0x5c, 0xd8, 0x5c,
  0xb9, 0x5c, 0xb9, 0x5c, 0xb8, 0x5c, 0x99, 0x54, 0x99, 0x5c, 0x59, 0x54, 0xf8, 0x4b, 0x36, 0x33,
  0xd8, 0x43, 0x99, 0x5c, 0xba, 0x5c, 0xd9, 0x5c, 0xd9, 0x5c, 0xf9, 0x64, 0xf9, 0x64, 0x19, 0x65,
  0xf8, 0x6c, 0xf9, 0x64, 0xf8, 0x6c, 0xd8, 0x64, 0xb8, 0x64, 0xb8, 0x64, 0xb8, 0x64, 0x97, 0x64,
  0xb7, 0x5c, 0x97, 0x64, 0x97, 0x64, 0xb8, 0x5c, 0x98, 0x64, 0xb7, 0x64, 0xb7, 0x5c, 0xb7, 0x64,
  0xb7, 0x64, 0xb7, 0x64, 0xb7, 0x64, 0xb8, 0x64, 0xb8, 0x64, 0xb7, 0x64, 0xb7, 0x64, 0xb7, 0x64,
  0xb7, 0x64, 0xd8, 0x64, 0xb7, 0x64, 0x97, 0x64, 0x97, 0x64, 0xb7, 0x6c, 0x76, 0x6c, 0x00, 0x00,
  0x55, 0x5d, 0x00, 0x00, 0x00, 0x00, 0x00, 0x00, 0x00, 0x00, 0x00, 0x00, 0x00, 0x00, 0x00, 0x00,
  0x00, 0x00, 0x00, 0x00, 0x00, 0x00, 0x00, 0x00, 0x00, 0x00, 0x00, 0x00, 0x00, 0x00, 0x00, 0x00,
  0x00, 0x00, 0x00, 0x00, 0x00, 0x00, 0x00, 0x00, 0x00, 0x00, 0x00, 0x00, 0x00, 0x00, 0x00, 0x00,
  0x00, 0x00, 0x00, 0x00, 0x00, 0x00, 0x00, 0x00, 0x00, 0x00, 0x00, 0x00, 0x00, 0x00, 0x00, 0x00,
  0x00, 0x00, 0x00, 0x00, 0x00, 0x00, 0x00, 0x00, 0x00, 0x00, 0x00, 0x00, 0x00, 0x00, 0x00, 0x00,
  0x00, 0x00, 0x00, 0x00, 0x00, 0x00, 0x00, 0x00, 0x55, 0xad, 0x00, 0x00, 0xde, 0xce, 0x59, 0x95,
  0x56, 0x6c, 0x76, 0x6c, 0x76, 0x64, 0x56, 0x64, 0x77, 0x64, 0x56, 0x64, 0x76, 0x64, 0x76, 0x64,
  0x77, 0x64, 0x76, 0x6c, 0x97, 0x6c, 0x97, 0x74, 0x97, 0x6c, 0x97, 0x6c, 0xb7, 0x6c, 0xb8, 0x74,
  0x18, 0x7d, 0x79, 0x95, 0x3c, 0xb6, 0x5c, 0xb6, 0x00, 0x00, 0x5f, 0xad, 0xff, 0xff, 0x00, 0x00,
  0x00, 0x00, 0x00, 0x00, 0x00, 0x00, 0x00, 0x00, 0x00, 0x00, 0x00, 0x00, 0x1f, 0x00, 0xf0, 0x7b,
  0x75, 0x54, 0x12, 0x4b, 0xd1, 0x3a, 0xb1, 0x32, 0xb1, 0x32, 0xb0, 0x32, 0xd0, 0x32, 0xb1, 0x3a,
  0xd1, 0x3a, 0xb1, 0x32, 0xb1, 0x32, 0xb1, 0x32, 0xb1, 0x32, 0xb1, 0x32, 0xb1, 0x32, 0x90, 0x2a,
  0xd1, 0x3a, 0x92, 0x53, 0xf3, 0x63, 0xf3, 0x63, 0xf3, 0x63, 0x13, 0x64, 0xf2, 0x63, 0xf3, 0x63,
  0x12, 0x6c, 0x12, 0x64, 0x13, 0x6c, 0x32, 0x6c, 0x33, 0x6c, 0x33, 0x74, 0x53, 0x74, 0x53, 0x74,
  0x73, 0x74, 0x73, 0x74, 0x74, 0x74, 0x73, 0x7c, 0x94, 0x7c, 0x94, 0x7c, 0x94, 0x7c, 0xb4, 0x7c,
  0xb5, 0x7c, 0xb4, 0x84, 0xd5, 0x7c, 0xd5, 0x84, 0xd5, 0x84, 0xd5, 0x84, 0xd5, 0x84, 0xf5, 0x84,
  0xf6, 0x84, 0xf5, 0x8c, 0xf6, 0x84, 0x16, 0x8d, 0xf6, 0x8c, 0x16, 0x8d, 0x16, 0x8d, 0x16, 0x8d,
  0x16, 0x8d, 0x16, 0x8d, 0x36, 0x8d, 0x36, 0x8d, 0x37, 0x8d, 0x36, 0x8d, 0x37, 0x8d, 0x37, 0x8d,
  0x37, 0x8d, 0x37, 0x8d, 0x37, 0x8d, 0x37, 0x85, 0x37, 0x85, 0x38, 0x85, 0x18, 0x85, 0xb7, 0x6c,
  0x57, 0x5c, 0x77, 0x5c, 0x97, 0x5c, 0xb8, 0x5c, 0xb8, 0x5c, 0xb8, 0x5c, 0xb8, 0x5c, 0xb9, 0x5c,
  0xb9, 0x5c, 0xd9, 0x5c, 0xb8, 0x5c, 0xb9, 0x5c, 0xb9, 0x5c, 0x99, 0x54, 0x59, 0x54, 0xf8, 0x4b,
  0x16, 0x2b, 0xb8, 0x43, 0x79, 0x54, 0x99, 0x5c, 0xd9, 0x5c, 0xf9, 0x64, 0xfa, 0x64, 0x19, 0x6d,
  0x19, 0x6d, 0x19, 0x6d, 0xf9, 0x6c, 0xf9, 0x6c, 0xf9, 0x6c, 0xd9, 0x64, 0xd8, 0x64, 0xb8, 0x64,
  0xb8, 0x64, 0xb8, 0x64, 0x97, 0x64, 0xb7, 0x5c, 0xb7, 0x64, 0x97, 0x64, 0xb8, 0x5c, 0x97, 0x64,
  0xb7, 0x64, 0x97, 0x5c, 0xb7, 0x64, 0x97, 0x64, 0xb7, 0x64, 0xb7, 0x5c, 0xb7, 0x64, 0xb7, 0x64,
  0xd7, 0x64, 0xb7, 0x64, 0xb7, 0x64, 0x97, 0x64, 0x97, 0x64, 0x96, 0x64, 0x97, 0x64, 0x76, 0x6c,
  0xb7, 0x7c, 0x1f, 0x00, 0xef, 0x7b, 0x00, 0x00, 0x00, 0x00, 0x00, 0x00, 0x00, 0x00, 0x00, 0x00,
  0x00, 0x00, 0x00, 0x00, 0x00, 0x00, 0x00, 0x00, 0x00, 0x00, 0x00, 0x00, 0x00, 0x00, 0x00, 0x00,
  0x00, 0x00, 0x00, 0x00, 0x00, 0x00, 0x00, 0x00, 0x00, 0x00, 0x00, 0x00, 0x00, 0x00, 0x00, 0x00,
  0x00, 0x00, 0x00, 0x00, 0x00, 0x00, 0x00, 0x00, 0x00, 0x00, 0x00, 0x00, 0x00, 0x00, 0x00, 0x00,
  0x00, 0x00, 0x00, 0x00, 0x00, 0x00, 0x00, 0x00, 0x00, 0x00, 0x00, 0x00, 0x00, 0x00, 0x00, 0x00,
  0x00, 0x00, 0x00, 0x00, 0x00, 0x00, 0x00, 0x00, 0x00, 0x00, 0x00, 0x00, 0x55, 0x55, 0x00, 0x00,
  0xb9, 0xa5, 0xd7, 0x84, 0x35, 0x64, 0x56, 0x64, 0x56, 0x5c, 0x76, 0x5c, 0x56, 0x5c, 0x56, 0x5c,
  0x57, 0x5c, 0x56, 0x5c, 0x56, 0x64, 0x56, 0x64, 0x77, 0x6c, 0x76, 0x6c, 0x77, 0x74, 0x77, 0x6c,
  0x77, 0x64, 0x77, 0x6c, 0xb8, 0x6c, 0xf8, 0x7c, 0x59, 0x8d, 0x3c, 0xb6, 0x3c, 0xb6, 0x00, 0x00,
  0xf7, 0x85, 0x00, 0x00, 0x00, 0x00, 0x00, 0x00, 0x00, 0x00, 0x00, 0x00, 0x00, 0x00, 0x00, 0x00,
  0x00, 0x00, 0xb4, 0x52, 0x00, 0x00, 0x93, 0x5b, 0xb3, 0x53, 0xf1, 0x42, 0x90, 0x32, 0xb0, 0x3a,
  0xb0, 0x32, 0xb1, 0x32, 0xb1, 0x32, 0xb1, 0x32, 0xd1, 0x32, 0xb0, 0x32, 0xb1, 0x32, 0xb1, 0x32,
  0x91, 0x2a, 0xb1, 0x32, 0xb1, 0x32, 0x90, 0x32, 0x32, 0x4b, 0xd2, 0x5b, 0xf3, 0x63, 0xf3, 0x63,
  0xf3, 0x63, 0xf2, 0x63, 0xf3, 0x63, 0xf3, 0x63, 0x13, 0x6c, 0x13, 0x6c, 0x33, 0x6c, 0x33, 0x6c,
  0x33, 0x6c, 0x53, 0x6c, 0x54, 0x74, 0x53, 0x74, 0x73, 0x74, 0x74, 0x74, 0x74, 0x7c, 0x94, 0x7c,
  0x75, 0x7c, 0x94, 0x7c, 0xb5, 0x7c, 0xb4, 0x7c, 0xb5, 0x7c, 0xd5, 0x84, 0xd5, 0x7c, 0xd5, 0x84,
  0xf5, 0x84, 0xd6, 0x84, 0xf5, 0x84, 0xf6, 0x84, 0xf5, 0x84, 0xf6, 0x84, 0x16, 0x85, 0x16, 0x85,
  0xf6, 0x8c, 0x16, 0x85, 0x36, 0x8d, 0x17, 0x85, 0x37, 0x8d, 0x16, 0x8d, 0x37, 0x8d, 0x37, 0x8d,
  0x36, 0x85, 0x37, 0x8d, 0x17, 0x85, 0x37, 0x85, 0x17, 0x85, 0x18, 0x85, 0x18, 0x85, 0xb7, 0x74,
  0x77, 0x64, 0x57, 0x5c, 0x97, 0x5c, 0x97, 0x5c, 0x97, 0x5c, 0xb7, 0x5c, 0xb8, 0x5c, 0xb8, 0x5c,
  0xb8, 0x64, 0xd8, 0x5c, 0xd9, 0x5c, 0xb9, 0x5c, 0xd9, 0x5c, 0xb9, 0x5c, 0xb9, 0x5c, 0x99, 0x54,
  0x19, 0x4c, 0x36, 0x33, 0x97, 0x3b, 0x59, 0x54, 0x99, 0x54, 0xd9, 0x5c, 0xfa, 0x64, 0x19, 0x65,
  0x19, 0x6d, 0x19, 0x6d, 0x19, 0x6d, 0x19, 0x6d, 0x18, 0x6d, 0xf9, 0x6c, 0xf8, 0x6c, 0xd8, 0x6c,
  0xd9, 0x6c, 0xd8, 0x64, 0xb8, 0x64, 0xb7, 0x64, 0xb8, 0x5c, 0xb7, 0x64, 0xb8, 0x5c, 0x97, 0x64,
  0x98, 0x64, 0xb7, 0x5c, 0x96, 0x64, 0x97, 0x64, 0x97, 0x5c, 0x97, 0x64, 0x97, 0x64, 0x97, 0x64,
  0x97, 0x64, 0x97, 0x64, 0x97, 0x5c, 0x97, 0x64, 0x97, 0x64, 0x97, 0x64, 0x97, 0x64, 0x56, 0x5c,
  0x97, 0x6c, 0x75, 0x74, 0x00, 0x00, 0x55, 0x55, 0x00, 0x00, 0x00, 0x00, 0x00, 0x00, 0x00, 0x00,
  0x00, 0x00, 0x00, 0x00, 0x00, 0x00, 0x00, 0x00, 0x00, 0x00, 0x00, 0x00, 0x00, 0x00, 0x00, 0x00,
  0x00, 0x00, 0x00, 0x00, 0x00, 0x00, 0x00, 0x00, 0x00, 0x00, 0x00, 0x00, 0x00, 0x00, 0x00, 0x00,
  0x00, 0x00, 0x00, 0x00, 0x00, 0x00, 0x00, 0x00, 0x00, 0x00, 0x00, 0x00, 0x00, 0x00, 0x00, 0x00,
  0x00, 0x00, 0x00, 0x00, 0x00, 0x00, 0x00, 0x00, 0x00, 0x00, 0x00, 0x00, 0x00, 0x00, 0x00, 0x00,
  0x00, 0x00, 0x00, 0x00, 0x00, 0x00, 0x00, 0x00, 0x00, 0x00, 0x00, 0x00, 0x00, 0x00, 0xff, 0xff,
  0x00, 0x00, 0x3f, 0xdf, 0x17, 0x8d, 0x35, 0x64, 0x36, 0x5c, 0x56, 0x5c, 0x35, 0x5c, 0x56, 0x5c,
  0x36, 0x5c, 0x56, 0x5c, 0x36, 0x5c, 0x36, 0x5c, 0x36, 0x64, 0x56, 0x64, 0x56, 0x6c, 0x57, 0x6c,
  0x76, 0x6c, 0x56, 0x6c, 0x57, 0x64, 0x57, 0x64, 0x57, 0x64, 0x98, 0x6c, 0xf8, 0x7c, 0x59, 0x95,
  0x3c, 0xb6, 0x5b, 0xbe, 0x00, 0x00, 0xf7, 0xbd, 0x00, 0x00, 0x00, 0x00, 0x00, 0x00, 0x00, 0x00,
  0x00, 0x00, 0x00, 0x00, 0x00, 0x00, 0x5f, 0xad, 0x00, 0x00, 0x3a, 0xb6, 0x79, 0xa5, 0xd2, 0x5b,
  0xf0, 0x42, 0xd0, 0x3a, 0xb0, 0x3a, 0xb0, 0x32, 0xb1, 0x3a, 0xb0, 0x32, 0xb1, 0x32, 0xb1, 0x32,
  0xb1, 0x32, 0xb1, 0x32, 0xb1, 0x32, 0xb1, 0x32, 0xd1, 0x32, 0xb1, 0x32, 0x91, 0x32, 0xd1, 0x32,
  0x52, 0x4b, 0xb3, 0x53, 0xf3, 0x5b, 0xf3, 0x63, 0xf2, 0x63, 0x13, 0x64, 0xf2, 0x63, 0x13, 0x64,
  0x13, 0x6c, 0x13, 0x6c, 0x33, 0x6c, 0x33, 0x6c, 0x53, 0x6c, 0x54, 0x74, 0x54, 0x74, 0x74, 0x74,
  0x94, 0x74, 0x94, 0x74, 0x94, 0x7c, 0xb4, 0x7c, 0xb5, 0x7c, 0xb5, 0x7c, 0xb4, 0x7c, 0xd5, 0x84,
  0xd5, 0x7c, 0xd5, 0x84, 0xf5, 0x7c, 0xf5, 0x84, 0xf6, 0x84, 0xf5, 0x84, 0xf6, 0x84, 0x15, 0x85,
  0xf6, 0x8c, 0x16, 0x85, 0x16, 0x8d, 0x17, 0x85, 0x16, 0x8d, 0x17, 0x8d, 0x17, 0x85, 0x17, 0x8d,
  0x16, 0x85, 0x17, 0x85, 0x17, 0x85, 0x17, 0x85, 0x18, 0x85, 0x18, 0x85, 0xf8, 0x7c, 0xb7, 0x6c,
  0x56, 0x64, 0x56, 0x54, 0x77, 0x5c, 0x97, 0x5c, 0x98, 0x5c, 0xb7, 0x64, 0x98, 0x64, 0xb8, 0x5c,
  0xb8, 0x5c, 0xd8, 0x5c, 0xd9, 0x5c, 0xd8, 0x64, 0xd9, 0x5c, 0xd9, 0x5c, 0xd9, 0x5c, 0xd9, 0x5c,
  0xb9, 0x5c, 0x59, 0x54, 0xb7, 0x43, 0xb7, 0x43, 0x59, 0x4c, 0x99, 0x54, 0xd9, 0x5c, 0xfa, 0x64,
  0x19, 0x65, 0x19, 0x6d, 0x19, 0x6d, 0x39, 0x6d, 0x39, 0x6d, 0x19, 0x75, 0x19, 0x6d, 0xf9, 0x6c,
  0xf8, 0x6c, 0xf8, 0x6c, 0xd8, 0x64, 0xd8, 0x64, 0xb8, 0x64, 0xb8, 0x64, 0xb7, 0x64, 0xb7, 0x64,
  0x98, 0x64, 0xb8, 0x5c, 0x97, 0x5c, 0x97, 0x64, 0x97, 0x64, 0x97, 0x5c, 0x97, 0x64, 0xb6, 0x64,
  0x97, 0x5c, 0x97, 0x64, 0x96, 0x64, 0x77, 0x5c, 0x97, 0x64, 0x96, 0x64, 0x77, 0x5c, 0x76, 0x64,
  0x56, 0x64, 0x97, 0x6c, 0x35, 0x6c, 0x00, 0x00, 0x55, 0x55, 0x00, 0x00, 0x00, 0x00, 0x00, 0x00,
  0x00, 0x00, 0x00, 0x00, 0x00, 0x00, 0x00, 0x00, 0x00, 0x00, 0x00, 0x00, 0x00, 0x00, 0x00, 0x00,
  0x00, 0x00, 0x00, 0x00, 0x00, 0x00, 0x00, 0x00, 0x00, 0x00, 0x00, 0x00, 0x00, 0x00, 0x00, 0x00,
  0x00, 0x00, 0x00, 0x00, 0x00, 0x00, 0x00, 0x00, 0x00, 0x00, 0x00, 0x00, 0x00, 0x00, 0x00, 0x00,
  0x00, 0x00, 0x00, 0x00, 0x00, 0x00, 0x00, 0x00, 0x00, 0x00, 0x00, 0x00, 0x00, 0x00, 0x00, 0x00,
  0x00, 0x00, 0x00, 0x00, 0x00, 0x00, 0x00, 0x00, 0x00, 0x00, 0x00, 0x00, 0x00, 0x00, 0x00, 0x00,
  0x00, 0x00, 0x5f, 0xad, 0x00, 0x00, 0xda, 0xad, 0xd6, 0x84, 0xf4, 0x5b, 0x35, 0x64, 0x35, 0x5c,
  0x16, 0x5c, 0x35, 0x5c, 0x16, 0x5c, 0x35, 0x5c, 0x36, 0x5c, 0x15, 0x5c, 0x36, 0x5c, 0x36, 0x64,
  0x36, 0x64, 0x56, 0x64, 0x36, 0x64, 0x36, 0x64, 0x37, 0x64, 0x56, 0x5c, 0x37, 0x64, 0x57, 0x64,
  0x98, 0x6c, 0xf8, 0x7c, 0x79, 0x95, 0x1c, 0xb6, 0x7c, 0xbe, 0x00, 0x00, 0xff, 0xaf, 0x00, 0x00,
  0x00, 0x00, 0x00, 0x00, 0x00, 0x00, 0x00, 0x00, 0xff, 0x7b, 0xff, 0xff, 0x9c, 0xd6, 0x1a, 0xb6,
  0x37, 0x95, 0xb3, 0x5b, 0x11, 0x43, 0xf0, 0x3a, 0xd0, 0x3a, 0xb0, 0x3a, 0xb0, 0x32, 0x90, 0x32,
  0xb0, 0x32, 0xb0, 0x32, 0xb1, 0x32, 0xd1, 0x32, 0xb0, 0x32, 0xd1, 0x32, 0xb1, 0x32, 0xb1, 0x32,
  0xd1, 0x32, 0xb1, 0x32, 0x90, 0x2a, 0xd0, 0x32, 0x32, 0x43, 0x72, 0x53, 0xd3, 0x5b, 0xf3, 0x5b,
  0xf3, 0x63, 0x13, 0x64, 0x13, 0x64, 0x13, 0x64, 0x13, 0x64, 0x33, 0x6c, 0x33, 0x6c, 0x53, 0x6c,
  0x54, 0x6c, 0x53, 0x74, 0x74, 0x74, 0x74, 0x74, 0x94, 0x74, 0x94, 0x7c, 0x94, 0x74, 0xb5, 0x7c,
  0xb5, 0x7c, 0xd5, 0x7c, 0xd5, 0x7c, 0xd5, 0x84, 0xf6, 0x84, 0xd5, 0x84, 0xf6, 0x7c, 0xf5, 0x84,
  0xf6, 0x84, 0x16, 0x85, 0x16, 0x85, 0x16, 0x85, 0x16, 0x85, 0x16, 0x85, 0x17, 0x85, 0x36, 0x85,
  0x16, 0x85, 0x37, 0x7d, 0x17, 0x85, 0x18, 0x85, 0x17, 0x7d, 0xf8, 0x74, 0xb7, 0x74, 0x76, 0x64,
  0x56, 0x5c, 0x56, 0x5c, 0x77, 0x5c, 0x77, 0x5c, 0x97, 0x64, 0xb8, 0x64, 0xb7, 0x64, 0xb8, 0x64,
  0xd8, 0x64, 0xd8, 0x64, 0xf8, 0x64, 0xf9, 0x64, 0x19, 0x65, 0x19, 0x6d, 0x19, 0x65, 0x19, 0x6d,
  0x19, 0x65, 0xfa, 0x64, 0xfa, 0x64, 0x99, 0x54, 0x18, 0x4c, 0x79, 0x54, 0x99, 0x54, 0xd9, 0x5c,
  0xda, 0x5c, 0xf9, 0x64, 0x39, 0x65, 0x39, 0x6d, 0x19, 0x6d, 0x39, 0x6d, 0x19, 0x75, 0x18, 0x6d,
  0x19, 0x6d, 0xf8, 0x6c, 0xf9, 0x6c, 0xd8, 0x6c, 0xf8, 0x64, 0xd8, 0x6c, 0xd8, 0x64, 0xb7, 0x64,
  0xb7, 0x64, 0xd7, 0x64, 0x97, 0x5c, 0x97, 0x64, 0x97, 0x64, 0xb7, 0x64, 0x96, 0x5c, 0x97, 0x64,
  0x96, 0x5c, 0x97, 0x64, 0x77, 0x5c, 0x77, 0x5c, 0x96, 0x64, 0x97, 0x64, 0x76, 0x5c, 0x97, 0x64,
  0x76, 0x64, 0x56, 0x5c, 0x76, 0x64, 0x35, 0x64, 0x76, 0x74, 0x1f, 0x00, 0x0f, 0x7c, 0x00, 0x00,
  0x00, 0x00, 0x00, 0x00, 0x00, 0x00, 0x00, 0x00, 0x00, 0x00, 0x00, 0x00, 0x00, 0x00, 0x00, 0x00,
  0x00, 0x00, 0x00, 0x00, 0x00, 0x00, 0x00, 0x00, 0x00, 0x00, 0x00, 0x00, 0x00, 0x00, 0x00, 0x00,
  0x00, 0x00, 0x00, 0x00, 0x00, 0x00, 0x00, 0x00, 0x00, 0x00, 0x00, 0x00, 0x00, 0x00, 0x00, 0x00,
  0x00, 0x00, 0x00, 0x00, 0x00, 0x00, 0x00, 0x00, 0x00, 0x00, 0x00, 0x00, 0x00, 0x00, 0x00, 0x00,
  0x00, 0x00, 0x00, 0x00, 0x00, 0x00, 0x00, 0x00, 0x00, 0x00, 0x00, 0x00, 0x00, 0x00, 0x00, 0x00,
  0x00, 0x00, 0x00, 0x00, 0x00, 0x00, 0x55, 0xad, 0x00, 0x00, 0x58, 0x9d, 0x75, 0x74, 0xf5, 0x5b,
  0x15, 0x5c, 0x35, 0x5c, 0x35, 0x5c, 0x15, 0x5c, 0x15, 0x5c, 0x16, 0x5c, 0x15, 0x54, 0x15, 0x5c,
  0x15, 0x5c, 0x16, 0x5c, 0x35, 0x64, 0x16, 0x64, 0x36, 0x64, 0x36, 0x5c, 0x36, 0x5c, 0x16, 0x5c,
  0x36, 0x5c, 0x36, 0x54, 0x37, 0x64, 0x97, 0x64, 0xf8, 0x84, 0x9a, 0x9d, 0x3b, 0xb6, 0xde, 0xc6,
  0x00, 0x00, 0x55, 0xad, 0x00, 0x00, 0x00, 0x00, 0x00, 0x00, 0xff, 0xff, 0x55, 0xad, 0x00, 0x00,
  0x3b, 0xbe, 0xb9, 0xad, 0x34, 0x74, 0x71, 0x53, 0xf0, 0x42, 0xd0, 0x42, 0xcf, 0x3a, 0xd0, 0x3a,
  0xaf, 0x3a, 0xb0, 0x32, 0xb0, 0x3a, 0xb0, 0x32, 0x90, 0x32, 0xb0, 0x32, 0xb1, 0x32, 0xb1, 0x32,
  0xb0, 0x32, 0xb1, 0x32, 0xb0, 0x32, 0xb1, 0x32, 0xb1, 0x32, 0x91, 0x32, 0x90, 0x2a, 0x90, 0x32,
  0xd1, 0x32, 0x11, 0x43, 0x72, 0x4b, 0xb2, 0x5b, 0xd3, 0x5b, 0xf3, 0x63, 0x13, 0x64, 0x13, 0x64,
  0x34, 0x6c, 0x54, 0x6c, 0x54, 0x6c, 0x54, 0x6c, 0x74, 0x74, 0x74, 0x74, 0x75, 0x74, 0x95, 0x74,
  0xb5, 0x7c, 0xb4, 0x7c, 0xb5, 0x7c, 0xd5, 0x7c, 0xd5, 0x84, 0xf5, 0x7c, 0xf6, 0x7c, 0xf6, 0x84,
  0xf6, 0x84, 0x16, 0x85, 0x16, 0x85, 0x17, 0x85, 0x16, 0x85, 0x17, 0x85, 0x17, 0x85, 0x17, 0x85,
  0x17, 0x85, 0x17, 0x7d, 0xf7, 0x7c, 0xd7, 0x74, 0xb6, 0x74, 0x97, 0x64, 0x56, 0x64, 0x56, 0x5c,
  0x56, 0x5c, 0x57, 0x5c, 0xb7, 0x5c, 0xb8, 0x64, 0xd8, 0x6c, 0xd8, 0x64, 0xf8, 0x6c, 0x18, 0x6d,
  0x19, 0x6d, 0x39, 0x6d, 0x39, 0x75, 0x5a, 0x75, 0x59, 0x75, 0x7a, 0x75, 0x7a, 0x7d, 0x7a, 0x7d,
  0x9a, 0x7d, 0x9a, 0x7d, 0x9b, 0x7d, 0x9a, 0x75, 0x9b, 0x75, 0x3a, 0x6d, 0xd9, 0x5c, 0xb9, 0x54,
  0xd9, 0x5c, 0xf9, 0x64, 0xf9, 0x64, 0x19, 0x65, 0x19, 0x6d, 0x1a, 0x6d, 0x39, 0x75, 0x19, 0x6d,
  0x39, 0x75, 0x39, 0x6d, 0x18, 0x6d, 0x19, 0x6d, 0xf8, 0x6c, 0xf8, 0x6c, 0xd8, 0x64, 0xd8, 0x64,
  0xd8, 0x64, 0xb8, 0x64, 0xb7, 0x64, 0xd7, 0x64, 0xb7, 0x64, 0x98, 0x64, 0x97, 0x5c, 0x97, 0x64,
  0x97, 0x5c, 0x97, 0x64, 0x97, 0x5c, 0x77, 0x64, 0x96, 0x5c, 0x97, 0x64, 0x97, 0x5c, 0x76, 0x5c,
  0x76, 0x64, 0x76, 0x5c, 0x56, 0x5c, 0x36, 0x5c, 0x76, 0x64, 0x35, 0x6c, 0x00, 0x00, 0x55, 0x55,
  0x00, 0x00, 0x00, 0x00, 0x00, 0x00, 0x00, 0x00, 0x00, 0x00, 0x00, 0x00, 0x00, 0x00, 0x00, 0x00,
  0x00, 0x00, 0x00, 0x00, 0x00, 0x00, 0x00, 0x00, 0x00, 0x00, 0x00, 0x00, 0x00, 0x00, 0x00, 0x00,
  0x00, 0x00, 0x00, 0x00, 0x00, 0x00, 0x00, 0x00, 0x00, 0x00, 0x00, 0x00, 0x00, 0x00, 0x00, 0x00,
  0x00, 0x00, 0x00, 0x00, 0x00, 0x00, 0x00, 0x00, 0x00, 0x00, 0x00, 0x00, 0x00, 0x00, 0x00, 0x00,
  0x00, 0x00, 0x00, 0x00, 0x00, 0x00, 0x00, 0x00, 0x00, 0x00, 0x00, 0x00, 0x00, 0x00, 0x00, 0x00,
  0x00, 0x00, 0x00, 0x00, 0x00, 0x00, 0x00, 0x00, 0x00, 0x00, 0x00, 0x00, 0x00, 0x00, 0xd6, 0x84,
  0x14, 0x64, 0xf4, 0x5b, 0x15, 0x5c, 0x15, 0x54, 0x15, 0x5c, 0x16, 0x54, 0x15, 0x5c, 0x15, 0x54,
  0x16, 0x5c, 0xf5, 0x53, 0x15, 0x54, 0x15, 0x5c, 0x16, 0x5c, 0x15, 0x5c, 0x16, 0x5c, 0xf5, 0x5b,
  0x16, 0x54, 0xf6, 0x53, 0x16, 0x54, 0x16, 0x54, 0x37, 0x5c, 0x37, 0x64, 0xb8, 0x6c, 0x18, 0x85,
  0xdb, 0xad, 0x3b, 0xbe, 0xff, 0xde, 0xef, 0x7b, 0xff, 0xff, 0x00, 0x00, 0xff, 0x07, 0xf7, 0xbd,
  0x00, 0x00, 0x7b, 0xc6, 0x19, 0xb6, 0x95, 0x84, 0xd3, 0x5b, 0x32, 0x4b, 0x11, 0x43, 0xf0, 0x3a,
  0xcf, 0x3a, 0xaf, 0x3a, 0xd0, 0x3a, 0xd0, 0x3a, 0xd0, 0x3a, 0xb0, 0x3a, 0xd0, 0x3a, 0xb0, 0x3a,
  0xd0, 0x3a, 0xb0, 0x3a, 0xd1, 0x32, 0xb0, 0x3a, 0xb0, 0x32, 0xb0, 0x32, 0xb0, 0x32, 0xb0, 0x32,
  0xb0, 0x3a, 0xb1, 0x32, 0xb0, 0x32, 0x90, 0x3a, 0xb0, 0x32, 0xb0, 0x32, 0xd0, 0x3a, 0xf0, 0x3a,
  0x31, 0x43, 0x52, 0x4b, 0x71, 0x4b, 0x92, 0x53, 0xd3, 0x5b, 0xf3, 0x5b, 0x14, 0x64, 0x34, 0x64,
  0x54, 0x6c, 0x54, 0x6c, 0x95, 0x74, 0x95, 0x74, 0xb5, 0x74, 0xb6, 0x7c, 0xd6, 0x74, 0xd6, 0x7c,
  0xd6, 0x7c, 0xf6, 0x7c, 0xd6, 0x7c, 0xd6, 0x74, 0xd6, 0x7c, 0xd6, 0x74, 0xb7, 0x74, 0xb6, 0x74,
  0x96, 0x6c, 0x96, 0x6c, 0x76, 0x64, 0x56, 0x64, 0x76, 0x64, 0x56, 0x64, 0x76, 0x64, 0x97, 0x64,
  0xb7, 0x6c, 0xf8, 0x6c, 0x18, 0x75, 0x19, 0x75, 0x38, 0x75, 0x39, 0x7d, 0x59, 0x7d, 0x79, 0x85,
  0x7a, 0x7d, 0x79, 0x7d, 0x7a, 0x85, 0x9a, 0x85, 0x9a, 0x7d, 0x9a, 0x85, 0xba, 0x85, 0xba, 0x85,
  0xba, 0x85, 0xbb, 0x7d, 0xbb, 0x85, 0xba, 0x7d, 0xdb, 0x85, 0xbb, 0x7d, 0xbb, 0x85, 0x5a, 0x6d,
  0x19, 0x65, 0xfa, 0x64, 0xf9, 0x64, 0xf9, 0x5c, 0x19, 0x6d, 0x39, 0x6d, 0x1a, 0x6d, 0x39, 0x75,
  0x19, 0x6d, 0x39, 0x75, 0x39, 0x6d, 0x18, 0x75, 0x18, 0x6d, 0xf9, 0x6c, 0xf8, 0x6c, 0xd8, 0x6c,
  0xd8, 0x6c, 0xd8, 0x64, 0xb8, 0x6c, 0xd8, 0x64, 0xb7, 0x64, 0xb7, 0x5c, 0x97, 0x64, 0x98, 0x64,
  0x97, 0x5c, 0x97, 0x64, 0x96, 0x5c, 0x77, 0x64, 0x77, 0x64, 0x96, 0x5c, 0x77, 0x64, 0x76, 0x5c,
  0x76, 0x64, 0x77, 0x5c, 0x56, 0x5c, 0x56, 0x5c, 0x36, 0x5c, 0x76, 0x64, 0x34, 0x6c, 0x00, 0x00,
  0x55, 0x55, 0x00, 0x00, 0x00, 0x00, 0x00, 0x00, 0x00, 0x00, 0x00, 0x00, 0x00, 0x00, 0x00, 0x00,
  0x00, 0x00, 0x00, 0x00, 0x00, 0x00, 0x00, 0x00, 0x00, 0x00, 0x00, 0x00, 0x00, 0x00, 0x00, 0x00,
  0x00, 0x00, 0x00, 0x00, 0x00, 0x00, 0x00, 0x00, 0x00, 0x00, 0x00, 0x00, 0x00, 0x00, 0x00, 0x00,
  0x00, 0x00, 0x00, 0x00, 0x00, 0x00, 0x00, 0x00, 0x00, 0x00, 0x00, 0x00, 0x00, 0x00, 0x00, 0x00,
  0x00, 0x00, 0x00, 0x00, 0x00, 0x00, 0x00, 0x00, 0x00, 0x00, 0x00, 0x00, 0x00, 0x00, 0x00, 0x00,
  0x00, 0x00, 0x00, 0x00, 0x00, 0x00, 0x00, 0x00, 0x00, 0x00, 0x00, 0x00, 0xff, 0xff, 0x00, 0x00,
  0x9d, 0xd6, 0x95, 0x7c, 0xd3, 0x5b, 0xd4, 0x5b, 0xf4, 0x53, 0x15, 0x54, 0x15, 0x5c, 0xf5, 0x53,
  0x15, 0x54, 0xf5, 0x53, 0xf5, 0x53, 0x15, 0x54, 0xf5, 0x53, 0xf5, 0x5b, 0x15, 0x54, 0x15, 0x5c,
  0x15, 0x5c, 0xf5, 0x5b, 0xf5, 0x53, 0xf6, 0x53, 0xf6, 0x53, 0xf6, 0x53, 0x16, 0x54, 0x16, 0x5c,
  0x57, 0x64, 0xb8, 0x7c, 0x18, 0x85, 0x1c, 0xae, 0x5b, 0xb6, 0x00, 0x00, 0xff, 0xaf, 0xff, 0xff,
  0xff, 0xbd, 0x00, 0x00, 0x5b, 0xc6, 0x3a, 0xbe, 0xf6, 0x8c, 0x14, 0x6c, 0x92, 0x53, 0x52, 0x4b,
  0x31, 0x43, 0x11, 0x3b, 0xf1, 0x3a, 0xd0, 0x3a, 0xd0, 0x3a, 0xd0, 0x3a, 0xf0, 0x3a, 0xd0, 0x3a,
  0xd0, 0x3a, 0xf1, 0x3a, 0xd0, 0x3a, 0xf1, 0x3a, 0xd0, 0x3a, 0xf1, 0x3a, 0xf0, 0x3a, 0xd1, 0x3a,
  0xf0, 0x3a, 0xd1, 0x3a, 0xf1, 0x3a, 0xf1, 0x3a, 0xf1, 0x3a, 0xf1, 0x3a, 0x12, 0x3b, 0x11, 0x3b,
  0xf1, 0x3a, 0xf1, 0x3a, 0xf1, 0x3a, 0xf1, 0x3a, 0xf1, 0x3a, 0xf1, 0x3a, 0x11, 0x3b, 0x31, 0x43,
  0x31, 0x43, 0x52, 0x43, 0x72, 0x43, 0x93, 0x4b, 0x93, 0x4b, 0xb3, 0x4b, 0xb4, 0x53, 0xd3, 0x53,
  0xf4, 0x53, 0xf4, 0x53, 0xf4, 0x53, 0x15, 0x54, 0x15, 0x5c, 0x15, 0x5c, 0x15, 0x5c, 0x15, 0x5c,
  0x35, 0x5c, 0x76, 0x64, 0x77, 0x6c, 0x96, 0x64, 0x97, 0x6c, 0xd7, 0x74, 0xf8, 0x7c, 0x38, 0x7d,
  0x38, 0x7d, 0x39, 0x85, 0x59, 0x85, 0x79, 0x85, 0x79, 0x8d, 0x7a, 0x8d, 0x9a, 0x8d, 0x9a, 0x8d,
  0x9a, 0x8d, 0xba, 0x8d, 0x9a, 0x8d, 0xba, 0x8d, 0xba, 0x8d, 0xba, 0x8d, 0xda, 0x8d, 0xba, 0x8d,
  0xda, 0x8d, 0xbb, 0x85, 0xda, 0x85, 0xda, 0x85, 0xda, 0x85, 0xdb, 0x85, 0xba, 0x85, 0xdb, 0x85,
  0xbb, 0x85, 0x9a, 0x7d, 0x3a, 0x6d, 0x19, 0x65, 0x1a, 0x65, 0x19, 0x65, 0x19, 0x6d, 0x19, 0x65,
  0x39, 0x6d, 0x19, 0x75, 0x38, 0x6d, 0x39, 0x75, 0x18, 0x6d, 0x19, 0x6d, 0xf8, 0x6c, 0xf9, 0x6c,
  0xf8, 0x6c, 0xf8, 0x6c, 0xd8, 0x64, 0xd8, 0x64, 0xd8, 0x64, 0xb8, 0x64, 0xd7, 0x64, 0xb7, 0x64,
  0x98, 0x5c, 0x97, 0x64, 0xb6, 0x5c, 0x97, 0x64, 0x77, 0x5c, 0x97, 0x5c, 0x76, 0x64, 0x77, 0x5c,
  0x76, 0x5c, 0x57, 0x5c, 0x56, 0x5c, 0x56, 0x5c, 0x56, 0x5c, 0x36, 0x5c, 0x56, 0x64, 0x35, 0x64,
  0xb6, 0x7c, 0x0f, 0x84, 0xff, 0x07, 0x00, 0x00, 0x00, 0x00, 0x00, 0x00, 0x00, 0x00, 0x00, 0x00,
  0x00, 0x00, 0x00, 0x00, 0x00, 0x00, 0x00, 0x00, 0x00, 0x00, 0x00, 0x00, 0x00, 0x00, 0x00, 0x00,
  0x00, 0x00, 0x00, 0x00, 0x00, 0x00, 0x00, 0x00, 0x00, 0x00, 0x00, 0x00, 0x00, 0x00, 0x00, 0x00,
  0x00, 0x00, 0x00, 0x00, 0x00, 0x00, 0x00, 0x00, 0x00, 0x00, 0x00, 0x00, 0x00, 0x00, 0x00, 0x00,
  0x00, 0x00, 0x00, 0x00, 0x00, 0x00, 0x00, 0x00, 0x00, 0x00, 0x00, 0x00, 0x00, 0x00, 0x00, 0x00,
  0x00, 0x00, 0x00, 0x00, 0x00, 0x00, 0x00, 0x00, 0x00, 0x00, 0x00, 0x00, 0x00, 0x00, 0x00, 0x00,
  0xff, 0x7b, 0x00, 0x00, 0xda, 0xad, 0x54, 0x74, 0xb3, 0x5b, 0xf3, 0x53, 0xf4, 0x5b, 0xf5, 0x53,
  0xf5, 0x53, 0x15, 0x54, 0xf5, 0x53, 0xf5, 0x53, 0xf5, 0x53, 0xf5, 0x53, 0xf5, 0x53, 0xf5, 0x53,
  0xf5, 0x5b, 0xf5, 0x5b, 0xf5, 0x5b, 0xf5, 0x53, 0xd5, 0x53, 0xd5, 0x4b, 0xd6, 0x4b, 0xf6, 0x4b,
  0xf6, 0x4b, 0xf6, 0x53, 0x17, 0x5c, 0x57, 0x64, 0xd8, 0x7c, 0x59, 0x95, 0x1c, 0xae, 0x3c, 0xbe,
  0x00, 0x00, 0xdb, 0xb6, 0x00, 0x00, 0x3a, 0xbe, 0x1a, 0xb6, 0x17, 0x95, 0x55, 0x74, 0xd3, 0x5b,
  0xb3, 0x53, 0x92, 0x4b, 0x72, 0x43, 0x32, 0x43, 0x31, 0x3b, 0x11, 0x3b, 0xf1, 0x3a, 0xf0, 0x3a,
  0xf0, 0x3a, 0xf0, 0x3a, 0xf0, 0x3a, 0xf1, 0x3a, 0xf1, 0x3a, 0xf0, 0x3a, 0xf1, 0x3a, 0x11, 0x3b,
  0x11, 0x3b, 0x11, 0x3b, 0x11, 0x3b, 0x12, 0x3b, 0x11, 0x43, 0x32, 0x3b, 0x52, 0x43, 0x52, 0x43,
  0x53, 0x43, 0x52, 0x43, 0x73, 0x43, 0x73, 0x43, 0x93, 0x43, 0x94, 0x43, 0x93, 0x43, 0xb3, 0x4b,
  0x93, 0x4b, 0xb3, 0x4b, 0xb4, 0x4b, 0xb4, 0x4b, 0xd3, 0x4b, 0xd4, 0x4b, 0xf4, 0x53, 0x15, 0x5c,
  0x55, 0x64, 0x96, 0x6c, 0xd6, 0x74, 0xd7, 0x7c, 0x17, 0x85, 0x17, 0x85, 0x38, 0x85, 0x38, 0x85,
  0x38, 0x85, 0x38, 0x85, 0x38, 0x85, 0x18, 0x7d, 0x17, 0x7d, 0xf8, 0x7c, 0x18, 0x7d, 0x38, 0x85,
  0x59, 0x85, 0x58, 0x8d, 0x79, 0x8d, 0x79, 0x8d, 0x79, 0x8d, 0x79, 0x95, 0x99, 0x95, 0xb9, 0x95,
  0xb9, 0x95, 0x99, 0x95, 0xb9, 0x95, 0xba, 0x9d, 0xda, 0x95, 0xd9, 0x95, 0xda, 0x95, 0xda, 0x95,
  0xda, 0x8d, 0xfa, 0x95, 0xdb, 0x8d, 0xda, 0x8d, 0xdb, 0x8d, 0xbb, 0x8d, 0xba, 0x85, 0xdb, 0x85,
  0xda, 0x85, 0xfb, 0x8d, 0xdb, 0x8d, 0x9a, 0x7d, 0x5a, 0x6d, 0x39, 0x6d, 0x19, 0x65, 0x19, 0x6d,
  0x1a, 0x6d, 0x19, 0x6d, 0x19, 0x6d, 0x38, 0x75, 0x19, 0x6d, 0x38, 0x6d, 0x18, 0x6d, 0xf9, 0x6c,
  0xf9, 0x6c, 0xf8, 0x74, 0xd8, 0x6c, 0xf8, 0x64, 0xd8, 0x6c, 0xd8, 0x64, 0xd8, 0x64, 0xb8, 0x64,
  0xb7, 0x64, 0xb7, 0x64, 0xb7, 0x64, 0x97, 0x5c, 0x97, 0x64, 0x97, 0x5c, 0x76, 0x64, 0x77, 0x5c,
  0x77, 0x5c, 0x76, 0x5c, 0x76, 0x5c, 0x56, 0x5c, 0x76, 0x5c, 0x56, 0x5c, 0x35, 0x5c, 0x35, 0x5c,
  0x35, 0x64, 0x35, 0x6c, 0x00, 0x00, 0xf0, 0x7b, 0x00, 0x00, 0x00, 0x00, 0x00, 0x00, 0x00, 0x00,
  0x00, 0x00, 0x00, 0x00, 0x00, 0x00, 0x00, 0x00, 0x00, 0x00, 0x00, 0x00, 0x00, 0x00, 0x00, 0x00,
  0x00, 0x00, 0x00, 0x00, 0x00, 0x00, 0x00, 0x00, 0x00, 0x00, 0x00, 0x00, 0x00, 0x00, 0x00, 0x00,
  0x00, 0x00, 0x00, 0x00, 0x00, 0x00, 0x00, 0x00, 0x00, 0x00, 0x00, 0x00, 0x00, 0x00, 0x00, 0x00,
  0x00, 0x00, 0x00, 0x00, 0x00, 0x00, 0x00, 0x00, 0x00, 0x00, 0x00, 0x00, 0x00, 0x00, 0x00, 0x00,
  0x00, 0x00, 0x00, 0x00, 0x00, 0x00, 0x00, 0x00, 0x00, 0x00, 0x00, 0x00, 0x00, 0x00, 0x00, 0x00,
  0x00, 0x00, 0x00, 0x00, 0x55, 0xad, 0x00, 0x00, 0x56, 0x95, 0x34, 0x74, 0xb2, 0x53, 0xd4, 0x53,
  0xd4, 0x53, 0xf4, 0x53, 0xf5, 0x53, 0xf4, 0x53, 0xf5, 0x53, 0xf5, 0x53, 0xf5, 0x53, 0xf4, 0x53,
  0xd5, 0x53, 0xf4, 0x53, 0xf5, 0x53, 0xf4, 0x53, 0xf5, 0x53, 0xd5, 0x53, 0xd5, 0x4b, 0xd6, 0x4b,
  0xb5, 0x4b, 0xb6, 0x43, 0xd6, 0x4b, 0xd6, 0x4b, 0xf6, 0x53, 0x37, 0x5c, 0x57, 0x6c, 0xd8, 0x7c,
  0x79, 0x95, 0xfb, 0xad, 0x9c, 0xbe, 0x00, 0x00, 0x7b, 0xbe, 0xfa, 0xb5, 0x38, 0x95, 0x55, 0x74,
  0x14, 0x64, 0xd4, 0x53, 0xd3, 0x53, 0xb4, 0x4b, 0x93, 0x4b, 0x73, 0x43, 0x72, 0x43, 0x52, 0x43,
  0x32, 0x43, 0x11, 0x3b, 0x11, 0x3b, 0xf1, 0x42, 0x11, 0x43, 0x11, 0x43, 0xf1, 0x42, 0x11, 0x43,
  0x11, 0x3b, 0x12, 0x43, 0x32, 0x3b, 0x32, 0x43, 0x52, 0x43, 0x53, 0x43, 0x73, 0x43, 0x73, 0x43,
  0x73, 0x43, 0x93, 0x43, 0x93, 0x43, 0x94, 0x43, 0xb3, 0x43, 0xb4, 0x4b, 0xd4, 0x43, 0xd4, 0x4b,
  0xd4, 0x4b, 0xf5, 0x53, 0xf4, 0x4b, 0xd4, 0x4b, 0x14, 0x54, 0x55, 0x64, 0xd6, 0x74, 0x37, 0x85,
  0x78, 0x95, 0xb8, 0x9d, 0xd9, 0x9d, 0xf9, 0xa5, 0x19, 0xae, 0x19, 0xae, 0x19, 0xae, 0x19, 0xb6,
  0x3a, 0xb6, 0x3a, 0xb6, 0x3a, 0xb6, 0x5a, 0xb6, 0x3a, 0xb6, 0x3a, 0xae, 0x1a, 0xae, 0xfa, 0xa5,
  0xd9, 0x9d, 0x99, 0x95, 0x78, 0x8d, 0x79, 0x8d, 0x99, 0x95, 0x99, 0x95, 0xb9, 0x9d, 0xba, 0x95,
  0xda, 0x95, 0xba, 0x9d, 0xda, 0x9d, 0xda, 0x9d, 0xda, 0x95, 0xfa, 0x9d, 0xda, 0x9d, 0xfa, 0x9d,
  0xda, 0x95, 0xfa, 0x9d, 0xfa, 0x95, 0xfb, 0x95, 0xfa, 0x95, 0xfb, 0x8d, 0xda, 0x8d, 0xfb, 0x8d,
  0xdb, 0x8d, 0xdb, 0x8d, 0xfb, 0x8d, 0xfb, 0x95, 0x1b, 0x9e, 0xba, 0x85, 0x5a, 0x75, 0x39, 0x6d,
  0x3a, 0x6d, 0x19, 0x6d, 0x19, 0x6d, 0x18, 0x6d, 0x39, 0x75, 0x19, 0x6d, 0x18, 0x6d, 0x19, 0x6d,
  0xf8, 0x6c, 0x19, 0x75, 0xf8, 0x6c, 0xf8, 0x6c, 0xf8, 0x64, 0xd8, 0x6c, 0xf8, 0x64, 0xd8, 0x64,
  0xb7, 0x64, 0xb7, 0x64, 0xb7, 0x64, 0xb7, 0x64, 0x97, 0x5c, 0x97, 0x64, 0x97, 0x5c, 0x76, 0x64,
  0x97, 0x5c, 0x77, 0x5c, 0x76, 0x5c, 0x56, 0x5c, 0x56, 0x5c, 0x56, 0x5c, 0x36, 0x5c, 0x35, 0x5c,
  0x16, 0x5c, 0x35, 0x64, 0x14, 0x64, 0x00, 0x00, 0x55, 0x55, 0x00, 0x00, 0x00, 0x00, 0x00, 0x00,
  0x00, 0x00, 0x00, 0x00, 0x00, 0x00, 0x00, 0x00, 0x00, 0x00, 0x00, 0x00, 0x00, 0x00, 0x00, 0x00,
  0x00, 0x00, 0x00, 0x00, 0x00, 0x00, 0x00, 0x00, 0x00, 0x00, 0x00, 0x00, 0x00, 0x00, 0x00, 0x00,
  0x00, 0x00, 0x00, 0x00, 0x00, 0x00, 0x00, 0x00, 0x00, 0x00, 0x00, 0x00, 0x00, 0x00, 0x00, 0x00,
  0x00, 0x00, 0x00, 0x00, 0x00, 0x00, 0x00, 0x00, 0x00, 0x00, 0x00, 0x00, 0x00, 0x00, 0x00, 0x00,
  0x00, 0x00, 0x00, 0x00, 0x00, 0x00, 0x00, 0x00, 0x00, 0x00, 0x00, 0x00, 0x00, 0x00, 0x00, 0x00,
  0x00, 0x00, 0x00, 0x00, 0x00, 0x00, 0x00, 0x00, 0x54, 0xad, 0x00, 0x00, 0xd6, 0x8c, 0x14, 0x6c,
  0x92, 0x4b, 0xb3, 0x53, 0xd4, 0x53, 0xf5, 0x53, 0xf4, 0x53, 0xf5, 0x53, 0xf4, 0x53, 0xd5, 0x53,
  0xd4, 0x53, 0xd5, 0x4b, 0xd4, 0x53, 0xd5, 0x4b, 0xd4, 0x4b, 0xf5, 0x53, 0xd5, 0x53, 0xd5, 0x53,
  0xd5, 0x4b, 0xb5, 0x43, 0xb5, 0x43, 0xb6, 0x4b, 0xb6, 0x43, 0xb6, 0x4b, 0xf6, 0x4b, 0xf6, 0x53,
  0x17, 0x5c, 0x77, 0x6c, 0xf8, 0x84, 0xdb, 0xad, 0x1a, 0xb6, 0x7b, 0xc6, 0xfa, 0xb5, 0x78, 0x9d,
  0x96, 0x7c, 0x34, 0x64, 0xf4, 0x5b, 0xf4, 0x53, 0xd4, 0x53, 0xd4, 0x53, 0xb3, 0x4b, 0xb4, 0x4b,
  0x93, 0x43, 0x73, 0x43, 0x52, 0x43, 0x52, 0x43, 0x32, 0x43, 0x11, 0x3b, 0x11, 0x43, 0x31, 0x43,
  0x31, 0x3b, 0x32, 0x43, 0x32, 0x43, 0x32, 0x3b, 0x52, 0x43, 0x73, 0x43, 0x73, 0x43, 0x73, 0x43,
  0x93, 0x43, 0x93, 0x4b, 0x94, 0x43, 0xb4, 0x4b, 0xd3, 0x4b, 0xd4, 0x4b, 0xf4, 0x4b, 0xd4, 0x4b,
  0xf5, 0x53, 0xf5, 0x53, 0xf5, 0x53, 0xf4, 0x53, 0x15, 0x5c, 0xb6, 0x74, 0x37, 0x85, 0x98, 0x9d,
  0xb9, 0xa5, 0xd8, 0xa5, 0xd9, 0xa5, 0xf8, 0xad, 0xf9, 0xad, 0x19, 0xae, 0x19, 0xae, 0x19, 0xb6,
  0x3a, 0xb6, 0x39, 0xb6, 0x3a, 0xb6, 0x39, 0xb6, 0x3a, 0xb6, 0x5a, 0xb6, 0x59, 0xbe, 0x5a, 0xbe,
  0x7a, 0xbe, 0x9a, 0xbe, 0x9b, 0xbe, 0x7b, 0xbe, 0x3a, 0xb6, 0xda, 0x9d, 0xb9, 0x9d, 0xb9, 0x95,
  0xda, 0x9d, 0xd9, 0x9d, 0xda, 0x9d, 0xda, 0x9d, 0xda, 0x9d, 0xfa, 0x9d, 0xfa, 0x9d, 0xfa, 0x9d,
  0xfa, 0x95, 0xfa, 0x9d, 0xfb, 0x9d, 0xfa, 0x9d, 0xfa, 0x95, 0xfa, 0x95, 0xdb, 0x95, 0xfa, 0x95,
  0xfb, 0x95, 0xdb, 0x8d, 0xda, 0x8d, 0xdb, 0x8d, 0xfa, 0x8d, 0x1b, 0x9e, 0x1b, 0x9e, 0xba, 0x8d,
  0x59, 0x75, 0x39, 0x6d, 0x19, 0x6d, 0x39, 0x6d, 0x19, 0x6d, 0x18, 0x6d, 0x19, 0x6d, 0x18, 0x6d,
  0xf9, 0x74, 0xf8, 0x6c, 0xf8, 0x6c, 0xf8, 0x6c, 0xf8, 0x6c, 0xd8, 0x6c, 0xd8, 0x64, 0xd8, 0x64,
  0xd8, 0x64, 0xb8, 0x6c, 0xb7, 0x64, 0xb7, 0x64, 0xb7, 0x64, 0x97, 0x64, 0x98, 0x5c, 0x97, 0x64,
  0x96, 0x5c, 0x77, 0x5c, 0x57, 0x5c, 0x56, 0x5c, 0x56, 0x5c, 0x56, 0x5c, 0x56, 0x5c, 0x55, 0x5c,
  0x35, 0x5c, 0x15, 0x5c, 0x56, 0x64, 0x14, 0x64, 0x00, 0x00, 0xf0, 0x43, 0x00, 0x00, 0x00, 0x00,
  0x00, 0x00, 0x00, 0x00, 0x00, 0x00, 0x00, 0x00, 0x00, 0x00, 0x00, 0x00, 0x00, 0x00, 0x00, 0x00,
  0x00, 0x00, 0x00, 0x00, 0x00, 0x00, 0x00, 0x00, 0x00, 0x00, 0x00, 0x00, 0x00, 0x00, 0x00, 0x00,
  0x00, 0x00, 0x00, 0x00, 0x00, 0x00, 0x00, 0x00, 0x00, 0x00, 0x00, 0x00, 0x00, 0x00, 0x00, 0x00,
  0x00, 0x00, 0x00, 0x00, 0x00, 0x00, 0x00, 0x00, 0x00, 0x00, 0x00, 0x00, 0x00, 0x00, 0x00, 0x00,
  0x00, 0x00, 0x00, 0x00, 0x00, 0x00, 0x00, 0x00, 0x00, 0x00, 0x00, 0x00, 0x00, 0x00, 0x00, 0x00,
  0x00, 0x00, 0x00, 0x00, 0x00, 0x00, 0x00, 0x00, 0x00, 0x00, 0x00, 0x00, 0xf0, 0x7b, 0x00, 0x00,
  0xb5, 0x84, 0x14, 0x6c, 0x72, 0x4b, 0xb3, 0x53, 0xd4, 0x53, 0xd4, 0x4b, 0xf4, 0x53, 0xd4, 0x53,
  0xd5, 0x4b, 0xd4, 0x53, 0xf5, 0x4b, 0xd4, 0x53, 0xd4, 0x4b, 0xd4, 0x53, 0xd4, 0x4b, 0xd4, 0x4b,
  0xd5, 0x53, 0xd5, 0x4b, 0xb4, 0x4b, 0x95, 0x4b, 0x96, 0x43, 0xb5, 0x43, 0x96, 0x43, 0xb6, 0x43,
  0xb6, 0x4b, 0xf6, 0x4b, 0xf7, 0x53, 0x37, 0x5c, 0xb8, 0x74, 0x38, 0x8d, 0xd9, 0xa5, 0xd9, 0xad,
  0x78, 0x9d, 0xb6, 0x84, 0x55, 0x6c, 0x15, 0x5c, 0x15, 0x5c, 0x15, 0x54, 0x15, 0x5c, 0xf5, 0x53,
  0xf4, 0x4b, 0xd4, 0x4b, 0xb4, 0x4b, 0xb3, 0x4b, 0x93, 0x43, 0x93, 0x43, 0x52, 0x43, 0x32, 0x3b,
  0x31, 0x43, 0x32, 0x43, 0x31, 0x43, 0x32, 0x3b, 0x52, 0x43, 0x52, 0x43, 0x53, 0x43, 0x92, 0x43,
  0x93, 0x4b, 0xb4, 0x4b, 0xb4, 0x4b, 0xb4, 0x43, 0xd3, 0x4b, 0xd4, 0x4b, 0xd4, 0x4b, 0xf4, 0x53,
  0xf5, 0x53, 0xf5, 0x53, 0x15, 0x54, 0xf4, 0x53, 0x34, 0x5c, 0xb6, 0x74, 0x58, 0x95, 0xb8, 0x9d,
  0xb8, 0xa5, 0xb8, 0xa5, 0xd8, 0xa5, 0xf8, 0xa5, 0xf9, 0xad, 0x19, 0xae, 0x19, 0xae, 0x19, 0xb6,
  0x19, 0xb6, 0x39, 0xb6, 0x3a, 0xb6, 0x39, 0xb6, 0x5a, 0xb6, 0x5a, 0xbe, 0x5a, 0xbe, 0x5a, 0xbe,
  0x7a, 0xbe, 0x7a, 0xbe, 0x9a, 0xbe, 0x7b, 0xbe, 0x9a, 0xc6, 0x9b, 0xc6, 0x9a, 0xc6, 0xbb, 0xc6,
  0x7b, 0xbe, 0x1a, 0xae, 0xb9, 0x9d, 0xda, 0x95, 0xda, 0x9d, 0xfa, 0x9d, 0xfa, 0x9d, 0xfa, 0x9d,
  0xfa, 0x9d, 0xfa, 0x9d, 0xfb, 0x9d, 0xfa, 0xa5, 0xfa, 0x9d, 0xfb, 0x9d, 0xfa, 0x9d, 0xfb, 0x95,
  0xfa, 0x95, 0xfb, 0x95, 0xfa, 0x8d, 0xfb, 0x95, 0xfb, 0x8d, 0xfb, 0x8d, 0xdb, 0x95, 0x1b, 0x9e,
  0x1b, 0xa6, 0xba, 0x8d, 0x5a, 0x75, 0x39, 0x75, 0x39, 0x6d, 0x19, 0x6d, 0x18, 0x6d, 0x19, 0x75,
  0xf8, 0x6c, 0xf8, 0x6c, 0x18, 0x6d, 0xf9, 0x6c, 0xf8, 0x6c, 0xf8, 0x6c, 0xd8, 0x6c, 0xf8, 0x64,
  0xd8, 0x64, 0xd8, 0x6c, 0xd7, 0x64, 0xb7, 0x64, 0xb8, 0x64, 0xb8, 0x64, 0x97, 0x5c, 0x97, 0x64,
  0x97, 0x5c, 0x77, 0x64, 0x77, 0x5c, 0x76, 0x5c, 0x56, 0x5c, 0x56, 0x5c, 0x56, 0x5c, 0x55, 0x5c,
  0x35, 0x54, 0x16, 0x5c, 0x15, 0x54, 0x35, 0x64, 0xf4, 0x63, 0x00, 0x00, 0xb5, 0x52, 0x00, 0x00,
  0x00, 0x00, 0x00, 0x00, 0x00, 0x00, 0x00, 0x00, 0x00, 0x00, 0x00, 0x00, 0x00, 0x00, 0x00, 0x00,
  0x00, 0x00, 0x00, 0x00, 0x00, 0x00, 0x00, 0x00, 0x00, 0x00, 0x00, 0x00, 0x00, 0x00, 0x00, 0x00,
  0x00, 0x00, 0x00, 0x00, 0x00, 0x00, 0x00, 0x00, 0x00, 0x00, 0x00, 0x00, 0x00, 0x00, 0x00, 0x00,
  0x00, 0x00, 0x00, 0x00, 0x00, 0x00, 0x00, 0x00, 0x00, 0x00, 0x00, 0x00, 0x00, 0x00, 0x00, 0x00,
  0x00, 0x00, 0x00, 0x00, 0x00, 0x00, 0x00, 0x00, 0x00, 0x00, 0x00, 0x00, 0x00, 0x00, 0x00, 0x00,
  0x00, 0x00, 0x00, 0x00, 0x00, 0x00, 0x00, 0x00, 0x00, 0x00, 0x00, 0x00, 0x00, 0x00, 0x00, 0x00,
  0x0f, 0x84, 0x00, 0x00, 0x75, 0x7c, 0xf4, 0x6b, 0x72, 0x4b, 0xb2, 0x53, 0xb3, 0x53, 0xd4, 0x4b,
  0xd4, 0x53, 0xf4, 0x4b, 0xd4, 0x53, 0xd5, 0x4b, 0xd4, 0x53, 0xb5, 0x4b, 0xb4, 0x4b, 0xb5, 0x4b,
  0xb4, 0x4b, 0xb5, 0x4b, 0xd4, 0x4b, 0xb4, 0x4b, 0xb5, 0x4b, 0x95, 0x43, 0x95, 0x43, 0x96, 0x43,
  0x75, 0x43, 0x96, 0x43, 0x96, 0x43, 0xd6, 0x43, 0xd7, 0x4b, 0x17, 0x54, 0x77, 0x6c, 0xf8, 0x84,
  0x99, 0xa5, 0x78, 0x9d, 0xd6, 0x84, 0x76, 0x74, 0x55, 0x64, 0x35, 0x5c, 0x35, 0x5c, 0x35, 0x5c,
  0x15, 0x54, 0x15, 0x54, 0x15, 0x54, 0x15, 0x54, 0xd4, 0x4b, 0xd5, 0x4b, 0xb4, 0x4b, 0x94, 0x43,
  0x73, 0x43, 0x52, 0x3b, 0x32, 0x43, 0x52, 0x43, 0x52, 0x43, 0x32, 0x43, 0x53, 0x4b, 0x72, 0x43,
  0x93, 0x4b, 0x94, 0x4b, 0xb4, 0x4b, 0xb3, 0x4b, 0xb4, 0x4b, 0xd4, 0x4b, 0xd4, 0x53, 0xf5, 0x53,
  0x14, 0x54, 0xf5, 0x4b, 0x15, 0x54, 0x34, 0x54, 0x15, 0x5c, 0x96, 0x6c, 0x58, 0x8d, 0xb8, 0x9d,
  0xd8, 0xa5, 0xb8, 0xa5, 0xd8, 0xad, 0xf9, 0xad, 0x19, 0xae, 0x19, 0xae, 0x19, 0xb6, 0x19, 0xb6,
  0x19, 0xb6, 0x39, 0xb6, 0x59, 0xb6, 0x59, 0xb6, 0x39, 0xb6, 0x5a, 0xbe, 0x5a, 0xbe, 0x79, 0xbe,
  0x7a, 0xbe, 0x7a, 0xbe, 0x7a, 0xbe, 0x9a, 0xc6, 0x9b, 0xc6, 0x9a, 0xc6, 0x9b, 0xc6, 0x9b, 0xc6,
  0x9b, 0xc6, 0xbb, 0xc6, 0xbb, 0xce, 0xbb, 0xc6, 0x7b, 0xbe, 0x1a, 0xae, 0xda, 0x9d, 0xfa, 0x9d,
  0xfa, 0x9d, 0xfa, 0xa5, 0xfb, 0x9d, 0x1a, 0xa6, 0xfa, 0xa5, 0x1b, 0x9e, 0xfa, 0x9d, 0xfa, 0x9d,
  0xfb, 0x9d, 0xfa, 0x9d, 0xfb, 0x9d, 0xfa, 0x95, 0xfb, 0x95, 0xfb, 0x8d, 0xfa, 0x8d, 0xdb, 0x95,
  0xfa, 0x8d, 0x1b, 0x9e, 0x1b, 0xa6, 0xda, 0x8d, 0x39, 0x7d, 0x39, 0x6d, 0x19, 0x6d, 0x19, 0x6d,
  0x18, 0x6d, 0x19, 0x6d, 0x18, 0x6d, 0xf9, 0x6c, 0xf8, 0x6c, 0xd8, 0x6c, 0xd8, 0x6c, 0xd8, 0x64,
  0xd8, 0x64, 0xd8, 0x64, 0xb8, 0x64, 0xb7, 0x64, 0xb7, 0x64, 0xb7, 0x5c, 0xb7, 0x64, 0x97, 0x64,
  0x97, 0x64, 0x77, 0x5c, 0x77, 0x64, 0x76, 0x5c, 0x77, 0x5c, 0x56, 0x5c, 0x56, 0x5c, 0x36, 0x54,
  0x35, 0x5c, 0x15, 0x54, 0x15, 0x5c, 0xf5, 0x53, 0x35, 0x5c, 0xf4, 0x63, 0x78, 0x6c, 0xff, 0x07,
  0xff, 0x07, 0x00, 0x00, 0x00, 0x00, 0x00, 0x00, 0x00, 0x00, 0x00, 0x00, 0x00, 0x00, 0x00, 0x00,
  0x00, 0x00, 0x00, 0x00, 0x00, 0x00, 0x00, 0x00, 0x00, 0x00, 0x00, 0x00, 0x00, 0x00, 0x00, 0x00,
  0x00, 0x00, 0x00, 0x00, 0x00, 0x00, 0x00, 0x00, 0x00, 0x00, 0x00, 0x00, 0x00, 0x00, 0x00, 0x00,
  0x00, 0x00, 0x00, 0x00, 0x00, 0x00, 0x00, 0x00, 0x00, 0x00, 0x00, 0x00, 0x00, 0x00, 0x00, 0x00,
  0x00, 0x00, 0x00, 0x00, 0x00, 0x00, 0x00, 0x00, 0x00, 0x00, 0x00, 0x00, 0x00, 0x00, 0x00, 0x00,
  0x00, 0x00, 0x00, 0x00, 0x00, 0x00, 0x00, 0x00, 0x00, 0x00, 0x00, 0x00, 0x00, 0x00, 0x00, 0x00,
  0x00, 0x00, 0x00, 0x00, 0xf0, 0x7b, 0x00, 0x00, 0x55, 0x7c, 0xd3, 0x63, 0x72, 0x4b, 0x93, 0x53,
  0xb3, 0x53, 0xb4, 0x4b, 0xd4, 0x53, 0xd4, 0x4b, 0xd4, 0x53, 0xd4, 0x4b, 0xd4, 0x4b, 0xd4, 0x4b,
  0xb4, 0x4b, 0xd4, 0x4b, 0xb4, 0x4b, 0xb4, 0x4b, 0xb5, 0x4b, 0xb4, 0x4b, 0x95, 0x43, 0x95, 0x43,
  0x95, 0x43, 0x75, 0x43, 0x76, 0x3b, 0x75, 0x43, 0x96, 0x43, 0xb6, 0x43, 0xb6, 0x4b, 0xf7, 0x4b,
  0x16, 0x5c, 0x38, 0x95, 0x78, 0x9d, 0xf7, 0x8c, 0x96, 0x74, 0x55, 0x6c, 0x55, 0x5c, 0x55, 0x5c,
  0x56, 0x5c, 0x35, 0x5c, 0x35, 0x5c, 0x36, 0x54, 0x35, 0x54, 0x15, 0x54, 0x15, 0x54, 0xf5, 0x4b,
  0xd5, 0x4b, 0xd4, 0x4b, 0x74, 0x43, 0x52, 0x43, 0x52, 0x3b, 0x52, 0x43, 0x52, 0x43, 0x73, 0x43,
  0x72, 0x43, 0x93, 0x43, 0x93, 0x4b, 0xb4, 0x4b, 0xb4, 0x4b, 0xd4, 0x4b, 0xd4, 0x4b, 0xf5, 0x53,
  0x15, 0x54, 0xf5, 0x53, 0x15, 0x54, 0x35, 0x54, 0x15, 0x54, 0x35, 0x64, 0xf6, 0x84, 0x98, 0x9d,
  0xb8, 0xa5, 0xb8, 0xa5, 0xd8, 0xa5, 0xf9, 0xad, 0xf8, 0xad, 0xf8, 0xad, 0x19, 0xae, 0x19, 0xb6,
  0x19, 0xae, 0x39, 0xb6, 0x39, 0xb6, 0x39, 0xb6, 0x5a, 0xb6, 0x3a, 0xb6, 0x59, 0xbe, 0x5a, 0xb6,
  0x5a, 0xbe, 0x7a, 0xbe, 0x7a, 0xc6, 0x9a, 0xc6, 0x7a, 0xc6, 0x9b, 0xc6, 0x9b, 0xc6, 0xbb, 0xc6,
  0x9b, 0xc6, 0xbb, 0xce, 0xbb, 0xce, 0xbb, 0xce, 0xbb, 0xce, 0xbb, 0xc6, 0xbb, 0xce, 0xdc, 0xc6,
  0x7a, 0xb6, 0xfa, 0xa5, 0xfa, 0x9d, 0x1b, 0x9e, 0x1a, 0xa6, 0x1a, 0x9e, 0xfb, 0xa5, 0x1a, 0x9e,
  0x1b, 0xa6, 0xfa, 0x9d, 0xfb, 0x9d, 0xfa, 0x9d, 0xfb, 0x95, 0xfa, 0x95, 0x1b, 0x96, 0xfb, 0x95,
  0xfb, 0x8d, 0xfb, 0x95, 0xfb, 0x95, 0xfa, 0x9d, 0x3b, 0xa6, 0xba, 0x95, 0x5a, 0x7d, 0x19, 0x6d,
  0x38, 0x6d, 0xf9, 0x6c, 0x18, 0x6d, 0xf8, 0x6c, 0xf8, 0x6c, 0xd8, 0x6c, 0xd8, 0x6c, 0xf8, 0x64,
  0xd8, 0x64, 0xd8, 0x64, 0xd7, 0x6c, 0xb7, 0x64, 0xd7, 0x64, 0xb7, 0x64, 0xb7, 0x64, 0x97, 0x64,
  0x97, 0x5c, 0x97, 0x64, 0x97, 0x5c, 0x76, 0x5c, 0x77, 0x5c, 0x56, 0x5c, 0x56, 0x54, 0x36, 0x5c,
  0x36, 0x54, 0x35, 0x54, 0x15, 0x54, 0x15, 0x5c, 0x15, 0x54, 0x15, 0x5c, 0xd4, 0x5b, 0x15, 0x74,
  0x00, 0x00, 0xf0, 0x83, 0x00, 0x00, 0x00, 0x00, 0x00, 0x00, 0x00, 0x00, 0x00, 0x00, 0x00, 0x00,
  0x00, 0x00, 0x00, 0x00, 0x00, 0x00, 0x00, 0x00, 0x00, 0x00, 0x00, 0x00, 0x00, 0x00, 0x00, 0x00,
  0x00, 0x00, 0x00, 0x00, 0x00, 0x00, 0x00, 0x00, 0x00, 0x00, 0x00, 0x00, 0x00, 0x00, 0x00, 0x00,
  0x00, 0x00, 0x00, 0x00, 0x00, 0x00, 0x00, 0x00, 0x00, 0x00, 0x00, 0x00, 0x00, 0x00, 0x00, 0x00,
  0x00, 0x00, 0x00, 0x00, 0x00, 0x00, 0x00, 0x00, 0x00, 0x00, 0x00, 0x00, 0x00, 0x00, 0x00, 0x00,
  0x00, 0x00, 0x00, 0x00, 0x00, 0x00, 0x00, 0x00, 0x00, 0x00, 0x00, 0x00, 0x00, 0x00, 0x00, 0x00,
  0x00, 0x00, 0x00, 0x00, 0x00, 0x00, 0x00, 0x00, 0xef, 0x83, 0x00, 0x00, 0x54, 0x74, 0xd3, 0x63,
  0x51, 0x4b, 0x93, 0x4b, 0xb3, 0x4b, 0xb4, 0x4b, 0xb4, 0x53, 0xd4, 0x4b, 0xb5, 0x4b, 0xb4, 0x53,
  0xd4, 0x4b, 0xb5, 0x4b, 0xb4, 0x4b, 0xb5, 0x4b, 0xb4, 0x43, 0xb4, 0x4b, 0x94, 0x4b, 0xb5, 0x4b,
  0x94, 0x43, 0x75, 0x43, 0x75, 0x43, 0x75, 0x43, 0x75, 0x43, 0x76, 0x3b, 0x75, 0x43, 0x96, 0x43,
  0xb6, 0x43, 0xb6, 0x43, 0xb7, 0x74, 0x79, 0x95, 0xf7, 0x8c, 0x96, 0x74, 0x76, 0x6c, 0x76, 0x64,
  0x56, 0x64, 0x76, 0x64, 0x56, 0x5c, 0x56, 0x5c, 0x56, 0x5c, 0x56, 0x5c, 0x36, 0x5c, 0x36, 0x5c,
  0x15, 0x54, 0x16, 0x5c, 0xf5, 0x4b, 0xd4, 0x4b, 0x94, 0x4b, 0x73, 0x43, 0x52, 0x43, 0x53, 0x43,
  0x73, 0x43, 0x73, 0x43, 0x93, 0x4b, 0x93, 0x4b, 0xb3, 0x4b, 0xb4, 0x4b, 0xd4, 0x4b, 0xd4, 0x4b,
  0xf5, 0x53, 0xf5, 0x53, 0xf5, 0x4b, 0x14, 0x54, 0x15, 0x54, 0x15, 0x54, 0x55, 0x64, 0x37, 0x8d,
  0x98, 0x9d, 0x97, 0x9d, 0xb8, 0xa5, 0xd8, 0xa5, 0xd8, 0xad, 0xf8, 0xad, 0x19, 0xae, 0x19, 0xae,
  0x19, 0xae, 0x19, 0xb6, 0x39, 0xb6, 0x19, 0xb6, 0x3a, 0xb6, 0x39, 0xb6, 0x59, 0xb6, 0x59, 0xbe,
  0x5a, 0xb6, 0x79, 0xbe, 0x7a, 0xbe, 0x9a, 0xc6, 0x7a, 0xbe, 0x9b, 0xc6, 0x9a, 0xc6, 0x9b, 0xc6,
  0x9a, 0xc6, 0x9b, 0xc6, 0xbb, 0xce, 0xbb, 0xc6, 0xba, 0xce, 0xbb, 0xc6, 0xdb, 0xce, 0xbb, 0xce,
  0xdb, 0xce, 0xbb, 0xce, 0xdc, 0xce, 0x9b, 0xbe, 0x1a, 0xa6, 0xfa, 0x9d, 0x1b, 0x9e, 0xfa, 0xa5,
  0x1b, 0x9e, 0xfa, 0x9d, 0x1a, 0x9e, 0xfb, 0x9d, 0x1b, 0x9e, 0x1a, 0x9e, 0xfa, 0x95, 0xfb, 0x95,
  0xfb, 0x95, 0xfb, 0x95, 0xda, 0x95, 0xfb, 0x8d, 0xfa, 0x95, 0xfb, 0x9d, 0x1b, 0xa6, 0xda, 0x95,
  0x59, 0x7d, 0x19, 0x75, 0x18, 0x6d, 0xf8, 0x6c, 0xf9, 0x6c, 0xd8, 0x6c, 0xd8, 0x64, 0xd8, 0x64,
  0xd8, 0x64, 0xd8, 0x6c, 0xd8, 0x64, 0xb7, 0x64, 0xb7, 0x64, 0xb8, 0x64, 0xb7, 0x64, 0xb7, 0x64,
  0x97, 0x5c, 0x97, 0x64, 0x97, 0x64, 0x77, 0x5c, 0x76, 0x5c, 0x76, 0x5c, 0x56, 0x54, 0x56, 0x5c,
  0x56, 0x54, 0x35, 0x54, 0x15, 0x5c, 0x15, 0x54, 0x15, 0x5c, 0xd4, 0x53, 0x15, 0x5c, 0xd3, 0x5b,
  0x14, 0x6c, 0x00, 0x00, 0xf0, 0x7b, 0x00, 0x00, 0x00, 0x00, 0x00, 0x00, 0x00, 0x00, 0x00, 0x00,
  0x00, 0x00, 0x00, 0x00, 0x00, 0x00, 0x00, 0x00, 0x00, 0x00, 0x00, 0x00, 0x00, 0x00, 0x00, 0x00,
  0x00, 0x00, 0x00, 0x00, 0x00, 0x00, 0x00, 0x00, 0x00, 0x00, 0x00, 0x00, 0x00, 0x00, 0x00, 0x00,
  0x00, 0x00, 0x00, 0x00, 0x00, 0x00, 0x00, 0x00, 0x00, 0x00, 0x00, 0x00, 0x00, 0x00, 0x00, 0x00,
  0x00, 0x00, 0x00, 0x00, 0x00, 0x00, 0x00, 0x00, 0x00, 0x00, 0x00, 0x00, 0x00, 0x00, 0x00, 0x00,
  0x00, 0x00, 0x00, 0x00, 0x00, 0x00, 0x00, 0x00, 0x00, 0x00, 0x00, 0x00, 0x00, 0x00, 0x00, 0x00,
  0x00, 0x00, 0x00, 0x00, 0x00, 0x00, 0x00, 0x00, 0x00, 0x00, 0x00, 0x00, 0x10, 0x7c, 0x00, 0x00,
  0x34, 0x74, 0xb3, 0x63, 0x51, 0x4b, 0x92, 0x4b, 0x93, 0x53, 0xb3, 0x4b, 0xb4, 0x4b, 0xd4, 0x4b,
  0xb4, 0x4b, 0xd4, 0x4b, 0xb4, 0x4b, 0xb4, 0x4b, 0xb4, 0x4b, 0xb4, 0x4b, 0xb4, 0x4b, 0x94, 0x4b,
  0x95, 0x43, 0x94, 0x4b, 0x95, 0x43, 0x74, 0x43, 0x75, 0x43, 0x75, 0x3b, 0x75, 0x3b, 0x76, 0x3b,
  0x75, 0x43, 0x96, 0x43, 0x75, 0x3b, 0x16, 0x5c, 0x59, 0x95, 0x18, 0x8d, 0x96, 0x7c, 0x76, 0x6c,
  0x76, 0x6c, 0x76, 0x64, 0x76, 0x64, 0x76, 0x64, 0x76, 0x5c, 0x76, 0x5c, 0x76, 0x5c, 0x56, 0x5c,
  0x56, 0x5c, 0x56, 0x5c, 0x36, 0x5c, 0x35, 0x5c, 0xf5, 0x53, 0xd5, 0x4b, 0xb4, 0x43, 0x73, 0x43,
  0x53, 0x43, 0x53, 0x43, 0x73, 0x4b, 0x73, 0x4b, 0x93, 0x43, 0xb3, 0x4b, 0xb4, 0x43, 0xd4, 0x4b,
  0xd4, 0x53, 0xf4, 0x4b, 0xf5, 0x53, 0xf4, 0x53, 0x15, 0x54, 0x35, 0x5c, 0x15, 0x54, 0x76, 0x74,
  0x37, 0x95, 0x77, 0x9d, 0x97, 0x9d, 0xb7, 0xa5, 0xd8, 0xa5, 0xf8, 0xad, 0xf8, 0xad, 0xf9, 0xad,
  0xf9, 0xad, 0x19, 0xae, 0x19, 0xb6, 0x19, 0xb6, 0x3a, 0xb6, 0x39, 0xb6, 0x59, 0xb6, 0x59, 0xb6,
  0x5a, 0xb6, 0x59, 0xbe, 0x5a, 0xbe, 0x7a, 0xbe, 0x7a, 0xbe, 0x7a, 0xbe, 0x7a, 0xc6, 0x9a, 0xc6,
  0x9b, 0xc6, 0x9a, 0xc6, 0xbb, 0xc6, 0x9b, 0xce, 0xba, 0xce, 0xbb, 0xc6, 0xbb, 0xce, 0xbb, 0xce,
  0xbb, 0xce, 0xbb, 0xce, 0xdb, 0xd6, 0xdb, 0xce, 0xdb, 0xce, 0xdc, 0xce, 0xbc, 0xc6, 0x1a, 0xae,
  0x1a, 0xa6, 0xfb, 0x9d, 0x1a, 0xa6, 0x1a, 0xa6, 0xfa, 0xa5, 0x1b, 0x9e, 0xfa, 0x9d, 0xfb, 0x9d,
  0x1a, 0x96, 0xfb, 0x9d, 0xfa, 0x95, 0xfb, 0x95, 0xfb, 0x8d, 0xfb, 0x95, 0xfb, 0x8d, 0xfa, 0x95,
  0xfb, 0x9d, 0xda, 0x95, 0x59, 0x7d, 0x19, 0x75, 0x19, 0x6d, 0xf8, 0x64, 0xf8, 0x6c, 0xd8, 0x6c,
  0xd8, 0x6c, 0xd8, 0x64, 0xd8, 0x64, 0xb7, 0x64, 0xb8, 0x5c, 0xb7, 0x64, 0xb7, 0x5c, 0x97, 0x64,
  0x97, 0x5c, 0x97, 0x64, 0x77, 0x64, 0x77, 0x5c, 0x76, 0x5c, 0x56, 0x5c, 0x57, 0x5c, 0x56, 0x5c,
  0x36, 0x54, 0x36, 0x5c, 0x15, 0x54, 0x16, 0x54, 0x15, 0x54, 0xf4, 0x53, 0xd4, 0x53, 0xf5, 0x5b,
  0xd3, 0x5b, 0xf3, 0x5b, 0x00, 0x00, 0xff, 0x7b, 0x00, 0x00, 0x00, 0x00, 0x00, 0x00, 0x00, 0x00,
  0x00, 0x00, 0x00, 0x00, 0x00, 0x00, 0x00, 0x00, 0x00, 0x00, 0x00, 0x00, 0x00, 0x00, 0x00, 0x00,
  0x00, 0x00, 0x00, 0x00, 0x00, 0x00, 0x00, 0x00, 0x00, 0x00, 0x00, 0x00, 0x00, 0x00, 0x00, 0x00,
  0x00, 0x00, 0x00, 0x00, 0x00, 0x00, 0x00, 0x00, 0x00, 0x00, 0x00, 0x00, 0x00, 0x00, 0x00, 0x00,
  0x00, 0x00, 0x00, 0x00, 0x00, 0x00, 0x00, 0x00, 0x00, 0x00, 0x00, 0x00, 0x00, 0x00, 0x00, 0x00,
  0x00, 0x00, 0x00, 0x00, 0x00, 0x00, 0x00, 0x00, 0x00, 0x00, 0x00, 0x00, 0x00, 0x00, 0x00, 0x00,
  0x00, 0x00, 0x00, 0x00, 0x00, 0x00, 0x00, 0x00, 0x00, 0x00, 0x00, 0x00, 0x00, 0x00, 0x00, 0x00,
  0x54, 0x55, 0x00, 0x00, 0x13, 0x74, 0xd2, 0x63, 0x51, 0x4b, 0x73, 0x4b, 0x93, 0x4b, 0x93, 0x4b,
  0xb3, 0x4b, 0xb4, 0x53, 0xd4, 0x4b, 0xb4, 0x4b, 0xb4, 0x4b, 0xb4, 0x4b, 0xb4, 0x43, 0x94, 0x4b,
  0x94, 0x4b, 0x94, 0x43, 0x94, 0x4b, 0x94, 0x43, 0x74, 0x43, 0x75, 0x43, 0x75, 0x43, 0x55, 0x43,
  0x75, 0x3b, 0x55, 0x43, 0x96, 0x3b, 0x76, 0x3b, 0xb5, 0x4b, 0x39, 0x8d, 0x38, 0x8d, 0xb7, 0x7c,
  0x96, 0x6c, 0x76, 0x6c, 0x76, 0x64, 0x97, 0x64, 0x96, 0x64, 0x97, 0x64, 0x77, 0x64, 0x96, 0x5c,
  0x77, 0x64, 0x77, 0x5c, 0x76, 0x64, 0x76, 0x64, 0x56, 0x64, 0x56, 0x5c, 0x16, 0x54, 0xf5, 0x4b,
  0x94, 0x43, 0x73, 0x43, 0x72, 0x43, 0x73, 0x43, 0x73, 0x4b, 0x93, 0x4b, 0xb3, 0x4b, 0xb4, 0x4b,
  0xd4, 0x4b, 0xd4, 0x4b, 0xd4, 0x53, 0xf5, 0x53, 0x15, 0x54, 0x15, 0x54, 0x15, 0x5c, 0x15, 0x54,
  0x55, 0x6c, 0x57, 0x8d, 0x77, 0x9d, 0x97, 0x9d, 0xb7, 0xa5, 0xd8, 0xad, 0xd8, 0xa5, 0xd8, 0xad,
  0xf9, 0xad, 0xf9, 0xad, 0x18, 0xae, 0x19, 0xb6, 0x19, 0xb6, 0x19, 0xb6, 0x39, 0xb6, 0x39, 0xb6,
  0x39, 0xb6, 0x3a, 0xb6, 0x59, 0xbe, 0x5a, 0xb6, 0x5a, 0xbe, 0x7a, 0xbe, 0x7a, 0xbe, 0x9a, 0xc6,
  0x7b, 0xc6, 0x9a, 0xc6, 0x9b, 0xc6, 0xbb, 0xc6, 0x9a, 0xce, 0x9b, 0xc6, 0x9b, 0xce, 0xbb, 0xce,
  0xbb, 0xce, 0xbb, 0xce, 0xbc, 0xce, 0xbb, 0xd6, 0xbb, 0xce, 0xdc, 0xce, 0xdb, 0xce, 0xdc, 0xce,
  0xdc, 0xd6, 0xbb, 0xc6, 0x1a, 0xae, 0xfa, 0x9d, 0x1b, 0xa6, 0xfa, 0x9d, 0x1a, 0xa6, 0xfb, 0x9d,
  0xfa, 0x9d, 0x1b, 0x9e, 0xfa, 0x9d, 0xfa, 0x95, 0xfb, 0x95, 0xfa, 0x95, 0xfb, 0x8d, 0xfa, 0x95,
  0xfb, 0x95, 0xdb, 0x95, 0xfa, 0x9d, 0xdb, 0x95, 0x59, 0x7d, 0x18, 0x6d, 0x18, 0x6d, 0xf9, 0x6c,
  0xd8, 0x64, 0xd8, 0x64, 0xb8, 0x64, 0xb8, 0x64, 0xb7, 0x64, 0xb8, 0x64, 0x97, 0x64, 0x97, 0x64,
  0x97, 0x5c, 0x97, 0x5c, 0x77, 0x5c, 0x77, 0x5c, 0x77, 0x5c, 0x76, 0x5c, 0x57, 0x54, 0x56, 0x5c,
  0x36, 0x54, 0x35, 0x54, 0x15, 0x54, 0x15, 0x54, 0x15, 0x54, 0xf4, 0x53, 0xd4, 0x53, 0xd4, 0x53,
  0xd5, 0x5b, 0xd3, 0x5b, 0x94, 0x73, 0x00, 0x00, 0x1f, 0x7c, 0x00, 0x00, 0x00, 0x00, 0x00, 0x00,
  0x00, 0x00, 0x00, 0x00, 0x00, 0x00, 0x00, 0x00, 0x00, 0x00, 0x00, 0x00, 0x00, 0x00, 0x00, 0x00,
  0x00, 0x00, 0x00, 0x00, 0x00, 0x00, 0x00, 0x00, 0x00, 0x00, 0x00, 0x00, 0x00, 0x00, 0x00, 0x00,
  0x00, 0x00, 0x00, 0x00, 0x00, 0x00, 0x00, 0x00, 0x00, 0x00, 0x00, 0x00, 0x00, 0x00, 0x00, 0x00,
  0x00, 0x00, 0x00, 0x00, 0x00, 0x00, 0x00, 0x00, 0x00, 0x00, 0x00, 0x00, 0x00, 0x00, 0x00, 0x00,
  0x00, 0x00, 0x00, 0x00, 0x00, 0x00, 0x00, 0x00, 0x00, 0x00, 0x00, 0x00, 0x00, 0x00, 0x00, 0x00,
  0x00, 0x00, 0x00, 0x00, 0x00, 0x00, 0x00, 0x00, 0x00, 0x00, 0x00, 0x00, 0x00, 0x00, 0x00, 0x00,
  0x00, 0x00, 0x00, 0x00, 0xb5, 0x5a, 0x00, 0x00, 0x33, 0x74, 0xb3, 0x63, 0x31, 0x4b, 0x72, 0x4b,
  0x92, 0x4b, 0x93, 0x53, 0xb4, 0x4b, 0xb3, 0x4b, 0xb4, 0x4b, 0x94, 0x4b, 0xb4, 0x4b, 0xb4, 0x4b,
  0xb4, 0x4b, 0x94, 0x4b, 0xb4, 0x4b, 0x94, 0x43, 0x74, 0x4b, 0x94, 0x43, 0x74, 0x43, 0x74, 0x3b,
  0x74, 0x43, 0x55, 0x3b, 0x55, 0x3b, 0x55, 0x3b, 0x76, 0x3b, 0x55, 0x3b, 0xd8, 0x7c, 0x58, 0x9d,
  0xd7, 0x7c, 0x96, 0x74, 0x56, 0x64, 0x76, 0x64, 0x96, 0x64, 0x97, 0x64, 0x97, 0x64, 0x97, 0x64,
  0x96, 0x64, 0x97, 0x64, 0x96, 0x64, 0x97, 0x64, 0x96, 0x64, 0x77, 0x64, 0x76, 0x64, 0x56, 0x5c,
  0x15, 0x54, 0xf5, 0x4b, 0x94, 0x4b, 0x73, 0x43, 0x53, 0x43, 0x73, 0x4b, 0x93, 0x43, 0x93, 0x4b,
  0xb4, 0x4b, 0xb4, 0x4b, 0xd3, 0x53, 0xd4, 0x4b, 0xf5, 0x53, 0xf5, 0x53, 0x15, 0x54, 0x15, 0x54,
  0xf5, 0x53, 0x55, 0x64, 0x37, 0x95, 0x77, 0x9d, 0x97, 0x9d, 0xb7, 0xa5, 0xb8, 0xa5, 0xd8, 0xad,
  0xd8, 0xad, 0xf9, 0xad, 0xf8, 0xad, 0x19, 0xae, 0xf9, 0xb5, 0x19, 0xb6, 0x19, 0xb6, 0x19, 0xb6,
  0x39, 0xb6, 0x39, 0xb6, 0x59, 0xb6, 0x59, 0xbe, 0x5a, 0xb6, 0x59, 0xbe, 0x5a, 0xbe, 0x7a, 0xbe,
  0x7a, 0xbe, 0x7a, 0xc6, 0x9a, 0xbe, 0x9b, 0xc6, 0x9a, 0xc6, 0x9b, 0xc6, 0x9b, 0xc6, 0xbb, 0xce,
  0xbb, 0xc6, 0xbb, 0xce, 0xbb, 0xc6, 0xbb, 0xce, 0xdb, 0xce, 0xdb, 0xce, 0xdb, 0xce, 0xbb, 0xd6,
  0xdb, 0xce, 0xdc, 0xce, 0xdb, 0xce, 0xdc, 0xd6, 0xbc, 0xbe, 0xfa, 0xa5, 0xfb, 0xa5, 0x1a, 0x9e,
  0xfb, 0xa5, 0x1a, 0x9e, 0xfb, 0x9d, 0x1a, 0x9e, 0xfb, 0x95, 0xfb, 0x95, 0xfa, 0x95, 0xfb, 0x95,
  0xfb, 0x8d, 0xfb, 0x8d, 0xda, 0x95, 0xdb, 0x8d, 0xfb, 0x9d, 0xda, 0x95, 0x79, 0x85, 0x19, 0x6d,
  0xf8, 0x6c, 0xf8, 0x6c, 0xd8, 0x64, 0xd8, 0x64, 0xb8, 0x64, 0xb8, 0x64, 0xb7, 0x5c, 0x97, 0x64,
  0x97, 0x5c, 0x97, 0x5c, 0x77, 0x5c, 0x77, 0x64, 0x77, 0x5c, 0x56, 0x5c, 0x56, 0x5c, 0x56, 0x54,
  0x36, 0x54, 0x36, 0x54, 0x15, 0x54, 0x16, 0x54, 0x15, 0x54, 0xf5, 0x53, 0xf4, 0x53, 0xb4, 0x53,
  0xb4, 0x53, 0xb4, 0x53, 0xb2, 0x5b, 0x00, 0x00, 0x00, 0x00, 0x0f, 0x84, 0x00, 0x00, 0x00, 0x00,
  0x00, 0x00, 0x00, 0x00, 0x00, 0x00, 0x00, 0x00, 0x00, 0x00, 0x00, 0x00, 0x00, 0x00, 0x00, 0x00,
  0x00, 0x00, 0x00, 0x00, 0x00, 0x00, 0x00, 0x00, 0x00, 0x00, 0x00, 0x00, 0x00, 0x00, 0x00, 0x00,
  0x00, 0x00, 0x00, 0x00, 0x00, 0x00, 0x00, 0x00, 0x00, 0x00, 0x00, 0x00, 0x00, 0x00, 0x00, 0x00,
  0x00, 0x00, 0x00, 0x00, 0x00, 0x00, 0x00, 0x00, 0x00, 0x00, 0x00, 0x00, 0x00, 0x00, 0x00, 0x00,
  0x00, 0x00, 0x00, 0x00, 0x00, 0x00, 0x00, 0x00, 0x00, 0x00, 0x00, 0x00, 0x00, 0x00, 0x00, 0x00,
  0x00, 0x00, 0x00, 0x00, 0x00, 0x00, 0x00, 0x00, 0x00, 0x00, 0x00, 0x00, 0x00, 0x00, 0x00, 0x00,
  0x00, 0x00, 0x00, 0x00, 0x00, 0x00, 0x00, 0x00, 0xef, 0x7b, 0x00, 0x00, 0x54, 0x84, 0x92, 0x5b,
  0x51, 0x4b, 0x72, 0x4b, 0x93, 0x4b, 0x73, 0x4b, 0xb3, 0x4b, 0xb4, 0x4b, 0xb4, 0x4b, 0xb4, 0x4b,
  0xb4, 0x4b, 0x94, 0x43, 0xb4, 0x4b, 0x94, 0x43, 0x94, 0x43, 0x94, 0x43, 0x74, 0x4b, 0x94, 0x43,
  0x94, 0x43, 0x75, 0x43, 0x54, 0x3b, 0x55, 0x3b, 0x55, 0x3b, 0x55, 0x3b, 0x35, 0x33, 0x36, 0x64,
  0x79, 0x9d, 0xf7, 0x8c, 0x96, 0x74, 0x76, 0x64, 0x76, 0x64, 0x76, 0x64, 0x97, 0x64, 0x97, 0x64,
  0xb6, 0x64, 0xb7, 0x64, 0x97, 0x64, 0xb7, 0x64, 0x97, 0x64, 0xb7, 0x64, 0x97, 0x6c, 0x97, 0x64,
  0x76, 0x64, 0x56, 0x5c, 0x16, 0x54, 0xd5, 0x4b, 0x94, 0x43, 0x53, 0x43, 0x73, 0x43, 0x73, 0x43,
  0x73, 0x4b, 0x94, 0x4b, 0xb3, 0x4b, 0xd4, 0x4b, 0xd4, 0x53, 0xd5, 0x53, 0xf4, 0x4b, 0xf5, 0x53,
  0x15, 0x54, 0xf5, 0x53, 0x15, 0x64, 0xf6, 0x8c, 0x76, 0x95, 0x77, 0xa5, 0x97, 0xa5, 0xb8, 0xa5,
  0xb8, 0xa5, 0xd8, 0xad, 0xf9, 0xa5, 0xf9, 0xad, 0xf9, 0xad, 0xf9, 0xb5, 0x19, 0xae, 0x19, 0xb6,
  0x39, 0xb6, 0x39, 0xb6, 0x39, 0xb6, 0x39, 0xb6, 0x5a, 0xb6, 0x59, 0xb6, 0x3a, 0xbe, 0x59, 0xb6,
  0x7a, 0xbe, 0x59, 0xbe, 0x7a, 0xc6, 0x9a, 0xc6, 0x9a, 0xc6, 0x9b, 0xc6, 0x9b, 0xc6, 0x9a, 0xce,
  0x9b, 0xce, 0x9a, 0xce, 0xbb, 0xc6, 0xbb, 0xce, 0xbb, 0xce, 0xbb, 0xce, 0xba, 0xce, 0xdb, 0xd6,
  0xbb, 0xce, 0xdb, 0xce, 0xdb, 0xd6, 0xdb, 0xce, 0xdb, 0xd6, 0xdb, 0xce, 0xdc, 0xce, 0x9b, 0xbe,
  0xfa, 0xa5, 0x1a, 0xa6, 0x1b, 0xa6, 0x1a, 0x9e, 0xfb, 0x9d, 0xfa, 0x9d, 0x1b, 0x9e, 0xfa, 0x95,
  0xfb, 0x95, 0xfb, 0x95, 0xfa, 0x95, 0xfb, 0x8d, 0xfb, 0x8d, 0xdb, 0x95, 0xda, 0x95, 0xdb, 0x95,
  0x79, 0x85, 0x39, 0x75, 0xf9, 0x6c, 0xf8, 0x64, 0xd8, 0x6c, 0xd8, 0x64, 0xb7, 0x64, 0x97, 0x5c,
  0x97, 0x64, 0x97, 0x5c, 0x77, 0x5c, 0x77, 0x5c, 0x77, 0x5c, 0x56, 0x5c, 0x36, 0x5c, 0x56, 0x54,
  0x36, 0x54, 0x36, 0x5c, 0x15, 0x54, 0x15, 0x54, 0x15, 0x54, 0xf5, 0x53, 0xd4, 0x53, 0xd4, 0x4b,
  0xb4, 0x4b, 0xb4, 0x53, 0x93, 0x53, 0xb3, 0x53, 0x00, 0x00, 0x1f, 0x00, 0xff, 0xff, 0x00, 0x00,
  0x00, 0x00, 0x00, 0x00, 0x00, 0x00, 0x00, 0x00, 0x00, 0x00, 0x00, 0x00, 0x00, 0x00, 0x00, 0x00,
  0x00, 0x00, 0x00, 0x00, 0x00, 0x00, 0x00, 0x00, 0x00, 0x00, 0x00, 0x00, 0x00, 0x00, 0x00, 0x00,
  0x00, 0x00, 0x00, 0x00, 0x00, 0x00, 0x00, 0x00, 0x00, 0x00, 0x00, 0x00, 0x00, 0x00, 0x00, 0x00,
  0x00, 0x00, 0x00, 0x00, 0x00, 0x00, 0x00, 0x00, 0x00, 0x00, 0x00, 0x00, 0x00, 0x00, 0x00, 0x00,
  0x00, 0x00, 0x00, 0x00, 0x00, 0x00, 0x00, 0x00, 0x00, 0x00, 0x00, 0x00, 0x00, 0x00, 0x00, 0x00,
  0x00, 0x00, 0x00, 0x00, 0x00, 0x00, 0x00, 0x00, 0x00, 0x00, 0x00, 0x00, 0x00, 0x00, 0x00, 0x00,
  0x00, 0x00, 0x00, 0x00, 0x00, 0x00, 0x00, 0x00, 0x00, 0x00, 0x00, 0x00, 0x10, 0x84, 0x00, 0x00,
  0x95, 0x84, 0x92, 0x5b, 0x31, 0x4b, 0x51, 0x4b, 0x72, 0x4b, 0x73, 0x4b, 0xb3, 0x4b, 0x93, 0x43,
  0xb3, 0x4b, 0xb4, 0x4b, 0x93, 0x4b, 0xb4, 0x4b, 0x93, 0x43, 0x93, 0x4b, 0x94, 0x4b, 0x93, 0x43,
  0x94, 0x43, 0x74, 0x43, 0x74, 0x43, 0x74, 0x43, 0x54, 0x43, 0x55, 0x3b, 0x54, 0x3b, 0x35, 0x33,
  0x75, 0x4b, 0x59, 0x8d, 0x37, 0x95, 0xb7, 0x74, 0x96, 0x6c, 0x76, 0x6c, 0x96, 0x64, 0x97, 0x64,
  0xb7, 0x64, 0xb7, 0x64, 0xb7, 0x64, 0xb7, 0x64, 0xb7, 0x6c, 0xb7, 0x64, 0xd7, 0x6c, 0xb7, 0x6c,
  0xb7, 0x6c, 0x96, 0x6c, 0x77, 0x64, 0x56, 0x5c, 0x16, 0x54, 0xf5, 0x4b, 0x93, 0x43, 0x53, 0x3b,
  0x73, 0x43, 0x94, 0x4b, 0x93, 0x4b, 0xb3, 0x4b, 0xd4, 0x4b, 0xd4, 0x4b, 0xf4, 0x4b, 0xf5, 0x53,
  0xf5, 0x53, 0x14, 0x54, 0x15, 0x54, 0xf4, 0x53, 0xb6, 0x7c, 0x56, 0x95, 0x77, 0x9d, 0x97, 0xa5,
  0xb7, 0xa5, 0xb7, 0xa5, 0xd8, 0xa5, 0xf8, 0xad, 0xf8, 0xad, 0xf8, 0xad, 0xf9, 0xb5, 0x19, 0xae,
  0x19, 0xb6, 0x39, 0xae, 0x19, 0xb6, 0x39, 0xb6, 0x39, 0xb6, 0x39, 0xb6, 0x39, 0xb6, 0x59, 0xbe,
  0x5a, 0xbe, 0x5a, 0xb6, 0x7a, 0xbe, 0x7a, 0xbe, 0x7a, 0xbe, 0x7a, 0xbe, 0x9b, 0xc6, 0x7a, 0xc6,
  0x9a, 0xc6, 0x9b, 0xc6, 0xba, 0xc6, 0x9b, 0xce, 0xbb, 0xc6, 0xbb, 0xce, 0xbb, 0xc6, 0xbb, 0xce,
  0xdb, 0xce, 0xdb, 0xce, 0xdb, 0xce, 0xbb, 0xce, 0xdb, 0xd6, 0xdb, 0xce, 0xdb, 0xce, 0xdb, 0xd6,
  0xdb, 0xce, 0xdc, 0xce, 0x5b, 0xb6, 0xfa, 0xa5, 0x1b, 0x9e, 0x1a, 0xa6, 0xfb, 0x9d, 0x1a, 0x9e,
  0xfa, 0x95, 0x1b, 0x96, 0xfb, 0x95, 0xfb, 0x95, 0xdb, 0x8d, 0xda, 0x8d, 0xfb, 0x8d, 0xda, 0x8d,
  0xdb, 0x8d, 0xda, 0x8d, 0x9a, 0x85, 0x39, 0x75, 0xf8, 0x6c, 0xd8, 0x64, 0xd8, 0x64, 0xb7, 0x64,
  0xb8, 0x5c, 0x97, 0x64, 0x97, 0x5c, 0x77, 0x5c, 0x77, 0x5c, 0x56, 0x5c, 0x36, 0x54, 0x36, 0x5c,
  0x36, 0x54, 0x15, 0x54, 0x16, 0x54, 0xf5, 0x53, 0xf5, 0x53, 0xf5, 0x4b, 0xd5, 0x4b, 0xd4, 0x53,
  0x93, 0x4b, 0x93, 0x4b, 0xb4, 0x53, 0x92, 0x53, 0x72, 0x53, 0x00, 0x00, 0xb4, 0x52, 0x00, 0x00,
  0x00, 0x00, 0x00, 0x00, 0x00, 0x00, 0x00, 0x00, 0x00, 0x00, 0x00, 0x00, 0x00, 0x00, 0x00, 0x00,
  0x00, 0x00, 0x00, 0x00, 0x00, 0x00, 0x00, 0x00, 0x00, 0x00, 0x00, 0x00, 0x00, 0x00, 0x00, 0x00,
  0x00, 0x00, 0x00, 0x00, 0x00, 0x00, 0x00, 0x00, 0x00, 0x00, 0x00, 0x00, 0x00, 0x00, 0x00, 0x00,
  0x00, 0x00, 0x00, 0x00, 0x00, 0x00, 0x00, 0x00, 0x00, 0x00, 0x00, 0x00, 0x00, 0x00, 0x00, 0x00,
  0x00, 0x00, 0x00, 0x00, 0x00, 0x00, 0x00, 0x00, 0x00, 0x00, 0x00, 0x00, 0x00, 0x00, 0x00, 0x00,
  0x00, 0x00, 0x00, 0x00, 0x00, 0x00, 0x00, 0x00, 0x00, 0x00, 0x00, 0x00, 0x00, 0x00, 0x00, 0x00,
  0x00, 0x00, 0x00, 0x00, 0x00, 0x00, 0x00, 0x00, 0x00, 0x00, 0x00, 0x00, 0x00, 0x00, 0x00, 0x00,
  0x00, 0x00, 0x00, 0x00, 0x58, 0xad, 0xb2, 0x63, 0x51, 0x4b, 0x32, 0x4b, 0x72, 0x4b, 0x72, 0x4b,
  0x93, 0x4b, 0x93, 0x4b, 0xb4, 0x4b, 0xb3, 0x4b, 0x94, 0x43, 0x94, 0x4b, 0xb4, 0x4b, 0x94, 0x43,
  0x94, 0x4b, 0x94, 0x43, 0x73, 0x4b, 0x94, 0x43, 0x74, 0x43, 0x74, 0x43, 0x74, 0x3b, 0x55, 0x3b,
  0x55, 0x3b, 0x13, 0x33, 0x77, 0x6c, 0x58, 0x9d, 0xd7, 0x7c, 0x76, 0x74, 0x76, 0x64, 0x96, 0x64,
  0x97, 0x6c, 0xb6, 0x64, 0xb7, 0x64, 0xb7, 0x64, 0xd7, 0x64, 0xb8, 0x64, 0xb7, 0x6c, 0xd8, 0x6c,
  0xd8, 0x6c, 0xd7, 0x6c, 0xb7, 0x6c, 0xb7, 0x64, 0x76, 0x64, 0x56, 0x54, 0x16, 0x54, 0xd5, 0x4b,
  0x74, 0x3b, 0x53, 0x43, 0x73, 0x43, 0x93, 0x4b, 0xb4, 0x4b, 0xb4, 0x4b, 0xb4, 0x4b, 0xd4, 0x53,
  0xf4, 0x53, 0xf5, 0x53, 0x14, 0x54, 0x15, 0x54, 0xf5, 0x53, 0x35, 0x64, 0x16, 0x95, 0x76, 0x9d,
  0x77, 0x9d, 0xb7, 0xa5, 0xb7, 0xa5, 0xb8, 0xa5, 0xd8, 0xad, 0xd8, 0xad, 0xf8, 0xad, 0xd9, 0xad,
  0xf8, 0xad, 0x19, 0xae, 0x18, 0xb6, 0x39, 0xb6, 0x19, 0xae, 0x19, 0xb6, 0x39, 0xb6, 0x39, 0xb6,
  0x5a, 0xb6, 0x39, 0xb6, 0x59, 0xbe, 0x5a, 0xbe, 0x5a, 0xbe, 0x7a, 0xbe, 0x7a, 0xc6, 0x7a, 0xc6,
  0x7a, 0xbe, 0x9b, 0xc6, 0x9a, 0xce, 0x9b, 0xc6, 0x9b, 0xc6, 0x9b, 0xc6, 0xbb, 0xc6, 0x9b, 0xce,
  0xbb, 0xce, 0xbb, 0xce, 0xba, 0xce, 0xbb, 0xce, 0xba, 0xce, 0xbb, 0xce, 0xbb, 0xce, 0xbb, 0xd6,
  0xdb, 0xce, 0xdb, 0xce, 0xdb, 0xce, 0xdb, 0xce, 0xbc, 0xce, 0x3a, 0xa6, 0xfa, 0xa5, 0x1b, 0x9e,
  0xfb, 0x9d, 0x1a, 0x9e, 0xfb, 0x95, 0xfa, 0x9d, 0xfb, 0x95, 0xfb, 0x95, 0xfb, 0x8d, 0xda, 0x95,
  0xdb, 0x8d, 0xdb, 0x8d, 0xda, 0x8d, 0xba, 0x8d, 0x9a, 0x85, 0x38, 0x75, 0xf8, 0x6c, 0xd8, 0x6c,
  0xb8, 0x64, 0xb7, 0x5c, 0x97, 0x64, 0x77, 0x5c, 0x77, 0x5c, 0x57, 0x5c, 0x56, 0x5c, 0x36, 0x5c,
  0x36, 0x54, 0x15, 0x54, 0x15, 0x54, 0xf5, 0x4b, 0xf5, 0x53, 0xf5, 0x4b, 0xd5, 0x4b, 0xd4, 0x53,
  0xb4, 0x4b, 0x93, 0x4b, 0xb4, 0x53, 0x72, 0x53, 0x72, 0x53, 0x72, 0x6b, 0x00, 0x00, 0x54, 0x55,
  0x00, 0x00, 0x00, 0x00, 0x00, 0x00, 0x00, 0x00, 0x00, 0x00, 0x00, 0x00, 0x00, 0x00, 0x00, 0x00,
  0x00, 0x00, 0x00, 0x00, 0x00, 0x00, 0x00, 0x00, 0x00, 0x00, 0x00, 0x00, 0x00, 0x00, 0x00, 0x00,
  0x00, 0x00, 0x00, 0x00, 0x00, 0x00, 0x00, 0x00, 0x00, 0x00, 0x00, 0x00, 0x00, 0x00, 0x00, 0x00,
  0x00, 0x00, 0x00, 0x00, 0x00, 0x00, 0x00, 0x00, 0x00, 0x00, 0x00, 0x00, 0x00, 0x00, 0x00, 0x00,
  0x00, 0x00, 0x00, 0x00, 0x00, 0x00, 0x00, 0x00, 0x00, 0x00, 0x00, 0x00, 0x00, 0x00, 0x00, 0x00,
  0x00, 0x00, 0x00, 0x00, 0x00, 0x00, 0x00, 0x00, 0x00, 0x00, 0x00, 0x00, 0x00, 0x00, 0x00, 0x00,
  0x00, 0x00, 0x00, 0x00, 0x00, 0x00, 0x00, 0x00, 0x00, 0x00, 0x00, 0x00, 0x00, 0x00, 0x00, 0x00,
  0x00, 0x00, 0x00, 0x00, 0x00, 0x00, 0x00, 0x00, 0x00, 0x00, 0xb2, 0x5b, 0x51, 0x53, 0x31, 0x43,
  0x72, 0x43, 0x73, 0x4b, 0x93, 0x43, 0x93, 0x4b, 0xb3, 0x4b, 0x94, 0x4b, 0x93, 0x4b, 0x94, 0x4b,
  0x93, 0x4b, 0x94, 0x43, 0x93, 0x4b, 0x74, 0x43, 0x74, 0x43, 0x73, 0x43, 0x74, 0x43, 0x74, 0x3b,
  0x54, 0x43, 0x55, 0x3b, 0x14, 0x3b, 0x74, 0x4b, 0x59, 0x95, 0xf7, 0x84, 0x96, 0x74, 0x76, 0x6c,
  0x96, 0x64, 0xb7, 0x6c, 0xb7, 0x64, 0xb7, 0x64, 0xd7, 0x64, 0xd7, 0x64, 0xd7, 0x6c, 0xd7, 0x64,
  0xd8, 0x6c, 0xd7, 0x74, 0xf7, 0x74, 0xd8, 0x74, 0xd7, 0x6c, 0x97, 0x64, 0x77, 0x64, 0x36, 0x54,
  0x16, 0x4c, 0xb4, 0x43, 0x54, 0x43, 0x53, 0x3b, 0x73, 0x43, 0x94, 0x4b, 0xb3, 0x4b, 0xb4, 0x4b,
  0xd4, 0x53, 0xd4, 0x4b, 0xf5, 0x53, 0x15, 0x54, 0x15, 0x54, 0x15, 0x54, 0xf4, 0x5b, 0xd6, 0x84,
  0x56, 0x95, 0x77, 0x9d, 0x76, 0x9d, 0x97, 0xa5, 0xb8, 0xa5, 0xb8, 0xa5, 0xd8, 0xa5, 0xd8, 0xad,
  0xd8, 0xa5, 0xf9, 0xad, 0x18, 0xae, 0x19, 0xb6, 0x19, 0xae, 0x19, 0xb6, 0x38, 0xb6, 0x39, 0xae,
  0x39, 0xb6, 0x39, 0xb6, 0x59, 0xb6, 0x5a, 0xbe, 0x59, 0xb6, 0x5a, 0xbe, 0x79, 0xbe, 0x7a, 0xbe,
  0x7a, 0xbe, 0x7a, 0xbe, 0x7a, 0xc6, 0x9a, 0xc6, 0x9b, 0xc6, 0x9a, 0xc6, 0x9b, 0xc6, 0x9a, 0xce,
  0x9b, 0xc6, 0xbb, 0xce, 0xba, 0xce, 0xbb, 0xc6, 0xbb, 0xce, 0xbb, 0xce, 0xdb, 0xce, 0xbb, 0xce,
  0xda, 0xce, 0xbb, 0xce, 0xbb, 0xd6, 0xbc, 0xce, 0xdb, 0xce, 0xbb, 0xce, 0xdc, 0xce, 0x9b, 0xbe,
  0xfa, 0x9d, 0xfb, 0x9d, 0x1b, 0x9e, 0x1a, 0x9e, 0xfb, 0x95, 0xfa, 0x9d, 0xfb, 0x95, 0xfa, 0x95,
  0xfb, 0x8d, 0xdb, 0x8d, 0xfa, 0x8d, 0xdb, 0x8d, 0xdb, 0x85, 0xba, 0x85, 0x7a, 0x85, 0x39, 0x75,
  0x18, 0x6d, 0xd8, 0x64, 0xd8, 0x64, 0xb7, 0x5c, 0x97, 0x5c, 0x77, 0x5c, 0x57, 0x5c, 0x56, 0x54,
  0x36, 0x5c, 0x16, 0x54, 0x15, 0x54, 0x16, 0x54, 0xf5, 0x4b, 0xf5, 0x53, 0xd4, 0x4b, 0xb4, 0x4b,
  0xb4, 0x4b, 0x94, 0x4b, 0x93, 0x4b, 0xb3, 0x53, 0x72, 0x53, 0x72, 0x53, 0x00, 0x00, 0x00, 0x00,
  0xef, 0x7b, 0x00, 0x00, 0x00, 0x00, 0x00, 0x00, 0x00, 0x00, 0x00, 0x00, 0x00, 0x00, 0x00, 0x00,
  0x00, 0x00, 0x00, 0x00, 0x00, 0x00, 0x00, 0x00, 0x00, 0x00, 0x00, 0x00, 0x00, 0x00, 0x00, 0x00,
  0x00, 0x00, 0x00, 0x00, 0x00, 0x00, 0x00, 0x00, 0x00, 0x00, 0x00, 0x00, 0x00, 0x00, 0x00, 0x00,
  0x00, 0x00, 0x00, 0x00, 0x00, 0x00, 0x00, 0x00, 0x00, 0x00, 0x00, 0x00, 0x00, 0x00, 0x00, 0x00,
  0x00, 0x00, 0x00, 0x00, 0x00, 0x00, 0x00, 0x00, 0x00, 0x00, 0x00, 0x00, 0x00, 0x00, 0x00, 0x00,
  0x00, 0x00, 0x00, 0x00, 0x00, 0x00, 0x00, 0x00, 0x00, 0x00, 0x00, 0x00, 0x00, 0x00, 0x00, 0x00,
  0x00, 0x00, 0x00, 0x00, 0x00, 0x00, 0x00, 0x00, 0x00, 0x00, 0x00, 0x00, 0x00, 0x00, 0x00, 0x00,
  0x00, 0x00, 0x00, 0x00, 0x00, 0x00, 0x00, 0x00, 0x00, 0x00, 0xb5, 0x52, 0x00, 0x00, 0xb2, 0x63,
  0x72, 0x53, 0x31, 0x4b, 0x52, 0x43, 0x72, 0x4b, 0x73, 0x4b, 0x93, 0x43, 0x93, 0x4b, 0xb3, 0x43,
  0x93, 0x4b, 0x94, 0x4b, 0x94, 0x43, 0x93, 0x43, 0x74, 0x4b, 0x73, 0x43, 0x74, 0x43, 0x73, 0x43,
  0x74, 0x43, 0x74, 0x43, 0x74, 0x43, 0x54, 0x3b, 0x13, 0x3b, 0x97, 0x7c, 0x38, 0x8d, 0x96, 0x74,
  0x76, 0x64, 0x96, 0x64, 0x96, 0x6c, 0xb7, 0x64, 0xb7, 0x64, 0xd7, 0x6c, 0xb8, 0x64, 0xd7, 0x64,
  0xd8, 0x6c, 0xd8, 0x6c, 0xf8, 0x74, 0xf8, 0x6c, 0xf8, 0x74, 0xf7, 0x74, 0xd7, 0x6c, 0x97, 0x64,
  0x77, 0x5c, 0x36, 0x54, 0xd6, 0x4b, 0x74, 0x43, 0x54, 0x3b, 0x53, 0x43, 0x94, 0x43, 0x94, 0x4b,
  0xb4, 0x43, 0xd4, 0x4b, 0xd4, 0x4b, 0xf4, 0x53, 0xf4, 0x53, 0xf5, 0x53, 0xf5, 0x5b, 0xd5, 0x53,
  0x35, 0x6c, 0x36, 0x95, 0x56, 0x9d, 0x77, 0x9d, 0x97, 0xa5, 0xb7, 0xa5, 0xb7, 0xa5, 0xd8, 0xa5,
  0xd8, 0xa5, 0xf8, 0xad, 0xf8, 0xad, 0xf9, 0xad, 0xf8, 0xad, 0x18, 0xae, 0x19, 0xb6, 0x19, 0xae,
  0x19, 0xb6, 0x39, 0xb6, 0x39, 0xb6, 0x39, 0xb6, 0x39, 0xb6, 0x59, 0xbe, 0x5a, 0xb6, 0x59, 0xb6,
  0x5a, 0xbe, 0x7a, 0xbe, 0x79, 0xbe, 0x7a, 0xc6, 0x7a, 0xbe, 0x7b, 0xc6, 0x9a, 0xc6, 0x9a, 0xc6,
  0x9b, 0xc6, 0x9b, 0xc6, 0xbb, 0xce, 0xba, 0xce, 0xbb, 0xce, 0xbb, 0xce, 0xbb, 0xce, 0xbb, 0xce,
  0xbb, 0xce, 0xdb, 0xce, 0xbb, 0xd6, 0xdb, 0xce, 0xdb, 0xce, 0xbb, 0xce, 0xdb, 0xd6, 0xbb, 0xce,
  0xdb, 0xce, 0xdc, 0xce, 0x3b, 0xae, 0xfa, 0x9d, 0x1b, 0x9e, 0x1a, 0x9e, 0xfb, 0x95, 0x1b, 0x96,
  0xfb, 0x95, 0xda, 0x8d, 0xfb, 0x8d, 0xdb, 0x8d, 0xda, 0x8d, 0xda, 0x85, 0xda, 0x85, 0xba, 0x85,
  0x9a, 0x85, 0x59, 0x75, 0x19, 0x6d, 0xd8, 0x6c, 0xb8, 0x64, 0x97, 0x5c, 0x77, 0x5c, 0x57, 0x5c,
  0x56, 0x5c, 0x36, 0x54, 0x15, 0x54, 0x16, 0x54, 0xf5, 0x53, 0xf4, 0x4b, 0xd4, 0x4b, 0xb4, 0x4b,
  0xb4, 0x43, 0xb4, 0x4b, 0x93, 0x4b, 0xb3, 0x4b, 0x72, 0x4b, 0x72, 0x53, 0xce, 0x5a, 0x00, 0x00,
  0xb5, 0x52, 0x00, 0x00, 0x00, 0x00, 0x00, 0x00, 0x00, 0x00, 0x00, 0x00, 0x00, 0x00, 0x00, 0x00,
  0x00, 0x00, 0x00, 0x00, 0x00, 0x00, 0x00, 0x00, 0x00, 0x00, 0x00, 0x00, 0x00, 0x00, 0x00, 0x00,
  0x00, 0x00, 0x00, 0x00, 0x00, 0x00, 0x00, 0x00, 0x00, 0x00, 0x00, 0x00, 0x00, 0x00, 0x00, 0x00,
  0x00, 0x00, 0x00, 0x00, 0x00, 0x00, 0x00, 0x00, 0x00, 0x00, 0x00, 0x00, 0x00, 0x00, 0x00, 0x00,
  0x00, 0x00, 0x00, 0x00, 0x00, 0x00, 0x00, 0x00, 0x00, 0x00, 0x00, 0x00, 0x00, 0x00, 0x00, 0x00,
  0x00, 0x00, 0x00, 0x00, 0x00, 0x00, 0x00, 0x00, 0x00, 0x00, 0x00, 0x00, 0x00, 0x00, 0x00, 0x00,
  0x00, 0x00, 0x00, 0x00, 0x00, 0x00, 0x00, 0x00, 0x00, 0x00, 0x00, 0x00, 0x00, 0x00, 0x00, 0x00,
  0x00, 0x00, 0x00, 0x00, 0x00, 0x00, 0x00, 0x00, 0x00, 0x00, 0x00, 0x00, 0x00, 0x00, 0xef, 0x43,
  0x00, 0x00, 0xd3, 0x63, 0x92, 0x53, 0x11, 0x43, 0x51, 0x4b, 0x52, 0x43, 0x72, 0x4b, 0x93, 0x43,
  0x93, 0x4b, 0x94, 0x4b, 0x93, 0x43, 0x93, 0x4b, 0x94, 0x4b, 0x73, 0x43, 0x93, 0x43, 0x74, 0x43,
  0x73, 0x43, 0x74, 0x43, 0x74, 0x43, 0x74, 0x3b, 0x74, 0x43, 0x34, 0x3b, 0xb5, 0x53, 0x38, 0x95,
  0xb6, 0x7c, 0x76, 0x6c, 0x75, 0x64, 0x76, 0x64, 0xb7, 0x64, 0xb7, 0x6c, 0xd7, 0x64, 0xd7, 0x6c,
  0xd8, 0x6c, 0xd7, 0x64, 0xf8, 0x6c, 0xf8, 0x74, 0x17, 0x75, 0x18, 0x75, 0xf8, 0x7c, 0xf8, 0x74,
  0xd8, 0x6c, 0x97, 0x64, 0x78, 0x5c, 0x36, 0x4c, 0xb5, 0x43, 0x34, 0x3b, 0x53, 0x3b, 0x74, 0x43,
  0x93, 0x43, 0xb4, 0x4b, 0xb4, 0x4b, 0xd4, 0x4b, 0xd4, 0x53, 0xd5, 0x53, 0xf5, 0x53, 0x15, 0x54,
  0x15, 0x54, 0xd4, 0x5b, 0xd6, 0x84, 0x56, 0x95, 0x76, 0x9d, 0x77, 0x9d, 0x97, 0x9d, 0xb7, 0xa5,
  0xb8, 0xa5, 0xb8, 0xa5, 0xd8, 0xad, 0xd8, 0xad, 0xf8, 0xad, 0xf8, 0xad, 0x18, 0xae, 0xf9, 0xb5,
  0x19, 0xae, 0x19, 0xb6, 0x19, 0xb6, 0x39, 0xb6, 0x39, 0xb6, 0x39, 0xb6, 0x59, 0xb6, 0x5a, 0xb6,
  0x59, 0xbe, 0x5a, 0xbe, 0x59, 0xb6, 0x7a, 0xbe, 0x5a, 0xbe, 0x7a, 0xc6, 0x7a, 0xc6, 0x9a, 0xbe,
  0x7b, 0xc6, 0x9a, 0xc6, 0x9b, 0xc6, 0x9a, 0xc6, 0x9b, 0xce, 0xbb, 0xc6, 0xba, 0xce, 0xbb, 0xce,
  0xbb, 0xce, 0xbb, 0xce, 0xbb, 0xce, 0xba, 0xce, 0xbb, 0xce, 0xba, 0xce, 0xbb, 0xce, 0xbb, 0xd6,
  0xdb, 0xce, 0xdb, 0xd6, 0xbb, 0xce, 0xdb, 0xce, 0x9b, 0xbe, 0xfa, 0x9d, 0x1b, 0x9e, 0xfb, 0x9d,
  0x1a, 0x9e, 0xfa, 0x95, 0xfb, 0x95, 0xfa, 0x8d, 0xfb, 0x95, 0xda, 0x85, 0xfb, 0x8d, 0xdb, 0x85,
  0xdb, 0x85, 0x9a, 0x85, 0x9a, 0x7d, 0x59, 0x7d, 0x18, 0x6d, 0xd8, 0x64, 0xb7, 0x64, 0x77, 0x5c,
  0x77, 0x5c, 0x56, 0x54, 0x36, 0x54, 0x16, 0x54, 0xf5, 0x53, 0xf5, 0x4b, 0xf5, 0x4b, 0xb4, 0x4b,
  0xb4, 0x4b, 0xb4, 0x4b, 0x94, 0x4b, 0x93, 0x4b, 0x93, 0x4b, 0x52, 0x4b, 0x52, 0x53, 0x00, 0x00,
  0x00, 0x00, 0xb5, 0x52, 0x00, 0x00, 0x00, 0x00, 0x00, 0x00, 0x00, 0x00, 0x00, 0x00, 0x00, 0x00,
  0x00, 0x00, 0x00, 0x00, 0x00, 0x00, 0x00, 0x00, 0x00, 0x00, 0x00, 0x00, 0x00, 0x00, 0x00, 0x00,
  0x00, 0x00, 0x00, 0x00, 0x00, 0x00, 0x00, 0x00, 0x00, 0x00, 0x00, 0x00, 0x00, 0x00, 0x00, 0x00,
  0x00, 0x00, 0x00, 0x00, 0x00, 0x00, 0x00, 0x00, 0x00, 0x00, 0x00, 0x00, 0x00, 0x00, 0x00, 0x00,
  0x00, 0x00, 0x00, 0x00, 0x00, 0x00, 0x00, 0x00, 0x00, 0x00, 0x00, 0x00, 0x00, 0x00, 0x00, 0x00,
  0x00, 0x00, 0x00, 0x00, 0x00, 0x00, 0x00, 0x00, 0x00, 0x00, 0x00, 0x00, 0x00, 0x00, 0x00, 0x00,
  0x00, 0x00, 0x00, 0x00, 0x00, 0x00, 0x00, 0x00, 0x00, 0x00, 0x00, 0x00, 0x00, 0x00, 0x00, 0x00,
  0x00, 0x00, 0x00, 0x00, 0x00, 0x00, 0x00, 0x00, 0x00, 0x00, 0x00, 0x00, 0x00, 0x00, 0x00, 0x00,
  0x00, 0x00, 0xb5, 0x52, 0x00, 0x00, 0xd2, 0x63, 0x71, 0x53, 0x11, 0x43, 0x31, 0x4b, 0x52, 0x43,
  0x72, 0x4b, 0x72, 0x43, 0x93, 0x43, 0x93, 0x4b, 0x94, 0x43, 0x93, 0x43, 0x73, 0x43, 0x94, 0x43,
  0x73, 0x43, 0x93, 0x43, 0x73, 0x43, 0x53, 0x43, 0x74, 0x43, 0x74, 0x43, 0x54, 0x43, 0x34, 0x43,
  0xb7, 0x7c, 0x17, 0x8d, 0x75, 0x74, 0x56, 0x64, 0x76, 0x64, 0x96, 0x64, 0xb7, 0x64, 0xd7, 0x64,
  0xd8, 0x6c, 0xd8, 0x64, 0xf8, 0x6c, 0xf8, 0x6c, 0xf8, 0x6c, 0x18, 0x75, 0x18, 0x75, 0x18, 0x7d,
  0xf7, 0x74, 0xf8, 0x74, 0xb8, 0x6c, 0x97, 0x5c, 0x77, 0x5c, 0x17, 0x4c, 0x34, 0x3b, 0x34, 0x33,
  0x74, 0x3b, 0x74, 0x43, 0x94, 0x4b, 0xb4, 0x4b, 0xb4, 0x4b, 0xd4, 0x4b, 0xd4, 0x53, 0xf4, 0x4b,
  0xf5, 0x53, 0x15, 0x54, 0xf4, 0x53, 0x34, 0x64, 0x36, 0x95, 0x56, 0x95, 0x77, 0x9d, 0x96, 0xa5,
  0x97, 0xa5, 0x97, 0xa5, 0xb7, 0xa5, 0xd8, 0xa5, 0xd8, 0xa5, 0xd8, 0xad, 0xf9, 0xad, 0xf8, 0xad,
  0xf9, 0xad, 0xf9, 0xad, 0x18, 0xb6, 0x19, 0xae, 0x39, 0xb6, 0x39, 0xb6, 0x39, 0xb6, 0x39, 0xb6,
  0x39, 0xb6, 0x5a, 0xbe, 0x59, 0xb6, 0x5a, 0xb6, 0x7a, 0xbe, 0x5a, 0xbe, 0x7a, 0xbe, 0x7a, 0xbe,
  0x7a, 0xbe, 0x7a, 0xc6, 0x9a, 0xc6, 0x9a, 0xc6, 0x9b, 0xc6, 0x9a, 0xce, 0xbb, 0xc6, 0x9a, 0xc6,
  0xbb, 0xce, 0xbb, 0xce, 0xba, 0xce, 0xbb, 0xc6, 0xbb, 0xc6, 0xbb, 0xce, 0xdb, 0xce, 0xbb, 0xce,
  0xda, 0xce, 0xbb, 0xce, 0xdb, 0xce, 0xdc, 0xce, 0xdb, 0xd6, 0xdc, 0xce, 0xdc, 0xce, 0x3b, 0xa6,
  0xfa, 0x9d, 0x1b, 0x9e, 0xfa, 0x95, 0xfa, 0x95, 0xfb, 0x95, 0xdb, 0x8d, 0xda, 0x8d, 0xda, 0x85,
  0xdb, 0x8d, 0xda, 0x85, 0xda, 0x85, 0xba, 0x85, 0x9a, 0x7d, 0x59, 0x75, 0x39, 0x6d, 0xd8, 0x6c,
  0xb8, 0x64, 0x97, 0x5c, 0x57, 0x5c, 0x56, 0x5c, 0x16, 0x54, 0x15, 0x4c, 0xf5, 0x4b, 0xd4, 0x4b,
  0xb4, 0x4b, 0xb4, 0x4b, 0x94, 0x43, 0x74, 0x4b, 0x94, 0x4b, 0x52, 0x4b, 0x51, 0x4b, 0x00, 0x00,
  0x00, 0x00, 0xb4, 0x52, 0x00, 0x00, 0x00, 0x00, 0x00, 0x00, 0x00, 0x00, 0x00, 0x00, 0x00, 0x00,
  0x00, 0x00, 0x00, 0x00, 0x00, 0x00, 0x00, 0x00, 0x00, 0x00, 0x00, 0x00, 0x00, 0x00, 0x00, 0x00,
  0x00, 0x00, 0x00, 0x00, 0x00, 0x00, 0x00, 0x00, 0x00, 0x00, 0x00, 0x00, 0x00, 0x00, 0x00, 0x00,
  0x00, 0x00, 0x00, 0x00, 0x00, 0x00, 0x00, 0x00, 0x00, 0x00, 0x00, 0x00, 0x00, 0x00, 0x00, 0x00,
  0x00, 0x00, 0x00, 0x00, 0x00, 0x00, 0x00, 0x00, 0x00, 0x00, 0x00, 0x00, 0x00, 0x00, 0x00, 0x00,
  0x00, 0x00, 0x00, 0x00, 0x00, 0x00, 0x00, 0x00, 0x00, 0x00, 0x00, 0x00, 0x00, 0x00, 0x00, 0x00,
  0x00, 0x00, 0x00, 0x00, 0x00, 0x00, 0x00, 0x00, 0x00, 0x00, 0x00, 0x00, 0x00, 0x00, 0x00, 0x00,
  0x00, 0x00, 0x00, 0x00, 0x00, 0x00, 0x00, 0x00, 0x00, 0x00, 0x00, 0x00, 0x00, 0x00, 0x00, 0x00,
  0x00, 0x00, 0x00, 0x00, 0x00, 0x00, 0xff, 0xff, 0x00, 0x00, 0x32, 0x6c, 0x51, 0x53, 0x31, 0x4b,
  0x11, 0x43, 0x52, 0x43, 0x52, 0x43, 0x72, 0x4b, 0x73, 0x43, 0x73, 0x43, 0x93, 0x4b, 0x93, 0x4b,
  0x74, 0x43, 0x93, 0x43, 0x73, 0x43, 0x74, 0x43, 0x73, 0x43, 0x74, 0x43, 0x53, 0x43, 0x54, 0x43,
  0x54, 0x3b, 0xb4, 0x53, 0x38, 0x95, 0xb6, 0x84, 0x55, 0x6c, 0x55, 0x64, 0x76, 0x64, 0xb7, 0x64,
  0xb7, 0x64, 0xd7, 0x64, 0xf8, 0x6c, 0xf7, 0x6c, 0xf8, 0x6c, 0x18, 0x75, 0x18, 0x75, 0x18, 0x7d,
  0x38, 0x7d, 0x18, 0x7d, 0xf8, 0x74, 0xf8, 0x74, 0xb8, 0x64, 0x97, 0x5c, 0x77, 0x5c, 0xd6, 0x4b,
  0xf3, 0x2a, 0x34, 0x33, 0x74, 0x3b, 0x74, 0x43, 0x94, 0x43, 0xb4, 0x4b, 0xd4, 0x4b, 0xd4, 0x4b,
  0xf4, 0x53, 0xf5, 0x53, 0xf4, 0x53, 0x15, 0x54, 0xf4, 0x4b, 0x95, 0x7c, 0x56, 0x95, 0x56, 0x9d,
  0x77, 0x9d, 0x97, 0x9d, 0xb7, 0xa5, 0xb7, 0xa5, 0xb8, 0xa5, 0xd8, 0xa5, 0xd8, 0xad, 0xd8, 0xa5,
  0xd8, 0xad, 0xf9, 0xad, 0xf8, 0xad, 0x19, 0xae, 0x19, 0xb6, 0x19, 0xae, 0x19, 0xb6, 0x39, 0xb6,
  0x39, 0xb6, 0x39, 0xb6, 0x59, 0xb6, 0x3a, 0xb6, 0x59, 0xbe, 0x5a, 0xb6, 0x59, 0xbe, 0x5a, 0xbe,
  0x7a, 0xbe, 0x7a, 0xc6, 0x7a, 0xbe, 0x7a, 0xc6, 0x9a, 0xbe, 0x9a, 0xc6, 0x9b, 0xc6, 0x9a, 0xc6,
  0xbb, 0xce, 0x9b, 0xc6, 0x9b, 0xce, 0xbb, 0xce, 0xbb, 0xc6, 0xba, 0xce, 0xbb, 0xc6, 0xbb, 0xce,
  0xbb, 0xce, 0xbb, 0xce, 0xdb, 0xce, 0xbb, 0xce, 0xdb, 0xd6, 0xbb, 0xce, 0xbb, 0xce, 0xdb, 0xce,
  0xdb, 0xce, 0x7b, 0xbe, 0xfb, 0x9d, 0x1b, 0x9e, 0x1a, 0x96, 0xfb, 0x95, 0xfa, 0x95, 0xfb, 0x8d,
  0xda, 0x8d, 0xdb, 0x8d, 0xda, 0x85, 0xdb, 0x8d, 0xda, 0x85, 0xba, 0x85, 0x9a, 0x7d, 0x79, 0x7d,
  0x39, 0x75, 0xf8, 0x64, 0xb8, 0x64, 0x97, 0x5c, 0x57, 0x5c, 0x36, 0x54, 0x15, 0x4c, 0xf5, 0x4b,
  0xd5, 0x4b, 0xb4, 0x4b, 0x94, 0x43, 0x94, 0x4b, 0x73, 0x4b, 0x73, 0x4b, 0x52, 0x4b, 0x32, 0x53,
  0x00, 0x00, 0x1f, 0x00, 0xef, 0x7b, 0x00, 0x00, 0x00, 0x00, 0x00, 0x00, 0x00, 0x00, 0x00, 0x00,
  0x00, 0x00, 0x00, 0x00, 0x00, 0x00, 0x00, 0x00, 0x00, 0x00, 0x00, 0x00, 0x00, 0x00, 0x00, 0x00,
  0x00, 0x00, 0x00, 0x00, 0x00, 0x00, 0x00, 0x00, 0x00, 0x00, 0x00, 0x00, 0x00, 0x00, 0x00, 0x00,
  0x00, 0x00, 0x00, 0x00, 0x00, 0x00, 0x00, 0x00, 0x00, 0x00, 0x00, 0x00, 0x00, 0x00, 0x00, 0x00,
  0x00, 0x00, 0x00, 0x00, 0x00, 0x00, 0x00, 0x00, 0x00, 0x00, 0x00, 0x00, 0x00, 0x00, 0x00, 0x00,
  0x00, 0x00, 0x00, 0x00, 0x00, 0x00, 0x00, 0x00, 0x00, 0x00, 0x00, 0x00, 0x00, 0x00, 0x00, 0x00,
  0x00, 0x00, 0x00, 0x00, 0x00, 0x00, 0x00, 0x00, 0x00, 0x00, 0x00, 0x00, 0x00, 0x00, 0x00, 0x00,
  0x00, 0x00, 0x00, 0x00, 0x00, 0x00, 0x00, 0x00, 0x00, 0x00, 0x00, 0x00, 0x00, 0x00, 0x00, 0x00,
  0x00, 0x00, 0x00, 0x00, 0x00, 0x00, 0x00, 0x00, 0x00, 0x00, 0x00, 0x00, 0x00, 0x00, 0xff, 0x7b,
  0x71, 0x5b, 0x51, 0x4b, 0x11, 0x43, 0x51, 0x43, 0x52, 0x43, 0x52, 0x43, 0x72, 0x43, 0x93, 0x43,
  0x93, 0x43, 0x73, 0x4b, 0x93, 0x43, 0x73, 0x43, 0x73, 0x43, 0x73, 0x43, 0x73, 0x43, 0x53, 0x43,
  0x54, 0x3b, 0x54, 0x43, 0x13, 0x3b, 0x76, 0x7c, 0x38, 0x95, 0x75, 0x74, 0x56, 0x64, 0x75, 0x64,
  0x97, 0x64, 0xb7, 0x64, 0xd7, 0x64, 0xd7, 0x64, 0xf8, 0x6c, 0xf8, 0x6c, 0x18, 0x75, 0xf8, 0x74,
  0x18, 0x7d, 0x38, 0x7d, 0x18, 0x7d, 0x18, 0x7d, 0x18, 0x75, 0xd8, 0x6c, 0xb8, 0x64, 0x97, 0x5c,
  0x58, 0x54, 0xb6, 0x43, 0xf4, 0x2a, 0x34, 0x3b, 0x74, 0x43, 0x74, 0x43, 0xb4, 0x4b, 0xb4, 0x43,
  0xd4, 0x4b, 0xd4, 0x53, 0xf5, 0x4b, 0xf5, 0x53, 0xf5, 0x53, 0xf5, 0x53, 0xf4, 0x5b, 0xf6, 0x8c,
  0x36, 0x95, 0x56, 0x9d, 0x76, 0x9d, 0x97, 0xa5, 0x97, 0x9d, 0x97, 0xa5, 0xb7, 0xa5, 0xd8, 0xa5,
  0xd8, 0xa5, 0xd8, 0xad, 0xf9, 0xad, 0xf8, 0xad, 0xf9, 0xad, 0xf9, 0xad, 0x19, 0xb6, 0x19, 0xb6,
  0x39, 0xb6, 0x19, 0xb6, 0x39, 0xb6, 0x39, 0xb6, 0x39, 0xb6, 0x59, 0xbe, 0x5a, 0xb6, 0x59, 0xbe,
  0x5a, 0xbe, 0x79, 0xbe, 0x5a, 0xbe, 0x7a, 0xbe, 0x7a, 0xc6, 0x7a, 0xbe, 0x9b, 0xc6, 0x7a, 0xbe,
  0xbb, 0xc6, 0x9b, 0xc6, 0x9b, 0xc6, 0xba, 0xce, 0xbb, 0xc6, 0x9b, 0xc6, 0x9a, 0xce, 0x9b, 0xce,
  0xbb, 0xce, 0xbb, 0xce, 0xbb, 0xce, 0xbb, 0xce, 0xdb, 0xce, 0xbb, 0xce, 0xdb, 0xce, 0xdb, 0xce,
  0xbb, 0xce, 0xdc, 0xce, 0xdb, 0xce, 0xdc, 0xc6, 0x1a, 0x9e, 0xfa, 0x9d, 0xfb, 0x95, 0xfa, 0x95,
  0xfb, 0x95, 0xdb, 0x8d, 0xda, 0x8d, 0xfb, 0x8d, 0xda, 0x85, 0xda, 0x8d, 0xda, 0x7d, 0xba, 0x85,
  0x9a, 0x7d, 0x5a, 0x75, 0x39, 0x75, 0x18, 0x6d, 0xd8, 0x64, 0x97, 0x5c, 0x56, 0x54, 0x16, 0x54,
  0xf5, 0x4b, 0xd5, 0x4b, 0xb4, 0x4b, 0x94, 0x43, 0x73, 0x4b, 0x93, 0x4b, 0x72, 0x4b, 0x51, 0x4b,
  0x00, 0x00, 0x00, 0x00, 0xb5, 0x52, 0x00, 0x00, 0x00, 0x00, 0x00, 0x00, 0x00, 0x00, 0x00, 0x00,
  0x00, 0x00, 0x00, 0x00, 0x00, 0x00, 0x00, 0x00, 0x00, 0x00, 0x00, 0x00, 0x00, 0x00, 0x00, 0x00,
  0x00, 0x00, 0x00, 0x00, 0x00, 0x00, 0x00, 0x00, 0x00, 0x00, 0x00, 0x00, 0x00, 0x00, 0x00, 0x00,
  0x00, 0x00, 0x00, 0x00, 0x00, 0x00, 0x00, 0x00, 0x00, 0x00, 0x00, 0x00, 0x00, 0x00, 0x00, 0x00,
  0x00, 0x00, 0x00, 0x00, 0x00, 0x00, 0x00, 0x00, 0x00, 0x00, 0x00, 0x00, 0x00, 0x00, 0x00, 0x00,
  0x00, 0x00, 0x00, 0x00, 0x00, 0x00, 0x00, 0x00, 0x00, 0x00, 0x00, 0x00, 0x00, 0x00, 0x00, 0x00,
  0x00, 0x00, 0x00, 0x00, 0x00, 0x00, 0x00, 0x00, 0x00, 0x00, 0x00, 0x00, 0x00, 0x00, 0x00, 0x00,
  0x00, 0x00, 0x00, 0x00, 0x00, 0x00, 0x00, 0x00, 0x00, 0x00, 0x00, 0x00, 0x00, 0x00, 0x00, 0x00,
  0x00, 0x00, 0x00, 0x00, 0x00, 0x00, 0x00, 0x00, 0x00, 0x00, 0x00, 0x00, 0x00, 0x00, 0x00, 0x00,
  0x0f, 0x42, 0x00, 0x00, 0x71, 0x53, 0x52, 0x4b, 0x11, 0x43, 0x11, 0x43, 0x52, 0x43, 0x52, 0x4b,
  0x52, 0x43, 0x53, 0x4b, 0x73, 0x43, 0x73, 0x43, 0x74, 0x43, 0x73, 0x43, 0x73, 0x43, 0x73, 0x43,
  0x73, 0x43, 0x53, 0x43, 0x53, 0x3b, 0x33, 0x3b, 0x73, 0x4b, 0x18, 0x8d, 0xd6, 0x84, 0x55, 0x6c,
  0x55, 0x64, 0x76, 0x64, 0x97, 0x64, 0xb7, 0x64, 0xd7, 0x64, 0xd8, 0x6c, 0xf8, 0x6c, 0xf8, 0x6c,
  0x18, 0x75, 0x38, 0x75, 0x38, 0x7d, 0x39, 0x85, 0x39, 0x7d, 0x18, 0x85, 0xf8, 0x74, 0xd8, 0x6c,
  0xb8, 0x64, 0x97, 0x5c, 0x57, 0x54, 0x95, 0x43, 0xd4, 0x2a, 0x55, 0x3b, 0x74, 0x3b, 0x74, 0x43,
  0x94, 0x43, 0xb4, 0x4b, 0xd5, 0x4b, 0xd4, 0x53, 0xf5, 0x53, 0xf5, 0x53, 0x15, 0x54, 0xd3, 0x4b,
  0x34, 0x6c, 0x36, 0x8d, 0x36, 0x95, 0x76, 0x9d, 0x97, 0x9d, 0x97, 0x9d, 0x97, 0xa5, 0xb7, 0xa5,
  0xb8, 0xa5, 0xb8, 0xa5, 0xd8, 0xad, 0xd8, 0xa5, 0xd8, 0xad, 0xf9, 0xad, 0xf9, 0xad, 0xf8, 0xad,
  0x19, 0xae, 0x18, 0xae, 0x19, 0xb6, 0x39, 0xae, 0x19, 0xb6, 0x39, 0xb6, 0x59, 0xb6, 0x39, 0xb6,
  0x59, 0xb6, 0x5a, 0xb6, 0x59, 0xbe, 0x5a, 0xb6, 0x59, 0xbe, 0x7a, 0xbe, 0x7a, 0xbe, 0x9a, 0xc6,
  0x7a, 0xbe, 0x9a, 0xc6, 0x9a, 0xc6, 0x9a, 0xc6, 0xbb, 0xc6, 0x9b, 0xc6, 0x9b, 0xc6, 0x9b, 0xce,
  0x9a, 0xce, 0xbb, 0xce, 0xba, 0xc6, 0xbb, 0xce, 0xbb, 0xc6, 0xbb, 0xce, 0xbb, 0xce, 0xbb, 0xce,
  0xbb, 0xce, 0xbc, 0xce, 0xdb, 0xce, 0xbb, 0xce, 0xbb, 0xce, 0xdc, 0xce, 0x5b, 0xae, 0xfa, 0x95,
  0xfb, 0x95, 0xfa, 0x95, 0xfa, 0x8d, 0xda, 0x8d, 0xfb, 0x8d, 0xfa, 0x85, 0xdb, 0x8d, 0xda, 0x85,
  0xbb, 0x85, 0xba, 0x85, 0x9a, 0x7d, 0x7a, 0x7d, 0x59, 0x75, 0x19, 0x6d, 0xd8, 0x64, 0x97, 0x5c,
  0x57, 0x5c, 0x16, 0x54, 0xf5, 0x4b, 0xb4, 0x4b, 0x94, 0x43, 0x93, 0x4b, 0x73, 0x4b, 0x52, 0x4b,
  0x51, 0x4b, 0x00, 0x00, 0xaa, 0x5a, 0xef, 0x03, 0x00, 0x00, 0x00, 0x00, 0x00, 0x00, 0x00, 0x00,
  0x00, 0x00, 0x00, 0x00, 0x00, 0x00, 0x00, 0x00, 0x00, 0x00, 0x00, 0x00, 0x00, 0x00, 0x00, 0x00,
  0x00, 0x00, 0x00, 0x00, 0x00, 0x00, 0x00, 0x00, 0x00, 0x00, 0x00, 0x00, 0x00, 0x00, 0x00, 0x00,
  0x00, 0x00, 0x00, 0x00, 0x00, 0x00, 0x00, 0x00, 0x00, 0x00, 0x00, 0x00, 0x00, 0x00, 0x00, 0x00,
  0x00, 0x00, 0x00, 0x00, 0x00, 0x00, 0x00, 0x00, 0x00, 0x00, 0x00, 0x00, 0x00, 0x00, 0x00, 0x00,
  0x00, 0x00, 0x00, 0x00, 0x00, 0x00, 0x00, 0x00, 0x00, 0x00, 0x00, 0x00, 0x00, 0x00, 0x00, 0x00,
  0x00, 0x00, 0x00, 0x00, 0x00, 0x00, 0x00, 0x00, 0x00, 0x00, 0x00, 0x00, 0x00, 0x00, 0x00, 0x00,
  0x00, 0x00, 0x00, 0x00, 0x00, 0x00, 0x00, 0x00, 0x00, 0x00, 0x00, 0x00, 0x00, 0x00, 0x00, 0x00,
  0x00, 0x00, 0x00, 0x00, 0x00, 0x00, 0x00, 0x00, 0x00, 0x00, 0x00, 0x00, 0x00, 0x00, 0x00, 0x00,
  0x00, 0x00, 0x00, 0x00, 0xb5, 0x52, 0x00, 0x00, 0x72, 0x5b, 0x72, 0x53, 0xf0, 0x42, 0x11, 0x43,
  0x31, 0x43, 0x32, 0x43, 0x72, 0x43, 0x52, 0x43, 0x73, 0x43, 0x73, 0x43, 0x73, 0x4b, 0x73, 0x43,
  0x73, 0x43, 0x53, 0x43, 0x53, 0x43, 0x53, 0x43, 0x53, 0x43, 0x12, 0x3b, 0xf5, 0x63, 0x18, 0x95,
  0x55, 0x74, 0x35, 0x64, 0x75, 0x64, 0x96, 0x5c, 0x97, 0x64, 0xd7, 0x64, 0xd8, 0x6c, 0xf8, 0x6c,
  0xf7, 0x6c, 0xf8, 0x6c, 0x18, 0x75, 0x38, 0x7d, 0x59, 0x85, 0x58, 0x85, 0x59, 0x85, 0x38, 0x7d,
  0xf8, 0x74, 0xd8, 0x64, 0xb7, 0x5c, 0x78, 0x54, 0x37, 0x54, 0x55, 0x3b, 0xf4, 0x2a, 0x75, 0x3b,
  0x75, 0x43, 0x94, 0x43, 0xb4, 0x4b, 0xb4, 0x4b, 0xd5, 0x4b, 0xd4, 0x4b, 0xf5, 0x53, 0xf4, 0x53,
  0xf5, 0x53, 0xb3, 0x53, 0xb6, 0x7c, 0x36, 0x95, 0x56, 0x95, 0x76, 0x9d, 0x76, 0x9d, 0x97, 0x9d,
  0x97, 0xa5, 0x97, 0xa5, 0xb7, 0xa5, 0xd8, 0xa5, 0xb8, 0xa5, 0xd8, 0xad, 0xd8, 0xa5, 0xf9, 0xad,
  0xf8, 0xad, 0xf8, 0xb5, 0x19, 0xae, 0x19, 0xb6, 0x19, 0xb6, 0x19, 0xb6, 0x39, 0xb6, 0x39, 0xb6,
  0x39, 0xb6, 0x3a, 0xb6, 0x59, 0xbe, 0x59, 0xb6, 0x5a, 0xbe, 0x5a, 0xbe, 0x7a, 0xbe, 0x7a, 0xbe,
  0x7a, 0xbe, 0x7a, 0xbe, 0x7a, 0xbe, 0x9b, 0xc6, 0x9a, 0xc6, 0x9a, 0xc6, 0x9b, 0xc6, 0x9a, 0xc6,
  0xba, 0xc6, 0x9b, 0xc6, 0xbb, 0xc6, 0xba, 0xce, 0xbb, 0xc6, 0xba, 0xce, 0xdb, 0xce, 0xbb, 0xce,
  0xdb, 0xce, 0xbb, 0xce, 0xbb, 0xc6, 0xbb, 0xce, 0xbb, 0xce, 0xbb, 0xce, 0xbb, 0xce, 0xdb, 0xce,
  0x7c, 0xbe, 0xda, 0x95, 0xfa, 0x95, 0xda, 0x95, 0xfb, 0x8d, 0xda, 0x8d, 0xdb, 0x8d, 0xda, 0x85,
  0xda, 0x85, 0xdb, 0x8d, 0xda, 0x85, 0xba, 0x7d, 0xba, 0x85, 0x9a, 0x75, 0x59, 0x75, 0x19, 0x75,
  0xf8, 0x64, 0x98, 0x64, 0x36, 0x54, 0x15, 0x54, 0xd5, 0x4b, 0x94, 0x4b, 0xb4, 0x53, 0x73, 0x4b,
  0x52, 0x53, 0x00, 0x00, 0x00, 0x00, 0xb5, 0x52, 0x00, 0x00, 0x00, 0x00, 0x00, 0x00, 0x00, 0x00,
  0x00, 0x00, 0x00, 0x00, 0x00, 0x00, 0x00, 0x00, 0x00, 0x00, 0x00, 0x00, 0x00, 0x00, 0x00, 0x00,
  0x00, 0x00, 0x00, 0x00, 0x00, 0x00, 0x00, 0x00, 0x00, 0x00, 0x00, 0x00, 0x00, 0x00, 0x00, 0x00,
  0x00, 0x00, 0x00, 0x00, 0x00, 0x00, 0x00, 0x00, 0x00, 0x00, 0x00, 0x00, 0x00, 0x00, 0x00, 0x00,
  0x00, 0x00, 0x00, 0x00, 0x00, 0x00, 0x00, 0x00, 0x00, 0x00, 0x00, 0x00, 0x00, 0x00, 0x00, 0x00,
  0x00, 0x00, 0x00, 0x00, 0x00, 0x00, 0x00, 0x00, 0x00, 0x00, 0x00, 0x00, 0x00, 0x00, 0x00, 0x00,
  0x00, 0x00, 0x00, 0x00, 0x00, 0x00, 0x00, 0x00, 0x00, 0x00, 0x00, 0x00, 0x00, 0x00, 0x00, 0x00,
  0x00, 0x00, 0x00, 0x00, 0x00, 0x00, 0x00, 0x00, 0x00, 0x00, 0x00, 0x00, 0x00, 0x00, 0x00, 0x00,
  0x00, 0x00, 0x00, 0x00, 0x00, 0x00, 0x00, 0x00, 0x00, 0x00, 0x00, 0x00, 0x00, 0x00, 0x00, 0x00,
  0x00, 0x00, 0x00, 0x00, 0x00, 0x00, 0x00, 0x00, 0xff, 0xff, 0x00, 0x00, 0xf3, 0x63, 0x51, 0x53,
  0x11, 0x43, 0xf1, 0x42, 0x11, 0x43, 0x31, 0x43, 0x52, 0x43, 0x52, 0x43, 0x53, 0x43, 0x53, 0x43,
  0x53, 0x43, 0x53, 0x43, 0x73, 0x43, 0x73, 0x3b, 0x53, 0x43, 0x33, 0x3b, 0x33, 0x3b, 0x12, 0x3b,
  0x96, 0x7c, 0xd6, 0x84, 0x35, 0x64, 0x35, 0x64, 0x56, 0x5c, 0x96, 0x64, 0xb7, 0x64, 0xd8, 0x6c,
  0xf7, 0x64, 0xf8, 0x6c, 0xf8, 0x6c, 0x18, 0x75, 0x38, 0x7d, 0x59, 0x7d, 0x58, 0x8d, 0x59, 0x8d,
  0x59, 0x85, 0x38, 0x7d, 0xf8, 0x74, 0xd8, 0x64, 0x98, 0x5c, 0x77, 0x54, 0x37, 0x4c, 0x35, 0x33,
  0x14, 0x33, 0x55, 0x3b, 0x74, 0x43, 0x95, 0x43, 0xb4, 0x43, 0xd4, 0x4b, 0xd4, 0x4b, 0xd5, 0x53,
  0xf4, 0x53, 0xf5, 0x53, 0xf4, 0x53, 0xf4, 0x53, 0xf6, 0x84, 0x35, 0x95, 0x56, 0x9d, 0x77, 0x95,
  0x77, 0x9d, 0x77, 0xa5, 0x97, 0x9d, 0xb7, 0xa5, 0xb7, 0xa5, 0xb8, 0xa5, 0xd8, 0xa5, 0xd9, 0xad,
  0xf8, 0xad, 0xd9, 0xad, 0xf9, 0xad, 0xf9, 0xad, 0x18, 0xb6, 0xf9, 0xad, 0x19, 0xb6, 0x39, 0xb6,
  0x19, 0xb6, 0x19, 0xb6, 0x39, 0xb6, 0x39, 0xb6, 0x39, 0xb6, 0x5a, 0xbe, 0x59, 0xb6, 0x5a, 0xb6,
  0x59, 0xbe, 0x7a, 0xbe, 0x7a, 0xbe, 0x7a, 0xbe, 0x7a, 0xbe, 0x7a, 0xc6, 0x9a, 0xbe, 0x9b, 0xc6,
  0x9a, 0xc6, 0x9b, 0xc6, 0x9b, 0xc6, 0x9b, 0xc6, 0x9b, 0xc6, 0xbb, 0xce, 0x9b, 0xce, 0xbb, 0xce,
  0xbb, 0xce, 0xba, 0xce, 0xbb, 0xce, 0xbb, 0xce, 0xbb, 0xc6, 0xba, 0xc6, 0xdb, 0xce, 0xbb, 0xce,
  0xbc, 0xce, 0xbb, 0xc6, 0xbc, 0xc6, 0x1a, 0x9e, 0xda, 0x8d, 0xfb, 0x95, 0xfa, 0x95, 0xdb, 0x8d,
  0xda, 0x8d, 0xfa, 0x8d, 0xdb, 0x85, 0xda, 0x85, 0xda, 0x85, 0xba, 0x85, 0xba, 0x7d, 0x7a, 0x85,
  0x7a, 0x75, 0x39, 0x75, 0xf8, 0x6c, 0xb8, 0x64, 0x57, 0x54, 0xf5, 0x53, 0xb4, 0x4b, 0xb4, 0x4b,
  0x72, 0x53, 0x93, 0x5b, 0x00, 0x00, 0xb4, 0x52, 0x1f, 0x00, 0x00, 0x00, 0x00, 0x00, 0x00, 0x00,
  0x00, 0x00, 0x00, 0x00, 0x00, 0x00, 0x00, 0x00, 0x00, 0x00, 0x00, 0x00, 0x00, 0x00, 0x00, 0x00,
  0x00, 0x00, 0x00, 0x00, 0x00, 0x00, 0x00, 0x00, 0x00, 0x00, 0x00, 0x00, 0x00, 0x00, 0x00, 0x00,
  0x00, 0x00, 0x00, 0x00, 0x00, 0x00, 0x00, 0x00, 0x00, 0x00, 0x00, 0x00, 0x00, 0x00, 0x00, 0x00,
  0x00, 0x00, 0x00, 0x00, 0x00, 0x00, 0x00, 0x00, 0x00, 0x00, 0x00, 0x00, 0x00, 0x00, 0x00, 0x00,
  0x00, 0x00, 0x00, 0x00, 0x00, 0x00, 0x00, 0x00, 0x00, 0x00, 0x00, 0x00, 0x00, 0x00, 0x00, 0x00,
  0x00, 0x00, 0x00, 0x00, 0x00, 0x00, 0x00, 0x00, 0x00, 0x00, 0x00, 0x00, 0x00, 0x00, 0x00, 0x00,
  0x00, 0x00, 0x00, 0x00, 0x00, 0x00, 0x00, 0x00, 0x00, 0x00, 0x00, 0x00, 0x00, 0x00, 0x00, 0x00,
  0x00, 0x00, 0x00, 0x00, 0x00, 0x00, 0x00, 0x00, 0x00, 0x00, 0x00, 0x00, 0x00, 0x00, 0x00, 0x00,
  0x00, 0x00, 0x00, 0x00, 0x00, 0x00, 0x00, 0x00, 0x00, 0x00, 0x00, 0x00, 0x00, 0x00, 0xef, 0x03,
  0x00, 0x00, 0x51, 0x53, 0x31, 0x4b, 0x10, 0x3b, 0x11, 0x43, 0x31, 0x43, 0x32, 0x43, 0x52, 0x43,
  0x52, 0x43, 0x72, 0x43, 0x53, 0x43, 0x73, 0x43, 0x53, 0x43, 0x53, 0x43, 0x53, 0x43, 0x53, 0x43,
  0x12, 0x3b, 0x73, 0x4b, 0xf7, 0x8c, 0x75, 0x74, 0x14, 0x64, 0x55, 0x5c, 0x76, 0x64, 0x96, 0x64,
  0xb7, 0x64, 0xd8, 0x64, 0xf7, 0x6c, 0xf8, 0x6c, 0x18, 0x6d, 0x18, 0x75, 0x38, 0x7d, 0x59, 0x85,
  0x59, 0x85, 0x78, 0x8d, 0x59, 0x8d, 0x39, 0x7d, 0xf8, 0x6c, 0xd8, 0x64, 0x98, 0x5c, 0x77, 0x54,
  0xd7, 0x4b, 0x14, 0x33, 0x35, 0x33, 0x75, 0x3b, 0x95, 0x43, 0x95, 0x43, 0xb4, 0x4b, 0xb4, 0x4b,
  0xd5, 0x4b, 0xd4, 0x4b, 0xf5, 0x53, 0xf4, 0x53, 0xd4, 0x4b, 0x14, 0x64, 0x16, 0x95, 0x36, 0x95,
  0x56, 0x95, 0x56, 0x9d, 0x76, 0x9d, 0x97, 0x9d, 0x97, 0xa5, 0x97, 0xa5, 0xb7, 0xa5, 0xb8, 0xa5,
  0xd8, 0xa5, 0xd8, 0xad, 0xd8, 0xa5, 0xf9, 0xad, 0xf8, 0xad, 0xf9, 0xad, 0xf9, 0xb5, 0x19, 0xb6,
  0x19, 0xae, 0x18, 0xb6, 0x39, 0xb6, 0x39, 0xb6, 0x39, 0xb6, 0x39, 0xb6, 0x39, 0xb6, 0x39, 0xb6,
  0x5a, 0xbe, 0x59, 0xbe, 0x5a, 0xb6, 0x5a, 0xbe, 0x7a, 0xbe, 0x7a, 0xbe, 0x7a, 0xbe, 0x7a, 0xbe,
  0x7a, 0xc6, 0x9b, 0xc6, 0x9a, 0xc6, 0x9b, 0xc6, 0x9a, 0xc6, 0x9a, 0xc6, 0xbb, 0xc6, 0x9a, 0xc6,
  0xbb, 0xc6, 0xbb, 0xce, 0xbb, 0xce, 0xbb, 0xc6, 0xbb, 0xc6, 0xba, 0xce, 0xdb, 0xce, 0xbb, 0xce,
  0xbb, 0xce, 0xbb, 0xc6, 0xbb, 0xce, 0xbb, 0xc6, 0xbb, 0xce, 0x3b, 0xae, 0xda, 0x95, 0xfb, 0x8d,
  0xda, 0x8d, 0xfa, 0x8d, 0xda, 0x8d, 0xdb, 0x85, 0xda, 0x85, 0xbb, 0x8d, 0xda, 0x85, 0xba, 0x85,
  0xba, 0x85, 0x9a, 0x7d, 0x7a, 0x7d, 0x59, 0x75, 0x19, 0x6d, 0xd7, 0x64, 0x57, 0x5c, 0x15, 0x4c,
  0xd4, 0x53, 0x93, 0x53, 0x00, 0x00, 0x00, 0x00, 0xb5, 0x52, 0x00, 0x00, 0x00, 0x00, 0x00, 0x00,
  0x00, 0x00, 0x00, 0x00, 0x00, 0x00, 0x00, 0x00, 0x00, 0x00, 0x00, 0x00, 0x00, 0x00, 0x00, 0x00,
  0x00, 0x00, 0x00, 0x00, 0x00, 0x00, 0x00, 0x00, 0x00, 0x00, 0x00, 0x00, 0x00, 0x00, 0x00, 0x00,
  0x00, 0x00, 0x00, 0x00, 0x00, 0x00, 0x00, 0x00, 0x00, 0x00, 0x00, 0x00, 0x00, 0x00, 0x00, 0x00,
  0x00, 0x00, 0x00, 0x00, 0x00, 0x00, 0x00, 0x00, 0x00, 0x00, 0x00, 0x00, 0x00, 0x00, 0x00, 0x00,
  0x00, 0x00, 0x00, 0x00, 0x00, 0x00, 0x00, 0x00, 0x00, 0x00, 0x00, 0x00, 0x00, 0x00, 0x00, 0x00,
  0x00, 0x00, 0x00, 0x00, 0x00, 0x00, 0x00, 0x00, 0x00, 0x00, 0x00, 0x00, 0x00, 0x00, 0x00, 0x00,
  0x00, 0x00, 0x00, 0x00, 0x00, 0x00, 0x00, 0x00, 0x00, 0x00, 0x00, 0x00, 0x00, 0x00, 0x00, 0x00,
  0x00, 0x00, 0x00, 0x00, 0x00, 0x00, 0x00, 0x00, 0x00, 0x00, 0x00, 0x00, 0x00, 0x00, 0x00, 0x00,
  0x00, 0x00, 0x00, 0x00, 0x00, 0x00, 0x00, 0x00, 0x00, 0x00, 0x00, 0x00, 0x00, 0x00, 0x00, 0x00,
  0x00, 0x00, 0x10, 0x42, 0x00, 0x00, 0x51, 0x53, 0x52, 0x53, 0xf0, 0x3a, 0x11, 0x43, 0x31, 0x43,
  0x32, 0x43, 0x31, 0x43, 0x32, 0x43, 0x53, 0x43, 0x52, 0x43, 0x53, 0x43, 0x52, 0x43, 0x32, 0x3b,
  0x33, 0x43, 0x33, 0x43, 0xf2, 0x3a, 0xf4, 0x63, 0xd7, 0x8c, 0x14, 0x64, 0x15, 0x5c, 0x15, 0x5c,
  0x76, 0x64, 0x77, 0x64, 0xb7, 0x64, 0xd8, 0x6c, 0xf8, 0x6c, 0x18, 0x6d, 0xf8, 0x6c, 0x38, 0x7d,
  0x38, 0x7d, 0x59, 0x85, 0x79, 0x8d, 0x78, 0x8d, 0x59, 0x8d, 0x38, 0x7d, 0xf8, 0x6c, 0xd9, 0x64,
  0xb8, 0x5c, 0x57, 0x54, 0x96, 0x3b, 0xf4, 0x32, 0x35, 0x33, 0x75, 0x43, 0x95, 0x43, 0x95, 0x43,
  0xd4, 0x4b, 0xb4, 0x4b, 0xd4, 0x53, 0xf5, 0x4b, 0xf5, 0x53, 0xf5, 0x53, 0xb3, 0x4b, 0x55, 0x74,
  0x36, 0x8d, 0x36, 0x95, 0x56, 0x9d, 0x56, 0x9d, 0x76, 0x9d, 0x77, 0x9d, 0x97, 0x9d, 0x97, 0xa5,
  0x97, 0xa5, 0xb8, 0xa5, 0xd8, 0xa5, 0xd8, 0xad, 0xd8, 0xad, 0xf9, 0xad, 0xf9, 0xad, 0xf8, 0xad,
  0xf8, 0xb5, 0x18, 0xae, 0x19, 0xb6, 0x19, 0xae, 0x19, 0xb6, 0x19, 0xb6, 0x39, 0xb6, 0x39, 0xb6,
  0x3a, 0xb6, 0x59, 0xb6, 0x59, 0xb6, 0x5a, 0xbe, 0x59, 0xb6, 0x7a, 0xbe, 0x59, 0xbe, 0x7a, 0xbe,
  0x7a, 0xbe, 0x7a, 0xc6, 0x7a, 0xc6, 0x7a, 0xc6, 0x9b, 0xc6, 0x9a, 0xc6, 0x9b, 0xc6, 0x9a, 0xc6,
  0x9b, 0xc6, 0xbb, 0xce, 0x9b, 0xc6, 0x9a, 0xc6, 0x9b, 0xce, 0xba, 0xce, 0xbb, 0xce, 0xbb, 0xc6,
  0xbb, 0xce, 0xbb, 0xc6, 0xbb, 0xc6, 0xbb, 0xce, 0xbb, 0xce, 0xbb, 0xc6, 0xbb, 0xce, 0x5b, 0xb6,
  0xda, 0x95, 0xda, 0x95, 0xdb, 0x8d, 0xda, 0x8d, 0xda, 0x8d, 0xda, 0x85, 0xda, 0x85, 0xba, 0x85,
  0xbb, 0x85, 0xba, 0x85, 0xba, 0x85, 0xba, 0x7d, 0x79, 0x7d, 0x59, 0x75, 0x39, 0x75, 0xd8, 0x64,
  0x97, 0x64, 0x56, 0x64, 0x15, 0x5c, 0x00, 0x00, 0x0f, 0x04, 0xef, 0x7b, 0x00, 0x00, 0x00, 0x00,
  0x00, 0x00, 0x00, 0x00, 0x00, 0x00, 0x00, 0x00, 0x00, 0x00, 0x00, 0x00, 0x00, 0x00, 0x00, 0x00,
  0x00, 0x00, 0x00, 0x00, 0x00, 0x00, 0x00, 0x00, 0x00, 0x00, 0x00, 0x00, 0x00, 0x00, 0x00, 0x00,
  0x00, 0x00, 0x00, 0x00, 0x00, 0x00, 0x00, 0x00, 0x00, 0x00, 0x00, 0x00, 0x00, 0x00, 0x00, 0x00,
  0x00, 0x00, 0x00, 0x00, 0x00, 0x00, 0x00, 0x00, 0x00, 0x00, 0x00, 0x00, 0x00, 0x00, 0x00, 0x00,
  0x00, 0x00, 0x00, 0x00, 0x00, 0x00, 0x00, 0x00, 0x00, 0x00, 0x00, 0x00, 0x00, 0x00, 0x00, 0x00,
  0x00, 0x00, 0x00, 0x00, 0x00, 0x00, 0x00, 0x00, 0x00, 0x00, 0x00, 0x00, 0x00, 0x00, 0x00, 0x00,
  0x00, 0x00, 0x00, 0x00, 0x00, 0x00, 0x00, 0x00, 0x00, 0x00, 0x00, 0x00, 0x00, 0x00, 0x00, 0x00,
  0x00, 0x00, 0x00, 0x00, 0x00, 0x00, 0x00, 0x00, 0x00, 0x00, 0x00, 0x00, 0x00, 0x00, 0x00, 0x00,
  0x00, 0x00, 0x00, 0x00, 0x00, 0x00, 0x00, 0x00, 0x00, 0x00, 0x00, 0x00, 0x00, 0x00, 0x00, 0x00,
  0x00, 0x00, 0x00, 0x00, 0x00, 0x00, 0xff, 0x07, 0x00, 0x00, 0xd2, 0x63, 0x31, 0x53, 0x11, 0x43,
  0xf0, 0x3a, 0x11, 0x43, 0x31, 0x3b, 0x32, 0x43, 0x32, 0x43, 0x32, 0x3b, 0x52, 0x43, 0x53, 0x43,
  0x52, 0x3b, 0x33, 0x43, 0x33, 0x43, 0x32, 0x3b, 0x12, 0x43, 0x96, 0x7c, 0x95, 0x7c, 0x14, 0x64,
  0xf4, 0x5b, 0x35, 0x5c, 0x76, 0x5c, 0x96, 0x64, 0xb7, 0x64, 0xf8, 0x6c, 0xf8, 0x6c, 0xf8, 0x6c,
  0x18, 0x75, 0x38, 0x7d, 0x59, 0x85, 0x58, 0x8d, 0x79, 0x8d, 0x79, 0x95, 0x79, 0x8d, 0x39, 0x7d,
  0xf8, 0x74, 0xd8, 0x64, 0x98, 0x5c, 0x37, 0x54, 0x75, 0x3b, 0xf5, 0x2a, 0x55, 0x3b, 0x75, 0x3b,
  0x95, 0x43, 0xb5, 0x43, 0xb4, 0x4b, 0xd5, 0x4b, 0xd4, 0x4b, 0xd4, 0x4b, 0xd4, 0x53, 0xf4, 0x53,
  0x93, 0x4b, 0x95, 0x7c, 0x35, 0x95, 0x36, 0x95, 0x56, 0x95, 0x56, 0x9d, 0x77, 0x9d, 0x77, 0x9d,
  0x97, 0xa5, 0x97, 0x9d, 0x97, 0xa5, 0xb8, 0xad, 0xb8, 0xa5, 0xd8, 0xa5, 0xd8, 0xa5, 0xd8, 0xad,
  0xf9, 0xad, 0xf9, 0xad, 0x18, 0xae, 0x19, 0xb6, 0x19, 0xae, 0x18, 0xb6, 0x19, 0xb6, 0x39, 0xb6,
  0x39, 0xb6, 0x39, 0xb6, 0x39, 0xb6, 0x39, 0xbe, 0x59, 0xb6, 0x5a, 0xb6, 0x59, 0xbe, 0x5a, 0xb6,
  0x5a, 0xbe, 0x79, 0xbe, 0x5a, 0xbe, 0x7a, 0xbe, 0x9a, 0xbe, 0x7a, 0xbe, 0x7a, 0xc6, 0x9a, 0xc6,
  0x7b, 0xc6, 0x9a, 0xc6, 0x9b, 0xc6, 0x9a, 0xce, 0xbb, 0xc6, 0x9b, 0xc6, 0x9a, 0xce, 0x9b, 0xce,
  0xbb, 0xce, 0xbb, 0xce, 0xbb, 0xc6, 0xbb, 0xce, 0x9b, 0xce, 0xbb, 0xce, 0xbb, 0xc6, 0xbb, 0xce,
  0x9b, 0xc6, 0x9c, 0xbe, 0xda, 0x95, 0xda, 0x95, 0xda, 0x8d, 0xda, 0x8d, 0xbb, 0x85, 0xda, 0x8d,
  0xdb, 0x85, 0xba, 0x85, 0xda, 0x85, 0xba, 0x85, 0xba, 0x85, 0xba, 0x7d, 0x9a, 0x7d, 0x5a, 0x7d,
  0x59, 0x75, 0x18, 0x6d, 0xd8, 0x6c, 0x96, 0x6c, 0xb6, 0x74, 0x00, 0x00, 0x55, 0x55, 0x00, 0x00,
  0x00, 0x00, 0x00, 0x00, 0x00, 0x00, 0x00, 0x00, 0x00, 0x00, 0x00, 0x00, 0x00, 0x00, 0x00, 0x00,
  0x00, 0x00, 0x00, 0x00, 0x00, 0x00, 0x00, 0x00, 0x00, 0x00, 0x00, 0x00, 0x00, 0x00, 0x00, 0x00,
  0x00, 0x00, 0x00, 0x00, 0x00, 0x00, 0x00, 0x00, 0x00, 0x00, 0x00, 0x00, 0x00, 0x00, 0x00, 0x00,
  0x00, 0x00, 0x00, 0x00, 0x00, 0x00, 0x00, 0x00, 0x00, 0x00, 0x00, 0x00, 0x00, 0x00, 0x00, 0x00,
  0x00, 0x00, 0x00, 0x00, 0x00, 0x00, 0x00, 0x00, 0x00, 0x00, 0x00, 0x00, 0x00, 0x00, 0x00, 0x00,
  0x00, 0x00, 0x00, 0x00, 0x00, 0x00, 0x00, 0x00, 0x00, 0x00, 0x00, 0x00, 0x00, 0x00, 0x00, 0x00,
  0x00, 0x00, 0x00, 0x00, 0x00, 0x00, 0x00, 0x00, 0x00, 0x00, 0x00, 0x00, 0x00, 0x00, 0x00, 0x00,
  0x00, 0x00, 0x00, 0x00, 0x00, 0x00, 0x00, 0x00, 0x00, 0x00, 0x00, 0x00, 0x00, 0x00, 0x00, 0x00,
  0x00, 0x00, 0x00, 0x00, 0x00, 0x00, 0x00, 0x00, 0x00, 0x00, 0x00, 0x00, 0x00, 0x00, 0x00, 0x00,
  0x00, 0x00, 0x00, 0x00, 0x00, 0x00, 0x00, 0x00, 0x00, 0x00, 0x00, 0x00, 0xef, 0x7b, 0x00, 0x00,
  0x31, 0x53, 0x31, 0x4b, 0xf0, 0x3a, 0x11, 0x43, 0x11, 0x43, 0x31, 0x43, 0x32, 0x43, 0x31, 0x43,
  0x32, 0x3b, 0x32, 0x43, 0x32, 0x43, 0x32, 0x3b, 0x32, 0x43, 0x13, 0x3b, 0x52, 0x4b, 0xd7, 0x8c,
  0x55, 0x74, 0xf4, 0x5b, 0x14, 0x5c, 0x35, 0x5c, 0x76, 0x64, 0x97, 0x64, 0xb7, 0x64, 0xf8, 0x6c,
  0xf7, 0x6c, 0x18, 0x6d, 0x18, 0x75, 0x38, 0x7d, 0x59, 0x85, 0x79, 0x8d, 0x79, 0x95, 0x79, 0x8d,
  0x79, 0x8d, 0x18, 0x7d, 0xf9, 0x6c, 0xd8, 0x64, 0x98, 0x54, 0x38, 0x54, 0x35, 0x3b, 0x14, 0x2b,
  0x55, 0x3b, 0x75, 0x3b, 0x95, 0x43, 0xb5, 0x43, 0xb4, 0x4b, 0xd4, 0x4b, 0xd5, 0x53, 0xf5, 0x4b,
  0xd5, 0x53, 0xd4, 0x4b, 0xb3, 0x53, 0xb6, 0x7c, 0x15, 0x8d, 0x36, 0x95, 0x56, 0x9d, 0x56, 0x95,
  0x76, 0x9d, 0x76, 0x9d, 0x77, 0xa5, 0x97, 0xa5, 0xb7, 0xa5, 0xb7, 0xa5, 0xb7, 0xa5, 0xd8, 0xad,
  0xd8, 0xa5, 0xd9, 0xad, 0xf8, 0xad, 0xf8, 0xad, 0xf8, 0xad, 0xf8, 0xad, 0xf9, 0xb5, 0x19, 0xb6,
  0x39, 0xae, 0x19, 0xb6, 0x39, 0xb6, 0x39, 0xb6, 0x39, 0xb6, 0x39, 0xb6, 0x5a, 0xb6, 0x39, 0xbe,
  0x5a, 0xb6, 0x59, 0xbe, 0x5a, 0xbe, 0x7a, 0xbe, 0x5a, 0xbe, 0x7a, 0xbe, 0x7a, 0xbe, 0x7a, 0xbe,
  0x7a, 0xc6, 0x9b, 0xc6, 0x7a, 0xbe, 0x9a, 0xc6, 0x7b, 0xc6, 0x9a, 0xc6, 0x9b, 0xc6, 0xba, 0xc6,
  0x9b, 0xce, 0x9b, 0xc6, 0x9a, 0xce, 0x9b, 0xc6, 0x9b, 0xce, 0x9b, 0xc6, 0xba, 0xc6, 0xbb, 0xce,
  0x9b, 0xc6, 0xbb, 0xc6, 0xbb, 0xce, 0xbb, 0xc6, 0xfa, 0x9d, 0xda, 0x8d, 0xdb, 0x8d, 0xda, 0x8d,
  0xda, 0x8d, 0xda, 0x85, 0xba, 0x85, 0xda, 0x8d, 0xbb, 0x85, 0xba, 0x85, 0xba, 0x85, 0xba, 0x85,
  0x9a, 0x7d, 0x7a, 0x7d, 0x59, 0x75, 0x19, 0x75, 0x19, 0x75, 0xf8, 0x74, 0x5f, 0xce, 0x00, 0x00,
  0xff, 0x07, 0x00, 0x00, 0x00, 0x00, 0x00, 0x00, 0x00, 0x00, 0x00, 0x00, 0x00, 0x00, 0x00, 0x00,
  0x00, 0x00, 0x00, 0x00, 0x00, 0x00, 0x00, 0x00, 0x00, 0x00, 0x00, 0x00, 0x00, 0x00, 0x00, 0x00,
  0x00, 0x00, 0x00, 0x00, 0x00, 0x00, 0x00, 0x00, 0x00, 0x00, 0x00, 0x00, 0x00, 0x00, 0x00, 0x00,
  0x00, 0x00, 0x00, 0x00, 0x00, 0x00, 0x00, 0x00, 0x00, 0x00, 0x00, 0x00, 0x00, 0x00, 0x00, 0x00,
  0x00, 0x00, 0x00, 0x00, 0x00, 0x00, 0x00, 0x00, 0x00, 0x00, 0x00, 0x00, 0x00, 0x00, 0x00, 0x00,
  0x00, 0x00, 0x00, 0x00, 0x00, 0x00, 0x00, 0x00, 0x00, 0x00, 0x00, 0x00, 0x00, 0x00, 0x00, 0x00,
  0x00, 0x00, 0x00, 0x00, 0x00, 0x00, 0x00, 0x00, 0x00, 0x00, 0x00, 0x00, 0x00, 0x00, 0x00, 0x00,
  0x00, 0x00, 0x00, 0x00, 0x00, 0x00, 0x00, 0x00, 0x00, 0x00, 0x00, 0x00, 0x00, 0x00, 0x00, 0x00,
  0x00, 0x00, 0x00, 0x00, 0x00, 0x00, 0x00, 0x00, 0x00, 0x00, 0x00, 0x00, 0x00, 0x00, 0x00, 0x00,
  0x00, 0x00, 0x00, 0x00, 0x00, 0x00, 0x00, 0x00, 0x00, 0x00, 0x00, 0x00, 0x00, 0x00, 0x00, 0x00,
  0xb5, 0x5a, 0x00, 0x00, 0x51, 0x4b, 0x31, 0x4b, 0xf0, 0x42, 0xf1, 0x3a, 0x11, 0x43, 0x11, 0x3b,
  0x32, 0x43, 0x31, 0x3b, 0x32, 0x43, 0x32, 0x3b, 0x33, 0x3b, 0x12, 0x43, 0x33, 0x3b, 0xf2, 0x3a,
  0xb3, 0x5b, 0xf7, 0x8c, 0x13, 0x6c, 0xf4, 0x5b, 0xf4, 0x5b, 0x35, 0x5c, 0x76, 0x5c, 0x97, 0x64,
  0xd7, 0x64, 0xd8, 0x64, 0xf8, 0x6c, 0x18, 0x75, 0x18, 0x75, 0x59, 0x7d, 0x58, 0x85, 0x79, 0x8d,
  0xb9, 0x95, 0x98, 0x95, 0x59, 0x85, 0x39, 0x7d, 0xf8, 0x6c, 0xd9, 0x64, 0x78, 0x5c, 0x17, 0x4c,
  0x35, 0x33, 0x15, 0x33, 0x55, 0x3b, 0x96, 0x43, 0x95, 0x43, 0xb5, 0x43, 0xd4, 0x4b, 0xd5, 0x4b,
  0xd4, 0x4b, 0xd4, 0x53, 0xf5, 0x53, 0xb4, 0x4b, 0xb4, 0x53, 0xf5, 0x8c, 0x16, 0x8d, 0x36, 0x95,
  0x56, 0x9d, 0x57, 0x9d, 0x56, 0x9d, 0x77, 0x9d, 0x77, 0x9d, 0x97, 0xa5, 0xb7, 0xa5, 0xb7, 0xa5,
  0xb8, 0xa5, 0xd8, 0xa5, 0xd8, 0xad, 0xd8, 0xad, 0xf8, 0xad, 0xf9, 0xad, 0xf9, 0xad, 0xf8, 0xb5,
  0x19, 0xae, 0x19, 0xb6, 0x19, 0xb6, 0x19, 0xb6, 0x39, 0xb6, 0x19, 0xb6, 0x39, 0xb6, 0x39, 0xb6,
  0x39, 0xb6, 0x59, 0xbe, 0x59, 0xb6, 0x5a, 0xbe, 0x59, 0xb6, 0x5a, 0xbe, 0x59, 0xbe, 0x7a, 0xbe,
  0x7a, 0xbe, 0x7a, 0xbe, 0x7a, 0xbe, 0x7a, 0xc6, 0x9a, 0xc6, 0x9b, 0xc6, 0x9a, 0xc6, 0x9b, 0xc6,
  0x9a, 0xc6, 0x9b, 0xce, 0xba, 0xc6, 0x9b, 0xce, 0xbb, 0xc6, 0x9b, 0xce, 0x9b, 0xce, 0xbb, 0xce,
  0x9b, 0xc6, 0xbb, 0xc6, 0xbb, 0xc6, 0xbb, 0xc6, 0xba, 0xc6, 0xbc, 0xc6, 0x1a, 0xa6, 0xda, 0x8d,
  0xda, 0x8d, 0xda, 0x8d, 0xdb, 0x85, 0xba, 0x8d, 0xdb, 0x85, 0xba, 0x85, 0xba, 0x85, 0xda, 0x85,
  0xba, 0x85, 0xba, 0x7d, 0x9a, 0x85, 0x99, 0x7d, 0x5a, 0x7d, 0x59, 0x75, 0x59, 0x7d, 0x38, 0x7d,
  0x00, 0x00, 0x00, 0x00, 0x00, 0x00, 0x00, 0x00, 0x00, 0x00, 0x00, 0x00, 0x00, 0x00, 0x00, 0x00,
  0x00, 0x00, 0x00, 0x00, 0x00, 0x00, 0x00, 0x00, 0x00, 0x00, 0x00, 0x00, 0x00, 0x00, 0x00, 0x00,
  0x00, 0x00, 0x00, 0x00, 0x00, 0x00, 0x00, 0x00, 0x00, 0x00, 0x00, 0x00, 0x00, 0x00, 0x00, 0x00,
  0x00, 0x00, 0x00, 0x00, 0x00, 0x00, 0x00, 0x00, 0x00, 0x00, 0x00, 0x00, 0x00, 0x00, 0x00, 0x00,
  0x00, 0x00, 0x00, 0x00, 0x00, 0x00, 0x00, 0x00, 0x00, 0x00, 0x00, 0x00, 0x00, 0x00, 0x00, 0x00,
  0x00, 0x00, 0x00, 0x00, 0x00, 0x00, 0x00, 0x00, 0x00, 0x00, 0x00, 0x00, 0x00, 0x00, 0x00, 0x00,
  0x00, 0x00, 0x00, 0x00, 0x00, 0x00, 0x00, 0x00, 0x00, 0x00, 0x00, 0x00, 0x00, 0x00, 0x00, 0x00,
  0x00, 0x00, 0x00, 0x00, 0x00, 0x00, 0x00, 0x00, 0x00, 0x00, 0x00, 0x00, 0x00, 0x00, 0x00, 0x00,
  0x00, 0x00, 0x00, 0x00, 0x00, 0x00, 0x00, 0x00, 0x00, 0x00, 0x00, 0x00, 0x00, 0x00, 0x00, 0x00,
  0x00, 0x00, 0x00, 0x00, 0x00, 0x00, 0x00, 0x00, 0x00, 0x00, 0x00, 0x00, 0x00, 0x00, 0x00, 0x00,
  0x00, 0x00, 0x00, 0x00, 0x00, 0x00, 0x00, 0x00, 0xf1, 0x5a, 0x10, 0x4b, 0x11, 0x43, 0xf0, 0x3a,
  0xf0, 0x42, 0xf1, 0x3a, 0x11, 0x43, 0x32, 0x3b, 0x12, 0x43, 0x12, 0x43, 0x32, 0x3b, 0x12, 0x43,
  0x32, 0x3b, 0xf1, 0x3a, 0x15, 0x6c, 0xb6, 0x84, 0xf3, 0x63, 0xd4, 0x5b, 0x15, 0x54, 0x35, 0x5c,
  0x56, 0x5c, 0x97, 0x64, 0xd7, 0x64, 0xf8, 0x6c, 0xf8, 0x6c, 0xf8, 0x6c, 0x18, 0x75, 0x59, 0x7d,
  0x58, 0x8d, 0x99, 0x95, 0x99, 0x95, 0x99, 0x95, 0x79, 0x8d, 0x38, 0x75, 0xf8, 0x6c, 0xd8, 0x5c,
  0x98, 0x5c, 0xf7, 0x4b, 0xf4, 0x32, 0x35, 0x33, 0x55, 0x3b, 0x76, 0x43, 0x95, 0x43, 0xb5, 0x43,
  0xd4, 0x4b, 0xd5, 0x4b, 0xd4, 0x4b, 0xf5, 0x4b, 0xf5, 0x53, 0x93, 0x4b, 0xf4, 0x5b, 0xf5, 0x8c,
  0x15, 0x8d, 0x36, 0x95, 0x36, 0x95, 0x56, 0x9d, 0x56, 0x9d, 0x77, 0x9d, 0x96, 0x9d, 0x97, 0xa5,
  0x98, 0xa5, 0x97, 0xa5, 0xb8, 0xa5, 0xb8, 0xa5, 0xd8, 0xad, 0xd8, 0xa5, 0xd9, 0xad, 0xf8, 0xad,
  0xf9, 0xad, 0xf9, 0xad, 0xf8, 0xb5, 0xf9, 0xad, 0x18, 0xb6, 0x19, 0xb6, 0x39, 0xb6, 0x19, 0xae,
  0x39, 0xb6, 0x39, 0xb6, 0x39, 0xb6, 0x59, 0xb6, 0x3a, 0xb6, 0x59, 0xb6, 0x5a, 0xbe, 0x59, 0xb6,
  0x5a, 0xbe, 0x7a, 0xbe, 0x5a, 0xbe, 0x7a, 0xbe, 0x7a, 0xbe, 0x9a, 0xc6, 0x7a, 0xbe, 0x7a, 0xc6,
  0x9b, 0xc6, 0x9a, 0xc6, 0x9b, 0xc6, 0x9a, 0xc6, 0x9b, 0xc6, 0x9b, 0xc6, 0x9b, 0xc6, 0x9a, 0xc6,
  0xbb, 0xc6, 0x9b, 0xc6, 0x9a, 0xc6, 0x9b, 0xce, 0xba, 0xc6, 0x9b, 0xce, 0xbb, 0xc6, 0xbb, 0xce,
  0x5b, 0xae, 0xba, 0x8d, 0xdb, 0x8d, 0xda, 0x8d, 0xdb, 0x8d, 0xba, 0x85, 0xda, 0x85, 0xba, 0x85,
  0xba, 0x85, 0xba, 0x85, 0xba, 0x85, 0xba, 0x85, 0xba, 0x7d, 0x9a, 0x7d, 0x79, 0x7d, 0x59, 0x7d,
  0x7a, 0x7d, 0x79, 0x8d, 0xff, 0xcf, 0x00, 0x00, 0xff, 0x07, 0x00, 0x00, 0x00, 0x00, 0x00, 0x00,
  0x00, 0x00, 0x00, 0x00, 0x00, 0x00, 0x00, 0x00, 0x00, 0x00, 0x00, 0x00, 0x00, 0x00, 0x00, 0x00,
  0x00, 0x00, 0x00, 0x00, 0x00, 0x00, 0x00, 0x00, 0x00, 0x00, 0x00, 0x00, 0x00, 0x00, 0x00, 0x00,
  0x00, 0x00, 0x00, 0x00, 0x00, 0x00, 0x00, 0x00, 0x00, 0x00, 0x00, 0x00, 0x00, 0x00, 0x00, 0x00,
  0x00, 0x00, 0x00, 0x00, 0x00, 0x00, 0x00, 0x00, 0x00, 0x00, 0x00, 0x00, 0x00, 0x00, 0x00, 0x00,
  0x00, 0x00, 0x00, 0x00, 0x00, 0x00, 0x00, 0x00, 0x00, 0x00, 0x00, 0x00, 0x00, 0x00, 0x00, 0x00,
  0x00, 0x00, 0x00, 0x00, 0x00, 0x00, 0x00, 0x00, 0x00, 0x00, 0x00, 0x00, 0x00, 0x00, 0x00, 0x00,
  0x00, 0x00, 0x00, 0x00, 0x00, 0x00, 0x00, 0x00, 0x00, 0x00, 0x00, 0x00, 0x00, 0x00, 0x00, 0x00,
  0x00, 0x00, 0x00, 0x00, 0x00, 0x00, 0x00, 0x00, 0x00, 0x00, 0x00, 0x00, 0x00, 0x00, 0x00, 0x00,
  0x00, 0x00, 0x00, 0x00, 0x00, 0x00, 0x00, 0x00, 0x00, 0x00, 0x00, 0x00, 0x00, 0x00, 0x00, 0x00,
  0x00, 0x00, 0x00, 0x00, 0x00, 0x00, 0x00, 0x00, 0x00, 0x00, 0xb5, 0x52, 0x00, 0x00, 0x30, 0x53,
  0x32, 0x4b, 0xf1, 0x3a, 0xf0, 0x3a, 0x11, 0x43, 0x11, 0x3b, 0x11, 0x3b, 0x11, 0x3b, 0x12, 0x43,
  0x32, 0x3b, 0x12, 0x3b, 0x12, 0x3b, 0xf1, 0x42, 0x75, 0x7c, 0x95, 0x7c, 0xd3, 0x5b, 0xd4, 0x5b,
  0x14, 0x54, 0x36, 0x5c, 0x76, 0x5c, 0x97, 0x64, 0xb7, 0x64, 0xf8, 0x6c, 0xf7, 0x6c, 0x18, 0x6d,
  0x38, 0x75, 0x38, 0x85, 0x79, 0x8d, 0x99, 0x95, 0x99, 0x95, 0x99, 0x95, 0x59, 0x85, 0x39, 0x75,
  0xf9, 0x6c, 0xd8, 0x64, 0x98, 0x54, 0xd7, 0x43, 0xf5, 0x32, 0x55, 0x33, 0x75, 0x43, 0x96, 0x3b,
  0xb5, 0x43, 0xd5, 0x4b, 0xb4, 0x43, 0xd4, 0x4b, 0xd5, 0x53, 0xf4, 0x4b, 0xf5, 0x53, 0x93, 0x43,
  0x34, 0x6c, 0xf5, 0x8c, 0x15, 0x8d, 0x36, 0x95, 0x56, 0x95, 0x56, 0x95, 0x57, 0x9d, 0x76, 0x9d,
  0x97, 0x9d, 0x97, 0xa5, 0x97, 0x9d, 0xb7, 0xa5, 0xb7, 0xa5, 0xb8, 0xa5, 0xd8, 0xa5, 0xd8, 0xad,
  0xd8, 0xa5, 0xd9, 0xad, 0xf8, 0xad, 0xf8, 0xad, 0x19, 0xae, 0x19, 0xb6, 0x18, 0xae, 0x19, 0xb6,
  0x19, 0xb6, 0x39, 0xb6, 0x39, 0xb6, 0x39, 0xb6, 0x39, 0xb6, 0x39, 0xb6, 0x59, 0xbe, 0x39, 0xb6,
  0x5a, 0xbe, 0x59, 0xb6, 0x5a, 0xbe, 0x59, 0xb6, 0x7a, 0xbe, 0x7a, 0xbe, 0x7a, 0xbe, 0x7a, 0xc6,
  0x9a, 0xbe, 0x7a, 0xc6, 0x9a, 0xbe, 0x9a, 0xc6, 0x7b, 0xc6, 0x9a, 0xc6, 0x9a, 0xc6, 0x9a, 0xc6,
  0x9b, 0xce, 0x9b, 0xc6, 0x9b, 0xce, 0xba, 0xc6, 0xbb, 0xce, 0x9b, 0xce, 0xbb, 0xc6, 0x9b, 0xc6,
  0xbb, 0xc6, 0xbb, 0xc6, 0x5b, 0xb6, 0xba, 0x8d, 0xda, 0x8d, 0xda, 0x8d, 0xda, 0x85, 0xbb, 0x8d,
  0xda, 0x85, 0xbb, 0x8d, 0xda, 0x85, 0xba, 0x85, 0xba, 0x85, 0xba, 0x7d, 0xba, 0x85, 0x99, 0x85,
  0x7a, 0x7d, 0x7a, 0x7d, 0x79, 0x85, 0x99, 0x8d, 0xff, 0xbe, 0x00, 0x00, 0xff, 0xff, 0x00, 0x00,
  0x00, 0x00, 0x00, 0x00, 0x00, 0x00, 0x00, 0x00, 0x00, 0x00, 0x00, 0x00, 0x00, 0x00, 0x00, 0x00,
  0x00, 0x00, 0x00, 0x00, 0x00, 0x00, 0x00, 0x00, 0x00, 0x00, 0x00, 0x00, 0x00, 0x00, 0x00, 0x00,
  0x00, 0x00, 0x00, 0x00, 0x00, 0x00, 0x00, 0x00, 0x00, 0x00, 0x00, 0x00, 0x00, 0x00, 0x00, 0x00,
  0x00, 0x00, 0x00, 0x00, 0x00, 0x00, 0x00, 0x00, 0x00, 0x00, 0x00, 0x00, 0x00, 0x00, 0x00, 0x00,
  0x00, 0x00, 0x00, 0x00, 0x00, 0x00, 0x00, 0x00, 0x00, 0x00, 0x00, 0x00, 0x00, 0x00, 0x00, 0x00,
  0x00, 0x00, 0x00, 0x00, 0x00, 0x00, 0x00, 0x00, 0x00, 0x00, 0x00, 0x00, 0x00, 0x00, 0x00, 0x00,
  0x00, 0x00, 0x00, 0x00, 0x00, 0x00, 0x00, 0x00, 0x00, 0x00, 0x00, 0x00, 0x00, 0x00, 0x00, 0x00,
  0x00, 0x00, 0x00, 0x00, 0x00, 0x00, 0x00, 0x00, 0x00, 0x00, 0x00, 0x00, 0x00, 0x00, 0x00, 0x00,
  0x00, 0x00, 0x00, 0x00, 0x00, 0x00, 0x00, 0x00, 0x00, 0x00, 0x00, 0x00, 0x00, 0x00, 0x00, 0x00,
  0x00, 0x00, 0x00, 0x00, 0x00, 0x00, 0x00, 0x00, 0x00, 0x00, 0x00, 0x00, 0x00, 0x00, 0xef, 0x83,
  0x00, 0x00, 0x31, 0x53, 0x30, 0x4b, 0x10, 0x43, 0xf1, 0x3a, 0xf0, 0x42, 0xf1, 0x42, 0xf1, 0x42,
  0x11, 0x3b, 0x11, 0x3b, 0x11, 0x3b, 0x12, 0x43, 0x12, 0x3b, 0x11, 0x43, 0x96, 0x7c, 0x54, 0x74,
  0xb3, 0x5b, 0xd4, 0x53, 0xf4, 0x53, 0x35, 0x5c, 0x76, 0x64, 0x97, 0x64, 0xb7, 0x64, 0xd8, 0x6c,
  0xf8, 0x6c, 0x18, 0x75, 0x18, 0x75, 0x59, 0x7d, 0x78, 0x8d, 0x99, 0x95, 0x99, 0x9d, 0xb9, 0x95,
  0x59, 0x85, 0x39, 0x75, 0xf8, 0x6c, 0xd8, 0x5c, 0x78, 0x5c, 0xb6, 0x43, 0xf5, 0x2a, 0x56, 0x3b,
  0x95, 0x3b, 0x95, 0x43, 0xb5, 0x43, 0xb5, 0x43, 0xd4, 0x4b, 0xd5, 0x4b, 0xd4, 0x53, 0xd5, 0x4b,
  0xf4, 0x53, 0x93, 0x4b, 0x55, 0x74, 0xf5, 0x8c, 0xf6, 0x8c, 0x36, 0x95, 0x36, 0x95, 0x56, 0x9d,
  0x76, 0x9d, 0x77, 0x9d, 0x76, 0x9d, 0x97, 0x9d, 0x98, 0xa5, 0xb7, 0xa5, 0xb8, 0xa5, 0xb8, 0xa5,
  0xb8, 0xa5, 0xb8, 0xad, 0xd8, 0xad, 0xf8, 0xad, 0xd9, 0xad, 0xf8, 0xad, 0xf9, 0xad, 0x18, 0xae,
  0x18, 0xae, 0x19, 0xb6, 0x19, 0xb6, 0x19, 0xb6, 0x19, 0xb6, 0x39, 0xb6, 0x39, 0xb6, 0x59, 0xb6,
  0x39, 0xb6, 0x3a, 0xb6, 0x59, 0xb6, 0x59, 0xbe, 0x5a, 0xb6, 0x59, 0xbe, 0x5a, 0xbe, 0x7a, 0xbe,
  0x5a, 0xbe, 0x7a, 0xbe, 0x7a, 0xbe, 0x7a, 0xc6, 0x9b, 0xc6, 0x7a, 0xc6, 0x9a, 0xc6, 0x7b, 0xc6,
  0x9a, 0xc6, 0x9b, 0xc6, 0x9a, 0xc6, 0x9b, 0xc6, 0x9a, 0xc6, 0x9b, 0xce, 0x9b, 0xc6, 0xbb, 0xc6,
  0x9b, 0xce, 0x9a, 0xc6, 0xbb, 0xc6, 0xba, 0xce, 0x7b, 0xbe, 0xda, 0x8d, 0xdb, 0x8d, 0xba, 0x8d,
  0xba, 0x85, 0xda, 0x85, 0xba, 0x8d, 0xda, 0x85, 0xba, 0x85, 0xba, 0x85, 0xba, 0x85, 0xba, 0x85,
  0xba, 0x7d, 0x9a, 0x85, 0x99, 0x7d, 0x79, 0x85, 0x7a, 0x7d, 0x99, 0x8d, 0x5d, 0xb6, 0x00, 0x00,
  0xf0, 0x7b, 0x00, 0x00, 0x00, 0x00, 0x00, 0x00, 0x00, 0x00, 0x00, 0x00, 0x00, 0x00, 0x00, 0x00,
  0x00, 0x00, 0x00, 0x00, 0x00, 0x00, 0x00, 0x00, 0x00, 0x00, 0x00, 0x00, 0x00, 0x00, 0x00, 0x00,
  0x00, 0x00, 0x00, 0x00, 0x00, 0x00, 0x00, 0x00, 0x00, 0x00, 0x00, 0x00, 0x00, 0x00, 0x00, 0x00,
  0x00, 0x00, 0x00, 0x00, 0x00, 0x00, 0x00, 0x00, 0x00, 0x00, 0x00, 0x00, 0x00, 0x00, 0x00, 0x00,
  0x00, 0x00, 0x00, 0x00, 0x00, 0x00, 0x00, 0x00, 0x00, 0x00, 0x00, 0x00, 0x00, 0x00, 0x00, 0x00,
  0x00, 0x00, 0x00, 0x00, 0x00, 0x00, 0x00, 0x00, 0x00, 0x00, 0x00, 0x00, 0x00, 0x00, 0x00, 0x00,
  0x00, 0x00, 0x00, 0x00, 0x00, 0x00, 0x00, 0x00, 0x00, 0x00, 0x00, 0x00, 0x00, 0x00, 0x00, 0x00,
  0x00, 0x00, 0x00, 0x00, 0x00, 0x00, 0x00, 0x00, 0x00, 0x00, 0x00, 0x00, 0x00, 0x00, 0x00, 0x00,
  0x00, 0x00, 0x00, 0x00, 0x00, 0x00, 0x00, 0x00, 0x00, 0x00, 0x00, 0x00, 0x00, 0x00, 0x00, 0x00,
  0x00, 0x00, 0x00, 0x00, 0x00, 0x00, 0x00, 0x00, 0x00, 0x00, 0x00, 0x00, 0x00, 0x00, 0x00, 0x00,
  0x00, 0x00, 0x00, 0x00, 0x0f, 0x7c, 0x00, 0x00, 0x30, 0x4b, 0x52, 0x4b, 0xf0, 0x3a, 0xf0, 0x3a,
  0xf1, 0x3a, 0xf1, 0x3a, 0xf1, 0x42, 0xf1, 0x3a, 0x11, 0x3b, 0x11, 0x3b, 0xf1, 0x3a, 0x32, 0x4b,
  0xb6, 0x84, 0x14, 0x6c, 0xb3, 0x53, 0xd3, 0x53, 0xf4, 0x5b, 0x15, 0x5c, 0x77, 0x5c, 0x97, 0x64,
  0xb7, 0x64, 0xf8, 0x64, 0xf8, 0x6c, 0x18, 0x6d, 0x38, 0x75, 0x38, 0x7d, 0x79, 0x8d, 0x99, 0x95,
  0xb9, 0x95, 0x99, 0x95, 0x59, 0x85, 0x38, 0x75, 0x19, 0x65, 0xb8, 0x64, 0x98, 0x54, 0x96, 0x43,
  0xf5, 0x2a, 0x76, 0x3b, 0x75, 0x3b, 0xb5, 0x43, 0x96, 0x43, 0xb5, 0x43, 0xd4, 0x4b, 0xd4, 0x4b,
  0xd5, 0x4b, 0xd4, 0x53, 0xd5, 0x4b, 0x93, 0x4b, 0x75, 0x74, 0xf5, 0x8c, 0x15, 0x8d, 0x36, 0x95,
  0x36, 0x95, 0x56, 0x9d, 0x57, 0x9d, 0x56, 0x9d, 0x77, 0x9d, 0x97, 0xa5, 0x97, 0x9d, 0x98, 0xa5,
  0xb7, 0xa5, 0xb8, 0xa5, 0xd8, 0xa5, 0xd8, 0xa5, 0xd9, 0xa5, 0xd8, 0xad, 0xf9, 0xa5, 0xf8, 0xad,
  0xf9, 0xb5, 0xf8, 0xad, 0x19, 0xb6, 0x18, 0xae, 0x18, 0xb6, 0x39, 0xae, 0x39, 0xb6, 0x19, 0xb6,
  0x39, 0xb6, 0x39, 0xb6, 0x39, 0xb6, 0x59, 0xbe, 0x39, 0xb6, 0x5a, 0xb6, 0x59, 0xbe, 0x5a, 0xbe,
  0x79, 0xbe, 0x5a, 0xbe, 0x79, 0xbe, 0x7a, 0xbe, 0x7a, 0xbe, 0x7a, 0xbe, 0x9a, 0xc6, 0x7a, 0xbe,
  0x7a, 0xbe, 0x9a, 0xc6, 0x9b, 0xc6, 0x9a, 0xc6, 0x9b, 0xc6, 0x9a, 0xc6, 0x9b, 0xc6, 0xbb, 0xc6,
  0x9a, 0xc6, 0x9a, 0xc6, 0x9b, 0xc6, 0x9a, 0xc6, 0x9b, 0xc6, 0x9b, 0xc6, 0x9b, 0xbe, 0xda, 0x95,
  0xba, 0x85, 0xda, 0x8d, 0xbb, 0x85, 0xda, 0x8d, 0xbb, 0x85, 0xba, 0x85, 0xba, 0x7d, 0xba, 0x85,
  0xba, 0x85, 0xba, 0x7d, 0xba, 0x85, 0xba, 0x85, 0x9a, 0x85, 0x79, 0x85, 0x7a, 0x85, 0xba, 0x95,
  0x1b, 0xa6, 0x00, 0x00, 0xff, 0xff, 0x00, 0x00, 0x00, 0x00, 0x00, 0x00, 0x00, 0x00, 0x00, 0x00,
  0x00, 0x00, 0x00, 0x00, 0x00, 0x00, 0x00, 0x00, 0x00, 0x00, 0x00, 0x00, 0x00, 0x00, 0x00, 0x00,
  0x00, 0x00, 0x00, 0x00, 0x00, 0x00, 0x00, 0x00, 0x00, 0x00, 0x00, 0x00, 0x00, 0x00, 0x00, 0x00,
  0x00, 0x00, 0x00, 0x00, 0x00, 0x00, 0x00, 0x00, 0x00, 0x00, 0x00, 0x00, 0x00, 0x00, 0x00, 0x00,
  0x00, 0x00, 0x00, 0x00, 0x00, 0x00, 0x00, 0x00, 0x00, 0x00, 0x00, 0x00, 0x00, 0x00, 0x00, 0x00,
  0x00, 0x00, 0x00, 0x00, 0x00, 0x00, 0x00, 0x00, 0x00, 0x00, 0x00, 0x00, 0x00, 0x00, 0x00, 0x00,
  0x00, 0x00, 0x00, 0x00, 0x00, 0x00, 0x00, 0x00, 0x00, 0x00, 0x00, 0x00, 0x00, 0x00, 0x00, 0x00,
  0x00, 0x00, 0x00, 0x00, 0x00, 0x00, 0x00, 0x00, 0x00, 0x00, 0x00, 0x00, 0x00, 0x00, 0x00, 0x00,
  0x00, 0x00, 0x00, 0x00, 0x00, 0x00, 0x00, 0x00, 0x00, 0x00, 0x00, 0x00, 0x00, 0x00, 0x00, 0x00,
  0x00, 0x00, 0x00, 0x00, 0x00, 0x00, 0x00, 0x00, 0x00, 0x00, 0x00, 0x00, 0x00, 0x00, 0x00, 0x00,
  0x00, 0x00, 0x00, 0x00, 0x00, 0x00, 0x00, 0x00, 0xb5, 0x52, 0x00, 0x00, 0x31, 0x53, 0x31, 0x4b,
  0xf1, 0x42, 0xd0, 0x3a, 0xf0, 0x42, 0xf0, 0x3a, 0x11, 0x3b, 0xf1, 0x42, 0xf1, 0x3a, 0xf1, 0x42,
  0xf1, 0x3a, 0x72, 0x53, 0xb6, 0x84, 0xd3, 0x63, 0x93, 0x53, 0xb4, 0x53, 0xf4, 0x53, 0x35, 0x5c,
  0x56, 0x5c, 0x97, 0x5c, 0xb7, 0x64, 0xf8, 0x6c, 0xf7, 0x6c, 0x18, 0x6d, 0x38, 0x75, 0x59, 0x85,
  0x59, 0x85, 0x99, 0x95, 0xb9, 0x9d, 0x9a, 0x95, 0x59, 0x85, 0x39, 0x75, 0xf8, 0x6c, 0xd9, 0x5c,
  0x78, 0x5c, 0x75, 0x3b, 0x15, 0x33, 0x76, 0x3b, 0x76, 0x3b, 0x95, 0x3b, 0xb5, 0x43, 0xb5, 0x4b,
  0xd5, 0x4b, 0xd4, 0x4b, 0xd4, 0x4b, 0xd5, 0x53, 0xd4, 0x4b, 0xb4, 0x53, 0xb5, 0x7c, 0xd5, 0x8c,
  0x15, 0x95, 0x36, 0x95, 0x36, 0x95, 0x56, 0x95, 0x56, 0x9d, 0x77, 0x9d, 0x76, 0x9d, 0x77, 0x9d,
  0x97, 0xa5, 0x98, 0xa5, 0xb7, 0xa5, 0xb7, 0xa5, 0xb8, 0xa5, 0xd8, 0xa5, 0xd8, 0xad, 0xd8, 0xa5,
  0xd8, 0xad, 0xf8, 0xad, 0xf8, 0xad, 0xf9, 0xad, 0xf8, 0xb5, 0x19, 0xae, 0x19, 0xb6, 0x18, 0xb6,
  0x39, 0xae, 0x19, 0xb6, 0x39, 0xb6, 0x39, 0xb6, 0x39, 0xb6, 0x39, 0xb6, 0x59, 0xb6, 0x3a, 0xbe,
  0x59, 0xb6, 0x5a, 0xb6, 0x5a, 0xbe, 0x59, 0xb6, 0x7a, 0xbe, 0x7a, 0xc6, 0x7a, 0xbe, 0x7a, 0xbe,
  0x7a, 0xbe, 0x7a, 0xbe, 0x9a, 0xc6, 0x7a, 0xbe, 0x9a, 0xc6, 0x7a, 0xc6, 0x9a, 0xc6, 0x9a, 0xc6,
  0x9b, 0xc6, 0x9a, 0xc6, 0x9b, 0xc6, 0x9a, 0xc6, 0x9a, 0xc6, 0x9b, 0xc6, 0xba, 0xc6, 0xbb, 0xc6,
  0xbb, 0xc6, 0xfa, 0x95, 0xba, 0x85, 0xba, 0x85, 0xba, 0x85, 0xba, 0x85, 0xba, 0x85, 0xba, 0x85,
  0xba, 0x85, 0xba, 0x85, 0xda, 0x85, 0xba, 0x85, 0xba, 0x7d, 0xba, 0x85, 0x9a, 0x85, 0x79, 0x7d,
  0x79, 0x85, 0xdb, 0x95, 0xfa, 0x9d, 0x00, 0x00, 0xff, 0xaf, 0x00, 0x00, 0x00, 0x00, 0x00, 0x00,
  0x00, 0x00, 0x00, 0x00, 0x00, 0x00, 0x00, 0x00, 0x00, 0x00, 0x00, 0x00, 0x00, 0x00, 0x00, 0x00,
  0x00, 0x00, 0x00, 0x00, 0x00, 0x00, 0x00, 0x00, 0x00, 0x00, 0x00, 0x00, 0x00, 0x00, 0x00, 0x00,
  0x00, 0x00, 0x00, 0x00, 0x00, 0x00, 0x00, 0x00, 0x00, 0x00, 0x00, 0x00, 0x00, 0x00, 0x00, 0x00,
  0x00, 0x00, 0x00, 0x00, 0x00, 0x00, 0x00, 0x00, 0x00, 0x00, 0x00, 0x00, 0x00, 0x00, 0x00, 0x00,
  0x00, 0x00, 0x00, 0x00, 0x00, 0x00, 0x00, 0x00, 0x00, 0x00, 0x00, 0x00, 0x00, 0x00, 0x00, 0x00,
  0x00, 0x00, 0x00, 0x00, 0x00, 0x00, 0x00, 0x00, 0x00, 0x00, 0x00, 0x00, 0x00, 0x00, 0x00, 0x00,
  0x00, 0x00, 0x00, 0x00, 0x00, 0x00, 0x00, 0x00, 0x00, 0x00, 0x00, 0x00, 0x00, 0x00, 0x00, 0x00,
  0x00, 0x00, 0x00, 0x00, 0x00, 0x00, 0x00, 0x00, 0x00, 0x00, 0x00, 0x00, 0x00, 0x00, 0x00, 0x00,
  0x00, 0x00, 0x00, 0x00, 0x00, 0x00, 0x00, 0x00, 0x00, 0x00, 0x00, 0x00, 0x00, 0x00, 0x00, 0x00,
  0x00, 0x00, 0x00, 0x00, 0x00, 0x00, 0x00, 0x00, 0x00, 0x00, 0x00, 0x00, 0x00, 0x00, 0x0f, 0x00,
  0xe0, 0x07, 0x10, 0x4b, 0x31, 0x4b, 0xf0, 0x3a, 0xd0, 0x3a, 0xf0, 0x3a, 0xf0, 0x42, 0xf1, 0x3a,
  0xf0, 0x3a, 0xf1, 0x3a, 0xd0, 0x32, 0xb3, 0x5b, 0x96, 0x84, 0xd3, 0x5b, 0xb2, 0x53, 0xb3, 0x53,
  0xf4, 0x53, 0x15, 0x54, 0x56, 0x5c, 0x76, 0x64, 0xb7, 0x64, 0xf8, 0x6c, 0xf8, 0x6c, 0x18, 0x6d,
  0x18, 0x75, 0x58, 0x7d, 0x79, 0x8d, 0x99, 0x95, 0xb9, 0x95, 0x99, 0x95, 0x59, 0x85, 0x39, 0x6d,
  0x18, 0x6d, 0xb8, 0x5c, 0x78, 0x5c, 0x55, 0x3b, 0x15, 0x33, 0x76, 0x3b, 0x95, 0x3b, 0x96, 0x43,
  0xb5, 0x43, 0xb5, 0x43, 0xb4, 0x4b, 0xd5, 0x4b, 0xd4, 0x4b, 0xd5, 0x4b, 0xd4, 0x4b, 0xb3, 0x53,
  0xb5, 0x7c, 0xf5, 0x8c, 0xf5, 0x8c, 0x36, 0x95, 0x35, 0x95, 0x36, 0x95, 0x56, 0x95, 0x56, 0x9d,
  0x77, 0x9d, 0x77, 0x9d, 0x97, 0x9d, 0x97, 0x9d, 0x98, 0xa5, 0x97, 0xa5, 0xb8, 0xa5, 0xd8, 0xa5,
  0xd8, 0xad, 0xd8, 0xad, 0xf8, 0xad, 0xf8, 0xad, 0xf9, 0xad, 0x18, 0xae, 0x19, 0xae, 0x18, 0xb6,
  0x19, 0xae, 0x19, 0xb6, 0x19, 0xb6, 0x39, 0xb6, 0x19, 0xb6, 0x39, 0xb6, 0x39, 0xb6, 0x39, 0xb6,
  0x39, 0xb6, 0x59, 0xb6, 0x5a, 0xbe, 0x59, 0xb6, 0x59, 0xbe, 0x5a, 0xb6, 0x59, 0xbe, 0x7a, 0xbe,
  0x7a, 0xbe, 0x7a, 0xbe, 0x7a, 0xbe, 0x7a, 0xbe, 0x7a, 0xbe, 0x7a, 0xc6, 0x9b, 0xc6, 0x7a, 0xbe,
  0x9a, 0xc6, 0x9a, 0xc6, 0x9a, 0xc6, 0x9a, 0xc6, 0x9a, 0xc6, 0x9b, 0xc6, 0x9a, 0xc6, 0x9a, 0xc6,
  0x9b, 0xc6, 0x9a, 0xc6, 0x9b, 0xc6, 0xfa, 0x9d, 0xba, 0x85, 0xba, 0x8d, 0xba, 0x85, 0xba, 0x85,
  0xba, 0x85, 0xba, 0x85, 0xba, 0x85, 0xba, 0x85, 0xba, 0x7d, 0xba, 0x85, 0x99, 0x85, 0x9a, 0x85,
  0x9a, 0x85, 0x9a, 0x85, 0x79, 0x7d, 0xfb, 0x95, 0xda, 0x9d, 0x00, 0x00, 0xf7, 0x7d, 0x00, 0x00,
  0x00, 0x00, 0x00, 0x00, 0x00, 0x00, 0x00, 0x00, 0x00, 0x00, 0x00, 0x00, 0x00, 0x00, 0x00, 0x00,
  0x00, 0x00, 0x00, 0x00, 0x00, 0x00, 0x00, 0x00, 0x00, 0x00, 0x00, 0x00, 0x00, 0x00, 0x00, 0x00,
  0x00, 0x00, 0x00, 0x00, 0x00, 0x00, 0x00, 0x00, 0x00, 0x00, 0x00, 0x00, 0x00, 0x00, 0x00, 0x00,
  0x00, 0x00, 0x00, 0x00, 0x00, 0x00, 0x00, 0x00, 0x00, 0x00, 0x00, 0x00, 0x00, 0x00, 0x00, 0x00,
  0x00, 0x00, 0x00, 0x00, 0x00, 0x00, 0x00, 0x00, 0x00, 0x00, 0x00, 0x00, 0x00, 0x00, 0x00, 0x00,
  0x00, 0x00, 0x00, 0x00, 0x00, 0x00, 0x00, 0x00, 0x00, 0x00, 0x00, 0x00, 0x00, 0x00, 0x00, 0x00,
  0x00, 0x00, 0x00, 0x00, 0x00, 0x00, 0x00, 0x00, 0x00, 0x00, 0x00, 0x00, 0x00, 0x00, 0x00, 0x00,
  0x00, 0x00, 0x00, 0x00, 0x00, 0x00, 0x00, 0x00, 0x00, 0x00, 0x00, 0x00, 0x00, 0x00, 0x00, 0x00,
  0x00, 0x00, 0x00, 0x00, 0x00, 0x00, 0x00, 0x00, 0x00, 0x00, 0x00, 0x00, 0x00, 0x00, 0x00, 0x00,
  0x00, 0x00, 0x00, 0x00, 0x00, 0x00, 0x00, 0x00, 0x00, 0x00, 0x00, 0x00, 0x00, 0x00, 0x00, 0x00,
  0x00, 0x00, 0xb5, 0x52, 0x00, 0x00, 0x11, 0x53, 0x31, 0x4b, 0xf0, 0x3a, 0xd0, 0x3a, 0xd0, 0x3a,
  0xf0, 0x3a, 0xf0, 0x3a, 0xf1, 0x3a, 0xf1, 0x3a, 0xb0, 0x32, 0xf3, 0x63, 0x75, 0x7c, 0x92, 0x5b,
  0x93, 0x53, 0xb3, 0x53, 0xf4, 0x53, 0x15, 0x5c, 0x55, 0x5c, 0x77, 0x5c, 0xb7, 0x64, 0xd7, 0x64,
  0xf8, 0x6c, 0x18, 0x6d, 0x38, 0x75, 0x39, 0x7d, 0x79, 0x85, 0x79, 0x95, 0xb9, 0x95, 0x99, 0x8d,
  0x59, 0x85, 0x39, 0x75, 0xf9, 0x64, 0xb8, 0x64, 0x58, 0x54, 0x35, 0x33, 0x15, 0x33, 0x76, 0x3b,
  0x96, 0x3b, 0xb5, 0x43, 0xb5, 0x43, 0xb5, 0x43, 0xd4, 0x4b, 0xb5, 0x4b, 0xd4, 0x4b, 0xd4, 0x53,
  0xb4, 0x43, 0xb3, 0x53, 0xb6, 0x84, 0xf5, 0x84, 0x15, 0x8d, 0x16, 0x95, 0x36, 0x95, 0x36, 0x95,
  0x56, 0x9d, 0x56, 0x95, 0x56, 0x9d, 0x77, 0x9d, 0x77, 0x9d, 0x97, 0xa5, 0x97, 0xa5, 0xb8, 0xa5,
  0xb7, 0xa5, 0xb7, 0xa5, 0xd8, 0xa5, 0xb9, 0xa5, 0xd8, 0xad, 0xf8, 0xad, 0xf8, 0xad, 0xf8, 0xad,
  0xf8, 0xb5, 0xf9, 0xad, 0x18, 0xb6, 0x19, 0xae, 0x19, 0xb6, 0x19, 0xb6, 0x39, 0xb6, 0x19, 0xb6,
  0x39, 0xb6, 0x39, 0xb6, 0x39, 0xb6, 0x39, 0xb6, 0x59, 0xb6, 0x5a, 0xb6, 0x59, 0xbe, 0x5a, 0xb6,
  0x5a, 0xbe, 0x59, 0xb6, 0x5a, 0xbe, 0x5a, 0xbe, 0x7a, 0xbe, 0x5a, 0xbe, 0x7a, 0xbe, 0x7a, 0xbe,
  0x7a, 0xbe, 0x7a, 0xc6, 0x7b, 0xbe, 0x7a, 0xc6, 0x9a, 0xbe, 0x7a, 0xbe, 0x9a, 0xc6, 0x9a, 0xbe,
  0x9b, 0xc6, 0x9a, 0xbe, 0x7a, 0xc6, 0x7a, 0xbe, 0xbb, 0xc6, 0x1a, 0xa6, 0xba, 0x85, 0xba, 0x85,
  0xba, 0x85, 0xba, 0x85, 0xba, 0x85, 0xba, 0x85, 0xba, 0x85, 0xba, 0x85, 0xba, 0x85, 0xba, 0x85,
  0xba, 0x7d, 0x99, 0x85, 0x9a, 0x85, 0x9a, 0x85, 0x9a, 0x85, 0xdb, 0x95, 0xda, 0x9d, 0x00, 0x00,
  0xff, 0x7b, 0x00, 0x00, 0x00, 0x00, 0x00, 0x00, 0x00, 0x00, 0x00, 0x00, 0x00, 0x00, 0x00, 0x00,
  0x00, 0x00, 0x00, 0x00, 0x00, 0x00, 0x00, 0x00, 0x00, 0x00, 0x00, 0x00, 0x00, 0x00, 0x00, 0x00,
  0x00, 0x00, 0x00, 0x00, 0x00, 0x00, 0x00, 0x00, 0x00, 0x00, 0x00, 0x00, 0x00, 0x00, 0x00, 0x00,
  0x00, 0x00, 0x00, 0x00, 0x00, 0x00, 0x00, 0x00, 0x00, 0x00, 0x00, 0x00, 0x00, 0x00, 0x00, 0x00,
  0x00, 0x00, 0x00, 0x00, 0x00, 0x00, 0x00, 0x00, 0x00, 0x00, 0x00, 0x00, 0x00, 0x00, 0x00, 0x00,
  0x00, 0x00, 0x00, 0x00, 0x00, 0x00, 0x00, 0x00, 0x00, 0x00, 0x00, 0x00, 0x00, 0x00, 0x00, 0x00,
  0x00, 0x00, 0x00, 0x00, 0x00, 0x00, 0x00, 0x00, 0x00, 0x00, 0x00, 0x00, 0x00, 0x00, 0x00, 0x00,
  0x00, 0x00, 0x00, 0x00, 0x00, 0x00, 0x00, 0x00, 0x00, 0x00, 0x00, 0x00, 0x00, 0x00, 0x00, 0x00,
  0x00, 0x00, 0x00, 0x00, 0x00, 0x00, 0x00, 0x00, 0x00, 0x00, 0x00, 0x00, 0x00, 0x00, 0x00, 0x00,
  0x00, 0x00, 0x00, 0x00, 0x00, 0x00, 0x00, 0x00, 0x00, 0x00, 0x00, 0x00, 0x00, 0x00, 0x00, 0x00,
  0x00, 0x00, 0x00, 0x00, 0x00, 0x00, 0x00, 0x00, 0x0f, 0x00, 0xaa, 0x52, 0x10, 0x4b, 0x11, 0x4b,
  0xf0, 0x42, 0xf0, 0x3a, 0xf0, 0x3a, 0xd0, 0x3a, 0xf0, 0x3a, 0xf1, 0x3a, 0xb0, 0x3a, 0xf4, 0x63,
  0x34, 0x74, 0x92, 0x53, 0x92, 0x4b, 0xb3, 0x53, 0xd4, 0x53, 0x14, 0x54, 0x36, 0x5c, 0x76, 0x5c,
  0x97, 0x64, 0xd7, 0x64, 0xf8, 0x6c, 0x18, 0x6d, 0x18, 0x75, 0x58, 0x7d, 0x79, 0x85, 0x99, 0x95,
  0xb9, 0x95, 0x99, 0x8d, 0x59, 0x85, 0x39, 0x75, 0x18, 0x6d, 0xb8, 0x5c, 0x58, 0x5c, 0x35, 0x33,
  0x35, 0x33, 0x96, 0x3b, 0x95, 0x3b, 0x96, 0x43, 0xb5, 0x43, 0xb5, 0x43, 0xd4, 0x4b, 0xd4, 0x43,
  0xb5, 0x4b, 0xd4, 0x4b, 0xb4, 0x4b, 0xb3, 0x53, 0xd6, 0x84, 0xd4, 0x8c, 0x15, 0x8d, 0x15, 0x95,
  0x36, 0x95, 0x35, 0x95, 0x36, 0x95, 0x56, 0x9d, 0x57, 0x9d, 0x77, 0x9d, 0x77, 0x9d, 0x77, 0x9d,
  0x97, 0xa5, 0x97, 0xa5, 0xb8, 0xa5, 0xb7, 0xa5, 0xb8, 0xa5, 0xd8, 0xad, 0xd8, 0xa5, 0xd9, 0xad,
  0xf8, 0xad, 0xf8, 0xad, 0xf9, 0xad, 0x18, 0xae, 0xf9, 0xb5, 0x19, 0xae, 0x18, 0xb6, 0x19, 0xae,
  0x18, 0xb6, 0x19, 0xae, 0x39, 0xb6, 0x39, 0xb6, 0x39, 0xb6, 0x39, 0xb6, 0x39, 0xbe, 0x39, 0xb6,
  0x5a, 0xb6, 0x59, 0xbe, 0x59, 0xbe, 0x5a, 0xb6, 0x59, 0xbe, 0x7a, 0xbe, 0x5a, 0xb6, 0x79, 0xbe,
  0x5a, 0xbe, 0x7a, 0xbe, 0x7a, 0xbe, 0x9a, 0xc6, 0x7a, 0xbe, 0x9a, 0xc6, 0x7a, 0xbe, 0x7b, 0xc6,
  0x9a, 0xc6, 0x7a, 0xbe, 0x9a, 0xc6, 0x7a, 0xc6, 0x9b, 0xc6, 0x7a, 0xc6, 0x9b, 0xc6, 0x3b, 0xa6,
  0x9a, 0x7d, 0xba, 0x85, 0xba, 0x85, 0xba, 0x7d, 0xba, 0x85, 0xba, 0x85, 0x9a, 0x85, 0xba, 0x85,
  0x9a, 0x85, 0xba, 0x85, 0x9a, 0x85, 0xba, 0x85, 0x99, 0x85, 0x9a, 0x85, 0x99, 0x85, 0xbb, 0x8d,
  0xba, 0x95, 0xff, 0xbf, 0x00, 0x00, 0xff, 0x07, 0x00, 0x00, 0x00, 0x00, 0x00, 0x00, 0x00, 0x00,
  0x00, 0x00, 0x00, 0x00, 0x00, 0x00, 0x00, 0x00, 0x00, 0x00, 0x00, 0x00, 0x00, 0x00, 0x00, 0x00,
  0x00, 0x00, 0x00, 0x00, 0x00, 0x00, 0x00, 0x00, 0x00, 0x00, 0x00, 0x00, 0x00, 0x00, 0x00, 0x00,
  0x00, 0x00, 0x00, 0x00, 0x00, 0x00, 0x00, 0x00, 0x00, 0x00, 0x00, 0x00, 0x00, 0x00, 0x00, 0x00,
  0x00, 0x00, 0x00, 0x00, 0x00, 0x00, 0x00, 0x00, 0x00, 0x00, 0x00, 0x00, 0x00, 0x00, 0x00, 0x00,
  0x00, 0x00, 0x00, 0x00, 0x00, 0x00, 0x00, 0x00, 0x00, 0x00, 0x00, 0x00, 0x00, 0x00, 0x00, 0x00,
  0x00, 0x00, 0x00, 0x00, 0x00, 0x00, 0x00, 0x00, 0x00, 0x00, 0x00, 0x00, 0x00, 0x00, 0x00, 0x00,
  0x00, 0x00, 0x00, 0x00, 0x00, 0x00, 0x00, 0x00, 0x00, 0x00, 0x00, 0x00, 0x00, 0x00, 0x00, 0x00,
  0x00, 0x00, 0x00, 0x00, 0x00, 0x00, 0x00, 0x00, 0x00, 0x00, 0x00, 0x00, 0x00, 0x00, 0x00, 0x00,
  0x00, 0x00, 0x00, 0x00, 0x00, 0x00, 0x00, 0x00, 0x00, 0x00, 0x00, 0x00, 0x00, 0x00, 0x00, 0x00,
  0x00, 0x00, 0x00, 0x00, 0x00, 0x00, 0x00, 0x00, 0x00, 0x00, 0x00, 0x00, 0xb5, 0x5a, 0x00, 0x00,
  0x10, 0x4b, 0x31, 0x4b, 0xf0, 0x42, 0xd0, 0x3a, 0xd0, 0x3a, 0xd0, 0x3a, 0xf0, 0x3a, 0xd0, 0x3a,
  0xd0, 0x32, 0xf3, 0x6b, 0x14, 0x6c, 0x72, 0x53, 0x72, 0x53, 0x93, 0x4b, 0xd3, 0x53, 0xf5, 0x53,
  0x35, 0x5c, 0x76, 0x5c, 0x97, 0x64, 0xd7, 0x64, 0xf8, 0x6c, 0xf7, 0x6c, 0x38, 0x75, 0x39, 0x75,
  0x59, 0x85, 0x99, 0x95, 0x99, 0x95, 0x9a, 0x95, 0x59, 0x7d, 0x39, 0x75, 0xf9, 0x64, 0xb8, 0x64,
  0x37, 0x54, 0x15, 0x2b, 0x15, 0x33, 0x76, 0x3b, 0x95, 0x3b, 0x95, 0x3b, 0xb5, 0x43, 0xb5, 0x4b,
  0xb5, 0x4b, 0xd4, 0x4b, 0xb4, 0x4b, 0xd4, 0x4b, 0x94, 0x4b, 0xb3, 0x53, 0xb6, 0x84, 0xd5, 0x84,
  0xf5, 0x8c, 0x36, 0x8d, 0x15, 0x95, 0x36, 0x95, 0x56, 0x95, 0x56, 0x95, 0x56, 0x9d, 0x56, 0x9d,
  0x77, 0x9d, 0x77, 0x9d, 0x97, 0xa5, 0x97, 0xa5, 0xb7, 0xa5, 0xb7, 0xa5, 0xb8, 0xa5, 0xd8, 0xa5,
  0xd8, 0xad, 0xd8, 0xad, 0xf9, 0xad, 0xf8, 0xad, 0xf8, 0xad, 0xf9, 0xb5, 0xf8, 0xad, 0xf8, 0xb5,
  0xf9, 0xad, 0x18, 0xb6, 0x39, 0xb6, 0x39, 0xb6, 0x39, 0xb6, 0x39, 0xb6, 0x39, 0xb6, 0x39, 0xb6,
  0x59, 0xb6, 0x3a, 0xb6, 0x59, 0xb6, 0x59, 0xb6, 0x5a, 0xbe, 0x59, 0xb6, 0x5a, 0xbe, 0x59, 0xb6,
  0x5a, 0xbe, 0x7a, 0xbe, 0x7a, 0xbe, 0x7a, 0xbe, 0x7a, 0xbe, 0x7a, 0xbe, 0x7a, 0xbe, 0x7a, 0xbe,
  0x7a, 0xc6, 0x9a, 0xbe, 0x7a, 0xc6, 0x7a, 0xbe, 0x7b, 0xc6, 0x7a, 0xbe, 0x7a, 0xc6, 0x9a, 0xbe,
  0x9b, 0xc6, 0x3a, 0xae, 0x99, 0x7d, 0xba, 0x85, 0x9a, 0x85, 0xba, 0x85, 0x9a, 0x7d, 0xba, 0x85,
  0x9a, 0x7d, 0xba, 0x85, 0xba, 0x85, 0x99, 0x7d, 0x9a, 0x85, 0x99, 0x7d, 0x9a, 0x85, 0x9a, 0x85,
  0x99, 0x85, 0x9a, 0x85, 0xba, 0x95, 0x9d, 0xbe, 0x00, 0x00, 0x0f, 0x84, 0x00, 0x00, 0x00, 0x00,
  0x00, 0x00, 0x00, 0x00, 0x00, 0x00, 0x00, 0x00, 0x00, 0x00, 0x00, 0x00, 0x00, 0x00, 0x00, 0x00,
  0x00, 0x00, 0x00, 0x00, 0x00, 0x00, 0x00, 0x00, 0x00, 0x00, 0x00, 0x00, 0x00, 0x00, 0x00, 0x00,
  0x00, 0x00, 0x00, 0x00, 0x00, 0x00, 0x00, 0x00, 0x00, 0x00, 0x00, 0x00, 0x00, 0x00, 0x00, 0x00,
  0x00, 0x00, 0x00, 0x00, 0x00, 0x00, 0x00, 0x00, 0x00, 0x00, 0x00, 0x00, 0x00, 0x00, 0x00, 0x00,
  0x00, 0x00, 0x00, 0x00, 0x00, 0x00, 0x00, 0x00, 0x00, 0x00, 0x00, 0x00, 0x00, 0x00, 0x00, 0x00,
  0x00, 0x00, 0x00, 0x00, 0x00, 0x00, 0x00, 0x00, 0x00, 0x00, 0x00, 0x00, 0x00, 0x00, 0x00, 0x00,
  0x00, 0x00, 0x00, 0x00, 0x00, 0x00, 0x00, 0x00, 0x00, 0x00, 0x00, 0x00, 0x00, 0x00, 0x00, 0x00,
  0x00, 0x00, 0x00, 0x00, 0x00, 0x00, 0x00, 0x00, 0x00, 0x00, 0x00, 0x00, 0x00, 0x00, 0x00, 0x00,
  0x00, 0x00, 0x00, 0x00, 0x00, 0x00, 0x00, 0x00, 0x00, 0x00, 0x00, 0x00, 0x00, 0x00, 0x00, 0x00,
  0x00, 0x00, 0x00, 0x00, 0x00, 0x00, 0x00, 0x00, 0x00, 0x00, 0x00, 0x00, 0x00, 0x00, 0x00, 0x00,
  0x00, 0x00, 0xef, 0x7b, 0x00, 0x00, 0x10, 0x4b, 0x11, 0x4b, 0xf0, 0x3a, 0xd0, 0x3a, 0xd0, 0x3a,
  0xd0, 0x3a, 0xd0, 0x3a, 0xb0, 0x3a, 0xf3, 0x6b, 0xf3, 0x63, 0x51, 0x53, 0x72, 0x4b, 0x92, 0x4b,
  0xb3, 0x53, 0xf4, 0x53, 0x15, 0x5c, 0x56, 0x5c, 0x97, 0x64, 0xb7, 0x64, 0xd8, 0x64, 0x18, 0x6d,
  0x18, 0x6d, 0x38, 0x7d, 0x59, 0x85, 0x99, 0x8d, 0x99, 0x9d, 0x99, 0x95, 0x59, 0x7d, 0x39, 0x75,
  0x18, 0x6d, 0xd9, 0x5c, 0x37, 0x54, 0xd5, 0x2a, 0x35, 0x33, 0x76, 0x3b, 0x75, 0x3b, 0x96, 0x43,
  0xb5, 0x43, 0xb5, 0x43, 0xb4, 0x4b, 0xb5, 0x4b, 0xd4, 0x4b, 0xb4, 0x4b, 0x94, 0x4b, 0xb3, 0x53,
  0xb5, 0x84, 0xd5, 0x84, 0xf5, 0x8c, 0x15, 0x95, 0x16, 0x8d, 0x36, 0x95, 0x36, 0x95, 0x56, 0x95,
  0x57, 0x95, 0x56, 0x9d, 0x76, 0x9d, 0x77, 0x9d, 0x97, 0x9d, 0x97, 0xa5, 0x98, 0x9d, 0xb7, 0xa5,
  0xb7, 0xa5, 0xb8, 0xa5, 0xd8, 0xa5, 0xd8, 0xa5, 0xd8, 0xad, 0xd8, 0xad, 0xf8, 0xad, 0xf8, 0xad,
  0xf8, 0xad, 0xf9, 0xb5, 0x18, 0xae, 0xf9, 0xb5, 0x19, 0xae, 0x39, 0xb6, 0x19, 0xae, 0x39, 0xb6,
  0x19, 0xb6, 0x39, 0xb6, 0x39, 0xb6, 0x39, 0xb6, 0x39, 0xbe, 0x39, 0xb6, 0x5a, 0xb6, 0x59, 0xb6,
  0x5a, 0xbe, 0x5a, 0xbe, 0x59, 0xbe, 0x5a, 0xb6, 0x7a, 0xbe, 0x5a, 0xbe, 0x7a, 0xbe, 0x5a, 0xbe,
  0x7a, 0xbe, 0x7a, 0xbe, 0x7a, 0xbe, 0x7a, 0xbe, 0x7a, 0xbe, 0x7a, 0xbe, 0x7a, 0xc6, 0x9a, 0xbe,
  0x7a, 0xc6, 0x7a, 0xbe, 0x9b, 0xc6, 0x3b, 0xae, 0x9a, 0x7d, 0xba, 0x85, 0x9a, 0x7d, 0xba, 0x7d,
  0xba, 0x85, 0x9a, 0x7d, 0xba, 0x85, 0x9a, 0x85, 0x9a, 0x7d, 0x9a, 0x85, 0x9a, 0x85, 0x99, 0x85,
  0x9a, 0x85, 0x9a, 0x85, 0x99, 0x85, 0x9a, 0x85, 0xda, 0x9d, 0x3c, 0xa6, 0x00, 0x00, 0x5f, 0xa5,
  0x00, 0x00, 0x00, 0x00, 0x00, 0x00, 0x00, 0x00, 0x00, 0x00, 0x00, 0x00, 0x00, 0x00, 0x00, 0x00,
  0x00, 0x00, 0x00, 0x00, 0x00, 0x00, 0x00, 0x00, 0x00, 0x00, 0x00, 0x00, 0x00, 0x00, 0x00, 0x00,
  0x00, 0x00, 0x00, 0x00, 0x00, 0x00, 0x00, 0x00, 0x00, 0x00, 0x00, 0x00, 0x00, 0x00, 0x00, 0x00,
  0x00, 0x00, 0x00, 0x00, 0x00, 0x00, 0x00, 0x00, 0x00, 0x00, 0x00, 0x00, 0x00, 0x00, 0x00, 0x00,
  0x00, 0x00, 0x00, 0x00, 0x00, 0x00, 0x00, 0x00, 0x00, 0x00, 0x00, 0x00, 0x00, 0x00, 0x00, 0x00,
  0x00, 0x00, 0x00, 0x00, 0x00, 0x00, 0x00, 0x00, 0x00, 0x00, 0x00, 0x00, 0x00, 0x00, 0x00, 0x00,
  0x00, 0x00, 0x00, 0x00, 0x00, 0x00, 0x00, 0x00, 0x00, 0x00, 0x00, 0x00, 0x00, 0x00, 0x00, 0x00,
  0x00, 0x00, 0x00, 0x00, 0x00, 0x00, 0x00, 0x00, 0x00, 0x00, 0x00, 0x00, 0x00, 0x00, 0x00, 0x00,
  0x00, 0x00, 0x00, 0x00, 0x00, 0x00, 0x00, 0x00, 0x00, 0x00, 0x00, 0x00, 0x00, 0x00, 0x00, 0x00,
  0x00, 0x00, 0x00, 0x00, 0x00, 0x00, 0x00, 0x00, 0x00, 0x00, 0x00, 0x00, 0x00, 0x00, 0x00, 0x00,
  0x00, 0x00, 0x00, 0x00, 0x00, 0x00, 0x10, 0x84, 0x00, 0x00, 0x50, 0x53, 0x31, 0x4b, 0xf0, 0x42,
  0xf0, 0x3a, 0xd0, 0x3a, 0xcf, 0x3a, 0xd0, 0x3a, 0xaf, 0x3a, 0xf3, 0x63, 0xd3, 0x63, 0x51, 0x53,
  0x72, 0x4b, 0x72, 0x4b, 0xb3, 0x4b, 0xd4, 0x53, 0x15, 0x54, 0x55, 0x5c, 0x76, 0x5c, 0xb7, 0x64,
  0xd7, 0x64, 0xf8, 0x6c, 0x18, 0x6d, 0x38, 0x75, 0x59, 0x85, 0x99, 0x95, 0x99, 0x95, 0x9a, 0x95,
  0x59, 0x7d, 0x39, 0x75, 0xf9, 0x6c, 0xb8, 0x64, 0x17, 0x4c, 0xb4, 0x2a, 0x15, 0x33, 0x76, 0x33,
  0x75, 0x3b, 0x95, 0x43, 0x95, 0x43, 0xb5, 0x43, 0xb4, 0x43, 0xb4, 0x4b, 0xb5, 0x4b, 0xd4, 0x4b,
  0x93, 0x4b, 0xb4, 0x53, 0xb5, 0x7c, 0xd5, 0x84, 0xf5, 0x8c, 0x15, 0x8d, 0x15, 0x95, 0x36, 0x95,
  0x36, 0x95, 0x36, 0x95, 0x56, 0x9d, 0x57, 0x9d, 0x76, 0x9d, 0x77, 0x9d, 0x77, 0x9d, 0x77, 0xa5,
  0x97, 0xa5, 0xb8, 0xa5, 0xb8, 0xa5, 0xb7, 0xa5, 0xb8, 0xad, 0xd8, 0xa5, 0xd8, 0xad, 0xf8, 0xad,
  0xf8, 0xad, 0xf9, 0xad, 0xf8, 0xad, 0xf9, 0xb5, 0xf8, 0xad, 0x19, 0xb6, 0x18, 0xb6, 0x19, 0xb6,
  0x19, 0xb6, 0x19, 0xb6, 0x39, 0xae, 0x39, 0xb6, 0x39, 0xb6, 0x39, 0xb6, 0x59, 0xb6, 0x39, 0xb6,
  0x5a, 0xbe, 0x59, 0xb6, 0x59, 0xb6, 0x5a, 0xbe, 0x5a, 0xbe, 0x59, 0xbe, 0x7a, 0xbe, 0x59, 0xbe,
  0x7a, 0xbe, 0x7a, 0xbe, 0x5a, 0xbe, 0x7a, 0xbe, 0x5a, 0xbe, 0x7a, 0xbe, 0x7a, 0xbe, 0x7a, 0xbe,
  0x7a, 0xbe, 0x7a, 0xc6, 0x9b, 0xbe, 0x7a, 0xc6, 0x9a, 0xc6, 0x3b, 0xae, 0x99, 0x85, 0x9a, 0x7d,
  0xba, 0x85, 0x9a, 0x7d, 0xba, 0x7d, 0x99, 0x85, 0xba, 0x7d, 0x99, 0x7d, 0xba, 0x85, 0x9a, 0x85,
  0x99, 0x7d, 0xba, 0x7d, 0x99, 0x85, 0x9a, 0x85, 0x9a, 0x85, 0x9a, 0x85, 0xfb, 0x9d, 0xfb, 0x9d,
  0x00, 0x00, 0xf7, 0x85, 0x00, 0x00, 0x00, 0x00, 0x00, 0x00, 0x00, 0x00, 0x00, 0x00, 0x00, 0x00,
  0x00, 0x00, 0x00, 0x00, 0x00, 0x00, 0x00, 0x00, 0x00, 0x00, 0x00, 0x00, 0x00, 0x00, 0x00, 0x00,
  0x00, 0x00, 0x00, 0x00, 0x00, 0x00, 0x00, 0x00, 0x00, 0x00, 0x00, 0x00, 0x00, 0x00, 0x00, 0x00,
  0x00, 0x00, 0x00, 0x00, 0x00, 0x00, 0x00, 0x00, 0x00, 0x00, 0x00, 0x00, 0x00, 0x00, 0x00, 0x00,
  0x00, 0x00, 0x00, 0x00, 0x00, 0x00, 0x00, 0x00, 0x00, 0x00, 0x00, 0x00, 0x00, 0x00, 0x00, 0x00,
  0x00, 0x00, 0x00, 0x00, 0x00, 0x00, 0x00, 0x00, 0x00, 0x00, 0x00, 0x00, 0x00, 0x00, 0x00, 0x00,
  0x00, 0x00, 0x00, 0x00, 0x00, 0x00, 0x00, 0x00, 0x00, 0x00, 0x00, 0x00, 0x00, 0x00, 0x00, 0x00,
  0x00, 0x00, 0x00, 0x00, 0x00, 0x00, 0x00, 0x00, 0x00, 0x00, 0x00, 0x00, 0x00, 0x00, 0x00, 0x00,
  0x00, 0x00, 0x00, 0x00, 0x00, 0x00, 0x00, 0x00, 0x00, 0x00, 0x00, 0x00, 0x00, 0x00, 0x00, 0x00,
  0x00, 0x00, 0x00, 0x00, 0x00, 0x00, 0x00, 0x00, 0x00, 0x00, 0x00, 0x00, 0x00, 0x00, 0x00, 0x00,
  0x00, 0x00, 0x00, 0x00, 0x00, 0x00, 0x00, 0x00, 0x00, 0x00, 0x00, 0x00, 0xb5, 0x52, 0x00, 0x00,
  0x10, 0x53, 0x31, 0x4b, 0xd0, 0x3a, 0xd0, 0x3a, 0xb0, 0x3a, 0xd0, 0x3a, 0xb0, 0x32, 0xf3, 0x63,
  0x92, 0x63, 0x51, 0x4b, 0x52, 0x4b, 0x72, 0x4b, 0x93, 0x4b, 0xd4, 0x53, 0xf4, 0x53, 0x36, 0x5c,
  0x76, 0x5c, 0x97, 0x64, 0xb7, 0x64, 0xf8, 0x6c, 0xf8, 0x6c, 0x18, 0x75, 0x59, 0x85, 0x79, 0x8d,
  0xba, 0x9d, 0x99, 0x8d, 0x79, 0x85, 0x39, 0x75, 0x18, 0x6d, 0xb9, 0x64, 0xd7, 0x43, 0x93, 0x22,
  0x15, 0x33, 0x55, 0x3b, 0x76, 0x3b, 0x95, 0x43, 0x95, 0x43, 0x95, 0x43, 0xb5, 0x4b, 0xb4, 0x4b,
  0xb4, 0x4b, 0xb4, 0x4b, 0x93, 0x43, 0xb3, 0x53, 0xb5, 0x84, 0xb4, 0x84, 0xf5, 0x84, 0xf5, 0x8c,
  0x15, 0x8d, 0x16, 0x95, 0x36, 0x8d, 0x36, 0x95, 0x56, 0x95, 0x56, 0x95, 0x57, 0x9d, 0x77, 0x9d,
  0x77, 0x9d, 0x97, 0x9d, 0x97, 0xa5, 0x97, 0xa5, 0x98, 0xa5, 0xb8, 0xa5, 0xd8, 0xa5, 0xb8, 0xa5,
  0xd8, 0xa5, 0xd8, 0xad, 0xd8, 0xad, 0xf8, 0xad, 0xd8, 0xad, 0xf8, 0xb5, 0xf9, 0xad, 0xf8, 0xb5,
  0xf9, 0xad, 0x19, 0xb6, 0x18, 0xb6, 0x19, 0xae, 0x39, 0xb6, 0x19, 0xb6, 0x39, 0xb6, 0x39, 0xb6,
  0x39, 0xb6, 0x39, 0xb6, 0x3a, 0xb6, 0x39, 0xbe, 0x5a, 0xb6, 0x59, 0xbe, 0x5a, 0xb6, 0x59, 0xb6,
  0x5a, 0xbe, 0x7a, 0xb6, 0x59, 0xbe, 0x7a, 0xbe, 0x79, 0xbe, 0x5a, 0xbe, 0x7a, 0xbe, 0x7a, 0xbe,
  0x7a, 0xc6, 0x7a, 0xbe, 0x7a, 0xbe, 0x7a, 0xbe, 0x7a, 0xbe, 0x7a, 0xbe, 0x9b, 0xbe, 0x3a, 0xae,
  0x79, 0x7d, 0xba, 0x85, 0x9a, 0x7d, 0x99, 0x7d, 0x9a, 0x85, 0x9a, 0x7d, 0x9a, 0x85, 0x99, 0x7d,
  0x9a, 0x7d, 0x9a, 0x85, 0x99, 0x7d, 0x9a, 0x7d, 0x99, 0x7d, 0x9a, 0x85, 0x99, 0x85, 0x7a, 0x85,
  0xfb, 0x95, 0xfa, 0x9d, 0x00, 0x00, 0x55, 0x55, 0x00, 0x00, 0x00, 0x00, 0x00, 0x00, 0x00, 0x00,
  0x00, 0x00, 0x00, 0x00, 0x00, 0x00, 0x00, 0x00, 0x00, 0x00, 0x00, 0x00, 0x00, 0x00, 0x00, 0x00,
  0x00, 0x00, 0x00, 0x00, 0x00, 0x00, 0x00, 0x00, 0x00, 0x00, 0x00, 0x00, 0x00, 0x00, 0x00, 0x00,
  0x00, 0x00, 0x00, 0x00, 0x00, 0x00, 0x00, 0x00, 0x00, 0x00, 0x00, 0x00, 0x00, 0x00, 0x00, 0x00,
  0x00, 0x00, 0x00, 0x00, 0x00, 0x00, 0x00, 0x00, 0x00, 0x00, 0x00, 0x00, 0x00, 0x00, 0x00, 0x00,
  0x00, 0x00, 0x00, 0x00, 0x00, 0x00, 0x00, 0x00, 0x00, 0x00, 0x00, 0x00, 0x00, 0x00, 0x00, 0x00,
  0x00, 0x00, 0x00, 0x00, 0x00, 0x00, 0x00, 0x00, 0x00, 0x00, 0x00, 0x00, 0x00, 0x00, 0x00, 0x00,
  0x00, 0x00, 0x00, 0x00, 0x00, 0x00, 0x00, 0x00, 0x00, 0x00, 0x00, 0x00, 0x00, 0x00, 0x00, 0x00,
  0x00, 0x00, 0x00, 0x00, 0x00, 0x00, 0x00, 0x00, 0x00, 0x00, 0x00, 0x00, 0x00, 0x00, 0x00, 0x00,
  0x00, 0x00, 0x00, 0x00, 0x00, 0x00, 0x00, 0x00, 0x00, 0x00, 0x00, 0x00, 0x00, 0x00, 0x00, 0x00,
  0x00, 0x00, 0x00, 0x00, 0x00, 0x00, 0x00, 0x00, 0x00, 0x00, 0x00, 0x00, 0x00, 0x00, 0x00, 0x00,
  0x00, 0x00, 0xef, 0x7b, 0xb1, 0x43, 0x10, 0x4b, 0x11, 0x43, 0xd0, 0x3a, 0xd0, 0x3a, 0xb0, 0x3a,
  0xaf, 0x3a, 0xd3, 0x63, 0x92, 0x5b, 0x51, 0x4b, 0x51, 0x4b, 0x72, 0x43, 0x72, 0x4b, 0xd4, 0x4b,
  0xf4, 0x53, 0x35, 0x5c, 0x56, 0x5c, 0x96, 0x5c, 0xb7, 0x64, 0xd8, 0x6c, 0xf8, 0x6c, 0x38, 0x75,
  0x59, 0x85, 0x79, 0x8d, 0xb9, 0x9d, 0x9a, 0x95, 0x59, 0x7d, 0x39, 0x75, 0xf9, 0x6c, 0xd8, 0x64,
  0x96, 0x43, 0x73, 0x22, 0x15, 0x33, 0x56, 0x33, 0x76, 0x3b, 0x75, 0x3b, 0x95, 0x43, 0x95, 0x43,
  0xb4, 0x4b, 0xb4, 0x4b, 0x94, 0x4b, 0xb4, 0x4b, 0x73, 0x4b, 0x93, 0x4b, 0x95, 0x7c, 0xb4, 0x84,
  0xd5, 0x8c, 0xf5, 0x8c, 0x15, 0x8d, 0x15, 0x95, 0x36, 0x95, 0x35, 0x95, 0x56, 0x95, 0x56, 0x9d,
  0x56, 0x9d, 0x57, 0x9d, 0x77, 0x9d, 0x77, 0xa5, 0x97, 0x9d, 0x97, 0x9d, 0x98, 0xa5, 0xb7, 0xa5,
  0xb7, 0xa5, 0xd7, 0xa5, 0xd7, 0xad, 0xd8, 0xa5, 0xd8, 0xad, 0xf8, 0xad, 0xf8, 0xad, 0xd8, 0xad,
  0xf8, 0xb5, 0xf9, 0xad, 0x18, 0xb6, 0x19, 0xae, 0x18, 0xb6, 0x19, 0xb6, 0x19, 0xb6, 0x39, 0xb6,
  0x19, 0xb6, 0x39, 0xb6, 0x39, 0xb6, 0x39, 0xb6, 0x59, 0xb6, 0x39, 0xb6, 0x59, 0xb6, 0x59, 0xb6,
  0x5a, 0xbe, 0x5a, 0xb6, 0x59, 0xbe, 0x5a, 0xb6, 0x5a, 0xbe, 0x59, 0xb6, 0x7a, 0xbe, 0x7a, 0xbe,
  0x59, 0xbe, 0x5a, 0xbe, 0x7a, 0xbe, 0x5a, 0xbe, 0x7a, 0xbe, 0x7a, 0xbe, 0x7a, 0xbe, 0x7a, 0xbe,
  0x9a, 0xc6, 0x3b, 0xae, 0x79, 0x7d, 0x9a, 0x7d, 0x99, 0x7d, 0x9a, 0x85, 0x99, 0x7d, 0x9a, 0x7d,
  0x99, 0x7d, 0x9a, 0x7d, 0xb9, 0x7d, 0x9a, 0x85, 0x99, 0x7d, 0x9a, 0x7d, 0x79, 0x85, 0x9a, 0x85,
  0x9a, 0x85, 0x99, 0x85, 0xdb, 0x8d, 0xdb, 0x9d, 0xff, 0xff, 0x00, 0x00, 0x1f, 0x00, 0x00, 0x00,
  0x00, 0x00, 0x00, 0x00, 0x00, 0x00, 0x00, 0x00, 0x00, 0x00, 0x00, 0x00, 0x00, 0x00, 0x00, 0x00,
  0x00, 0x00, 0x00, 0x00, 0x00, 0x00, 0x00, 0x00, 0x00, 0x00, 0x00, 0x00, 0x00, 0x00, 0x00, 0x00,
  0x00, 0x00, 0x00, 0x00, 0x00, 0x00, 0x00, 0x00, 0x00, 0x00, 0x00, 0x00, 0x00, 0x00, 0x00, 0x00,
  0x00, 0x00, 0x00, 0x00, 0x00, 0x00, 0x00, 0x00, 0x00, 0x00, 0x00, 0x00, 0x00, 0x00, 0x00, 0x00,
  0x00, 0x00, 0x00, 0x00, 0x00, 0x00, 0x00, 0x00, 0x00, 0x00, 0x00, 0x00, 0x00, 0x00, 0x00, 0x00,
  0x00, 0x00, 0x00, 0x00, 0x00, 0x00, 0x00, 0x00, 0x00, 0x00, 0x00, 0x00, 0x00, 0x00, 0x00, 0x00,
  0x00, 0x00, 0x00, 0x00, 0x00, 0x00, 0x00, 0x00, 0x00, 0x00, 0x00, 0x00, 0x00, 0x00, 0x00, 0x00,
  0x00, 0x00, 0x00, 0x00, 0x00, 0x00, 0x00, 0x00, 0x00, 0x00, 0x00, 0x00, 0x00, 0x00, 0x00, 0x00,
  0x00, 0x00, 0x00, 0x00, 0x00, 0x00, 0x00, 0x00, 0x00, 0x00, 0x00, 0x00, 0x00, 0x00, 0x00, 0x00,
  0x00, 0x00, 0x00, 0x00, 0x00, 0x00, 0x00, 0x00, 0x00, 0x00, 0x00, 0x00, 0x00, 0x00, 0x00, 0x00,
  0x00, 0x00, 0x00, 0x00, 0x00, 0x00, 0xb5, 0x5a, 0x00, 0x00, 0xf0, 0x4a, 0xf0, 0x4a, 0xf0, 0x42,
  0xd0, 0x3a, 0xd0, 0x3a, 0xcf, 0x3a, 0x92, 0x5b, 0x72, 0x5b, 0x31, 0x4b, 0x31, 0x4b, 0x51, 0x43,
  0x72, 0x4b, 0xb3, 0x4b, 0xd4, 0x53, 0x15, 0x54, 0x35, 0x5c, 0x76, 0x64, 0x97, 0x64, 0xd7, 0x64,
  0xf8, 0x6c, 0x18, 0x75, 0x39, 0x7d, 0x79, 0x8d, 0xba, 0x95, 0xb9, 0x95, 0x59, 0x85, 0x59, 0x6d,
  0x19, 0x6d, 0xb8, 0x64, 0x35, 0x3b, 0x74, 0x22, 0x15, 0x33, 0x55, 0x3b, 0x55, 0x3b, 0x75, 0x3b,
  0x95, 0x43, 0x95, 0x43, 0xb4, 0x43, 0x94, 0x4b, 0xb4, 0x4b, 0xb4, 0x4b, 0x93, 0x43, 0x73, 0x53,
  0x95, 0x7c, 0xb4, 0x7c, 0xd4, 0x84, 0xf5, 0x8c, 0xf5, 0x8c, 0x15, 0x8d, 0x16, 0x95, 0x36, 0x95,
  0x56, 0x95, 0x36, 0x95, 0x57, 0x9d, 0x76, 0x9d, 0x76, 0x9d, 0x77, 0x9d, 0x76, 0x9d, 0x97, 0xa5,
  0x97, 0x9d, 0x98, 0xa5, 0xb8, 0xa5, 0xb7, 0xa5, 0xb8, 0xa5, 0xd7, 0xad, 0xd8, 0xa5, 0xd8, 0xad,
  0xf8, 0xad, 0xf8, 0xad, 0xf9, 0xad, 0xf8, 0xb5, 0xf8, 0xad, 0xf9, 0xb5, 0xf9, 0xb5, 0x19, 0xae,
  0x18, 0xb6, 0x19, 0xb6, 0x1a, 0xb6, 0x19, 0xb6, 0x39, 0xb6, 0x39, 0xb6, 0x39, 0xb6, 0x39, 0xb6,
  0x3a, 0xb6, 0x59, 0xbe, 0x3a, 0xb6, 0x59, 0xbe, 0x5a, 0xb6, 0x59, 0xbe, 0x59, 0xb6, 0x7a, 0xbe,
  0x5a, 0xb6, 0x5a, 0xbe, 0x7a, 0xbe, 0x5a, 0xbe, 0x7a, 0xbe, 0x5a, 0xbe, 0x7a, 0xbe, 0x7a, 0xbe,
  0x7a, 0xbe, 0x7a, 0xbe, 0x7a, 0xbe, 0x1b, 0xa6, 0x79, 0x7d, 0xba, 0x7d, 0x9a, 0x7d, 0x99, 0x7d,
  0x9a, 0x7d, 0x9a, 0x85, 0x9a, 0x7d, 0x7a, 0x7d, 0x9a, 0x7d, 0x7a, 0x7d, 0x9a, 0x85, 0x99, 0x7d,
  0x9a, 0x85, 0x79, 0x7d, 0x9a, 0x85, 0x7a, 0x85, 0x9a, 0x8d, 0xba, 0x95, 0x5c, 0xae, 0x00, 0x00,
  0xef, 0x83, 0x00, 0x00, 0x00, 0x00, 0x00, 0x00, 0x00, 0x00, 0x00, 0x00, 0x00, 0x00, 0x00, 0x00,
  0x00, 0x00, 0x00, 0x00, 0x00, 0x00, 0x00, 0x00, 0x00, 0x00, 0x00, 0x00, 0x00, 0x00, 0x00, 0x00,
  0x00, 0x00, 0x00, 0x00, 0x00, 0x00, 0x00, 0x00, 0x00, 0x00, 0x00, 0x00, 0x00, 0x00, 0x00, 0x00,
  0x00, 0x00, 0x00, 0x00, 0x00, 0x00, 0x00, 0x00, 0x00, 0x00, 0x00, 0x00, 0x00, 0x00, 0x00, 0x00,
  0x00, 0x00, 0x00, 0x00, 0x00, 0x00, 0x00, 0x00, 0x00, 0x00, 0x00, 0x00, 0x00, 0x00, 0x00, 0x00,
  0x00, 0x00, 0x00, 0x00, 0x00, 0x00, 0x00, 0x00, 0x00, 0x00, 0x00, 0x00, 0x00, 0x00, 0x00, 0x00,
  0x00, 0x00, 0x00, 0x00, 0x00, 0x00, 0x00, 0x00, 0x00, 0x00, 0x00, 0x00, 0x00, 0x00, 0x00, 0x00,
  0x00, 0x00, 0x00, 0x00, 0x00, 0x00, 0x00, 0x00, 0x00, 0x00, 0x00, 0x00, 0x00, 0x00, 0x00, 0x00,
  0x00, 0x00, 0x00, 0x00, 0x00, 0x00, 0x00, 0x00, 0x00, 0x00, 0x00, 0x00, 0x00, 0x00, 0x00, 0x00,
  0x00, 0x00, 0x00, 0x00, 0x00, 0x00, 0x00, 0x00, 0x00, 0x00, 0x00, 0x00, 0x00, 0x00, 0x00, 0x00,
  0x00, 0x00, 0x00, 0x00, 0x00, 0x00, 0x00, 0x00, 0x00, 0x00, 0x00, 0x00, 0xb5, 0x52, 0x00, 0x00,
  0x0f, 0x4b, 0x31, 0x4b, 0xd0, 0x42, 0xd0, 0x3a, 0xaf, 0x3a, 0x72, 0x5b, 0x72, 0x5b, 0x30, 0x4b,
  0x11, 0x43, 0x51, 0x4b, 0x72, 0x43, 0x93, 0x4b, 0xd3, 0x4b, 0xf4, 0x53, 0x15, 0x5c, 0x56, 0x5c,
  0x97, 0x64, 0xb7, 0x64, 0xf8, 0x6c, 0x18, 0x75, 0x58, 0x7d, 0x79, 0x8d, 0xb9, 0x9d, 0x9a, 0x95,
  0x79, 0x7d, 0x39, 0x75, 0x18, 0x65, 0xb9, 0x64, 0xd3, 0x2a, 0x53, 0x22, 0x15, 0x2b, 0x35, 0x33,
  0x56, 0x3b, 0x75, 0x3b, 0x94, 0x43, 0x95, 0x43, 0x94, 0x4b, 0xb4, 0x43, 0x94, 0x4b, 0xb4, 0x4b,
  0x73, 0x43, 0x52, 0x4b, 0x75, 0x74, 0xb5, 0x84, 0xd5, 0x84, 0xf4, 0x8c, 0xf5, 0x8c, 0x15, 0x95,
  0x15, 0x8d, 0x36, 0x95, 0x36, 0x95, 0x56, 0x95, 0x56, 0x95, 0x56, 0x9d, 0x57, 0x9d, 0x77, 0x9d,
  0x77, 0x9d, 0x97, 0x9d, 0x77, 0xa5, 0x97, 0xa5, 0xb7, 0xa5, 0x98, 0xa5, 0xd7, 0xa5, 0xd8, 0xa5,
  0xd7, 0xad, 0xd8, 0xad, 0xd8, 0xad, 0xf8, 0xad, 0xf8, 0xad, 0xf8, 0xad, 0xf9, 0xb5, 0xf8, 0xad,
  0x18, 0xb6, 0xf9, 0xb5, 0x39, 0xae, 0x18, 0xb6, 0x39, 0xae, 0x39, 0xb6, 0x19, 0xb6, 0x39, 0xb6,
  0x39, 0xb6, 0x39, 0xb6, 0x59, 0xb6, 0x39, 0xb6, 0x59, 0xb6, 0x59, 0xb6, 0x5a, 0xbe, 0x5a, 0xb6,
  0x59, 0xbe, 0x5a, 0xb6, 0x59, 0xbe, 0x59, 0xbe, 0x7a, 0xbe, 0x59, 0xbe, 0x5a, 0xbe, 0x79, 0xbe,
  0x5a, 0xbe, 0x59, 0xbe, 0x7a, 0xbe, 0x7a, 0xb6, 0x7a, 0xbe, 0x1a, 0xa6, 0x7a, 0x7d, 0x9a, 0x7d,
  0x9a, 0x85, 0x9a, 0x7d, 0x9a, 0x7d, 0x9a, 0x7d, 0x9a, 0x7d, 0x9a, 0x7d, 0x99, 0x7d, 0x9a, 0x7d,
  0x79, 0x85, 0x9a, 0x7d, 0x79, 0x7d, 0x9a, 0x85, 0x99, 0x85, 0x99, 0x85, 0x9a, 0x85, 0xda, 0x95,
  0x3c, 0xa6, 0x00, 0x00, 0x55, 0xad, 0x00, 0x00, 0x00, 0x00, 0x00, 0x00, 0x00, 0x00, 0x00, 0x00,
  0x00, 0x00, 0x00, 0x00, 0x00, 0x00, 0x00, 0x00, 0x00, 0x00, 0x00, 0x00, 0x00, 0x00, 0x00, 0x00,
  0x00, 0x00, 0x00, 0x00, 0x00, 0x00, 0x00, 0x00, 0x00, 0x00, 0x00, 0x00, 0x00, 0x00, 0x00, 0x00,
  0x00, 0x00, 0x00, 0x00, 0x00, 0x00, 0x00, 0x00, 0x00, 0x00, 0x00, 0x00, 0x00, 0x00, 0x00, 0x00,
  0x00, 0x00, 0x00, 0x00, 0x00, 0x00, 0x00, 0x00, 0x00, 0x00, 0x00, 0x00, 0x00, 0x00, 0x00, 0x00,
  0x00, 0x00, 0x00, 0x00, 0x00, 0x00, 0x00, 0x00, 0x00, 0x00, 0x00, 0x00, 0x00, 0x00, 0x00, 0x00,
  0x00, 0x00, 0x00, 0x00, 0x00, 0x00, 0x00, 0x00, 0x00, 0x00, 0x00, 0x00, 0x00, 0x00, 0x00, 0x00,
  0x00, 0x00, 0x00, 0x00, 0x00, 0x00, 0x00, 0x00, 0x00, 0x00, 0x00, 0x00, 0x00, 0x00, 0x00, 0x00,
  0x00, 0x00, 0x00, 0x00, 0x00, 0x00, 0x00, 0x00, 0x00, 0x00, 0x00, 0x00, 0x00, 0x00, 0x00, 0x00,
  0x00, 0x00, 0x00, 0x00, 0x00, 0x00, 0x00, 0x00, 0x00, 0x00, 0x00, 0x00, 0x00, 0x00, 0x00, 0x00,
  0x00, 0x00, 0x00, 0x00, 0x00, 0x00, 0x00, 0x00, 0x00, 0x00, 0x00, 0x00, 0x00, 0x00, 0x00, 0x00,
  0x00, 0x00, 0xaa, 0x52, 0xf0, 0x5b, 0xf0, 0x4a, 0x10, 0x43, 0xd0, 0x3a, 0xaf, 0x3a, 0x52, 0x53,
  0x91, 0x53, 0x31, 0x4b, 0x10, 0x43, 0x31, 0x43, 0x52, 0x4b, 0x72, 0x4b, 0xb3, 0x4b, 0xd4, 0x4b,
  0xf5, 0x53, 0x35, 0x5c, 0x76, 0x64, 0x97, 0x64, 0xf8, 0x6c, 0x18, 0x6d, 0x19, 0x75, 0x79, 0x8d,
  0xb9, 0x95, 0xba, 0x95, 0x59, 0x85, 0x38, 0x75, 0xf9, 0x6c, 0x78, 0x5c, 0x52, 0x22, 0x74, 0x22,
  0xf5, 0x32, 0x15, 0x33, 0x55, 0x3b, 0x54, 0x3b, 0x75, 0x3b, 0x94, 0x43, 0x94, 0x43, 0x94, 0x4b,
  0xb3, 0x43, 0x94, 0x4b, 0x73, 0x43, 0x52, 0x43, 0x75, 0x74, 0xb4, 0x7c, 0xb4, 0x84, 0xd5, 0x8c,
  0xf5, 0x8c, 0xf5, 0x8c, 0x15, 0x8d, 0x36, 0x95, 0x35, 0x95, 0x36, 0x95, 0x56, 0x95, 0x56, 0x95,
  0x56, 0x9d, 0x56, 0x9d, 0x76, 0x9d, 0x97, 0x9d, 0x77, 0xa5, 0x97, 0xa5, 0x97, 0xa5, 0xb7, 0xa5,
  0xb8, 0xa5, 0xb8, 0xa5, 0xd7, 0xad, 0xd8, 0xa5, 0xd8, 0xad, 0xd8, 0xad, 0xf8, 0xad, 0xf8, 0xad,
  0xf8, 0xad, 0xf9, 0xad, 0xf8, 0xad, 0xf8, 0xb5, 0xf9, 0xad, 0x19, 0xb6, 0x19, 0xb6, 0x19, 0xb6,
  0x19, 0xb6, 0x3a, 0xb6, 0x19, 0xb6, 0x39, 0xb6, 0x39, 0xb6, 0x39, 0xb6, 0x3a, 0xbe, 0x39, 0xb6,
  0x59, 0xb6, 0x3a, 0xbe, 0x59, 0xb6, 0x5a, 0xbe, 0x59, 0xb6, 0x5a, 0xbe, 0x59, 0xb6, 0x7a, 0xbe,
  0x5a, 0xb6, 0x59, 0xbe, 0x7a, 0xbe, 0x5a, 0xbe, 0x59, 0xbe, 0x5a, 0xbe, 0x9a, 0xbe, 0xfa, 0x9d,
  0x7a, 0x7d, 0x9a, 0x7d, 0x9a, 0x7d, 0x7a, 0x7d, 0x9a, 0x7d, 0x7a, 0x7d, 0x7a, 0x7d, 0x79, 0x7d,
  0x7a, 0x7d, 0x79, 0x7d, 0x9a, 0x7d, 0x99, 0x7d, 0x79, 0x7d, 0x9a, 0x85, 0x9a, 0x85, 0x99, 0x7d,
  0x7a, 0x85, 0xfc, 0x95, 0x1b, 0xa6, 0x00, 0x00, 0xf7, 0x7d, 0x00, 0x00, 0x00, 0x00, 0x00, 0x00,
  0x00, 0x00, 0x00, 0x00, 0x00, 0x00, 0x00, 0x00, 0x00, 0x00, 0x00, 0x00, 0x00, 0x00, 0x00, 0x00,
  0x00, 0x00, 0x00, 0x00, 0x00, 0x00, 0x00, 0x00, 0x00, 0x00, 0x00, 0x00, 0x00, 0x00, 0x00, 0x00,
  0x00, 0x00, 0x00, 0x00, 0x00, 0x00, 0x00, 0x00, 0x00, 0x00, 0x00, 0x00, 0x00, 0x00, 0x00, 0x00,
  0x00, 0x00, 0x00, 0x00, 0x00, 0x00, 0x00, 0x00, 0x00, 0x00, 0x00, 0x00, 0x00, 0x00, 0x00, 0x00,
  0x00, 0x00, 0x00, 0x00, 0x00, 0x00, 0x00, 0x00, 0x00, 0x00, 0x00, 0x00, 0x00, 0x00, 0x00, 0x00,
  0x00, 0x00, 0x00, 0x00, 0x00, 0x00, 0x00, 0x00, 0x00, 0x00, 0x00, 0x00, 0x00, 0x00, 0x00, 0x00,
  0x00, 0x00, 0x00, 0x00, 0x00, 0x00, 0x00, 0x00, 0x00, 0x00, 0x00, 0x00, 0x00, 0x00, 0x00, 0x00,
  0x00, 0x00, 0x00, 0x00, 0x00, 0x00, 0x00, 0x00, 0x00, 0x00, 0x00, 0x00, 0x00, 0x00, 0x00, 0x00,
  0x00, 0x00, 0x00, 0x00, 0x00, 0x00, 0x00, 0x00, 0x00, 0x00, 0x00, 0x00, 0x00, 0x00, 0x00, 0x00,
  0x00, 0x00, 0x00, 0x00, 0x00, 0x00, 0x00, 0x00, 0x00, 0x00, 0x00, 0x00, 0x00, 0x00, 0x00, 0x00,
  0x00, 0x00, 0x00, 0x00, 0x00, 0x00, 0xef, 0x83, 0x00, 0x00, 0xef, 0x4a, 0x10, 0x4b, 0xf0, 0x42,
  0xaf, 0x3a, 0x31, 0x53, 0x72, 0x5b, 0x30, 0x43, 0x11, 0x43, 0x31, 0x43, 0x31, 0x43, 0x52, 0x43,
  0x92, 0x4b, 0xb3, 0x4b, 0xd4, 0x53, 0x15, 0x54, 0x56, 0x5c, 0x97, 0x64, 0xb7, 0x6c, 0x18, 0x6d,
  0x18, 0x75, 0x59, 0x85, 0x99, 0x95, 0xba, 0x95, 0x79, 0x85, 0x39, 0x75, 0x19, 0x6d, 0xf6, 0x4b,
  0xf1, 0x19, 0x53, 0x22, 0xd4, 0x2a, 0x15, 0x33, 0x35, 0x33, 0x54, 0x3b, 0x74, 0x3b, 0x75, 0x43,
  0x94, 0x43, 0x93, 0x43, 0x94, 0x4b, 0x93, 0x43, 0x73, 0x4b, 0x32, 0x43, 0x34, 0x6c, 0xb4, 0x84,
  0xb4, 0x84, 0xd4, 0x84, 0xf5, 0x8c, 0xf5, 0x8c, 0x15, 0x8d, 0x15, 0x8d, 0x36, 0x95, 0x36, 0x95,
  0x56, 0x95, 0x56, 0x95, 0x56, 0x9d, 0x57, 0x95, 0x76, 0x9d, 0x77, 0x9d, 0x97, 0x9d, 0x97, 0xa5,
  0x98, 0xa5, 0xb7, 0xa5, 0xb7, 0xa5, 0xb8, 0xa5, 0xd7, 0xa5, 0xd8, 0xa5, 0xb8, 0xad, 0xd8, 0xa5,
  0xd8, 0xad, 0xf8, 0xad, 0xf8, 0xad, 0xf8, 0xad, 0xf9, 0xb5, 0xf8, 0xad, 0xf8, 0xb5, 0xf9, 0xad,
  0x18, 0xb6, 0x19, 0xae, 0x39, 0xb6, 0x39, 0xae, 0x39, 0xb6, 0x19, 0xb6, 0x39, 0xb6, 0x59, 0xb6,
  0x59, 0xb6, 0x39, 0xb6, 0x59, 0xb6, 0x39, 0xb6, 0x5a, 0xbe, 0x59, 0xb6, 0x5a, 0xbe, 0x5a, 0xbe,
  0x59, 0xb6, 0x5a, 0xbe, 0x59, 0xbe, 0x7a, 0xbe, 0x5a, 0xbe, 0x79, 0xb6, 0x5a, 0xbe, 0x5a, 0xb6,
  0x7a, 0xbe, 0xda, 0x9d, 0x59, 0x75, 0x79, 0x7d, 0x7a, 0x7d, 0x7a, 0x7d, 0x7a, 0x7d, 0x79, 0x7d,
  0x79, 0x7d, 0x9a, 0x7d, 0x79, 0x7d, 0x7a, 0x7d, 0x79, 0x7d, 0x9a, 0x7d, 0x79, 0x7d, 0x99, 0x7d,
  0x9a, 0x85, 0x99, 0x85, 0x7a, 0x85, 0xfb, 0x95, 0xda, 0x9d, 0x00, 0x00, 0xf7, 0x85, 0x00, 0x00,
  0x00, 0x00, 0x00, 0x00, 0x00, 0x00, 0x00, 0x00, 0x00, 0x00, 0x00, 0x00, 0x00, 0x00, 0x00, 0x00,
  0x00, 0x00, 0x00, 0x00, 0x00, 0x00, 0x00, 0x00, 0x00, 0x00, 0x00, 0x00, 0x00, 0x00, 0x00, 0x00,
  0x00, 0x00, 0x00, 0x00, 0x00, 0x00, 0x00, 0x00, 0x00, 0x00, 0x00, 0x00, 0x00, 0x00, 0x00, 0x00,
  0x00, 0x00, 0x00, 0x00, 0x00, 0x00, 0x00, 0x00, 0x00, 0x00, 0x00, 0x00, 0x00, 0x00, 0x00, 0x00,
  0x00, 0x00, 0x00, 0x00, 0x00, 0x00, 0x00, 0x00, 0x00, 0x00, 0x00, 0x00, 0x00, 0x00, 0x00, 0x00,
  0x00, 0x00, 0x00, 0x00, 0x00, 0x00, 0x00, 0x00, 0x00, 0x00, 0x00, 0x00, 0x00, 0x00, 0x00, 0x00,
  0x00, 0x00, 0x00, 0x00, 0x00, 0x00, 0x00, 0x00, 0x00, 0x00, 0x00, 0x00, 0x00, 0x00, 0x00, 0x00,
  0x00, 0x00, 0x00, 0x00, 0x00, 0x00, 0x00, 0x00, 0x00, 0x00, 0x00, 0x00, 0x00, 0x00, 0x00, 0x00,
  0x00, 0x00, 0x00, 0x00, 0x00, 0x00, 0x00, 0x00, 0x00, 0x00, 0x00, 0x00, 0x00, 0x00, 0x00, 0x00,
  0x00, 0x00, 0x00, 0x00, 0x00, 0x00, 0x00, 0x00, 0x00, 0x00, 0x00, 0x00, 0x00, 0x00, 0x00, 0x00,
  0x00, 0x00, 0x00, 0x00, 0x00, 0x00, 0x00, 0x00, 0x00, 0x00, 0x00, 0x00, 0xb5, 0x52, 0x00, 0x00,
  0xef, 0x4a, 0x10, 0x43, 0xd0, 0x3a, 0x31, 0x4b, 0x91, 0x5b, 0x10, 0x4b, 0x10, 0x43, 0x10, 0x43,
  0x31, 0x43, 0x31, 0x43, 0x72, 0x43, 0x93, 0x4b, 0xd3, 0x4b, 0xd4, 0x53, 0x15, 0x5c, 0x76, 0x5c,
  0xb7, 0x64, 0xf8, 0x6c, 0x18, 0x6d, 0x58, 0x7d, 0x99, 0x8d, 0x99, 0x95, 0x79, 0x85, 0x39, 0x75,
  0x39, 0x75, 0x55, 0x43, 0xb0, 0x11, 0x74, 0x2a, 0xb4, 0x2a, 0x14, 0x33, 0x34, 0x33, 0x35, 0x3b,
  0x54, 0x3b, 0x74, 0x43, 0x74, 0x43, 0x73, 0x43, 0x93, 0x43, 0x73, 0x43, 0x93, 0x43, 0x11, 0x3b,
  0x13, 0x6c, 0x94, 0x7c, 0xb4, 0x84, 0xb4, 0x84, 0xd5, 0x84, 0xf5, 0x84, 0x15, 0x8d, 0x15, 0x8d,
  0x15, 0x95, 0x36, 0x8d, 0x36, 0x95, 0x56, 0x95, 0x56, 0x9d, 0x56, 0x9d, 0x57, 0x9d, 0x76, 0x9d,
  0x77, 0x9d, 0x77, 0x9d, 0x97, 0x9d, 0x97, 0xa5, 0x98, 0xa5, 0xb7, 0xa5, 0xb7, 0xa5, 0xb7, 0xad,
  0xd7, 0xa5, 0xd8, 0xad, 0xd8, 0xad, 0xd8, 0xad, 0xd8, 0xad, 0xf8, 0xad, 0xf8, 0xad, 0xf9, 0xad,
  0xf9, 0xb5, 0xf8, 0xb5, 0x18, 0xae, 0x19, 0xb6, 0x18, 0xae, 0x19, 0xb6, 0x18, 0xb6, 0x39, 0xb6,
  0x39, 0xb6, 0x39, 0xb6, 0x39, 0xb6, 0x39, 0xb6, 0x59, 0xb6, 0x39, 0xb6, 0x5a, 0xb6, 0x39, 0xb6,
  0x59, 0xb6, 0x5a, 0xbe, 0x59, 0xbe, 0x5a, 0xb6, 0x59, 0xb6, 0x59, 0xb6, 0x5a, 0xbe, 0x59, 0xb6,
  0x7a, 0xbe, 0x7a, 0xbe, 0x7a, 0xbe, 0xba, 0x8d, 0x79, 0x7d, 0x79, 0x7d, 0x7a, 0x7d, 0x99, 0x7d,
  0x79, 0x7d, 0x79, 0x7d, 0x79, 0x7d, 0x79, 0x7d, 0x79, 0x7d, 0x99, 0x7d, 0x79, 0x7d, 0x79, 0x7d,
  0x9a, 0x7d, 0x79, 0x7d, 0x9a, 0x85, 0x9a, 0x7d, 0x99, 0x85, 0xdb, 0x95, 0xbb, 0x95, 0x00, 0x00,
  0x1f, 0x7c, 0x00, 0x00, 0x00, 0x00, 0x00, 0x00, 0x00, 0x00, 0x00, 0x00, 0x00, 0x00, 0x00, 0x00,
  0x00, 0x00, 0x00, 0x00, 0x00, 0x00, 0x00, 0x00, 0x00, 0x00, 0x00, 0x00, 0x00, 0x00, 0x00, 0x00,
  0x00, 0x00, 0x00, 0x00, 0x00, 0x00, 0x00, 0x00, 0x00, 0x00, 0x00, 0x00, 0x00, 0x00, 0x00, 0x00,
  0x00, 0x00, 0x00, 0x00, 0x00, 0x00, 0x00, 0x00, 0x00, 0x00, 0x00, 0x00, 0x00, 0x00, 0x00, 0x00,
  0x00, 0x00, 0x00, 0x00, 0x00, 0x00, 0x00, 0x00, 0x00, 0x00, 0x00, 0x00, 0x00, 0x00, 0x00, 0x00,
  0x00, 0x00, 0x00, 0x00, 0x00, 0x00, 0x00, 0x00, 0x00, 0x00, 0x00, 0x00, 0x00, 0x00, 0x00, 0x00,
  0x00, 0x00, 0x00, 0x00, 0x00, 0x00, 0x00, 0x00, 0x00, 0x00, 0x00, 0x00, 0x00, 0x00, 0x00, 0x00,
  0x00, 0x00, 0x00, 0x00, 0x00, 0x00, 0x00, 0x00, 0x00, 0x00, 0x00, 0x00, 0x00, 0x00, 0x00, 0x00,
  0x00, 0x00, 0x00, 0x00, 0x00, 0x00, 0x00, 0x00, 0x00, 0x00, 0x00, 0x00, 0x00, 0x00, 0x00, 0x00,
  0x00, 0x00, 0x00, 0x00, 0x00, 0x00, 0x00, 0x00, 0x00, 0x00, 0x00, 0x00, 0x00, 0x00, 0x00, 0x00,
  0x00, 0x00, 0x00, 0x00, 0x00, 0x00, 0x00, 0x00, 0x00, 0x00, 0x00, 0x00, 0x00, 0x00, 0x00, 0x00,
  0x00, 0x00, 0x0f, 0x42, 0x00, 0x00, 0xef, 0x4a, 0x11, 0x4b, 0x11, 0x4b, 0x72, 0x5b, 0x10, 0x4b,
  0x10, 0x43, 0xf0, 0x42, 0x11, 0x43, 0x31, 0x43, 0x52, 0x43, 0x92, 0x4b, 0x93, 0x4b, 0xd4, 0x53,
  0x14, 0x54, 0x36, 0x5c, 0x76, 0x64, 0xd7, 0x64, 0xf8, 0x6c, 0x19, 0x75, 0x79, 0x8d, 0x99, 0x8d,
  0x79, 0x85, 0x39, 0x75, 0x39, 0x75, 0xb2, 0x32, 0xb0, 0x19, 0x73, 0x22, 0xb4, 0x2a, 0xf4, 0x32,
  0x14, 0x33, 0x54, 0x3b, 0x54, 0x3b, 0x54, 0x3b, 0x73, 0x43, 0x74, 0x43, 0x73, 0x43, 0x73, 0x4b,
  0x73, 0x43, 0x12, 0x43, 0xf3, 0x5b, 0x74, 0x7c, 0x94, 0x84, 0xb4, 0x84, 0xd4, 0x84, 0xf5, 0x8c,
  0xf5, 0x8c, 0xf5, 0x8c, 0x15, 0x95, 0x35, 0x95, 0x36, 0x95, 0x36, 0x95, 0x56, 0x95, 0x56, 0x95,
  0x56, 0x9d, 0x77, 0x9d, 0x76, 0x9d, 0x77, 0x9d, 0x77, 0xa5, 0x97, 0x9d, 0x97, 0xa5, 0xb8, 0xa5,
  0xb7, 0xa5, 0xd8, 0xa5, 0xd7, 0xa5, 0xd8, 0xa5, 0xd8, 0xa5, 0xd8, 0xad, 0xd8, 0xad, 0xd8, 0xad,
  0xd8, 0xad, 0xf8, 0xad, 0xf9, 0xad, 0xf8, 0xad, 0xf9, 0xb5, 0xf8, 0xad, 0x39, 0xb6, 0x19, 0xb6,
  0x39, 0xae, 0x39, 0xb6, 0x18, 0xae, 0x39, 0xb6, 0x39, 0xb6, 0x39, 0xb6, 0x39, 0xb6, 0x39, 0xb6,
  0x39, 0xb6, 0x59, 0xbe, 0x3a, 0xb6, 0x59, 0xbe, 0x39, 0xb6, 0x3a, 0xbe, 0x59, 0xb6, 0x3a, 0xbe,
  0x59, 0xb6, 0x5a, 0xbe, 0x5a, 0xbe, 0x59, 0xbe, 0x7b, 0xbe, 0x99, 0x8d, 0x79, 0x75, 0x7a, 0x7d,
  0x79, 0x7d, 0x59, 0x7d, 0x79, 0x75, 0x7a, 0x7d, 0x79, 0x7d, 0x7a, 0x75, 0x79, 0x7d, 0x7a, 0x75,
  0x7a, 0x7d, 0x79, 0x7d, 0x79, 0x7d, 0x99, 0x7d, 0x7a, 0x7d, 0x99, 0x85, 0x9a, 0x85, 0xbb, 0x8d,
  0xda, 0x95, 0xff, 0xff, 0x00, 0x00, 0xff, 0x07, 0x00, 0x00, 0x00, 0x00, 0x00, 0x00, 0x00, 0x00,
  0x00, 0x00, 0x00, 0x00, 0x00, 0x00, 0x00, 0x00, 0x00, 0x00, 0x00, 0x00, 0x00, 0x00, 0x00, 0x00,
  0x00, 0x00, 0x00, 0x00, 0x00, 0x00, 0x00, 0x00, 0x00, 0x00, 0x00, 0x00, 0x00, 0x00, 0x00, 0x00,
  0x00, 0x00, 0x00, 0x00, 0x00, 0x00, 0x00, 0x00, 0x00, 0x00, 0x00, 0x00, 0x00, 0x00, 0x00, 0x00,
  0x00, 0x00, 0x00, 0x00, 0x00, 0x00, 0x00, 0x00, 0x00, 0x00, 0x00, 0x00, 0x00, 0x00, 0x00, 0x00,
  0x00, 0x00, 0x00, 0x00, 0x00, 0x00, 0x00, 0x00, 0x00, 0x00, 0x00, 0x00, 0x00, 0x00, 0x00, 0x00,
  0x00, 0x00, 0x00, 0x00, 0x00, 0x00, 0x00, 0x00, 0x00, 0x00, 0x00, 0x00, 0x00, 0x00, 0x00, 0x00,
  0x00, 0x00, 0x00, 0x00, 0x00, 0x00, 0x00, 0x00, 0x00, 0x00, 0x00, 0x00, 0x00, 0x00, 0x00, 0x00,
  0x00, 0x00, 0x00, 0x00, 0x00, 0x00, 0x00, 0x00, 0x00, 0x00, 0x00, 0x00, 0x00, 0x00, 0x00, 0x00,
  0x00, 0x00, 0x00, 0x00, 0x00, 0x00, 0x00, 0x00, 0x00, 0x00, 0x00, 0x00, 0x00, 0x00, 0x00, 0x00,
  0x00, 0x00, 0x00, 0x00, 0x00, 0x00, 0x00, 0x00, 0x00, 0x00, 0x00, 0x00, 0x00, 0x00, 0x00, 0x00,
  0x00, 0x00, 0x00, 0x00, 0x00, 0x00, 0x00, 0x00, 0xf0, 0x39, 0x00, 0x00, 0xef, 0x4a, 0x31, 0x4b,
  0x72, 0x5b, 0x30, 0x4b, 0xf0, 0x42, 0xf0, 0x3a, 0x10, 0x3b, 0x11, 0x43, 0x31, 0x43, 0x52, 0x43,
  0x73, 0x4b, 0x93, 0x4b, 0xd4, 0x53, 0x14, 0x54, 0x56, 0x64, 0xb7, 0x64, 0xf8, 0x6c, 0x18, 0x6d,
  0x59, 0x85, 0x79, 0x85, 0x59, 0x7d, 0x39, 0x75, 0xd9, 0x6c, 0x31, 0x22, 0xf1, 0x19, 0x53, 0x22,
  0xb4, 0x2a, 0xd4, 0x2a, 0x14, 0x33, 0x34, 0x33, 0x33, 0x3b, 0x54, 0x3b, 0x73, 0x43, 0x53, 0x43,
  0x73, 0x43, 0x73, 0x43, 0x73, 0x43, 0x12, 0x3b, 0x93, 0x53, 0x74, 0x7c, 0x93, 0x7c, 0xb4, 0x84,
  0xb4, 0x84, 0xd4, 0x84, 0xf5, 0x8c, 0x15, 0x8d, 0x15, 0x8d, 0x16, 0x95, 0x35, 0x95, 0x36, 0x95,
  0x56, 0x95, 0x36, 0x9d, 0x56, 0x95, 0x56, 0x95, 0x57, 0x9d, 0x77, 0x9d, 0x77, 0x9d, 0x97, 0xa5,
  0x97, 0xa5, 0x98, 0x9d, 0xb8, 0xa5, 0xb7, 0xa5, 0xb8, 0xa5, 0xb7, 0xa5, 0xd7, 0xa5, 0xd8, 0xad,
  0xd8, 0xa5, 0xd8, 0xad, 0xd8, 0xad, 0xd8, 0xad, 0xf9, 0xad, 0xf8, 0xad, 0xf9, 0xb5, 0xf8, 0xb5,
  0xf9, 0xad, 0x18, 0xb6, 0x19, 0xae, 0x19, 0xb6, 0x39, 0xb6, 0x19, 0xb6, 0x39, 0xb6, 0x39, 0xb6,
  0x39, 0xb6, 0x3a, 0xb6, 0x39, 0xb6, 0x39, 0xb6, 0x39, 0xb6, 0x59, 0xb6, 0x5a, 0xb6, 0x59, 0xb6,
  0x59, 0xb6, 0x5a, 0xb6, 0x59, 0xb6, 0x59, 0xb6, 0x5a, 0xbe, 0x7a, 0xbe, 0x3a, 0xae, 0x79, 0x85,
  0x7a, 0x7d, 0x59, 0x75, 0x59, 0x7d, 0x79, 0x75, 0x5a, 0x7d, 0x79, 0x7d, 0x79, 0x7d, 0x59, 0x75,
  0x7a, 0x7d, 0x79, 0x7d, 0x59, 0x7d, 0x79, 0x7d, 0x79, 0x7d, 0x79, 0x7d, 0x99, 0x85, 0x7a, 0x85,
  0x99, 0x7d, 0xba, 0x85, 0xba, 0x95, 0xbd, 0xb6, 0x00, 0x00, 0xff, 0xff, 0x00, 0x00, 0x00, 0x00,
  0x00, 0x00, 0x00, 0x00, 0x00, 0x00, 0x00, 0x00, 0x00, 0x00, 0x00, 0x00, 0x00, 0x00, 0x00, 0x00,
  0x00, 0x00, 0x00, 0x00, 0x00, 0x00, 0x00, 0x00, 0x00, 0x00, 0x00, 0x00, 0x00, 0x00, 0x00, 0x00,
  0x00, 0x00, 0x00, 0x00, 0x00, 0x00, 0x00, 0x00, 0x00, 0x00, 0x00, 0x00, 0x00, 0x00, 0x00, 0x00,
  0x00, 0x00, 0x00, 0x00, 0x00, 0x00, 0x00, 0x00, 0x00, 0x00, 0x00, 0x00, 0x00, 0x00, 0x00, 0x00,
  0x00, 0x00, 0x00, 0x00, 0x00, 0x00, 0x00, 0x00, 0x00, 0x00, 0x00, 0x00, 0x00, 0x00, 0x00, 0x00,
  0x00, 0x00, 0x00, 0x00, 0x00, 0x00, 0x00, 0x00, 0x00, 0x00, 0x00, 0x00, 0x00, 0x00, 0x00, 0x00,
  0x00, 0x00, 0x00, 0x00, 0x00, 0x00, 0x00, 0x00, 0x00, 0x00, 0x00, 0x00, 0x00, 0x00, 0x00, 0x00,
  0x00, 0x00, 0x00, 0x00, 0x00, 0x00, 0x00, 0x00, 0x00, 0x00, 0x00, 0x00, 0x00, 0x00, 0x00, 0x00,
  0x00, 0x00, 0x00, 0x00, 0x00, 0x00, 0x00, 0x00, 0x00, 0x00, 0x00, 0x00, 0x00, 0x00, 0x00, 0x00,
  0x00, 0x00, 0x00, 0x00, 0x00, 0x00, 0x00, 0x00, 0x00, 0x00, 0x00, 0x00, 0x00, 0x00, 0x00, 0x00,
  0x00, 0x00, 0x00, 0x00, 0x00, 0x00, 0x00, 0x00, 0x00, 0x00, 0x00, 0x00, 0x00, 0x00, 0xef, 0x7b,
  0x10, 0x44, 0xef, 0x4a, 0x92, 0x5b, 0x31, 0x4b, 0xf0, 0x3a, 0xf0, 0x42, 0xf0, 0x3a, 0x10, 0x43,
  0x31, 0x43, 0x32, 0x43, 0x52, 0x43, 0x72, 0x4b, 0x93, 0x43, 0xd4, 0x53, 0x35, 0x54, 0x76, 0x64,
  0xd7, 0x64, 0xf8, 0x6c, 0x38, 0x75, 0x59, 0x7d, 0x38, 0x75, 0x39, 0x75, 0x77, 0x64, 0xd0, 0x19,
  0x12, 0x22, 0x53, 0x2a, 0x93, 0x2a, 0xd3, 0x2a, 0xf3, 0x32, 0x13, 0x33, 0x34, 0x3b, 0x33, 0x3b,
  0x53, 0x3b, 0x53, 0x43, 0x53, 0x43, 0x52, 0x43, 0x73, 0x43, 0x32, 0x3b, 0x51, 0x4b, 0x54, 0x74,
  0x73, 0x7c, 0x94, 0x7c, 0xb4, 0x84, 0xd4, 0x84, 0xd4, 0x84, 0xf5, 0x8c, 0xf5, 0x8c, 0x15, 0x8d,
  0x15, 0x95, 0x35, 0x95, 0x36, 0x95, 0x36, 0x95, 0x36, 0x9d, 0x56, 0x95, 0x56, 0x9d, 0x76, 0x9d,
  0x77, 0x9d, 0x77, 0x9d, 0x97, 0x9d, 0x97, 0xa5, 0x97, 0xa5, 0xb8, 0xa5, 0xb7, 0xa5, 0xb7, 0xa5,
  0xd8, 0xa5, 0xb7, 0xa5, 0xd7, 0xad, 0xd8, 0xa5, 0xd8, 0xad, 0xd8, 0xad, 0xd8, 0xad, 0xf8, 0xad,
  0xf8, 0xad, 0xf9, 0xad, 0xf8, 0xb5, 0xf9, 0xad, 0x18, 0xb6, 0x19, 0xb6, 0x19, 0xb6, 0x19, 0xae,
  0x19, 0xb6, 0x39, 0xb6, 0x39, 0xb6, 0x39, 0xb6, 0x39, 0xb6, 0x39, 0xb6, 0x39, 0xb6, 0x59, 0xb6,
  0x39, 0xb6, 0x59, 0xb6, 0x39, 0xbe, 0x59, 0xb6, 0x5a, 0xb6, 0x59, 0xb6, 0x5a, 0xb6, 0x79, 0xbe,
  0x1b, 0xae, 0x59, 0x7d, 0x7a, 0x7d, 0x7a, 0x7d, 0x59, 0x7d, 0x5a, 0x75, 0x59, 0x7d, 0x59, 0x75,
  0x7a, 0x75, 0x59, 0x7d, 0x79, 0x7d, 0x59, 0x75, 0x59, 0x7d, 0x79, 0x7d, 0x7a, 0x7d, 0x79, 0x7d,
  0x7a, 0x7d, 0x99, 0x85, 0x9a, 0x7d, 0x9a, 0x85, 0x99, 0x95, 0x3b, 0xa6, 0x00, 0x00, 0xff, 0x7b,
  0x00, 0x00, 0x00, 0x00, 0x00, 0x00, 0x00, 0x00, 0x00, 0x00, 0x00, 0x00, 0x00, 0x00, 0x00, 0x00,
  0x00, 0x00, 0x00, 0x00, 0x00, 0x00, 0x00, 0x00, 0x00, 0x00, 0x00, 0x00, 0x00, 0x00, 0x00, 0x00,
  0x00, 0x00, 0x00, 0x00, 0x00, 0x00, 0x00, 0x00, 0x00, 0x00, 0x00, 0x00, 0x00, 0x00, 0x00, 0x00,
  0x00, 0x00, 0x00, 0x00, 0x00, 0x00, 0x00, 0x00, 0x00, 0x00, 0x00, 0x00, 0x00, 0x00, 0x00, 0x00,
  0x00, 0x00, 0x00, 0x00, 0x00, 0x00, 0x00, 0x00, 0x00, 0x00, 0x00, 0x00, 0x00, 0x00, 0x00, 0x00,
  0x00, 0x00, 0x00, 0x00, 0x00, 0x00, 0x00, 0x00, 0x00, 0x00, 0x00, 0x00, 0x00, 0x00, 0x00, 0x00,
  0x00, 0x00, 0x00, 0x00, 0x00, 0x00, 0x00, 0x00, 0x00, 0x00, 0x00, 0x00, 0x00, 0x00, 0x00, 0x00,
  0x00, 0x00, 0x00, 0x00, 0x00, 0x00, 0x00, 0x00, 0x00, 0x00, 0x00, 0x00, 0x00, 0x00, 0x00, 0x00,
  0x00, 0x00, 0x00, 0x00, 0x00, 0x00, 0x00, 0x00, 0x00, 0x00, 0x00, 0x00, 0x00, 0x00, 0x00, 0x00,
  0x00, 0x00, 0x00, 0x00, 0x00, 0x00, 0x00, 0x00, 0x00, 0x00, 0x00, 0x00, 0x00, 0x00, 0x00, 0x00,
  0x00, 0x00, 0x00, 0x00, 0x00, 0x00, 0x00, 0x00, 0x00, 0x00, 0x00, 0x00, 0x00, 0x00, 0x00, 0x00,
  0x00, 0x00, 0x0f, 0x84, 0x00, 0x00, 0xd0, 0x3a, 0x51, 0x5b, 0x31, 0x4b, 0xf0, 0x42, 0xd0, 0x3a,
  0xf0, 0x3a, 0xf0, 0x3a, 0x11, 0x43, 0x31, 0x43, 0x31, 0x43, 0x51, 0x43, 0x52, 0x43, 0x93, 0x4b,
  0xf4, 0x53, 0x36, 0x5c, 0xb7, 0x64, 0xd8, 0x6c, 0x18, 0x6d, 0x18, 0x75, 0x19, 0x6d, 0x39, 0x75,
  0xb5, 0x4b, 0x90, 0x19, 0x32, 0x22, 0x73, 0x22, 0x93, 0x2a, 0xd3, 0x2a, 0xd3, 0x32, 0x13, 0x33,
  0x13, 0x33, 0x33, 0x3b, 0x32, 0x3b, 0x53, 0x43, 0x52, 0x3b, 0x53, 0x43, 0x53, 0x43, 0x32, 0x43,
  0x11, 0x43, 0x33, 0x6c, 0x53, 0x74, 0x93, 0x84, 0x94, 0x84, 0xd4, 0x84, 0xd4, 0x84, 0xd5, 0x8c,
  0xf5, 0x8c, 0x15, 0x8d, 0x15, 0x8d, 0x15, 0x95, 0x35, 0x95, 0x36, 0x95, 0x36, 0x95, 0x56, 0x9d,
  0x56, 0x95, 0x57, 0x9d, 0x56, 0x9d, 0x77, 0x9d, 0x77, 0x9d, 0x97, 0x9d, 0x97, 0xa5, 0x97, 0xa5,
  0x98, 0xa5, 0xb7, 0xa5, 0xb7, 0xa5, 0xb8, 0xa5, 0xd7, 0xa5, 0xb8, 0xa5, 0xd7, 0xad, 0xd8, 0xad,
  0xd8, 0xad, 0xd8, 0xad, 0xf8, 0xad, 0xf8, 0xad, 0xf8, 0xad, 0xf9, 0xb5, 0xf8, 0xad, 0x19, 0xae,
  0x19, 0xb6, 0x18, 0xb6, 0x19, 0xae, 0x39, 0xb6, 0x19, 0xae, 0x39, 0xb6, 0x39, 0xb6, 0x39, 0xb6,
  0x39, 0xb6, 0x39, 0xb6, 0x39, 0xb6, 0x39, 0xb6, 0x39, 0xb6, 0x39, 0xb6, 0x39, 0xb6, 0x59, 0xb6,
  0x39, 0xb6, 0x5a, 0xbe, 0xfa, 0x9d, 0x58, 0x75, 0x59, 0x7d, 0x59, 0x75, 0x59, 0x75, 0x59, 0x7d,
  0x59, 0x75, 0x59, 0x75, 0x59, 0x7d, 0x59, 0x75, 0x59, 0x7d, 0x5a, 0x75, 0x59, 0x75, 0x59, 0x7d,
  0x79, 0x7d, 0x79, 0x7d, 0x79, 0x7d, 0x9a, 0x85, 0x79, 0x7d, 0x7a, 0x85, 0xba, 0x95, 0xda, 0x9d,
  0x00, 0x00, 0x55, 0xad, 0x00, 0x00, 0x00, 0x00, 0x00, 0x00, 0x00, 0x00, 0x00, 0x00, 0x00, 0x00,
  0x00, 0x00, 0x00, 0x00, 0x00, 0x00, 0x00, 0x00, 0x00, 0x00, 0x00, 0x00, 0x00, 0x00, 0x00, 0x00,
  0x00, 0x00, 0x00, 0x00, 0x00, 0x00, 0x00, 0x00, 0x00, 0x00, 0x00, 0x00, 0x00, 0x00, 0x00, 0x00,
  0x00, 0x00, 0x00, 0x00, 0x00, 0x00, 0x00, 0x00, 0x00, 0x00, 0x00, 0x00, 0x00, 0x00, 0x00, 0x00,
  0x00, 0x00, 0x00, 0x00, 0x00, 0x00, 0x00, 0x00, 0x00, 0x00, 0x00, 0x00, 0x00, 0x00, 0x00, 0x00,
  0x00, 0x00, 0x00, 0x00, 0x00, 0x00, 0x00, 0x00, 0x00, 0x00, 0x00, 0x00, 0x00, 0x00, 0x00, 0x00,
  0x00, 0x00, 0x00, 0x00, 0x00, 0x00, 0x00, 0x00, 0x00, 0x00, 0x00, 0x00, 0x00, 0x00, 0x00, 0x00,
  0x00, 0x00, 0x00, 0x00, 0x00, 0x00, 0x00, 0x00, 0x00, 0x00, 0x00, 0x00, 0x00, 0x00, 0x00, 0x00,
  0x00, 0x00, 0x00, 0x00, 0x00, 0x00, 0x00, 0x00, 0x00, 0x00, 0x00, 0x00, 0x00, 0x00, 0x00, 0x00,
  0x00, 0x00, 0x00, 0x00, 0x00, 0x00, 0x00, 0x00, 0x00, 0x00, 0x00, 0x00, 0x00, 0x00, 0x00, 0x00,
  0x00, 0x00, 0x00, 0x00, 0x00, 0x00, 0x00, 0x00, 0x00, 0x00, 0x00, 0x00, 0x00, 0x00, 0x00, 0x00,
  0x00, 0x00, 0x00, 0x00, 0x00, 0x00, 0x00, 0x00, 0xf0, 0x41, 0x00, 0x00, 0x71, 0x5b, 0x51, 0x53,
  0xf0, 0x42, 0xd0, 0x42, 0xf0, 0x3a, 0xf0, 0x3a, 0x10, 0x43, 0x10, 0x3b, 0x31, 0x43, 0x11, 0x43,
  0x31, 0x43, 0x52, 0x43, 0x93, 0x43, 0xf4, 0x53, 0x76, 0x64, 0xb7, 0x64, 0xd8, 0x6c, 0xf8, 0x6c,
  0xf8, 0x64, 0xf9, 0x6c, 0xb2, 0x32, 0x90, 0x11, 0x32, 0x22, 0x73, 0x22, 0x93, 0x2a, 0xb3, 0x32,
  0xd3, 0x32, 0x13, 0x33, 0x13, 0x3b, 0x13, 0x3b, 0x12, 0x3b, 0x32, 0x3b, 0x53, 0x43, 0x32, 0x43,
  0x52, 0x3b, 0x32, 0x3b, 0xf1, 0x3a, 0xf3, 0x63, 0x53, 0x74, 0x53, 0x7c, 0x93, 0x7c, 0xb4, 0x84,
  0xb4, 0x84, 0xd4, 0x8c, 0xf5, 0x8c, 0xf5, 0x8c, 0xf5, 0x8c, 0x15, 0x8d, 0x15, 0x95, 0x35, 0x95,
  0x36, 0x95, 0x36, 0x95, 0x56, 0x9d, 0x56, 0x9d, 0x56, 0x9d, 0x76, 0x9d, 0x77, 0x9d, 0x77, 0x9d,
  0x77, 0x9d, 0x97, 0x9d, 0x97, 0xa5, 0x98, 0xa5, 0x98, 0xa5, 0xb8, 0xa5, 0xb7, 0xa5, 0xb8, 0xa5,
  0xd7, 0xa5, 0xd8, 0xa5, 0xd8, 0xad, 0xd8, 0xad, 0xd8, 0xad, 0xf8, 0xad, 0xf8, 0xad, 0xf8, 0xad,
  0xf9, 0xad, 0xf8, 0xb5, 0xf9, 0xad, 0x18, 0xb6, 0x19, 0xae, 0x18, 0xb6, 0x19, 0xb6, 0x19, 0xb6,
  0x39, 0xae, 0x39, 0xb6, 0x39, 0xb6, 0x39, 0xb6, 0x39, 0xb6, 0x3a, 0xb6, 0x39, 0xb6, 0x5a, 0xb6,
  0x39, 0xb6, 0x3a, 0xb6, 0x39, 0xb6, 0x5a, 0xbe, 0x9a, 0x8d, 0x39, 0x75, 0x79, 0x75, 0x5a, 0x7d,
  0x59, 0x75, 0x59, 0x75, 0x3a, 0x75, 0x59, 0x7d, 0x59, 0x75, 0x5a, 0x75, 0x59, 0x75, 0x59, 0x75,
  0x5a, 0x7d, 0x59, 0x75, 0x79, 0x7d, 0x7a, 0x7d, 0x79, 0x7d, 0x99, 0x7d, 0x9a, 0x85, 0x99, 0x85,
  0xdb, 0x8d, 0xda, 0x9d, 0x00, 0x00, 0x5f, 0xad, 0x00, 0x00, 0x00, 0x00, 0x00, 0x00, 0x00, 0x00,
  0x00, 0x00, 0x00, 0x00, 0x00, 0x00, 0x00, 0x00, 0x00, 0x00, 0x00, 0x00, 0x00, 0x00, 0x00, 0x00,
  0x00, 0x00, 0x00, 0x00, 0x00, 0x00, 0x00, 0x00, 0x00, 0x00, 0x00, 0x00, 0x00, 0x00, 0x00, 0x00,
  0x00, 0x00, 0x00, 0x00, 0x00, 0x00, 0x00, 0x00, 0x00, 0x00, 0x00, 0x00, 0x00, 0x00, 0x00, 0x00,
  0x00, 0x00, 0x00, 0x00, 0x00, 0x00, 0x00, 0x00, 0x00, 0x00, 0x00, 0x00, 0x00, 0x00, 0x00, 0x00,
  0x00, 0x00, 0x00, 0x00, 0x00, 0x00, 0x00, 0x00, 0x00, 0x00, 0x00, 0x00, 0x00, 0x00, 0x00, 0x00,
  0x00, 0x00, 0x00, 0x00, 0x00, 0x00, 0x00, 0x00, 0x00, 0x00, 0x00, 0x00, 0x00, 0x00, 0x00, 0x00,
  0x00, 0x00, 0x00, 0x00, 0x00, 0x00, 0x00, 0x00, 0x00, 0x00, 0x00, 0x00, 0x00, 0x00, 0x00, 0x00,
  0x00, 0x00, 0x00, 0x00, 0x00, 0x00, 0x00, 0x00, 0x00, 0x00, 0x00, 0x00, 0x00, 0x00, 0x00, 0x00,
  0x00, 0x00, 0x00, 0x00, 0x00, 0x00, 0x00, 0x00, 0x00, 0x00, 0x00, 0x00, 0x00, 0x00, 0x00, 0x00,
  0x00, 0x00, 0x00, 0x00, 0x00, 0x00, 0x00, 0x00, 0x00, 0x00, 0x00, 0x00, 0x00, 0x00, 0x00, 0x00,
  0x00, 0x00, 0x00, 0x00, 0x00, 0x00, 0x00, 0x00, 0x00, 0x00, 0x00, 0x00, 0x00, 0x00, 0x0f, 0x04,
  0xf5, 0x53, 0x30, 0x53, 0x11, 0x4b, 0xcf, 0x3a, 0xf0, 0x3a, 0xcf, 0x3a, 0xf0, 0x3a, 0xf1, 0x3a,
  0x10, 0x3b, 0xf1, 0x3a, 0x11, 0x3b, 0x10, 0x43, 0x32, 0x43, 0x93, 0x4b, 0xf5, 0x53, 0x56, 0x64,
  0x97, 0x64, 0xd7, 0x64, 0xb8, 0x64, 0x77, 0x5c, 0xf0, 0x21, 0xb0, 0x19, 0x53, 0x22, 0x73, 0x2a,
  0x93, 0x2a, 0xd3, 0x2a, 0xd3, 0x32, 0xf2, 0x32, 0x13, 0x33, 0xf2, 0x3a, 0x33, 0x3b, 0x32, 0x3b,
  0x32, 0x3b, 0x32, 0x3b, 0x52, 0x43, 0x32, 0x43, 0xd0, 0x32, 0x92, 0x53, 0x33, 0x74, 0x53, 0x7c,
  0x93, 0x7c, 0x94, 0x84, 0xb4, 0x84, 0xd4, 0x84, 0xd4, 0x84, 0xd4, 0x8c, 0xf5, 0x8c, 0xf5, 0x8c,
  0x15, 0x8d, 0x15, 0x95, 0x16, 0x95, 0x36, 0x95, 0x36, 0x95, 0x36, 0x95, 0x56, 0x95, 0x56, 0x9d,
  0x57, 0x9d, 0x76, 0x9d, 0x77, 0x9d, 0x77, 0xa5, 0x97, 0x9d, 0x97, 0xa5, 0x97, 0xa5, 0x98, 0xa5,
  0xb7, 0xa5, 0xb7, 0xa5, 0xd8, 0xad, 0xb7, 0xa5, 0xd8, 0xa5, 0xd8, 0xad, 0xb8, 0xa5, 0xd8, 0xad,
  0xd8, 0xad, 0xf8, 0xad, 0xf8, 0xad, 0xf9, 0xad, 0xf8, 0xb5, 0xf9, 0xad, 0xf8, 0xb5, 0x19, 0xae,
  0x18, 0xb6, 0x19, 0xae, 0x19, 0xb6, 0x19, 0xb6, 0x19, 0xb6, 0x19, 0xb6, 0x39, 0xb6, 0x39, 0xb6,
  0x39, 0xb6, 0x39, 0xb6, 0x39, 0xb6, 0x39, 0xb6, 0x3a, 0xb6, 0x5a, 0xb6, 0x59, 0x85, 0x38, 0x75,
  0x39, 0x7d, 0x39, 0x75, 0x39, 0x75, 0x39, 0x75, 0x59, 0x75, 0x39, 0x75, 0x39, 0x75, 0x39, 0x75,
  0x39, 0x7d, 0x59, 0x75, 0x5a, 0x75, 0x59, 0x7d, 0x79, 0x7d, 0x79, 0x75, 0x79, 0x7d, 0x79, 0x7d,
  0x99, 0x7d, 0x9a, 0x85, 0xdb, 0x8d, 0xda, 0x95, 0x00, 0x00, 0xf7, 0x7d, 0x00, 0x00, 0x00, 0x00,
  0x00, 0x00, 0x00, 0x00, 0x00, 0x00, 0x00, 0x00, 0x00, 0x00, 0x00, 0x00, 0x00, 0x00, 0x00, 0x00,
  0x00, 0x00, 0x00, 0x00, 0x00, 0x00, 0x00, 0x00, 0x00, 0x00, 0x00, 0x00, 0x00, 0x00, 0x00, 0x00,
  0x00, 0x00, 0x00, 0x00, 0x00, 0x00, 0x00, 0x00, 0x00, 0x00, 0x00, 0x00, 0x00, 0x00, 0x00, 0x00,
  0x00, 0x00, 0x00, 0x00, 0x00, 0x00, 0x00, 0x00, 0x00, 0x00, 0x00, 0x00, 0x00, 0x00, 0x00, 0x00,
  0x00, 0x00, 0x00, 0x00, 0x00, 0x00, 0x00, 0x00, 0x00, 0x00, 0x00, 0x00, 0x00, 0x00, 0x00, 0x00,
  0x00, 0x00, 0x00, 0x00, 0x00, 0x00, 0x00, 0x00, 0x00, 0x00, 0x00, 0x00, 0x00, 0x00, 0x00, 0x00,
  0x00, 0x00, 0x00, 0x00, 0x00, 0x00, 0x00, 0x00, 0x00, 0x00, 0x00, 0x00, 0x00, 0x00, 0x00, 0x00,
  0x00, 0x00, 0x00, 0x00, 0x00, 0x00, 0x00, 0x00, 0x00, 0x00, 0x00, 0x00, 0x00, 0x00, 0x00, 0x00,
  0x00, 0x00, 0x00, 0x00, 0x00, 0x00, 0x00, 0x00, 0x00, 0x00, 0x00, 0x00, 0x00, 0x00, 0x00, 0x00,
  0x00, 0x00, 0x00, 0x00, 0x00, 0x00, 0x00, 0x00, 0x00, 0x00, 0x00, 0x00, 0x00, 0x00, 0x00, 0x00,
  0x00, 0x00, 0x00, 0x00, 0x00, 0x00, 0x00, 0x00, 0x00, 0x00, 0x00, 0x00, 0x00, 0x00, 0x00, 0x00,
  0x00, 0x00, 0xb5, 0x52, 0x00, 0x00, 0x51, 0x53, 0x31, 0x4b, 0xd0, 0x42, 0xcf, 0x3a, 0xd0, 0x3a,
  0xf0, 0x3a, 0xf0, 0x42, 0xf0, 0x3a, 0xf0, 0x42, 0xf0, 0x3a, 0xf1, 0x3a, 0x10, 0x3b, 0x32, 0x43,
  0xb3, 0x4b, 0xf4, 0x53, 0x36, 0x5c, 0x77, 0x5c, 0x97, 0x64, 0xb5, 0x4b, 0x6f, 0x11, 0xf1, 0x19,
  0x32, 0x22, 0x73, 0x2a, 0xb2, 0x2a, 0xd3, 0x32, 0xd2, 0x32, 0xf3, 0x32, 0xf2, 0x3a, 0xf2, 0x32,
  0x12, 0x3b, 0x12, 0x43, 0x12, 0x3b, 0x11, 0x43, 0x32, 0x3b, 0x32, 0x3b, 0xf1, 0x3a, 0x51, 0x4b,
  0x33, 0x74, 0x52, 0x74, 0x73, 0x7c, 0x93, 0x84, 0x93, 0x7c, 0xb4, 0x84, 0xd4, 0x84, 0xd4, 0x8c,
  0xf5, 0x84, 0xf5, 0x8c, 0xf5, 0x8c, 0x15, 0x95, 0x15, 0x95, 0x15, 0x95, 0x36, 0x95, 0x36, 0x9d,
  0x56, 0x95, 0x56, 0x95, 0x56, 0x9d, 0x56, 0x9d, 0x57, 0x9d, 0x76, 0x9d, 0x77, 0x9d, 0x77, 0x9d,
  0x97, 0xa5, 0x97, 0xa5, 0x98, 0xa5, 0xb7, 0xa5, 0xb8, 0xa5, 0xb7, 0xa5, 0xb8, 0xa5, 0xd7, 0xa5,
  0xd8, 0xa5, 0xd8, 0xad, 0xd8, 0xa5, 0xf8, 0xad, 0xd8, 0xad, 0xf8, 0xad, 0xf8, 0xad, 0xf9, 0xad,
  0xf8, 0xad, 0x19, 0xb6, 0x19, 0xae, 0x19, 0xb6, 0x39, 0xae, 0x19, 0xb6, 0x19, 0xae, 0x38, 0xb6,
  0x19, 0xae, 0x39, 0xb6, 0x19, 0xb6, 0x39, 0xb6, 0x39, 0xb6, 0x39, 0xb6, 0x39, 0xb6, 0xfa, 0xa5,
  0x18, 0x75, 0x39, 0x75, 0x39, 0x75, 0x59, 0x75, 0x39, 0x75, 0x39, 0x75, 0x39, 0x75, 0x59, 0x75,
  0x39, 0x75, 0x39, 0x75, 0x39, 0x75, 0x39, 0x75, 0x59, 0x75, 0x7a, 0x75, 0x59, 0x7d, 0x79, 0x7d,
  0x79, 0x7d, 0x7a, 0x7d, 0x99, 0x7d, 0x79, 0x7d, 0xdb, 0x8d, 0xda, 0x9d, 0x00, 0x00, 0xf7, 0x7d,
  0x00, 0x00, 0x00, 0x00, 0x00, 0x00, 0x00, 0x00, 0x00, 0x00, 0x00, 0x00, 0x00, 0x00, 0x00, 0x00,
  0x00, 0x00, 0x00, 0x00, 0x00, 0x00, 0x00, 0x00, 0x00, 0x00, 0x00, 0x00, 0x00, 0x00, 0x00, 0x00,
  0x00, 0x00, 0x00, 0x00, 0x00, 0x00, 0x00, 0x00, 0x00, 0x00, 0x00, 0x00, 0x00, 0x00, 0x00, 0x00,
  0x00, 0x00, 0x00, 0x00, 0x00, 0x00, 0x00, 0x00, 0x00, 0x00, 0x00, 0x00, 0x00, 0x00, 0x00, 0x00,
  0x00, 0x00, 0x00, 0x00, 0x00, 0x00, 0x00, 0x00, 0x00, 0x00, 0x00, 0x00, 0x00, 0x00, 0x00, 0x00,
  0x00, 0x00, 0x00, 0x00, 0x00, 0x00, 0x00, 0x00, 0x00, 0x00, 0x00, 0x00, 0x00, 0x00, 0x00, 0x00,
  0x00, 0x00, 0x00, 0x00, 0x00, 0x00, 0x00, 0x00, 0x00, 0x00, 0x00, 0x00, 0x00, 0x00, 0x00, 0x00,
  0x00, 0x00, 0x00, 0x00, 0x00, 0x00, 0x00, 0x00, 0x00, 0x00, 0x00, 0x00, 0x00, 0x00, 0x00, 0x00,
  0x00, 0x00, 0x00, 0x00, 0x00, 0x00, 0x00, 0x00, 0x00, 0x00, 0x00, 0x00, 0x00, 0x00, 0x00, 0x00,
  0x00, 0x00, 0x00, 0x00, 0x00, 0x00, 0x00, 0x00, 0x00, 0x00, 0x00, 0x00, 0x00, 0x00, 0x00, 0x00,
  0x00, 0x00, 0x00, 0x00, 0x00, 0x00, 0x00, 0x00, 0x00, 0x00, 0x00, 0x00, 0x00, 0x00, 0x00, 0x00,
  0x00, 0x00, 0x00, 0x00, 0x00, 0x00, 0xb5, 0x52, 0x00, 0x00, 0x51, 0x5b, 0x30, 0x4b, 0xf0, 0x42,
  0xd0, 0x3a, 0xcf, 0x3a, 0xd0, 0x3a, 0xd0, 0x3a, 0xf0, 0x3a, 0x11, 0x3b, 0xf0, 0x3a, 0xf0, 0x3a,
  0xd0, 0x3a, 0xd0, 0x32, 0x11, 0x3b, 0x73, 0x43, 0xd4, 0x4b, 0x15, 0x54, 0x36, 0x54, 0x13, 0x3b,
  0x6e, 0x11, 0xf2, 0x21, 0x52, 0x22, 0x72, 0x2a, 0xb3, 0x2a, 0xd2, 0x32, 0xf3, 0x32, 0xf2, 0x32,
  0xf2, 0x32, 0xf2, 0x3a, 0xf2, 0x32, 0xf1, 0x3a, 0x11, 0x3b, 0x12, 0x3b, 0x11, 0x43, 0x11, 0x3b,
  0xf1, 0x3a, 0xd0, 0x3a, 0xf3, 0x6b, 0x32, 0x74, 0x53, 0x7c, 0x93, 0x7c, 0x94, 0x84, 0x94, 0x84,
  0xb4, 0x84, 0xb4, 0x84, 0xd4, 0x8c, 0xf4, 0x8c, 0xf5, 0x8c, 0xf5, 0x8c, 0x15, 0x8d, 0x15, 0x95,
  0x35, 0x95, 0x36, 0x95, 0x36, 0x95, 0x36, 0x9d, 0x56, 0x95, 0x56, 0x95, 0x76, 0x9d, 0x77, 0x9d,
  0x77, 0x9d, 0x76, 0x9d, 0x97, 0xa5, 0x97, 0x9d, 0x98, 0xa5, 0x97, 0x9d, 0x98, 0xa5, 0xb8, 0xa5,
  0xb7, 0xa5, 0xb8, 0xa5, 0xd7, 0xa5, 0xd7, 0xa5, 0xd8, 0xad, 0xd8, 0xad, 0xd8, 0xad, 0xd8, 0xad,
  0xf9, 0xad, 0xf8, 0xb5, 0xf9, 0xad, 0xf8, 0xb5, 0xf8, 0xad, 0x19, 0xb6, 0xf8, 0xad, 0x19, 0xae,
  0x19, 0xb6, 0x19, 0xae, 0x19, 0xb6, 0x19, 0xae, 0x38, 0xb6, 0x19, 0xae, 0x39, 0xb6, 0x19, 0xb6,
  0x3a, 0xb6, 0x99, 0x95, 0x18, 0x6d, 0x39, 0x75, 0x39, 0x75, 0x39, 0x75, 0x39, 0x75, 0x38, 0x75,
  0x39, 0x75, 0x19, 0x75, 0x38, 0x6d, 0x39, 0x75, 0x39, 0x6d, 0x39, 0x75, 0x59, 0x7d, 0x59, 0x75,
  0x79, 0x7d, 0x79, 0x75, 0x79, 0x7d, 0x99, 0x85, 0x7a, 0x7d, 0x79, 0x85, 0xdb, 0x8d, 0xda, 0x95,
  0x00, 0x00, 0xf7, 0x85, 0x00, 0x00, 0x00, 0x00, 0x00, 0x00, 0x00, 0x00, 0x00, 0x00, 0x00, 0x00,
  0x00, 0x00, 0x00, 0x00, 0x00, 0x00, 0x00, 0x00, 0x00, 0x00, 0x00, 0x00, 0x00, 0x00, 0x00, 0x00,
  0x00, 0x00, 0x00, 0x00, 0x00, 0x00, 0x00, 0x00, 0x00, 0x00, 0x00, 0x00, 0x00, 0x00, 0x00, 0x00,
  0x00, 0x00, 0x00, 0x00, 0x00, 0x00, 0x00, 0x00, 0x00, 0x00, 0x00, 0x00, 0x00, 0x00, 0x00, 0x00,
  0x00, 0x00, 0x00, 0x00, 0x00, 0x00, 0x00, 0x00, 0x00, 0x00, 0x00, 0x00, 0x00, 0x00, 0x00, 0x00,
  0x00, 0x00, 0x00, 0x00, 0x00, 0x00, 0x00, 0x00, 0x00, 0x00, 0x00, 0x00, 0x00, 0x00, 0x00, 0x00,
  0x00, 0x00, 0x00, 0x00, 0x00, 0x00, 0x00, 0x00, 0x00, 0x00, 0x00, 0x00, 0x00, 0x00, 0x00, 0x00,
  0x00, 0x00, 0x00, 0x00, 0x00, 0x00, 0x00, 0x00, 0x00, 0x00, 0x00, 0x00, 0x00, 0x00, 0x00, 0x00,
  0x00, 0x00, 0x00, 0x00, 0x00, 0x00, 0x00, 0x00, 0x00, 0x00, 0x00, 0x00, 0x00, 0x00, 0x00, 0x00,
  0x00, 0x00, 0x00, 0x00, 0x00, 0x00, 0x00, 0x00, 0x00, 0x00, 0x00, 0x00, 0x00, 0x00, 0x00, 0x00,
  0x00, 0x00, 0x00, 0x00, 0x00, 0x00, 0x00, 0x00, 0x00, 0x00, 0x00, 0x00, 0x00, 0x00, 0x00, 0x00,
  0x00, 0x00, 0x00, 0x00, 0x00, 0x00, 0x00, 0x00, 0x00, 0x00, 0x00, 0x00, 0x00, 0x00, 0x71, 0x6b,
  0x30, 0x53, 0x11, 0x43, 0xcf, 0x3a, 0xaf, 0x3a, 0xcf, 0x3a, 0xb0, 0x32, 0xf0, 0x3a, 0xf0, 0x3a,
  0xf1, 0x3a, 0xf1, 0x3a, 0xb0, 0x3a, 0x90, 0x32, 0xb1, 0x32, 0xf2, 0x3a, 0x74, 0x43, 0x95, 0x43,
  0x16, 0x54, 0x72, 0x32, 0x8f, 0x11, 0x12, 0x22, 0x52, 0x22, 0x92, 0x2a, 0xb3, 0x32, 0xd2, 0x32,
  0xf3, 0x32, 0xd2, 0x32, 0xf2, 0x32, 0xd2, 0x32, 0xf1, 0x3a, 0xf2, 0x3a, 0x11, 0x3b, 0xf1, 0x3a,
  0x11, 0x3b, 0x11, 0x3b, 0x11, 0x3b, 0xd0, 0x3a, 0xb2, 0x5b, 0x12, 0x6c, 0x33, 0x74, 0x73, 0x7c,
  0x73, 0x7c, 0x93, 0x7c, 0xb4, 0x84, 0xb4, 0x84, 0xd4, 0x84, 0xd4, 0x84, 0xd4, 0x8c, 0xf5, 0x8c,
  0xf5, 0x8c, 0x15, 0x8d, 0x15, 0x95, 0x15, 0x95, 0x36, 0x95, 0x36, 0x95, 0x36, 0x95, 0x36, 0x9d,
  0x56, 0x95, 0x56, 0x9d, 0x76, 0x9d, 0x77, 0x9d, 0x77, 0x9d, 0x76, 0x9d, 0x77, 0xa5, 0x97, 0xa5,
  0x97, 0x9d, 0x97, 0xa5, 0xb7, 0xa5, 0xb7, 0xa5, 0xb8, 0xad, 0xb7, 0xa5, 0xd7, 0xa5, 0xb8, 0xa5,
  0xd8, 0xa5, 0xd8, 0xad, 0xd8, 0xad, 0xd8, 0xad, 0xf8, 0xad, 0xf9, 0xad, 0xf9, 0xb5, 0xf8, 0xad,
  0x18, 0xb6, 0x18, 0xae, 0xf9, 0xad, 0x19, 0xb6, 0x19, 0xae, 0x19, 0xb6, 0x19, 0xb6, 0x19, 0xae,
  0x19, 0xb6, 0x19, 0xae, 0x3a, 0xb6, 0x38, 0x7d, 0x19, 0x6d, 0x18, 0x75, 0x19, 0x6d, 0x18, 0x6d,
  0x19, 0x75, 0x19, 0x6d, 0x18, 0x6d, 0x19, 0x75, 0x18, 0x75, 0x19, 0x75, 0x39, 0x75, 0x39, 0x75,
  0x59, 0x75, 0x5a, 0x75, 0x59, 0x7d, 0x79, 0x7d, 0x59, 0x7d, 0x79, 0x7d, 0x79, 0x7d, 0x99, 0x7d,
  0xbb, 0x8d, 0x9a, 0x8d, 0x00, 0x00, 0xf7, 0x7d, 0x00, 0x00, 0x00, 0x00, 0x00, 0x00, 0x00, 0x00,
  0x00, 0x00, 0x00, 0x00, 0x00, 0x00, 0x00, 0x00, 0x00, 0x00, 0x00, 0x00, 0x00, 0x00, 0x00, 0x00,
  0x00, 0x00, 0x00, 0x00, 0x00, 0x00, 0x00, 0x00, 0x00, 0x00, 0x00, 0x00, 0x00, 0x00, 0x00, 0x00,
  0x00, 0x00, 0x00, 0x00, 0x00, 0x00, 0x00, 0x00, 0x00, 0x00, 0x00, 0x00, 0x00, 0x00, 0x00, 0x00,
  0x00, 0x00, 0x00, 0x00, 0x00, 0x00, 0x00, 0x00, 0x00, 0x00, 0x00, 0x00, 0x00, 0x00, 0x00, 0x00,
  0x00, 0x00, 0x00, 0x00, 0x00, 0x00, 0x00, 0x00, 0x00, 0x00, 0x00, 0x00, 0x00, 0x00, 0x00, 0x00,
  0x00, 0x00, 0x00, 0x00, 0x00, 0x00, 0x00, 0x00, 0x00, 0x00, 0x00, 0x00, 0x00, 0x00, 0x00, 0x00,
  0x00, 0x00, 0x00, 0x00, 0x00, 0x00, 0x00, 0x00, 0x00, 0x00, 0x00, 0x00, 0x00, 0x00, 0x00, 0x00,
  0x00, 0x00, 0x00, 0x00, 0x00, 0x00, 0x00, 0x00, 0x00, 0x00, 0x00, 0x00, 0x00, 0x00, 0x00, 0x00,
  0x00, 0x00, 0x00, 0x00, 0x00, 0x00, 0x00, 0x00, 0x00, 0x00, 0x00, 0x00, 0x00, 0x00, 0x00, 0x00,
  0x00, 0x00, 0x00, 0x00, 0x00, 0x00, 0x00, 0x00, 0x00, 0x00, 0x00, 0x00, 0x00, 0x00, 0x00, 0x00,
  0x00, 0x00, 0x00, 0x00, 0x00, 0x00, 0x00, 0x00, 0x00, 0x00, 0x00, 0x00, 0x00, 0x00, 0x00, 0x00,
  0xef, 0x41, 0x00, 0x00, 0x30, 0x53, 0x31, 0x4b, 0xcf, 0x3a, 0xb0, 0x3a, 0xcf, 0x32, 0xcf, 0x3a,
  0xd0, 0x3a, 0xf0, 0x3a, 0x11, 0x43, 0x12, 0x3b, 0xf1, 0x3a, 0xd1, 0x3a, 0xd1, 0x32, 0xf2, 0x3a,
  0x33, 0x3b, 0xb5, 0x43, 0x36, 0x54, 0x10, 0x22, 0xb0, 0x19, 0x32, 0x22, 0x52, 0x22, 0x92, 0x2a,
  0xb3, 0x32, 0xf3, 0x32, 0xf2, 0x32, 0xf3, 0x3a, 0xd2, 0x32, 0xf1, 0x3a, 0xd2, 0x32, 0xf1, 0x3a,
  0xf1, 0x32, 0xf1, 0x3a, 0xf1, 0x3a, 0x11, 0x43, 0x11, 0x3b, 0xd0, 0x3a, 0x31, 0x4b, 0x13, 0x6c,
  0x32, 0x74, 0x52, 0x74, 0x73, 0x7c, 0x73, 0x84, 0x93, 0x7c, 0xb4, 0x84, 0xb4, 0x84, 0xd4, 0x84,
  0xd5, 0x84, 0xf4, 0x8c, 0xf5, 0x8c, 0xf5, 0x8c, 0x15, 0x8d, 0x15, 0x95, 0x35, 0x8d, 0x36, 0x95,
  0x36, 0x95, 0x36, 0x95, 0x56, 0x9d, 0x56, 0x95, 0x56, 0x9d, 0x56, 0x9d, 0x76, 0x9d, 0x77, 0x9d,
  0x76, 0x9d, 0x77, 0x9d, 0x97, 0xa5, 0x97, 0x9d, 0x97, 0xa5, 0x97, 0xa5, 0xb7, 0xa5, 0xb7, 0xa5,
  0xb8, 0xa5, 0xb7, 0xa5, 0xb8, 0xad, 0xd8, 0xa5, 0xd8, 0xad, 0xd8, 0xad, 0xd8, 0xad, 0xd8, 0xad,
  0xf8, 0xad, 0xd9, 0xad, 0xf9, 0xad, 0xf8, 0xad, 0xf8, 0xad, 0xf8, 0xb5, 0xf8, 0xad, 0xf9, 0xad,
  0xf9, 0xad, 0x19, 0xb6, 0xf8, 0xad, 0x19, 0xb6, 0xda, 0xa5, 0xf8, 0x74, 0x19, 0x6d, 0x18, 0x6d,
  0x19, 0x75, 0x18, 0x6d, 0x18, 0x6d, 0x18, 0x6d, 0x19, 0x75, 0x18, 0x6d, 0x19, 0x6d, 0x18, 0x75,
  0x39, 0x75, 0x39, 0x75, 0x39, 0x75, 0x79, 0x7d, 0x5a, 0x75, 0x79, 0x7d, 0x59, 0x75, 0x79, 0x7d,
  0x79, 0x7d, 0x79, 0x7d, 0xba, 0x8d, 0x99, 0x8d, 0x00, 0x00, 0x5f, 0xad, 0x00, 0x00, 0x00, 0x00,
  0x00, 0x00, 0x00, 0x00, 0x00, 0x00, 0x00, 0x00, 0x00, 0x00, 0x00, 0x00, 0x00, 0x00, 0x00, 0x00,
  0x00, 0x00, 0x00, 0x00, 0x00, 0x00, 0x00, 0x00, 0x00, 0x00, 0x00, 0x00, 0x00, 0x00, 0x00, 0x00,
  0x00, 0x00, 0x00, 0x00, 0x00, 0x00, 0x00, 0x00, 0x00, 0x00, 0x00, 0x00, 0x00, 0x00, 0x00, 0x00,
  0x00, 0x00, 0x00, 0x00, 0x00, 0x00, 0x00, 0x00, 0x00, 0x00, 0x00, 0x00, 0x00, 0x00, 0x00, 0x00,
  0x00, 0x00, 0x00, 0x00, 0x00, 0x00, 0x00, 0x00, 0x00, 0x00, 0x00, 0x00, 0x00, 0x00, 0x00, 0x00,
  0x00, 0x00, 0x00, 0x00, 0x00, 0x00, 0x00, 0x00, 0x00, 0x00, 0x00, 0x00, 0x00, 0x00, 0x00, 0x00,
  0x00, 0x00, 0x00, 0x00, 0x00, 0x00, 0x00, 0x00, 0x00, 0x00, 0x00, 0x00, 0x00, 0x00, 0x00, 0x00,
  0x00, 0x00, 0x00, 0x00, 0x00, 0x00, 0x00, 0x00, 0x00, 0x00, 0x00, 0x00, 0x00, 0x00, 0x00, 0x00,
  0x00, 0x00, 0x00, 0x00, 0x00, 0x00, 0x00, 0x00, 0x00, 0x00, 0x00, 0x00, 0x00, 0x00, 0x00, 0x00,
  0x00, 0x00, 0x00, 0x00, 0x00, 0x00, 0x00, 0x00, 0x00, 0x00, 0x00, 0x00, 0x00, 0x00, 0x00, 0x00,
  0x00, 0x00, 0x00, 0x00, 0x00, 0x00, 0x00, 0x00, 0x00, 0x00, 0x00, 0x00, 0x00, 0x00, 0x00, 0x00,
  0x00, 0x00, 0x00, 0x00, 0x10, 0x04, 0x00, 0x00, 0x50, 0x4b, 0xf0, 0x4a, 0xf0, 0x42, 0xcf, 0x3a,
  0xaf, 0x32, 0xb0, 0x32, 0xd0, 0x3a, 0xd0, 0x3a, 0xf1, 0x3a, 0x31, 0x3b, 0x32, 0x43, 0x32, 0x3b,
  0x32, 0x43, 0x73, 0x43, 0x95, 0x43, 0x36, 0x54, 0xb5, 0x4b, 0xaf, 0x19, 0xd1, 0x19, 0x32, 0x22,
  0x72, 0x2a, 0x92, 0x2a, 0xd2, 0x32, 0xf3, 0x32, 0xd3, 0x3a, 0xf2, 0x32, 0xf1, 0x3a, 0xd1, 0x32,
  0xd1, 0x3a, 0xf1, 0x32, 0xf1, 0x3a, 0x11, 0x33, 0xf1, 0x3a, 0xf1, 0x3a, 0xf1, 0x3a, 0xd1, 0x3a,
  0xd0, 0x32, 0xd2, 0x63, 0x11, 0x6c, 0x12, 0x74, 0x53, 0x7c, 0x73, 0x7c, 0x73, 0x7c, 0x94, 0x84,
  0x94, 0x84, 0xb4, 0x84, 0xd4, 0x8c, 0xd4, 0x84, 0xd4, 0x8c, 0xf5, 0x8c, 0x15, 0x8d, 0x15, 0x8d,
  0x15, 0x95, 0x15, 0x95, 0x36, 0x95, 0x36, 0x95, 0x36, 0x95, 0x36, 0x9d, 0x57, 0x95, 0x56, 0x9d,
  0x56, 0x9d, 0x56, 0x9d, 0x77, 0x9d, 0x77, 0x9d, 0x77, 0xa5, 0x77, 0x9d, 0x97, 0x9d, 0x98, 0xa5,
  0x97, 0x9d, 0x97, 0xa5, 0xb7, 0xa5, 0xb8, 0xa5, 0xb8, 0xa5, 0xb8, 0xa5, 0xd7, 0xad, 0xd8, 0xa5,
  0xd8, 0xa5, 0xd8, 0xad, 0xd8, 0xad, 0xd8, 0xad, 0xf8, 0xad, 0xd9, 0xad, 0xf9, 0xb5, 0xd8, 0xad,
  0xf9, 0xad, 0xf8, 0xad, 0xf8, 0xad, 0xf9, 0xad, 0xf9, 0xad, 0x19, 0xae, 0x79, 0x8d, 0xf8, 0x6c,
  0x18, 0x75, 0xf9, 0x6c, 0xf8, 0x6c, 0x18, 0x6d, 0xf9, 0x6c, 0x18, 0x6d, 0x18, 0x6d, 0xf8, 0x6c,
  0x18, 0x6d, 0x19, 0x75, 0x39, 0x6d, 0x39, 0x75, 0x39, 0x75, 0x5a, 0x75, 0x79, 0x7d, 0x59, 0x75,
  0x79, 0x7d, 0x79, 0x7d, 0x79, 0x7d, 0x59, 0x7d, 0x7a, 0x85, 0x7a, 0x95, 0x00, 0x00, 0x55, 0xad,
  0x00, 0x00, 0x00, 0x00, 0x00, 0x00, 0x00, 0x00, 0x00, 0x00, 0x00, 0x00, 0x00, 0x00, 0x00, 0x00,
  0x00, 0x00, 0x00, 0x00, 0x00, 0x00, 0x00, 0x00, 0x00, 0x00, 0x00, 0x00, 0x00, 0x00, 0x00, 0x00,
  0x00, 0x00, 0x00, 0x00, 0x00, 0x00, 0x00, 0x00, 0x00, 0x00, 0x00, 0x00, 0x00, 0x00, 0x00, 0x00,
  0x00, 0x00, 0x00, 0x00, 0x00, 0x00, 0x00, 0x00, 0x00, 0x00, 0x00, 0x00, 0x00, 0x00, 0x00, 0x00,
  0x00, 0x00, 0x00, 0x00, 0x00, 0x00, 0x00, 0x00, 0x00, 0x00, 0x00, 0x00, 0x00, 0x00, 0x00, 0x00,
  0x00, 0x00, 0x00, 0x00, 0x00, 0x00, 0x00, 0x00, 0x00, 0x00, 0x00, 0x00, 0x00, 0x00, 0x00, 0x00,
  0x00, 0x00, 0x00, 0x00, 0x00, 0x00, 0x00, 0x00, 0x00, 0x00, 0x00, 0x00, 0x00, 0x00, 0x00, 0x00,
  0x00, 0x00, 0x00, 0x00, 0x00, 0x00, 0x00, 0x00, 0x00, 0x00, 0x00, 0x00, 0x00, 0x00, 0x00, 0x00,
  0x00, 0x00, 0x00, 0x00, 0x00, 0x00, 0x00, 0x00, 0x00, 0x00, 0x00, 0x00, 0x00, 0x00, 0x00, 0x00,
  0x00, 0x00, 0x00, 0x00, 0x00, 0x00, 0x00, 0x00, 0x00, 0x00, 0x00, 0x00, 0x00, 0x00, 0x00, 0x00,
  0x00, 0x00, 0x00, 0x00, 0x00, 0x00, 0x00, 0x00, 0x00, 0x00, 0x00, 0x00, 0x00, 0x00, 0x00, 0x00,
  0x00, 0x00, 0x00, 0x00, 0x00, 0x00, 0x00, 0x00, 0x00, 0x00, 0xb5, 0x52, 0x00, 0x00, 0x10, 0x4b,
  0x11, 0x4b, 0xcf, 0x3a, 0xaf, 0x32, 0xaf, 0x3a, 0xaf, 0x32, 0xd0, 0x3a, 0xf1, 0x3a, 0x11, 0x3b,
  0x32, 0x43, 0x73, 0x43, 0xb4, 0x43, 0xd4, 0x4b, 0xf5, 0x4b, 0x16, 0x54, 0xd3, 0x3a, 0x8f, 0x19,
  0x10, 0x22, 0x52, 0x22, 0x72, 0x2a, 0xb3, 0x32, 0xd2, 0x32, 0xf3, 0x32, 0xf2, 0x3a, 0x12, 0x3b,
  0xf2, 0x3a, 0xf2, 0x32, 0xd1, 0x3a, 0xd1, 0x32, 0xf1, 0x3a, 0xf1, 0x32, 0xf0, 0x3a, 0xf1, 0x3a,
  0xf0, 0x3a, 0xf1, 0x3a, 0x8f, 0x32, 0x51, 0x53, 0x12, 0x6c, 0x12, 0x6c, 0x52, 0x74, 0x53, 0x7c,
  0x73, 0x7c, 0x73, 0x7c, 0x93, 0x84, 0xb4, 0x84, 0xb4, 0x84, 0xd4, 0x84, 0xd4, 0x8c, 0xd4, 0x84,
  0xf5, 0x8c, 0xf5, 0x8c, 0xf5, 0x8c, 0x15, 0x8d, 0x15, 0x95, 0x36, 0x95, 0x35, 0x95, 0x36, 0x95,
  0x56, 0x95, 0x56, 0x95, 0x57, 0x9d, 0x56, 0x9d, 0x76, 0x9d, 0x76, 0x9d, 0x77, 0x9d, 0x77, 0x9d,
  0x77, 0xa5, 0x77, 0x9d, 0x97, 0xa5, 0x98, 0x9d, 0x97, 0xa5, 0x97, 0xa5, 0xb7, 0xa5, 0xb7, 0xa5,
  0xb8, 0xa5, 0xb7, 0xa5, 0xd8, 0xad, 0xd8, 0xa5, 0xd7, 0xad, 0xd8, 0xa5, 0xd8, 0xad, 0xd8, 0xad,
  0xf9, 0xad, 0xd8, 0xad, 0xd8, 0xad, 0xf9, 0xad, 0xf8, 0xad, 0xd9, 0xad, 0xf8, 0xad, 0xfa, 0xa5,
  0xf8, 0x7c, 0xf8, 0x6c, 0xf8, 0x6c, 0xf8, 0x6c, 0xf8, 0x6c, 0xd8, 0x6c, 0xf8, 0x6c, 0xf8, 0x6c,
  0xf8, 0x6c, 0xf9, 0x6c, 0x18, 0x6d, 0x18, 0x75, 0x39, 0x75, 0x39, 0x75, 0x59, 0x75, 0x59, 0x75,
  0x59, 0x75, 0x79, 0x7d, 0x7a, 0x7d, 0x59, 0x7d, 0x59, 0x7d, 0x59, 0x7d, 0x79, 0x85, 0xb9, 0x95,
  0x00, 0x00, 0xff, 0x7f, 0x00, 0x00, 0x00, 0x00, 0x00, 0x00, 0x00, 0x00, 0x00, 0x00, 0x00, 0x00,
  0x00, 0x00, 0x00, 0x00, 0x00, 0x00, 0x00, 0x00, 0x00, 0x00, 0x00, 0x00, 0x00, 0x00, 0x00, 0x00,
  0x00, 0x00, 0x00, 0x00, 0x00, 0x00, 0x00, 0x00, 0x00, 0x00, 0x00, 0x00, 0x00, 0x00, 0x00, 0x00,
  0x00, 0x00, 0x00, 0x00, 0x00, 0x00, 0x00, 0x00, 0x00, 0x00, 0x00, 0x00, 0x00, 0x00, 0x00, 0x00,
  0x00, 0x00, 0x00, 0x00, 0x00, 0x00, 0x00, 0x00, 0x00, 0x00, 0x00, 0x00, 0x00, 0x00, 0x00, 0x00,
  0x00, 0x00, 0x00, 0x00, 0x00, 0x00, 0x00, 0x00, 0x00, 0x00, 0x00, 0x00, 0x00, 0x00, 0x00, 0x00,
  0x00, 0x00, 0x00, 0x00, 0x00, 0x00, 0x00, 0x00, 0x00, 0x00, 0x00, 0x00, 0x00, 0x00, 0x00, 0x00,
  0x00, 0x00, 0x00, 0x00, 0x00, 0x00, 0x00, 0x00, 0x00, 0x00, 0x00, 0x00, 0x00, 0x00, 0x00, 0x00,
  0x00, 0x00, 0x00, 0x00, 0x00, 0x00, 0x00, 0x00, 0x00, 0x00, 0x00, 0x00, 0x00, 0x00, 0x00, 0x00,
  0x00, 0x00, 0x00, 0x00, 0x00, 0x00, 0x00, 0x00, 0x00, 0x00, 0x00, 0x00, 0x00, 0x00, 0x00, 0x00,
  0x00, 0x00, 0x00, 0x00, 0x00, 0x00, 0x00, 0x00, 0x00, 0x00, 0x00, 0x00, 0x00, 0x00, 0x00, 0x00,
  0x00, 0x00, 0x00, 0x00, 0x00, 0x00, 0x00, 0x00, 0x00, 0x00, 0x00, 0x00, 0x00, 0x00, 0x0f, 0x00,
  0x1f, 0x00, 0x30, 0x4b, 0x10, 0x43, 0xd0, 0x42, 0xaf, 0x3a, 0xaf, 0x32, 0xb0, 0x32, 0x8f, 0x32,
  0xb0, 0x3a, 0x11, 0x3b, 0x32, 0x3b, 0x93, 0x43, 0xd5, 0x4b, 0xf5, 0x53, 0xf5, 0x4b, 0xd6, 0x4b,
  0x50, 0x2a, 0xcf, 0x19, 0x11, 0x22, 0x52, 0x2a, 0x92, 0x2a, 0xb2, 0x2a, 0xd3, 0x32, 0xf3, 0x3a,
  0x12, 0x3b, 0xf2, 0x3a, 0x12, 0x33, 0xf1, 0x32, 0xf1, 0x3a, 0xd1, 0x32, 0xd1, 0x3a, 0xd1, 0x3a,
  0xd1, 0x32, 0xf0, 0x3a, 0xf1, 0x32, 0xd0, 0x3a, 0xb0, 0x32, 0xb0, 0x3a, 0xf2, 0x63, 0xf2, 0x6b,
  0x12, 0x74, 0x52, 0x74, 0x73, 0x7c, 0x73, 0x7c, 0x93, 0x7c, 0x94, 0x84, 0x94, 0x84, 0xb4, 0x84,
  0xb4, 0x84, 0xd4, 0x8c, 0xd4, 0x84, 0xf5, 0x8c, 0xf5, 0x8c, 0x15, 0x8d, 0x15, 0x8d, 0x15, 0x8d,
  0x36, 0x95, 0x35, 0x95, 0x36, 0x95, 0x56, 0x95, 0x56, 0x9d, 0x56, 0x95, 0x56, 0x9d, 0x57, 0x9d,
  0x56, 0x9d, 0x56, 0x9d, 0x76, 0x9d, 0x77, 0x9d, 0x77, 0x9d, 0x77, 0xa5, 0x97, 0x9d, 0x97, 0xa5,
  0x98, 0xa5, 0x97, 0xa5, 0xb8, 0xa5, 0xb8, 0xa5, 0xb7, 0xa5, 0xb8, 0xa5, 0xb8, 0xa5, 0xd8, 0xa5,
  0xd8, 0xa5, 0xd8, 0xad, 0xd8, 0xa5, 0xd8, 0xad, 0xd9, 0xa5, 0xd8, 0xad, 0xd8, 0xad, 0xf8, 0xa5,
  0xf9, 0xad, 0x58, 0x85, 0xd8, 0x6c, 0xf8, 0x6c, 0xf8, 0x6c, 0xd8, 0x6c, 0xf8, 0x6c, 0xf9, 0x6c,
  0xd8, 0x64, 0xd8, 0x64, 0xf8, 0x6c, 0xf8, 0x6c, 0xf9, 0x6c, 0x18, 0x75, 0x19, 0x6d, 0x39, 0x75,
  0x59, 0x75, 0x59, 0x75, 0x59, 0x75, 0x59, 0x75, 0x7a, 0x75, 0x59, 0x7d, 0x59, 0x75, 0x79, 0x7d,
  0x38, 0x7d, 0xba, 0x9d, 0x00, 0x00, 0xff, 0xff, 0x00, 0x00, 0x00, 0x00, 0x00, 0x00, 0x00, 0x00,
  0x00, 0x00, 0x00, 0x00, 0x00, 0x00, 0x00, 0x00, 0x00, 0x00, 0x00, 0x00, 0x00, 0x00, 0x00, 0x00,
  0x00, 0x00, 0x00, 0x00, 0x00, 0x00, 0x00, 0x00, 0x00, 0x00, 0x00, 0x00, 0x00, 0x00, 0x00, 0x00,
  0x00, 0x00, 0x00, 0x00, 0x00, 0x00, 0x00, 0x00, 0x00, 0x00, 0x00, 0x00, 0x00, 0x00, 0x00, 0x00,
  0x00, 0x00, 0x00, 0x00, 0x00, 0x00, 0x00, 0x00, 0x00, 0x00, 0x00, 0x00, 0x00, 0x00, 0x00, 0x00,
  0x00, 0x00, 0x00, 0x00, 0x00, 0x00, 0x00, 0x00, 0x00, 0x00, 0x00, 0x00, 0x00, 0x00, 0x00, 0x00,
  0x00, 0x00, 0x00, 0x00, 0x00, 0x00, 0x00, 0x00, 0x00, 0x00, 0x00, 0x00, 0x00, 0x00, 0x00, 0x00,
  0x00, 0x00, 0x00, 0x00, 0x00, 0x00, 0x00, 0x00, 0x00, 0x00, 0x00, 0x00, 0x00, 0x00, 0x00, 0x00,
  0x00, 0x00, 0x00, 0x00, 0x00, 0x00, 0x00, 0x00, 0x00, 0x00, 0x00, 0x00, 0x00, 0x00, 0x00, 0x00,
  0x00, 0x00, 0x00, 0x00, 0x00, 0x00, 0x00, 0x00, 0x00, 0x00, 0x00, 0x00, 0x00, 0x00, 0x00, 0x00,
  0x00, 0x00, 0x00, 0x00, 0x00, 0x00, 0x00, 0x00, 0x00, 0x00, 0x00, 0x00, 0x00, 0x00, 0x00, 0x00,
  0x00, 0x00, 0x00, 0x00, 0x00, 0x00, 0x00, 0x00, 0x00, 0x00, 0x00, 0x00, 0x00, 0x00, 0x00, 0x00,
  0x00, 0x00, 0x00, 0x00, 0xaa, 0x52, 0x00, 0x00, 0x10, 0x4b, 0x11, 0x4b, 0xd0, 0x32, 0xaf, 0x3a,
  0x8f, 0x32, 0x8f, 0x32, 0xb0, 0x32, 0xd0, 0x3a, 0x32, 0x3b, 0x73, 0x43, 0xb4, 0x4b, 0xd5, 0x4b,
  0xf5, 0x4b, 0x74, 0x43, 0x2f, 0x2a, 0xf0, 0x29, 0x31, 0x22, 0x71, 0x2a, 0x93, 0x2a, 0xb2, 0x32,
  0xf2, 0x32, 0x13, 0x33, 0x12, 0x3b, 0x12, 0x3b, 0xf2, 0x3a, 0xf1, 0x3a, 0xd2, 0x32, 0xd1, 0x3a,
  0xd1, 0x32, 0xd1, 0x32, 0xf1, 0x32, 0xd1, 0x3a, 0xf0, 0x3a, 0xd1, 0x3a, 0xd0, 0x32, 0x6f, 0x32,
  0x51, 0x4b, 0x12, 0x6c, 0x12, 0x6c, 0x12, 0x74, 0x52, 0x7c, 0x53, 0x7c, 0x73, 0x7c, 0x73, 0x7c,
  0x93, 0x84, 0x93, 0x84, 0xb4, 0x84, 0xb4, 0x84, 0xb4, 0x8c, 0xd4, 0x84, 0xf5, 0x8c, 0xf5, 0x8c,
  0xf5, 0x8c, 0x15, 0x8d, 0x15, 0x8d, 0x35, 0x95, 0x16, 0x95, 0x35, 0x95, 0x36, 0x95, 0x36, 0x95,
  0x36, 0x95, 0x56, 0x95, 0x56, 0x9d, 0x56, 0x95, 0x57, 0x9d, 0x56, 0x9d, 0x57, 0x9d, 0x76, 0x9d,
  0x77, 0x9d, 0x77, 0x9d, 0x97, 0x9d, 0x97, 0xa5, 0x97, 0xa5, 0xb7, 0xa5, 0x98, 0xa5, 0xb7, 0xa5,
  0xb7, 0xa5, 0xd7, 0xa5, 0xb7, 0xa5, 0xb8, 0xa5, 0xb8, 0xa5, 0xd8, 0xa5, 0xb8, 0xad, 0xd8, 0xa5,
  0xd8, 0xa5, 0xd8, 0xa5, 0xb9, 0x9d, 0xd8, 0x6c, 0xd8, 0x64, 0xf8, 0x6c, 0xd8, 0x64, 0xf8, 0x6c,
  0xd8, 0x64, 0xd8, 0x64, 0xd8, 0x6c, 0xd8, 0x64, 0xf8, 0x6c, 0xf9, 0x6c, 0x18, 0x6d, 0x19, 0x6d,
  0x38, 0x75, 0x39, 0x75, 0x39, 0x75, 0x59, 0x75, 0x59, 0x75, 0x59, 0x7d, 0x59, 0x75, 0x5a, 0x75,
  0x59, 0x75, 0x7a, 0x7d, 0x39, 0x85, 0xff, 0xff, 0x00, 0x00, 0x00, 0x00, 0x00, 0x00, 0x00, 0x00,
  0x00, 0x00, 0x00, 0x00, 0x00, 0x00, 0x00, 0x00, 0x00, 0x00, 0x00, 0x00, 0x00, 0x00, 0x00, 0x00,
  0x00, 0x00, 0x00, 0x00, 0x00, 0x00, 0x00, 0x00, 0x00, 0x00, 0x00, 0x00, 0x00, 0x00, 0x00, 0x00,
  0x00, 0x00, 0x00, 0x00, 0x00, 0x00, 0x00, 0x00, 0x00, 0x00, 0x00, 0x00, 0x00, 0x00, 0x00, 0x00,
  0x00, 0x00, 0x00, 0x00, 0x00, 0x00, 0x00, 0x00, 0x00, 0x00, 0x00, 0x00, 0x00, 0x00, 0x00, 0x00,
  0x00, 0x00, 0x00, 0x00, 0x00, 0x00, 0x00, 0x00, 0x00, 0x00, 0x00, 0x00, 0x00, 0x00, 0x00, 0x00,
  0x00, 0x00, 0x00, 0x00, 0x00, 0x00, 0x00, 0x00, 0x00, 0x00, 0x00, 0x00, 0x00, 0x00, 0x00, 0x00,
  0x00, 0x00, 0x00, 0x00, 0x00, 0x00, 0x00, 0x00, 0x00, 0x00, 0x00, 0x00, 0x00, 0x00, 0x00, 0x00,
  0x00, 0x00, 0x00, 0x00, 0x00, 0x00, 0x00, 0x00, 0x00, 0x00, 0x00, 0x00, 0x00, 0x00, 0x00, 0x00,
  0x00, 0x00, 0x00, 0x00, 0x00, 0x00, 0x00, 0x00, 0x00, 0x00, 0x00, 0x00, 0x00, 0x00, 0x00, 0x00,
  0x00, 0x00, 0x00, 0x00, 0x00, 0x00, 0x00, 0x00, 0x00, 0x00, 0x00, 0x00, 0x00, 0x00, 0x00, 0x00,
  0x00, 0x00, 0x00, 0x00, 0x00, 0x00, 0x00, 0x00, 0x00, 0x00, 0x00, 0x00, 0x00, 0x00, 0x00, 0x00,
  0x00, 0x00, 0x00, 0x00, 0x00, 0x00, 0x00, 0x00, 0x00, 0x00, 0xb5, 0x52, 0x00, 0x00, 0xef, 0x42,
  0x11, 0x4b, 0xaf, 0x32, 0x8f, 0x32, 0x8f, 0x32, 0x8f, 0x32, 0xb0, 0x32, 0xf1, 0x3a, 0x53, 0x3b,
  0x94, 0x43, 0xb5, 0x43, 0xd5, 0x43, 0x12, 0x4b, 0x50, 0x32, 0x10, 0x2a, 0x31, 0x2a, 0x72, 0x2a,
  0x92, 0x32, 0xd2, 0x32, 0xf3, 0x32, 0x12, 0x3b, 0x12, 0x3b, 0x12, 0x3b, 0x12, 0x3b, 0x12, 0x33,
  0xf1, 0x3a, 0xf1, 0x32, 0xd1, 0x32, 0xd1, 0x3a, 0xd0, 0x32, 0xd1, 0x3a, 0xd0, 0x32, 0xd0, 0x3a,
  0xd0, 0x3a, 0x90, 0x32, 0xb0, 0x3a, 0xd2, 0x63, 0xf2, 0x6b, 0x12, 0x74, 0x32, 0x74, 0x52, 0x74,
  0x52, 0x7c, 0x72, 0x7c, 0x73, 0x7c, 0x73, 0x7c, 0x94, 0x84, 0x93, 0x84, 0xb4, 0x84, 0xd4, 0x84,
  0xd4, 0x8c, 0xd4, 0x84, 0xf5, 0x8c, 0xf5, 0x8c, 0xf5, 0x8c, 0x15, 0x8d, 0x15, 0x8d, 0x15, 0x8d,
  0x36, 0x95, 0x35, 0x95, 0x36, 0x95, 0x56, 0x95, 0x56, 0x95, 0x56, 0x95, 0x56, 0x95, 0x56, 0x9d,
  0x56, 0x95, 0x57, 0x9d, 0x56, 0x9d, 0x76, 0x9d, 0x77, 0x9d, 0x77, 0x9d, 0x97, 0x9d, 0x97, 0xa5,
  0x97, 0x9d, 0x97, 0xa5, 0xb7, 0xa5, 0x98, 0xa5, 0xb8, 0xa5, 0xb7, 0xa5, 0xb7, 0xa5, 0xb8, 0xa5,
  0xb7, 0xa5, 0xb8, 0xa5, 0xb8, 0xa5, 0xd9, 0xa5, 0x17, 0x7d, 0x97, 0x64, 0xd8, 0x64, 0xd7, 0x64,
  0xd8, 0x6c, 0xb8, 0x64, 0xd8, 0x6c, 0xd8, 0x64, 0xd8, 0x64, 0xd8, 0x64, 0xd8, 0x6c, 0xf9, 0x64,
  0xf8, 0x6c, 0x18, 0x6d, 0x39, 0x75, 0x39, 0x6d, 0x59, 0x75, 0x59, 0x75, 0x59, 0x75, 0x5a, 0x75,
  0x79, 0x75, 0x59, 0x7d, 0x39, 0x75, 0x7a, 0x85, 0x38, 0x85, 0x00, 0x00, 0xf7, 0x7b, 0x00, 0x00,
  0x00, 0x00, 0x00, 0x00, 0x00, 0x00, 0x00, 0x00, 0x00, 0x00, 0x00, 0x00, 0x00, 0x00, 0x00, 0x00,
  0x00, 0x00, 0x00, 0x00, 0x00, 0x00, 0x00, 0x00, 0x00, 0x00, 0x00, 0x00, 0x00, 0x00, 0x00, 0x00,
  0x00, 0x00, 0x00, 0x00, 0x00, 0x00, 0x00, 0x00, 0x00, 0x00, 0x00, 0x00, 0x00, 0x00, 0x00, 0x00,
  0x00, 0x00, 0x00, 0x00, 0x00, 0x00, 0x00, 0x00, 0x00, 0x00, 0x00, 0x00, 0x00, 0x00, 0x00, 0x00,
  0x00, 0x00, 0x00, 0x00, 0x00, 0x00, 0x00, 0x00, 0x00, 0x00, 0x00, 0x00, 0x00, 0x00, 0x00, 0x00,
  0x00, 0x00, 0x00, 0x00, 0x00, 0x00, 0x00, 0x00, 0x00, 0x00, 0x00, 0x00, 0x00, 0x00, 0x00, 0x00,
  0x00, 0x00, 0x00, 0x00, 0x00, 0x00, 0x00, 0x00, 0x00, 0x00, 0x00, 0x00, 0x00, 0x00, 0x00, 0x00,
  0x00, 0x00, 0x00, 0x00, 0x00, 0x00, 0x00, 0x00, 0x00, 0x00, 0x00, 0x00, 0x00, 0x00, 0x00, 0x00,
  0x00, 0x00, 0x00, 0x00, 0x00, 0x00, 0x00, 0x00, 0x00, 0x00, 0x00, 0x00, 0x00, 0x00, 0x00, 0x00,
  0x00, 0x00, 0x00, 0x00, 0x00, 0x00, 0x00, 0x00, 0x00, 0x00, 0x00, 0x00, 0x00, 0x00, 0x00, 0x00,
  0x00, 0x00, 0x00, 0x00, 0x00, 0x00, 0x00, 0x00, 0x00, 0x00, 0x00, 0x00, 0x00, 0x00, 0x00, 0x00,
  0x00, 0x00, 0x00, 0x00, 0x00, 0x00, 0x00, 0x00, 0x00, 0x00, 0x00, 0x00, 0x00, 0x00, 0x1f, 0x00,
  0xef, 0x03, 0xb0, 0x52, 0xef, 0x42, 0x11, 0x43, 0xb0, 0x3a, 0x8f, 0x32, 0x90, 0x32, 0xb0, 0x2a,
  0xb1, 0x32, 0x12, 0x33, 0x54, 0x3b, 0x95, 0x43, 0x13, 0x43, 0xd0, 0x42, 0xb0, 0x42, 0x30, 0x2a,
  0x50, 0x2a, 0x72, 0x2a, 0xb2, 0x32, 0xd2, 0x32, 0xf3, 0x3a, 0x33, 0x3b, 0x32, 0x3b, 0x32, 0x3b,
  0x12, 0x3b, 0x12, 0x3b, 0x11, 0x3b, 0xf2, 0x3a, 0xd1, 0x32, 0xb1, 0x32, 0xd1, 0x32, 0xd1, 0x32,
  0xb0, 0x3a, 0xd1, 0x32, 0xd0, 0x32, 0xb0, 0x32, 0x8f, 0x32, 0x31, 0x4b, 0x12, 0x6c, 0xf2, 0x6b,
  0x12, 0x6c, 0x32, 0x74, 0x32, 0x7c, 0x53, 0x74, 0x72, 0x7c, 0x53, 0x7c, 0x73, 0x7c, 0x93, 0x84,
  0x94, 0x84, 0xb4, 0x84, 0xb4, 0x84, 0xd4, 0x8c, 0xd4, 0x8c, 0xf5, 0x8c, 0xf5, 0x8c, 0xf5, 0x8c,
  0xf5, 0x8c, 0x15, 0x8d, 0x15, 0x8d, 0x15, 0x95, 0x36, 0x8d, 0x15, 0x95, 0x36, 0x95, 0x36, 0x95,
  0x36, 0x95, 0x56, 0x95, 0x56, 0x9d, 0x56, 0x95, 0x56, 0x9d, 0x56, 0x95, 0x76, 0x9d, 0x77, 0x9d,
  0x77, 0x9d, 0x77, 0x9d, 0x97, 0x9d, 0x97, 0xa5, 0x97, 0x9d, 0x97, 0xa5, 0x97, 0xa5, 0x97, 0xa5,
  0x98, 0xa5, 0xb7, 0xa5, 0xb7, 0xa5, 0xb8, 0x9d, 0xb8, 0xa5, 0x58, 0x8d, 0x97, 0x64, 0xb7, 0x64,
  0xb8, 0x64, 0xb7, 0x64, 0xd8, 0x64, 0xb8, 0x64, 0xd8, 0x6c, 0xb8, 0x64, 0xd8, 0x64, 0xd8, 0x64,
  0xd8, 0x64, 0xf8, 0x6c, 0x19, 0x6d, 0x19, 0x6d, 0x39, 0x75, 0x39, 0x75, 0x39, 0x75, 0x59, 0x75,
  0x59, 0x75, 0x79, 0x75, 0x59, 0x75, 0x39, 0x75, 0x39, 0x75, 0x38, 0x7d, 0x38, 0x8d, 0x00, 0x00,
  0x55, 0xad, 0x00, 0x00, 0x00, 0x00, 0x00, 0x00, 0x00, 0x00, 0x00, 0x00, 0x00, 0x00, 0x00, 0x00,
  0x00, 0x00, 0x00, 0x00, 0x00, 0x00, 0x00, 0x00, 0x00, 0x00, 0x00, 0x00, 0x00, 0x00, 0x00, 0x00,
  0x00, 0x00, 0x00, 0x00, 0x00, 0x00, 0x00, 0x00, 0x00, 0x00, 0x00, 0x00, 0x00, 0x00, 0x00, 0x00,
  0x00, 0x00, 0x00, 0x00, 0x00, 0x00, 0x00, 0x00, 0x00, 0x00, 0x00, 0x00, 0x00, 0x00, 0x00, 0x00,
  0x00, 0x00, 0x00, 0x00, 0x00, 0x00, 0x00, 0x00, 0x00, 0x00, 0x00, 0x00, 0x00, 0x00, 0x00, 0x00,
  0x00, 0x00, 0x00, 0x00, 0x00, 0x00, 0x00, 0x00, 0x00, 0x00, 0x00, 0x00, 0x00, 0x00, 0x00, 0x00,
  0x00, 0x00, 0x00, 0x00, 0x00, 0x00, 0x00, 0x00, 0x00, 0x00, 0x00, 0x00, 0x00, 0x00, 0x00, 0x00,
  0x00, 0x00, 0x00, 0x00, 0x00, 0x00, 0x00, 0x00, 0x00, 0x00, 0x00, 0x00, 0x00, 0x00, 0x00, 0x00,
  0x00, 0x00, 0x00, 0x00, 0x00, 0x00, 0x00, 0x00, 0x00, 0x00, 0x00, 0x00, 0x00, 0x00, 0x00, 0x00,
  0x00, 0x00, 0x00, 0x00, 0x00, 0x00, 0x00, 0x00, 0x00, 0x00, 0x00, 0x00, 0x00, 0x00, 0x00, 0x00,
  0x00, 0x00, 0x00, 0x00, 0x00, 0x00, 0x00, 0x00, 0x00, 0x00, 0x00, 0x00, 0x00, 0x00, 0x00, 0x00,
  0x00, 0x00, 0x00, 0x00, 0x00, 0x00, 0x00, 0x00, 0x00, 0x00, 0x00, 0x00, 0x00, 0x00, 0x00, 0x00,
  0x00, 0x00, 0x00, 0x00, 0x1f, 0x00, 0x00, 0x00, 0xf0, 0x43, 0xd0, 0x42, 0xd0, 0x42, 0xd1, 0x3a,
  0xb1, 0x32, 0xb1, 0x32, 0xd1, 0x32, 0x13, 0x33, 0x54, 0x3b, 0x13, 0x3b, 0x00, 0x00, 0x10, 0x4b,
  0xd0, 0x4a, 0x71, 0x32, 0x71, 0x32, 0x91, 0x32, 0xb2, 0x2a, 0xf3, 0x32, 0x12, 0x3b, 0x13, 0x33,
  0x33, 0x3b, 0x32, 0x3b, 0x33, 0x3b, 0x12, 0x3b, 0x12, 0x33, 0xf1, 0x32, 0xd1, 0x3a, 0xd0, 0x32,
  0xd1, 0x32, 0xd0, 0x32, 0xd0, 0x32, 0xb0, 0x32, 0xb1, 0x3a, 0xd0, 0x32, 0xb0, 0x32, 0x8f, 0x32,
  0x71, 0x53, 0xf2, 0x6b, 0xf1, 0x6b, 0x11, 0x74, 0x32, 0x74, 0x32, 0x74, 0x52, 0x7c, 0x53, 0x7c,
  0x73, 0x7c, 0x73, 0x7c, 0x93, 0x7c, 0x93, 0x84, 0xb4, 0x84, 0xb4, 0x84, 0xd4, 0x84, 0xd4, 0x84,
  0xf4, 0x84, 0xf4, 0x8c, 0xf5, 0x84, 0xf5, 0x8c, 0x15, 0x8d, 0xf5, 0x8c, 0x15, 0x8d, 0x15, 0x95,
  0x36, 0x95, 0x35, 0x95, 0x36, 0x95, 0x36, 0x95, 0x36, 0x95, 0x55, 0x95, 0x56, 0x95, 0x56, 0x9d,
  0x56, 0x95, 0x56, 0x9d, 0x76, 0x9d, 0x56, 0x9d, 0x77, 0x9d, 0x77, 0x9d, 0x77, 0x9d, 0x77, 0x9d,
  0x77, 0x9d, 0x77, 0x9d, 0x97, 0x9d, 0x77, 0x9d, 0x97, 0x9d, 0x97, 0x9d, 0x78, 0x95, 0xb6, 0x6c,
  0x97, 0x5c, 0x97, 0x5c, 0xb7, 0x64, 0x98, 0x64, 0xb8, 0x64, 0xb8, 0x64, 0x97, 0x5c, 0xb8, 0x64,
  0xb8, 0x64, 0xb8, 0x64, 0xf8, 0x64, 0xf9, 0x6c, 0x18, 0x6d, 0x19, 0x6d, 0x39, 0x6d, 0x39, 0x6d,
  0x59, 0x75, 0x59, 0x75, 0x39, 0x75, 0x5a, 0x75, 0x39, 0x75, 0x39, 0x75, 0x59, 0x75, 0x18, 0x7d,
  0x7f, 0x96, 0x00, 0x00, 0xe0, 0x07, 0x00, 0x00, 0x00, 0x00, 0x00, 0x00, 0x00, 0x00, 0x00, 0x00,
  0x00, 0x00, 0x00, 0x00, 0x00, 0x00, 0x00, 0x00, 0x00, 0x00, 0x00, 0x00, 0x00, 0x00, 0x00, 0x00,
  0x00, 0x00, 0x00, 0x00, 0x00, 0x00, 0x00, 0x00, 0x00, 0x00, 0x00, 0x00, 0x00, 0x00, 0x00, 0x00,
  0x00, 0x00, 0x00, 0x00, 0x00, 0x00, 0x00, 0x00, 0x00, 0x00, 0x00, 0x00, 0x00, 0x00, 0x00, 0x00,
  0x00, 0x00, 0x00, 0x00, 0x00, 0x00, 0x00, 0x00, 0x00, 0x00, 0x00, 0x00, 0x00, 0x00, 0x00, 0x00,
  0x00, 0x00, 0x00, 0x00, 0x00, 0x00, 0x00, 0x00, 0x00, 0x00, 0x00, 0x00, 0x00, 0x00, 0x00, 0x00,
  0x00, 0x00, 0x00, 0x00, 0x00, 0x00, 0x00, 0x00, 0x00, 0x00, 0x00, 0x00, 0x00, 0x00, 0x00, 0x00,
  0x00, 0x00, 0x00, 0x00, 0x00, 0x00, 0x00, 0x00, 0x00, 0x00, 0x00, 0x00, 0x00, 0x00, 0x00, 0x00,
  0x00, 0x00, 0x00, 0x00, 0x00, 0x00, 0x00, 0x00, 0x00, 0x00, 0x00, 0x00, 0x00, 0x00, 0x00, 0x00,
  0x00, 0x00, 0x00, 0x00, 0x00, 0x00, 0x00, 0x00, 0x00, 0x00, 0x00, 0x00, 0x00, 0x00, 0x00, 0x00,
  0x00, 0x00, 0x00, 0x00, 0x00, 0x00, 0x00, 0x00, 0x00, 0x00, 0x00, 0x00, 0x00, 0x00, 0x00, 0x00,
  0x00, 0x00, 0x00, 0x00, 0x00, 0x00, 0x00, 0x00, 0x00, 0x00, 0x00, 0x00, 0x00, 0x00, 0x00, 0x00,
  0x00, 0x00, 0x00, 0x00, 0x00, 0x00, 0x00, 0x00, 0x00, 0x00, 0x1f, 0x00, 0x00, 0x00, 0x00, 0x00,
  0xf0, 0x42, 0xf0, 0x42, 0xd0, 0x3a, 0xd1, 0x32, 0xd1, 0x32, 0xd2, 0x3a, 0xd2, 0x3a, 0x00, 0x00,
  0xef, 0x43, 0x00, 0x00, 0xd0, 0x42, 0xd2, 0x42, 0x71, 0x2a, 0x92, 0x32, 0xd2, 0x32, 0xf2, 0x32,
  0x33, 0x3b, 0x12, 0x3b, 0x33, 0x43, 0x32, 0x3b, 0x53, 0x43, 0x32, 0x3b, 0x12, 0x3b, 0xf2, 0x3a,
  0xd1, 0x32, 0xb1, 0x3a, 0xb1, 0x32, 0xb1, 0x32, 0xd1, 0x32, 0xb0, 0x32, 0xd0, 0x32, 0xb0, 0x32,
  0xb0, 0x32, 0x90, 0x32, 0xaf, 0x32, 0x92, 0x5b, 0xf1, 0x6b, 0xd1, 0x6b, 0x11, 0x6c, 0x12, 0x74,
  0x32, 0x74, 0x52, 0x74, 0x52, 0x7c, 0x53, 0x7c, 0x73, 0x7c, 0x73, 0x84, 0x93, 0x7c, 0x94, 0x84,
  0xb4, 0x84, 0xb4, 0x84, 0xb4, 0x84, 0xd4, 0x84, 0xd4, 0x8c, 0xd4, 0x8c, 0xf5, 0x8c, 0xf5, 0x8c,
  0xf5, 0x8c, 0x15, 0x8d, 0x15, 0x8d, 0x15, 0x8d, 0x15, 0x8d, 0x15, 0x95, 0x35, 0x95, 0x36, 0x95,
  0x36, 0x95, 0x36, 0x95, 0x56, 0x95, 0x56, 0x95, 0x36, 0x95, 0x56, 0x9d, 0x56, 0x9d, 0x56, 0x9d,
  0x76, 0x9d, 0x76, 0x9d, 0x77, 0x9d, 0x77, 0x9d, 0x76, 0x9d, 0x77, 0x9d, 0x77, 0x9d, 0x97, 0x9d,
  0xb7, 0x74, 0x57, 0x5c, 0x97, 0x5c, 0x97, 0x64, 0x97, 0x5c, 0x97, 0x5c, 0x97, 0x5c, 0x98, 0x5c,
  0x97, 0x5c, 0x98, 0x64, 0xb8, 0x64, 0xb8, 0x64, 0xf8, 0x64, 0xf8, 0x64, 0xf9, 0x6c, 0x19, 0x6d,
  0x19, 0x6d, 0x39, 0x6d, 0x39, 0x75, 0x59, 0x6d, 0x39, 0x75, 0x59, 0x75, 0x39, 0x75, 0x19, 0x75,
  0x59, 0x7d, 0x17, 0x7d, 0x00, 0x00, 0xf7, 0x7b, 0x00, 0x00, 0x00, 0x00, 0x00, 0x00, 0x00, 0x00,
  0x00, 0x00, 0x00, 0x00, 0x00, 0x00, 0x00, 0x00, 0x00, 0x00, 0x00, 0x00, 0x00, 0x00, 0x00, 0x00,
  0x00, 0x00, 0x00, 0x00, 0x00, 0x00, 0x00, 0x00, 0x00, 0x00, 0x00, 0x00, 0x00, 0x00, 0x00, 0x00,
  0x00, 0x00, 0x00, 0x00, 0x00, 0x00, 0x00, 0x00, 0x00, 0x00, 0x00, 0x00, 0x00, 0x00, 0x00, 0x00,
  0x00, 0x00, 0x00, 0x00, 0x00, 0x00, 0x00, 0x00, 0x00, 0x00, 0x00, 0x00, 0x00, 0x00, 0x00, 0x00,
  0x00, 0x00, 0x00, 0x00, 0x00, 0x00, 0x00, 0x00, 0x00, 0x00, 0x00, 0x00, 0x00, 0x00, 0x00, 0x00,
  0x00, 0x00, 0x00, 0x00, 0x00, 0x00, 0x00, 0x00, 0x00, 0x00, 0x00, 0x00, 0x00, 0x00, 0x00, 0x00,
  0x00, 0x00, 0x00, 0x00, 0x00, 0x00, 0x00, 0x00, 0x00, 0x00, 0x00, 0x00, 0x00, 0x00, 0x00, 0x00,
  0x00, 0x00, 0x00, 0x00, 0x00, 0x00, 0x00, 0x00, 0x00, 0x00, 0x00, 0x00, 0x00, 0x00, 0x00, 0x00,
  0x00, 0x00, 0x00, 0x00, 0x00, 0x00, 0x00, 0x00, 0x00, 0x00, 0x00, 0x00, 0x00, 0x00, 0x00, 0x00,
  0x00, 0x00, 0x00, 0x00, 0x00, 0x00, 0x00, 0x00, 0x00, 0x00, 0x00, 0x00, 0x00, 0x00, 0x00, 0x00,
  0x00, 0x00, 0x00, 0x00, 0x00, 0x00, 0x00, 0x00, 0x00, 0x00, 0x00, 0x00, 0x00, 0x00, 0x00, 0x00,
  0x00, 0x00, 0x00, 0x00, 0x00, 0x00, 0x00, 0x00, 0x00, 0x00, 0x00, 0x00, 0x00, 0x00, 0x00, 0x00,
  0x00, 0x00, 0x0f, 0x84, 0x00, 0x00, 0x00, 0x00, 0xd1, 0x3a, 0xd0, 0x42, 0xf1, 0x3a, 0xaa, 0x2a,
  0x00, 0x00, 0x00, 0x00, 0x33, 0x33, 0x32, 0x63, 0xd1, 0x4a, 0xb1, 0x42, 0x91, 0x32, 0xb2, 0x32,
  0xf2, 0x32, 0x13, 0x3b, 0x33, 0x3b, 0x33, 0x3b, 0x33, 0x43, 0x33, 0x3b, 0x33, 0x3b, 0x32, 0x43,
  0x32, 0x3b, 0x12, 0x3b, 0xf1, 0x32, 0xd1, 0x32, 0xb1, 0x32, 0xb0, 0x32, 0xb1, 0x32, 0xb1, 0x32,
  0xb1, 0x32, 0xb0, 0x32, 0xb0, 0x32, 0xb0, 0x32, 0x8f, 0x32, 0xb0, 0x3a, 0xb2, 0x5b, 0xd1, 0x63,
  0xf1, 0x6b, 0xf1, 0x6b, 0x11, 0x74, 0x32, 0x74, 0x32, 0x74, 0x52, 0x7c, 0x52, 0x7c, 0x73, 0x7c,
  0x73, 0x7c, 0x73, 0x7c, 0x93, 0x7c, 0x93, 0x84, 0xb4, 0x84, 0xb4, 0x84, 0xb4, 0x84, 0xd4, 0x84,
  0xd4, 0x84, 0xd4, 0x84, 0xf4, 0x8c, 0xd5, 0x84, 0xf5, 0x8c, 0xf5, 0x8c, 0x15, 0x8d, 0x15, 0x8d,
  0x15, 0x8d, 0x15, 0x8d, 0x15, 0x95, 0x15, 0x95, 0x15, 0x95, 0x36, 0x95, 0x35, 0x95, 0x36, 0x95,
  0x56, 0x95, 0x56, 0x95, 0x56, 0x95, 0x56, 0x95, 0x56, 0x9d, 0x57, 0x9d, 0x56, 0x95, 0x56, 0x9d,
  0x77, 0x95, 0xb7, 0x7c, 0x36, 0x5c, 0x77, 0x5c, 0x57, 0x5c, 0x77, 0x5c, 0x77, 0x5c, 0x78, 0x5c,
  0x77, 0x5c, 0x77, 0x5c, 0x77, 0x5c, 0x77, 0x5c, 0xb7, 0x5c, 0xb8, 0x64, 0xd8, 0x64, 0xf9, 0x6c,
  0x19, 0x6d, 0x39, 0x6d, 0x39, 0x6d, 0x39, 0x6d, 0x59, 0x6d, 0x59, 0x75, 0x5a, 0x75, 0x59, 0x75,
  0x59, 0x75, 0x5a, 0x75, 0x18, 0x75, 0x37, 0x7d, 0x00, 0x00, 0xff, 0xff, 0x00, 0x00, 0x00, 0x00,
  0x00, 0x00, 0x00, 0x00, 0x00, 0x00, 0x00, 0x00, 0x00, 0x00, 0x00, 0x00, 0x00, 0x00, 0x00, 0x00,
  0x00, 0x00, 0x00, 0x00, 0x00, 0x00, 0x00, 0x00, 0x00, 0x00, 0x00, 0x00, 0x00, 0x00, 0x00, 0x00,
  0x00, 0x00, 0x00, 0x00, 0x00, 0x00, 0x00, 0x00, 0x00, 0x00, 0x00, 0x00, 0x00, 0x00, 0x00, 0x00,
  0x00, 0x00, 0x00, 0x00, 0x00, 0x00, 0x00, 0x00, 0x00, 0x00, 0x00, 0x00, 0x00, 0x00, 0x00, 0x00,
  0x00, 0x00, 0x00, 0x00, 0x00, 0x00, 0x00, 0x00, 0x00, 0x00, 0x00, 0x00, 0x00, 0x00, 0x00, 0x00,
  0x00, 0x00, 0x00, 0x00, 0x00, 0x00, 0x00, 0x00, 0x00, 0x00, 0x00, 0x00, 0x00, 0x00, 0x00, 0x00,
  0x00, 0x00, 0x00, 0x00, 0x00, 0x00, 0x00, 0x00, 0x00, 0x00, 0x00, 0x00, 0x00, 0x00, 0x00, 0x00,
  0x00, 0x00, 0x00, 0x00, 0x00, 0x00, 0x00, 0x00, 0x00, 0x00, 0x00, 0x00, 0x00, 0x00, 0x00, 0x00,
  0x00, 0x00, 0x00, 0x00, 0x00, 0x00, 0x00, 0x00, 0x00, 0x00, 0x00, 0x00, 0x00, 0x00, 0x00, 0x00,
  0x00, 0x00, 0x00, 0x00, 0x00, 0x00, 0x00, 0x00, 0x00, 0x00, 0x00, 0x00, 0x00, 0x00, 0x00, 0x00,
  0x00, 0x00, 0x00, 0x00, 0x00, 0x00, 0x00, 0x00, 0x00, 0x00, 0x00, 0x00, 0x00, 0x00, 0x00, 0x00,
  0x00, 0x00, 0x00, 0x00, 0x00, 0x00, 0x00, 0x00, 0x00, 0x00, 0x00, 0x00, 0x00, 0x00, 0x00, 0x00,
  0x00, 0x00, 0x00, 0x00, 0x00, 0x00, 0x00, 0x00, 0xaa, 0x52, 0xf0, 0x7b, 0x00, 0x00, 0x00, 0x00,
  0x00, 0x00, 0x00, 0x00, 0xef, 0x41, 0xef, 0x43, 0xff, 0xff, 0x00, 0x00, 0x55, 0x84, 0x72, 0x5b,
  0xd1, 0x3a, 0xd2, 0x3a, 0xf2, 0x32, 0x13, 0x3b, 0x53, 0x3b, 0x53, 0x43, 0x53, 0x43, 0x53, 0x43,
  0x53, 0x3b, 0x33, 0x3b, 0x33, 0x3b, 0x12, 0x3b, 0xf2, 0x32, 0xd1, 0x3a, 0xd1, 0x32, 0xb1, 0x2a,
  0xb0, 0x32, 0xb1, 0x32, 0xb1, 0x32, 0xb1, 0x32, 0xb0, 0x32, 0x90, 0x32, 0x90, 0x32, 0x6f, 0x32,
  0xcf, 0x3a, 0xb1, 0x63, 0xd0, 0x6b, 0xd0, 0x63, 0xf1, 0x6b, 0xf1, 0x6b, 0x12, 0x74, 0x32, 0x74,
  0x52, 0x74, 0x53, 0x7c, 0x52, 0x7c, 0x72, 0x7c, 0x73, 0x7c, 0x93, 0x7c, 0x93, 0x7c, 0x93, 0x84,
  0x94, 0x7c, 0xb4, 0x84, 0x94, 0x84, 0xb4, 0x84, 0xd4, 0x84, 0xd4, 0x8c, 0xd4, 0x84, 0xd5, 0x8c,
  0xf4, 0x8c, 0xd5, 0x8c, 0xf5, 0x8c, 0xf5, 0x8c, 0xf5, 0x8c, 0x15, 0x8d, 0x15, 0x8d, 0x15, 0x95,
  0x15, 0x95, 0x16, 0x95, 0x35, 0x95, 0x16, 0x95, 0x35, 0x95, 0x36, 0x95, 0x36, 0x95, 0x36, 0x8d,
  0x36, 0x8d, 0x36, 0x95, 0x96, 0x74, 0xf5, 0x53, 0x56, 0x54, 0x56, 0x5c, 0x56, 0x5c, 0x57, 0x5c,
  0x57, 0x54, 0x37, 0x54, 0x57, 0x54, 0x57, 0x54, 0x58, 0x5c, 0x77, 0x5c, 0xb8, 0x5c, 0xd8, 0x64,
  0xd9, 0x64, 0x18, 0x65, 0x19, 0x6d, 0x19, 0x6d, 0x39, 0x6d, 0x39, 0x75, 0x39, 0x6d, 0x5a, 0x75,
  0x79, 0x75, 0x79, 0x75, 0x59, 0x75, 0x9a, 0x85, 0x38, 0x7d, 0xff, 0xff, 0xf7, 0x85, 0x00, 0x00,
  0x00, 0x00, 0x00, 0x00, 0x00, 0x00, 0x00, 0x00, 0x00, 0x00, 0x00, 0x00, 0x00, 0x00, 0x00, 0x00,
  0x00, 0x00, 0x00, 0x00, 0x00, 0x00, 0x00, 0x00, 0x00, 0x00, 0x00, 0x00, 0x00, 0x00, 0x00, 0x00,
  0x00, 0x00, 0x00, 0x00, 0x00, 0x00, 0x00, 0x00, 0x00, 0x00, 0x00, 0x00, 0x00, 0x00, 0x00, 0x00,
  0x00, 0x00, 0x00, 0x00, 0x00, 0x00, 0x00, 0x00, 0x00, 0x00, 0x00, 0x00, 0x00, 0x00, 0x00, 0x00,
  0x00, 0x00, 0x00, 0x00, 0x00, 0x00, 0x00, 0x00, 0x00, 0x00, 0x00, 0x00, 0x00, 0x00, 0x00, 0x00,
  0x00, 0x00, 0x00, 0x00, 0x00, 0x00, 0x00, 0x00, 0x00, 0x00, 0x00, 0x00, 0x00, 0x00, 0x00, 0x00,
  0x00, 0x00, 0x00, 0x00, 0x00, 0x00, 0x00, 0x00, 0x00, 0x00, 0x00, 0x00, 0x00, 0x00, 0x00, 0x00,
  0x00, 0x00, 0x00, 0x00, 0x00, 0x00, 0x00, 0x00, 0x00, 0x00, 0x00, 0x00, 0x00, 0x00, 0x00, 0x00,
  0x00, 0x00, 0x00, 0x00, 0x00, 0x00, 0x00, 0x00, 0x00, 0x00, 0x00, 0x00, 0x00, 0x00, 0x00, 0x00,
  0x00, 0x00, 0x00, 0x00, 0x00, 0x00, 0x00, 0x00, 0x00, 0x00, 0x00, 0x00, 0x00, 0x00, 0x00, 0x00,
  0x00, 0x00, 0x00, 0x00, 0x00, 0x00, 0x00, 0x00, 0x00, 0x00, 0x00, 0x00, 0x00, 0x00, 0x00, 0x00,
  0x00, 0x00, 0x00, 0x00, 0x00, 0x00, 0x00, 0x00, 0x00, 0x00, 0x00, 0x00, 0x00, 0x00, 0x00, 0x00,
  0x00, 0x00, 0x00, 0x00, 0x00, 0x00, 0x00, 0x00, 0x00, 0x00, 0x00, 0x00, 0x00, 0x00, 0x00, 0x00,
  0x1f, 0x00, 0xef, 0x03, 0xf0, 0x83, 0x55, 0xa5, 0x00, 0x00, 0x00, 0x00, 0x15, 0x7c, 0x92, 0x53,
  0x76, 0x7c, 0x96, 0x84, 0xd4, 0x5b, 0x73, 0x4b, 0x53, 0x43, 0x53, 0x3b, 0x73, 0x43, 0x53, 0x3b,
  0x73, 0x43, 0x73, 0x3b, 0x73, 0x43, 0x53, 0x43, 0x53, 0x3b, 0x32, 0x3b, 0xf2, 0x3a, 0xf2, 0x32,
  0xd1, 0x32, 0x91, 0x32, 0x91, 0x32, 0xb1, 0x32, 0xb0, 0x32, 0xb1, 0x32, 0xb1, 0x32, 0xb0, 0x32,
  0x8f, 0x32, 0x90, 0x32, 0x6f, 0x2a, 0xaf, 0x3a, 0xb1, 0x5b, 0xd1, 0x63, 0xb0, 0x63, 0xf1, 0x6b,
  0xf1, 0x6b, 0x11, 0x74, 0x32, 0x74, 0x32, 0x74, 0x32, 0x74, 0x53, 0x74, 0x52, 0x7c, 0x53, 0x7c,
  0x73, 0x7c, 0x73, 0x7c, 0x73, 0x7c, 0x93, 0x84, 0x94, 0x84, 0xb4, 0x84, 0xb4, 0x84, 0xb4, 0x84,
  0xb4, 0x84, 0xb4, 0x84, 0xd4, 0x84, 0xd4, 0x8c, 0xd4, 0x84, 0xd4, 0x8c, 0xd4, 0x8c, 0xd5, 0x8c,
  0xf5, 0x8c, 0xf5, 0x8c, 0xf5, 0x8c, 0xf5, 0x8c, 0x15, 0x8d, 0x15, 0x8d, 0x15, 0x95, 0x15, 0x8d,
  0x15, 0x8d, 0x15, 0x8d, 0xf6, 0x84, 0x55, 0x6c, 0xf4, 0x53, 0x16, 0x54, 0x35, 0x54, 0x16, 0x54,
  0x36, 0x54, 0x16, 0x54, 0x37, 0x54, 0x17, 0x4c, 0x37, 0x54, 0x37, 0x54, 0x57, 0x54, 0x77, 0x5c,
  0x98, 0x5c, 0xd8, 0x64, 0xd8, 0x64, 0xf9, 0x6c, 0x19, 0x65, 0x18, 0x6d, 0x59, 0x75, 0x59, 0x75,
  0x5a, 0x7d, 0x7a, 0x7d, 0x9a, 0x85, 0xba, 0x85, 0xba, 0x85, 0x1c, 0x96, 0xda, 0x95, 0x00, 0x00,
  0x00, 0x00, 0xff, 0xaf, 0xff, 0xff, 0x00, 0x00, 0x00, 0x00, 0x00, 0x00, 0x00, 0x00, 0x00, 0x00,
  0x00, 0x00, 0x00, 0x00, 0x00, 0x00, 0x00, 0x00, 0x00, 0x00, 0x00, 0x00, 0x00, 0x00, 0x00, 0x00,
  0x00, 0x00, 0x00, 0x00, 0x00, 0x00, 0x00, 0x00, 0x00, 0x00, 0x00, 0x00, 0x00, 0x00, 0x00, 0x00,
  0x00, 0x00, 0x00, 0x00, 0x00, 0x00, 0x00, 0x00, 0x00, 0x00, 0x00, 0x00, 0x00, 0x00, 0x00, 0x00,
  0x00, 0x00, 0x00, 0x00, 0x00, 0x00, 0x00, 0x00, 0x00, 0x00, 0x00, 0x00, 0x00, 0x00, 0x00, 0x00,
  0x00, 0x00, 0x00, 0x00, 0x00, 0x00, 0x00, 0x00, 0x00, 0x00, 0x00, 0x00, 0x00, 0x00, 0x00, 0x00,
  0x00, 0x00, 0x00, 0x00, 0x00, 0x00, 0x00, 0x00, 0x00, 0x00, 0x00, 0x00, 0x00, 0x00, 0x00, 0x00,
  0x00, 0x00, 0x00, 0x00, 0x00, 0x00, 0x00, 0x00, 0x00, 0x00, 0x00, 0x00, 0x00, 0x00, 0x00, 0x00,
  0x00, 0x00, 0x00, 0x00, 0x00, 0x00, 0x00, 0x00, 0x00, 0x00, 0x00, 0x00, 0x00, 0x00, 0x00, 0x00,
  0x00, 0x00, 0x00, 0x00, 0x00, 0x00, 0x00, 0x00, 0x00, 0x00, 0x00, 0x00, 0x00, 0x00, 0x00, 0x00,
  0x00, 0x00, 0x00, 0x00, 0x00, 0x00, 0x00, 0x00, 0x00, 0x00, 0x00, 0x00, 0x00, 0x00, 0x00, 0x00,
  0x00, 0x00, 0x00, 0x00, 0x00, 0x00, 0x00, 0x00, 0x00, 0x00, 0x00, 0x00, 0x00, 0x00, 0x00, 0x00,
  0x00, 0x00, 0x00, 0x00, 0x00, 0x00, 0x00, 0x00, 0x00, 0x00, 0x00, 0x00, 0x00, 0x00, 0x00, 0x00,
  0x00, 0x00, 0x00, 0x00, 0x00, 0x00, 0x1f, 0x00, 0x55, 0x55, 0x00, 0x00, 0xb5, 0x52, 0xf4, 0x63,
  0xb3, 0x5b, 0xf5, 0x5b, 0x14, 0x64, 0x56, 0x6c, 0x56, 0x6c, 0x36, 0x5c, 0xf5, 0x53, 0xf5, 0x53,
  0xd4, 0x4b, 0xb4, 0x4b, 0xd5, 0x43, 0xb4, 0x4b, 0xb4, 0x43, 0x94, 0x43, 0x53, 0x43, 0x53, 0x3b,
  0x12, 0x3b, 0x12, 0x3b, 0xd1, 0x32, 0xb1, 0x32, 0x90, 0x32, 0x91, 0x2a, 0x91, 0x32, 0x90, 0x2a,
  0x90, 0x32, 0x90, 0x2a, 0x90, 0x32, 0x6f, 0x32, 0x8f, 0x32, 0x6f, 0x32, 0x8f, 0x3a, 0x71, 0x5b,
  0xd0, 0x63, 0xd0, 0x63, 0xd0, 0x6b, 0xd1, 0x6b, 0xf1, 0x6b, 0x11, 0x6c, 0x32, 0x74, 0x32, 0x74,
  0x32, 0x74, 0x52, 0x7c, 0x52, 0x74, 0x53, 0x7c, 0x73, 0x7c, 0x73, 0x7c, 0x73, 0x7c, 0x73, 0x7c,
  0x93, 0x84, 0x93, 0x7c, 0x94, 0x84, 0x93, 0x84, 0xb4, 0x84, 0x94, 0x84, 0xb4, 0x84, 0xb4, 0x84,
  0xd4, 0x84, 0xd4, 0x84, 0xb4, 0x84, 0xd4, 0x84, 0xd4, 0x84, 0xf4, 0x8c, 0xd5, 0x8c, 0xf5, 0x8c,
  0xd5, 0x84, 0xd5, 0x8c, 0xd5, 0x84, 0xb5, 0x84, 0x14, 0x5c, 0xb4, 0x4b, 0xf5, 0x4b, 0xf5, 0x4b,
  0xf5, 0x4b, 0xf6, 0x4b, 0x16, 0x4c, 0xf6, 0x4b, 0xf6, 0x4b, 0x17, 0x4c, 0x16, 0x54, 0x37, 0x54,
  0x77, 0x5c, 0x97, 0x5c, 0xb8, 0x5c, 0xf8, 0x64, 0xf9, 0x6c, 0x19, 0x6d, 0x59, 0x75, 0x79, 0x7d,
  0x9a, 0x85, 0xba, 0x8d, 0xda, 0x8d, 0xfb, 0x8d, 0xdb, 0x8d, 0xfb, 0x8d, 0xfb, 0x95, 0x5b, 0xa6,
  0x5c, 0xae, 0xbd, 0xc6, 0x7f, 0xdf, 0x00, 0x00, 0x00, 0x00, 0xff, 0x7f, 0x00, 0x00, 0x00, 0x00,
  0x00, 0x00, 0x00, 0x00, 0x00, 0x00, 0x00, 0x00, 0x00, 0x00, 0x00, 0x00, 0x00, 0x00, 0x00, 0x00,
  0x00, 0x00, 0x00, 0x00, 0x00, 0x00, 0x00, 0x00, 0x00, 0x00, 0x00, 0x00, 0x00, 0x00, 0x00, 0x00,
  0x00, 0x00, 0x00, 0x00, 0x00, 0x00, 0x00, 0x00, 0x00, 0x00, 0x00, 0x00, 0x00, 0x00, 0x00, 0x00,
  0x00, 0x00, 0x00, 0x00, 0x00, 0x00, 0x00, 0x00, 0x00, 0x00, 0x00, 0x00, 0x00, 0x00, 0x00, 0x00,
  0x00, 0x00, 0x00, 0x00, 0x00, 0x00, 0x00, 0x00, 0x00, 0x00, 0x00, 0x00, 0x00, 0x00, 0x00, 0x00,
  0x00, 0x00, 0x00, 0x00, 0x00, 0x00, 0x00, 0x00, 0x00, 0x00, 0x00, 0x00, 0x00, 0x00, 0x00, 0x00,
  0x00, 0x00, 0x00, 0x00, 0x00, 0x00, 0x00, 0x00, 0x00, 0x00, 0x00, 0x00, 0x00, 0x00, 0x00, 0x00,
  0x00, 0x00, 0x00, 0x00, 0x00, 0x00, 0x00, 0x00, 0x00, 0x00, 0x00, 0x00, 0x00, 0x00, 0x00, 0x00,
  0x00, 0x00, 0x00, 0x00, 0x00, 0x00, 0x00, 0x00, 0x00, 0x00, 0x00, 0x00, 0x00, 0x00, 0x00, 0x00,
  0x00, 0x00, 0x00, 0x00, 0x00, 0x00, 0x00, 0x00, 0x00, 0x00, 0x00, 0x00, 0x00, 0x00, 0x00, 0x00,
  0x00, 0x00, 0x00, 0x00, 0x00, 0x00, 0x00, 0x00, 0x00, 0x00, 0x00, 0x00, 0x00, 0x00, 0x00, 0x00,
  0x00, 0x00, 0x00, 0x00, 0x00, 0x00, 0x00, 0x00, 0x00, 0x00, 0x00, 0x00, 0x00, 0x00, 0x00, 0x00,
  0x00, 0x00, 0x00, 0x00, 0x00, 0x00, 0x00, 0x00, 0xff, 0xff, 0x00, 0x00, 0x00, 0x00, 0xd6, 0x8c,
  0x75, 0x74, 0x56, 0x6c, 0x56, 0x64, 0x56, 0x6c, 0x76, 0x6c, 0x76, 0x6c, 0x76, 0x64, 0x56, 0x5c,
  0x56, 0x5c, 0x36, 0x54, 0x36, 0x54, 0x36, 0x4c, 0x16, 0x54, 0x15, 0x4c, 0xf5, 0x53, 0xf5, 0x4b,
  0xb4, 0x4b, 0x93, 0x43, 0x53, 0x43, 0x12, 0x3b, 0xf2, 0x32, 0xd1, 0x32, 0x90, 0x32, 0x70, 0x2a,
  0x70, 0x2a, 0x91, 0x32, 0x90, 0x2a, 0x90, 0x32, 0x90, 0x32, 0x70, 0x2a, 0x8f, 0x32, 0x8f, 0x2a,
  0x6f, 0x32, 0x6f, 0x32, 0x10, 0x4b, 0xb0, 0x63, 0xb0, 0x63, 0xb0, 0x63, 0xd0, 0x6b, 0xd1, 0x6b,
  0xf1, 0x6b, 0x11, 0x74, 0x12, 0x6c, 0x12, 0x74, 0x32, 0x74, 0x32, 0x74, 0x52, 0x74, 0x53, 0x7c,
  0x72, 0x7c, 0x73, 0x7c, 0x73, 0x7c, 0x73, 0x7c, 0x73, 0x84, 0x73, 0x7c, 0x73, 0x84, 0x93, 0x7c,
  0x93, 0x84, 0x94, 0x84, 0x93, 0x84, 0x94, 0x84, 0x94, 0x84, 0xb4, 0x84, 0xb4, 0x84, 0xb4, 0x84,
  0xb4, 0x84, 0x93, 0x84, 0xb4, 0x84, 0xb4, 0x7c, 0x34, 0x74, 0xb3, 0x53, 0x93, 0x43, 0xb4, 0x4b,
  0xb5, 0x4b, 0xd5, 0x4b, 0xd5, 0x4b, 0xd5, 0x4b, 0xd6, 0x4b, 0xf6, 0x4b, 0xd6, 0x4b, 0xf6, 0x4b,
  0x17, 0x4c, 0x37, 0x54, 0x57, 0x54, 0x97, 0x5c, 0xd8, 0x64, 0xf8, 0x6c, 0x39, 0x75, 0x79, 0x85,
  0xbb, 0x8d, 0xda, 0x95, 0xfb, 0x95, 0xfb, 0x95, 0xfb, 0x8d, 0xda, 0x8d, 0xdb, 0x8d, 0xfa, 0x8d,
  0xdb, 0x8d, 0xfa, 0x95, 0x7c, 0xb6, 0xdd, 0xc6, 0xbc, 0xbe, 0xdd, 0xc6, 0xff, 0xff, 0x00, 0x00,
  0x55, 0xad, 0x00, 0x00, 0x00, 0x00, 0x00, 0x00, 0x00, 0x00, 0x00, 0x00, 0x00, 0x00, 0x00, 0x00,
  0x00, 0x00, 0x00, 0x00, 0x00, 0x00, 0x00, 0x00, 0x00, 0x00, 0x00, 0x00, 0x00, 0x00, 0x00, 0x00,
  0x00, 0x00, 0x00, 0x00, 0x00, 0x00, 0x00, 0x00, 0x00, 0x00, 0x00, 0x00, 0x00, 0x00, 0x00, 0x00,
  0x00, 0x00, 0x00, 0x00, 0x00, 0x00, 0x00, 0x00, 0x00, 0x00, 0x00, 0x00, 0x00, 0x00, 0x00, 0x00,
  0x00, 0x00, 0x00, 0x00, 0x00, 0x00, 0x00, 0x00, 0x00, 0x00, 0x00, 0x00, 0x00, 0x00, 0x00, 0x00,
  0x00, 0x00, 0x00, 0x00, 0x00, 0x00, 0x00, 0x00, 0x00, 0x00, 0x00, 0x00, 0x00, 0x00, 0x00, 0x00,
  0x00, 0x00, 0x00, 0x00, 0x00, 0x00, 0x00, 0x00, 0x00, 0x00, 0x00, 0x00, 0x00, 0x00, 0x00, 0x00,
  0x00, 0x00, 0x00, 0x00, 0x00, 0x00, 0x00, 0x00, 0x00, 0x00, 0x00, 0x00, 0x00, 0x00, 0x00, 0x00,
  0x00, 0x00, 0x00, 0x00, 0x00, 0x00, 0x00, 0x00, 0x00, 0x00, 0x00, 0x00, 0x00, 0x00, 0x00, 0x00,
  0x00, 0x00, 0x00, 0x00, 0x00, 0x00, 0x00, 0x00, 0x00, 0x00, 0x00, 0x00, 0x00, 0x00, 0x00, 0x00,
  0x00, 0x00, 0x00, 0x00, 0x00, 0x00, 0x00, 0x00, 0x00, 0x00, 0x00, 0x00, 0x00, 0x00, 0x00, 0x00,
  0x00, 0x00, 0x00, 0x00, 0x00, 0x00, 0x00, 0x00, 0x00, 0x00, 0x00, 0x00, 0x00, 0x00, 0x00, 0x00,
  0x00, 0x00, 0x00, 0x00, 0x00, 0x00, 0x00, 0x00, 0x00, 0x00, 0xff, 0xff, 0x00, 0x00, 0xff, 0xaf,
  0x58, 0x9d, 0xf7, 0x84, 0xb7, 0x74, 0x76, 0x6c, 0x96, 0x74, 0x97, 0x6c, 0xb7, 0x74, 0xb7, 0x6c,
  0xb7, 0x6c, 0x77, 0x64, 0x77, 0x5c, 0x77, 0x54, 0x77, 0x5c, 0x77, 0x5c, 0x56, 0x54, 0x57, 0x54,
  0x36, 0x54, 0x35, 0x54, 0x35, 0x5c, 0xf5, 0x5b, 0xd4, 0x53, 0x93, 0x4b, 0x32, 0x3b, 0xd1, 0x3a,
  0xb0, 0x32, 0x70, 0x2a, 0x70, 0x2a, 0x70, 0x2a, 0x90, 0x32, 0x90, 0x2a, 0x90, 0x2a, 0x90, 0x32,
  0x70, 0x32, 0x8f, 0x32, 0x6f, 0x2a, 0x90, 0x32, 0x6e, 0x2a, 0xaf, 0x3a, 0x50, 0x53, 0xb0, 0x63,
  0xb0, 0x63, 0xb0, 0x63, 0xb0, 0x63, 0xd1, 0x6b, 0xf1, 0x6b, 0xf1, 0x6b, 0x11, 0x74, 0x12, 0x74,
  0x12, 0x74, 0x31, 0x74, 0x32, 0x74, 0x32, 0x74, 0x53, 0x7c, 0x52, 0x7c, 0x53, 0x7c, 0x53, 0x7c,
  0x52, 0x7c, 0x53, 0x7c, 0x53, 0x7c, 0x53, 0x7c, 0x73, 0x7c, 0x73, 0x7c, 0x73, 0x7c, 0x73, 0x7c,
  0x53, 0x7c, 0x53, 0x7c, 0x73, 0x7c, 0x53, 0x7c, 0x13, 0x6c, 0xb2, 0x53, 0x52, 0x43, 0x73, 0x43,
  0x74, 0x4b, 0xb4, 0x43, 0xb4, 0x4b, 0xb4, 0x43, 0xb4, 0x43, 0xb5, 0x4b, 0xb5, 0x43, 0xb5, 0x43,
  0xb6, 0x43, 0xd6, 0x4b, 0x16, 0x4c, 0x57, 0x54, 0x97, 0x5c, 0xd8, 0x64, 0x19, 0x6d, 0x79, 0x7d,
  0xba, 0x85, 0xba, 0x8d, 0xda, 0x8d, 0xbb, 0x8d, 0xba, 0x85, 0xba, 0x85, 0xda, 0x85, 0xdb, 0x85,
  0xda, 0x85, 0xdb, 0x8d, 0xda, 0x8d, 0xda, 0x95, 0x3b, 0xa6, 0x3b, 0xb6, 0x7c, 0xb6, 0xdd, 0xc6,
  0x9c, 0xbe, 0xbd, 0xc6, 0x00, 0x00, 0x5f, 0xad, 0x00, 0x00, 0x00, 0x00, 0x00, 0x00, 0x00, 0x00,
  0x00, 0x00, 0x00, 0x00, 0x00, 0x00, 0x00, 0x00, 0x00, 0x00, 0x00, 0x00, 0x00, 0x00, 0x00, 0x00,
  0x00, 0x00, 0x00, 0x00, 0x00, 0x00, 0x00, 0x00, 0x00, 0x00, 0x00, 0x00, 0x00, 0x00, 0x00, 0x00,
  0x00, 0x00, 0x00, 0x00, 0x00, 0x00, 0x00, 0x00, 0x00, 0x00, 0x00, 0x00, 0x00, 0x00, 0x00, 0x00,
  0x00, 0x00, 0x00, 0x00, 0x00, 0x00, 0x00, 0x00, 0x00, 0x00, 0x00, 0x00, 0x00, 0x00, 0x00, 0x00,
  0x00, 0x00, 0x00, 0x00, 0x00, 0x00, 0x00, 0x00, 0x00, 0x00, 0x00, 0x00, 0x00, 0x00, 0x00, 0x00,
  0x00, 0x00, 0x00, 0x00, 0x00, 0x00, 0x00, 0x00, 0x00, 0x00, 0x00, 0x00, 0x00, 0x00, 0x00, 0x00,
  0x00, 0x00, 0x00, 0x00, 0x00, 0x00, 0x00, 0x00, 0x00, 0x00, 0x00, 0x00, 0x00, 0x00, 0x00, 0x00,
  0x00, 0x00, 0x00, 0x00, 0x00, 0x00, 0x00, 0x00, 0x00, 0x00, 0x00, 0x00, 0x00, 0x00, 0x00, 0x00,
  0x00, 0x00, 0x00, 0x00, 0x00, 0x00, 0x00, 0x00, 0x00, 0x00, 0x00, 0x00, 0x00, 0x00, 0x00, 0x00,
  0x00, 0x00, 0x00, 0x00, 0x00, 0x00, 0x00, 0x00, 0x00, 0x00, 0x00, 0x00, 0x00, 0x00, 0x00, 0x00,
  0x00, 0x00, 0x00, 0x00, 0x00, 0x00, 0x00, 0x00, 0x00, 0x00, 0x00, 0x00, 0x00, 0x00, 0x00, 0x00,
  0x00, 0x00, 0x00, 0x00, 0x00, 0x00, 0x00, 0x00, 0x00, 0x00, 0x00, 0x00, 0xff, 0xff, 0x00, 0x00,
  0x7c, 0xce, 0xb8, 0xad, 0x79, 0x9d, 0xb7, 0x7c, 0x76, 0x6c, 0x97, 0x6c, 0xb7, 0x6c, 0xb7, 0x6c,
  0xb7, 0x6c, 0xb8, 0x6c, 0xb7, 0x64, 0x97, 0x64, 0xb8, 0x64, 0x97, 0x64, 0xb8, 0x5c, 0x97, 0x5c,
  0x97, 0x5c, 0x77, 0x5c, 0x76, 0x5c, 0x56, 0x54, 0x36, 0x5c, 0x15, 0x54, 0x15, 0x5c, 0x15, 0x54,
  0xb4, 0x4b, 0x33, 0x3b, 0xd1, 0x32, 0x90, 0x32, 0x6f, 0x2a, 0x50, 0x2a, 0x70, 0x32, 0x70, 0x2a,
  0x70, 0x32, 0x70, 0x2a, 0x8f, 0x32, 0x90, 0x2a, 0x6f, 0x32, 0x8f, 0x32, 0x8f, 0x32, 0x6f, 0x2a,
  0x6f, 0x2a, 0xaf, 0x3a, 0x4f, 0x4b, 0x90, 0x63, 0xb0, 0x63, 0xb0, 0x63, 0xb0, 0x63, 0xb0, 0x6b,
  0xd1, 0x63, 0xd0, 0x6b, 0xf1, 0x6b, 0xf1, 0x6b, 0x12, 0x74, 0x11, 0x74, 0x12, 0x74, 0x32, 0x74,
  0x32, 0x74, 0x32, 0x74, 0x32, 0x74, 0x32, 0x74, 0x32, 0x74, 0x32, 0x74, 0x32, 0x74, 0x32, 0x74,
  0x32, 0x74, 0x32, 0x7c, 0x32, 0x74, 0x32, 0x74, 0xd1, 0x63, 0x71, 0x53, 0x32, 0x43, 0x32, 0x43,
  0x53, 0x43, 0x73, 0x43, 0x73, 0x43, 0x73, 0x43, 0x73, 0x43, 0x74, 0x43, 0x74, 0x43, 0x95, 0x3b,
  0x74, 0x3b, 0x95, 0x43, 0xb5, 0x43, 0x16, 0x4c, 0x77, 0x5c, 0xb8, 0x5c, 0xf8, 0x6c, 0x39, 0x6d,
  0x59, 0x7d, 0x59, 0x7d, 0x9a, 0x7d, 0x9a, 0x85, 0x9a, 0x7d, 0xba, 0x7d, 0xba, 0x85, 0xdb, 0x85,
  0xda, 0x85, 0xdb, 0x85, 0xda, 0x8d, 0xda, 0x8d, 0xdb, 0x95, 0xfb, 0x9d, 0x1b, 0xa6, 0x3b, 0xae,
  0x3b, 0xae, 0x5b, 0xae, 0x9c, 0xb6, 0x9c, 0xbe, 0xfd, 0xc6, 0x00, 0x00, 0xff, 0xff, 0x00, 0x00,
  0x00, 0x00, 0x00, 0x00, 0x00, 0x00, 0x00, 0x00, 0x00, 0x00, 0x00, 0x00, 0x00, 0x00, 0x00, 0x00,
  0x00, 0x00, 0x00, 0x00, 0x00, 0x00, 0x00, 0x00, 0x00, 0x00, 0x00, 0x00, 0x00, 0x00, 0x00, 0x00,
  0x00, 0x00, 0x00, 0x00, 0x00, 0x00, 0x00, 0x00, 0x00, 0x00, 0x00, 0x00, 0x00, 0x00, 0x00, 0x00,
  0x00, 0x00, 0x00, 0x00, 0x00, 0x00, 0x00, 0x00, 0x00, 0x00, 0x00, 0x00, 0x00, 0x00, 0x00, 0x00,
  0x00, 0x00, 0x00, 0x00, 0x00, 0x00, 0x00, 0x00, 0x00, 0x00, 0x00, 0x00, 0x00, 0x00, 0x00, 0x00,
  0x00, 0x00, 0x00, 0x00, 0x00, 0x00, 0x00, 0x00, 0x00, 0x00, 0x00, 0x00, 0x00, 0x00, 0x00, 0x00,
  0x00, 0x00, 0x00, 0x00, 0x00, 0x00, 0x00, 0x00, 0x00, 0x00, 0x00, 0x00, 0x00, 0x00, 0x00, 0x00,
  0x00, 0x00, 0x00, 0x00, 0x00, 0x00, 0x00, 0x00, 0x00, 0x00, 0x00, 0x00, 0x00, 0x00, 0x00, 0x00,
  0x00, 0x00, 0x00, 0x00, 0x00, 0x00, 0x00, 0x00, 0x00, 0x00, 0x00, 0x00, 0x00, 0x00, 0x00, 0x00,
  0x00, 0x00, 0x00, 0x00, 0x00, 0x00, 0x00, 0x00, 0x00, 0x00, 0x00, 0x00, 0x00, 0x00, 0x00, 0x00,
  0x00, 0x00, 0x00, 0x00, 0x00, 0x00, 0x00, 0x00, 0x00, 0x00, 0x00, 0x00, 0x00, 0x00, 0x00, 0x00,
  0x00, 0x00, 0x00, 0x00, 0x00, 0x00, 0x00, 0x00, 0x00, 0x00, 0x00, 0x00, 0x00, 0x00, 0xff, 0xff,
  0x55, 0xad, 0xff, 0xff, 0xd9, 0xb5, 0xda, 0xad, 0x17, 0x8d, 0x97, 0x74, 0x97, 0x64, 0x97, 0x64,
  0xb7, 0x64, 0xb7, 0x64, 0xb8, 0x64, 0xb8, 0x64, 0xb8, 0x64, 0xd8, 0x64, 0xd8, 0x64, 0xb7, 0x64,
  0xd8, 0x64, 0xb8, 0x64, 0xb7, 0x64, 0xb8, 0x64, 0x97, 0x64, 0x97, 0x5c, 0x77, 0x5c, 0x56, 0x5c,
  0x16, 0x54, 0xf5, 0x53, 0xd4, 0x4b, 0x93, 0x43, 0x12, 0x3b, 0xb0, 0x32, 0x8f, 0x32, 0x6f, 0x2a,
  0x4f, 0x2a, 0x50, 0x2a, 0x4f, 0x2a, 0x70, 0x32, 0x6f, 0x2a, 0x6f, 0x32, 0x8f, 0x32, 0x70, 0x2a,
  0x6f, 0x32, 0x6f, 0x32, 0x6f, 0x32, 0x6e, 0x2a, 0x6e, 0x32, 0xaf, 0x3a, 0xef, 0x4a, 0x70, 0x5b,
  0x90, 0x5b, 0x8f, 0x63, 0xb0, 0x63, 0xb0, 0x6b, 0xb0, 0x63, 0xd0, 0x6b, 0xd1, 0x63, 0xd0, 0x63,
  0xf1, 0x6b, 0xf0, 0x6b, 0xf1, 0x6b, 0xf1, 0x6b, 0xf1, 0x6b, 0x11, 0x74, 0x11, 0x74, 0x11, 0x74,
  0x11, 0x6c, 0xf1, 0x73, 0xf1, 0x6b, 0xb1, 0x63, 0x70, 0x53, 0x10, 0x43, 0xf0, 0x3a, 0xf1, 0x3a,
  0x12, 0x3b, 0x32, 0x43, 0x32, 0x43, 0x32, 0x43, 0x32, 0x3b, 0x33, 0x43, 0x33, 0x43, 0x53, 0x3b,
  0x54, 0x3b, 0x54, 0x3b, 0x54, 0x3b, 0x94, 0x43, 0xf6, 0x4b, 0x56, 0x54, 0x97, 0x5c, 0xb8, 0x64,
  0x19, 0x65, 0x38, 0x6d, 0x39, 0x6d, 0x5a, 0x75, 0x7a, 0x75, 0x7a, 0x7d, 0x9a, 0x7d, 0xba, 0x85,
  0xba, 0x85, 0xba, 0x85, 0xbb, 0x85, 0xda, 0x85, 0xdb, 0x8d, 0xda, 0x8d, 0xfa, 0x95, 0xfa, 0x95,
  0xfa, 0x9d, 0x1b, 0x9e, 0x1a, 0xa6, 0x1b, 0xa6, 0x3b, 0xa6, 0x7c, 0xb6, 0x7b, 0xb6, 0xfd, 0xc6,
  0x00, 0x00, 0xff, 0x7f, 0x00, 0x00, 0x00, 0x00, 0x00, 0x00, 0x00, 0x00, 0x00, 0x00, 0x00, 0x00,
  0x00, 0x00, 0x00, 0x00, 0x00, 0x00, 0x00, 0x00, 0x00, 0x00, 0x00, 0x00, 0x00, 0x00, 0x00, 0x00,
  0x00, 0x00, 0x00, 0x00, 0x00, 0x00, 0x00, 0x00, 0x00, 0x00, 0x00, 0x00, 0x00, 0x00, 0x00, 0x00,
  0x00, 0x00, 0x00, 0x00, 0x00, 0x00, 0x00, 0x00, 0x00, 0x00, 0x00, 0x00, 0x00, 0x00, 0x00, 0x00,
  0x00, 0x00, 0x00, 0x00, 0x00, 0x00, 0x00, 0x00, 0x00, 0x00, 0x00, 0x00, 0x00, 0x00, 0x00, 0x00,
  0x00, 0x00, 0x00, 0x00, 0x00, 0x00, 0x00, 0x00, 0x00, 0x00, 0x00, 0x00, 0x00, 0x00, 0x00, 0x00,
  0x00, 0x00, 0x00, 0x00, 0x00, 0x00, 0x00, 0x00, 0x00, 0x00, 0x00, 0x00, 0x00, 0x00, 0x00, 0x00,
  0x00, 0x00, 0x00, 0x00, 0x00, 0x00, 0x00, 0x00, 0x00, 0x00, 0x00, 0x00, 0x00, 0x00, 0x00, 0x00,
  0x00, 0x00, 0x00, 0x00, 0x00, 0x00, 0x00, 0x00, 0x00, 0x00, 0x00, 0x00, 0x00, 0x00, 0x00, 0x00,
  0x00, 0x00, 0x00, 0x00, 0x00, 0x00, 0x00, 0x00, 0x00, 0x00, 0x00, 0x00, 0x00, 0x00, 0x00, 0x00,
  0x00, 0x00, 0x00, 0x00, 0x00, 0x00, 0x00, 0x00, 0x00, 0x00, 0x00, 0x00, 0x00, 0x00, 0x00, 0x00,
  0x00, 0x00, 0x00, 0x00, 0x00, 0x00, 0x00, 0x00, 0x00, 0x00, 0x00, 0x00, 0x00, 0x00, 0x00, 0x00,
  0x00, 0x00, 0x55, 0xad, 0x00, 0x00, 0x1a, 0xbe, 0x1a, 0xb6, 0x17, 0x95, 0xd7, 0x7c, 0x96, 0x6c,
  0x97, 0x64, 0xb7, 0x64, 0xb7, 0x64, 0xb7, 0x64, 0xd8, 0x64, 0xd8, 0x6c, 0xd7, 0x64, 0xd8, 0x6c,
  0xf8, 0x64, 0xf8, 0x6c, 0xd8, 0x6c, 0xf8, 0x6c, 0xf8, 0x6c, 0xd7, 0x74, 0xd8, 0x6c, 0xb7, 0x6c,
  0x97, 0x64, 0x77, 0x64, 0x56, 0x5c, 0x15, 0x54, 0xf5, 0x4b, 0x94, 0x4b, 0x33, 0x3b, 0xd1, 0x3a,
  0x70, 0x32, 0x6f, 0x2a, 0x4f, 0x2a, 0x4f, 0x2a, 0x4f, 0x2a, 0x70, 0x2a, 0x6f, 0x32, 0x6f, 0x32,
  0x8f, 0x32, 0x6f, 0x32, 0x8f, 0x32, 0x6e, 0x32, 0x6f, 0x2a, 0x6f, 0x32, 0x6f, 0x2a, 0x6f, 0x2a,
  0x6e, 0x32, 0x6e, 0x32, 0x8f, 0x3a, 0xef, 0x42, 0x0f, 0x4b, 0x50, 0x53, 0x90, 0x5b, 0x90, 0x5b,
  0x90, 0x63, 0xb0, 0x63, 0xb0, 0x63, 0xb0, 0x63, 0xb0, 0x63, 0xb0, 0x6b, 0xb0, 0x63, 0xb1, 0x63,
  0xb0, 0x63, 0x91, 0x5b, 0x70, 0x53, 0x30, 0x53, 0xf0, 0x3a, 0xb0, 0x3a, 0xd0, 0x32, 0xd1, 0x3a,
  0xf1, 0x3a, 0x11, 0x3b, 0x11, 0x3b, 0x11, 0x3b, 0x11, 0x3b, 0x12, 0x3b, 0x12, 0x3b, 0x12, 0x3b,
  0x13, 0x3b, 0x32, 0x3b, 0x33, 0x3b, 0x33, 0x3b, 0x53, 0x43, 0xb4, 0x43, 0xf5, 0x4b, 0x36, 0x54,
  0x77, 0x54, 0xb8, 0x5c, 0xf8, 0x64, 0x19, 0x6d, 0x39, 0x6d, 0x59, 0x75, 0x7a, 0x75, 0x7a, 0x7d,
  0x7a, 0x7d, 0x9a, 0x7d, 0xba, 0x85, 0xba, 0x85, 0xda, 0x85, 0xdb, 0x85, 0xda, 0x8d, 0xda, 0x95,
  0xdb, 0x95, 0xda, 0x95, 0xfa, 0x9d, 0xfa, 0x95, 0xfb, 0x95, 0xfa, 0x95, 0x1a, 0x9e, 0x1b, 0x9e,
  0x7c, 0xb6, 0x5b, 0xb6, 0xff, 0xff, 0x0f, 0x84, 0x00, 0x00, 0x00, 0x00, 0x00, 0x00, 0x00, 0x00,
  0x00, 0x00, 0x00, 0x00, 0x00, 0x00, 0x00, 0x00, 0x00, 0x00, 0x00, 0x00, 0x00, 0x00, 0x00, 0x00,
  0x00, 0x00, 0x00, 0x00, 0x00, 0x00, 0x00, 0x00, 0x00, 0x00, 0x00, 0x00, 0x00, 0x00, 0x00, 0x00,
  0x00, 0x00, 0x00, 0x00, 0x00, 0x00, 0x00, 0x00, 0x00, 0x00, 0x00, 0x00, 0x00, 0x00, 0x00, 0x00,
  0x00, 0x00, 0x00, 0x00, 0x00, 0x00, 0x00, 0x00, 0x00, 0x00, 0x00, 0x00, 0x00, 0x00, 0x00, 0x00,
  0x00, 0x00, 0x00, 0x00, 0x00, 0x00, 0x00, 0x00, 0x00, 0x00, 0x00, 0x00, 0x00, 0x00, 0x00, 0x00,
  0x00, 0x00, 0x00, 0x00, 0x00, 0x00, 0x00, 0x00, 0x00, 0x00, 0x00, 0x00, 0x00, 0x00, 0x00, 0x00,
  0x00, 0x00, 0x00, 0x00, 0x00, 0x00, 0x00, 0x00, 0x00, 0x00, 0x00, 0x00, 0x00, 0x00, 0x00, 0x00,
  0x00, 0x00, 0x00, 0x00, 0x00, 0x00, 0x00, 0x00, 0x00, 0x00, 0x00, 0x00, 0x00, 0x00, 0x00, 0x00,
  0x00, 0x00, 0x00, 0x00, 0x00, 0x00, 0x00, 0x00, 0x00, 0x00, 0x00, 0x00, 0x00, 0x00, 0x00, 0x00,
  0x00, 0x00, 0x00, 0x00, 0x00, 0x00, 0x00, 0x00, 0x00, 0x00, 0x00, 0x00, 0x00, 0x00, 0x00, 0x00,
  0x00, 0x00, 0x00, 0x00, 0x00, 0x00, 0x00, 0x00, 0x00, 0x00, 0x00, 0x00, 0x00, 0x00, 0x00, 0x00,
  0x00, 0x00, 0x00, 0x00, 0xff, 0xff, 0x00, 0x00, 0x7b, 0xc6, 0xb8, 0xad, 0xf7, 0x94, 0x76, 0x74,
  0x76, 0x6c, 0x76, 0x64, 0x96, 0x64, 0x97, 0x64, 0xb7, 0x64, 0xd7, 0x64, 0xd8, 0x6c, 0xf8, 0x6c,
  0xf8, 0x6c, 0xf8, 0x6c, 0xf8, 0x74, 0x18, 0x75, 0x18, 0x7d, 0x38, 0x85, 0x38, 0x85, 0x18, 0x7d,
  0x18, 0x7d, 0xf8, 0x7c, 0xd7, 0x6c, 0x97, 0x64, 0x77, 0x5c, 0x56, 0x5c, 0xf5, 0x4b, 0xb4, 0x4b,
  0x73, 0x43, 0x12, 0x3b, 0xb0, 0x32, 0x4f, 0x2a, 0x4f, 0x2a, 0x4e, 0x2a, 0x4f, 0x2a, 0x2f, 0x2a,
  0x6f, 0x2a, 0x6f, 0x2a, 0x6f, 0x2a, 0x6f, 0x32, 0x6f, 0x2a, 0x8f, 0x32, 0x6f, 0x2a, 0x8f, 0x32,
  0x6e, 0x32, 0x6f, 0x32, 0x6f, 0x32, 0x6f, 0x2a, 0x6e, 0x32, 0x4f, 0x32, 0x6e, 0x2a, 0x6e, 0x32,
  0x6e, 0x32, 0x8f, 0x3a, 0xaf, 0x3a, 0xce, 0x3a, 0xaf, 0x42, 0xef, 0x3a, 0xcf, 0x42, 0xcf, 0x42,
  0xaf, 0x3a, 0xaf, 0x3a, 0xaf, 0x3a, 0x8f, 0x32, 0x6f, 0x32, 0x8f, 0x32, 0xb0, 0x3a, 0xd0, 0x3a,
  0xd0, 0x3a, 0xd0, 0x3a, 0xf1, 0x3a, 0xd0, 0x3a, 0xd1, 0x3a, 0xf1, 0x3a, 0xd0, 0x3a, 0xf1, 0x3a,
  0xd1, 0x3a, 0xf2, 0x3a, 0xd1, 0x3a, 0xd2, 0x32, 0xf2, 0x32, 0x12, 0x3b, 0x53, 0x3b, 0xb5, 0x43,
  0xf5, 0x4b, 0x16, 0x54, 0x77, 0x54, 0x97, 0x5c, 0xb8, 0x64, 0xf8, 0x64, 0x19, 0x6d, 0x59, 0x6d,
  0x59, 0x75, 0x79, 0x75, 0x7a, 0x7d, 0x99, 0x7d, 0x9a, 0x85, 0xba, 0x85, 0xba, 0x85, 0xda, 0x95,
  0xda, 0x95, 0xda, 0x95, 0xfa, 0x9d, 0xfa, 0x9d, 0xfb, 0x9d, 0xfa, 0x9d, 0xfa, 0x9d, 0xfa, 0x95,
  0xfa, 0x95, 0xda, 0x95, 0xfa, 0x9d, 0x3c, 0xa6, 0x5b, 0xae, 0x00, 0x00, 0x5f, 0xa5, 0x00, 0x00,
  0x00, 0x00, 0x00, 0x00, 0x00, 0x00, 0x00, 0x00, 0x00, 0x00, 0x00, 0x00, 0x00, 0x00, 0x00, 0x00,
  0x00, 0x00, 0x00, 0x00, 0x00, 0x00, 0x00, 0x00, 0x00, 0x00, 0x00, 0x00, 0x00, 0x00, 0x00, 0x00,
  0x00, 0x00, 0x00, 0x00, 0x00, 0x00, 0x00, 0x00, 0x00, 0x00, 0x00, 0x00, 0x00, 0x00, 0x00, 0x00,
  0x00, 0x00, 0x00, 0x00, 0x00, 0x00, 0x00, 0x00, 0x00, 0x00, 0x00, 0x00, 0x00, 0x00, 0x00, 0x00,
  0x00, 0x00, 0x00, 0x00, 0x00, 0x00, 0x00, 0x00, 0x00, 0x00, 0x00, 0x00, 0x00, 0x00, 0x00, 0x00,
  0x00, 0x00, 0x00, 0x00, 0x00, 0x00, 0x00, 0x00, 0x00, 0x00, 0x00, 0x00, 0x00, 0x00, 0x00, 0x00,
  0x00, 0x00, 0x00, 0x00, 0x00, 0x00, 0x00, 0x00, 0x00, 0x00, 0x00, 0x00, 0x00, 0x00, 0x00, 0x00,
  0x00, 0x00, 0x00, 0x00, 0x00, 0x00, 0x00, 0x00, 0x00, 0x00, 0x00, 0x00, 0x00, 0x00, 0x00, 0x00,
  0x00, 0x00, 0x00, 0x00, 0x00, 0x00, 0x00, 0x00, 0x00, 0x00, 0x00, 0x00, 0x00, 0x00, 0x00, 0x00,
  0x00, 0x00, 0x00, 0x00, 0x00, 0x00, 0x00, 0x00, 0x00, 0x00, 0x00, 0x00, 0x00, 0x00, 0x00, 0x00,
  0x00, 0x00, 0x00, 0x00, 0x00, 0x00, 0x00, 0x00, 0x00, 0x00, 0x00, 0x00, 0x00, 0x00, 0x00, 0x00,
  0x00, 0x00, 0x00, 0x00, 0x00, 0x00, 0x00, 0x00, 0x55, 0xad, 0x00, 0x00, 0x57, 0xa5, 0x18, 0x95,
  0x54, 0x74, 0x35, 0x64, 0x35, 0x5c, 0x56, 0x5c, 0x76, 0x5c, 0x97, 0x64, 0xb7, 0x64, 0xd7, 0x6c,
  0xd8, 0x6c, 0xf7, 0x6c, 0xf8, 0x6c, 0x18, 0x6d, 0x18, 0x75, 0x38, 0x7d, 0x59, 0x85, 0x59, 0x8d,
  0x59, 0x8d, 0x58, 0x8d, 0x38, 0x8d, 0x38, 0x85, 0xf8, 0x7c, 0xd7, 0x74, 0x97, 0x64, 0x76, 0x5c,
  0x36, 0x54, 0xf5, 0x4b, 0x94, 0x43, 0x33, 0x3b, 0xf1, 0x32, 0x90, 0x32, 0x4f, 0x2a, 0x4f, 0x32,
  0x2e, 0x2a, 0x2e, 0x2a, 0x4f, 0x2a, 0x4f, 0x2a, 0x6f, 0x32, 0x6f, 0x2a, 0x6e, 0x32, 0x6f, 0x2a,
  0x6e, 0x32, 0x6f, 0x32, 0x6e, 0x2a, 0x8f, 0x32, 0x6f, 0x32, 0x6f, 0x32, 0x6f, 0x32, 0x8e, 0x2a,
  0x6f, 0x32, 0x6f, 0x32, 0x6e, 0x32, 0x6e, 0x2a, 0x6f, 0x32, 0x6e, 0x2a, 0x6f, 0x2a, 0x6f, 0x32,
  0x6f, 0x2a, 0x6f, 0x32, 0x6f, 0x32, 0x8f, 0x32, 0x8f, 0x32, 0xaf, 0x32, 0xaf, 0x3a, 0xb0, 0x3a,
  0xaf, 0x32, 0xb0, 0x32, 0xd0, 0x3a, 0xaf, 0x3a, 0xd0, 0x3a, 0xb0, 0x3a, 0xd0, 0x3a, 0xb0, 0x3a,
  0xd0, 0x3a, 0xb0, 0x3a, 0xd1, 0x32, 0xb0, 0x3a, 0x90, 0x32, 0xb0, 0x32, 0xd1, 0x32, 0x12, 0x3b,
  0x53, 0x3b, 0x94, 0x43, 0xd5, 0x4b, 0x16, 0x4c, 0x56, 0x54, 0x77, 0x5c, 0xb8, 0x5c, 0xd8, 0x64,
  0xf8, 0x64, 0x19, 0x6d, 0x39, 0x6d, 0x59, 0x75, 0x59, 0x75, 0x79, 0x7d, 0x9a, 0x85, 0xba, 0x85,
  0xba, 0x95, 0xda, 0x95, 0xfa, 0x9d, 0xfa, 0xa5, 0xfa, 0xa5, 0x1a, 0x9e, 0x1b, 0xa6, 0xfa, 0x9d,
  0xfb, 0x9d, 0xfa, 0x9d, 0xfa, 0x95, 0xda, 0x95, 0xda, 0x8d, 0x1b, 0x9e, 0xfa, 0x95, 0x00, 0x00,
  0xff, 0x83, 0x00, 0x00, 0x00, 0x00, 0x00, 0x00, 0x00, 0x00, 0x00, 0x00, 0x00, 0x00, 0x00, 0x00,
  0x00, 0x00, 0x00, 0x00, 0x00, 0x00, 0x00, 0x00, 0x00, 0x00, 0x00, 0x00, 0x00, 0x00, 0x00, 0x00,
  0x00, 0x00, 0x00, 0x00, 0x00, 0x00, 0x00, 0x00, 0x00, 0x00, 0x00, 0x00, 0x00, 0x00, 0x00, 0x00,
  0x00, 0x00, 0x00, 0x00, 0x00, 0x00, 0x00, 0x00, 0x00, 0x00, 0x00, 0x00, 0x00, 0x00, 0x00, 0x00,
  0x00, 0x00, 0x00, 0x00, 0x00, 0x00, 0x00, 0x00, 0x00, 0x00, 0x00, 0x00, 0x00, 0x00, 0x00, 0x00,
  0x00, 0x00, 0x00, 0x00, 0x00, 0x00, 0x00, 0x00, 0x00, 0x00, 0x00, 0x00, 0x00, 0x00, 0x00, 0x00,
  0x00, 0x00, 0x00, 0x00, 0x00, 0x00, 0x00, 0x00, 0x00, 0x00, 0x00, 0x00, 0x00, 0x00, 0x00, 0x00,
  0x00, 0x00, 0x00, 0x00, 0x00, 0x00, 0x00, 0x00, 0x00, 0x00, 0x00, 0x00, 0x00, 0x00, 0x00, 0x00,
  0x00, 0x00, 0x00, 0x00, 0x00, 0x00, 0x00, 0x00, 0x00, 0x00, 0x00, 0x00, 0x00, 0x00, 0x00, 0x00,
  0x00, 0x00, 0x00, 0x00, 0x00, 0x00, 0x00, 0x00, 0x00, 0x00, 0x00, 0x00, 0x00, 0x00, 0x00, 0x00,
  0x00, 0x00, 0x00, 0x00, 0x00, 0x00, 0x00, 0x00, 0x00, 0x00, 0x00, 0x00, 0x00, 0x00, 0x00, 0x00,
  0x00, 0x00, 0x00, 0x00, 0x00, 0x00, 0x00, 0x00, 0x00, 0x00, 0xff, 0xff, 0x00, 0x00, 0x16, 0x8d,
  0x75, 0x84, 0x34, 0x74, 0xf4, 0x63, 0xf4, 0x5b, 0x35, 0x5c, 0x55, 0x5c, 0x56, 0x5c, 0x96, 0x5c,
  0xb7, 0x64, 0xb7, 0x64, 0xd8, 0x64, 0xd8, 0x6c, 0xf8, 0x6c, 0xf8, 0x6c, 0x38, 0x75, 0x38, 0x85,
  0x38, 0x85, 0x58, 0x8d, 0x58, 0x8d, 0x79, 0x8d, 0x58, 0x8d, 0x38, 0x85, 0xf8, 0x7c, 0xf7, 0x74,
  0x97, 0x6c, 0x76, 0x64, 0x36, 0x54, 0xf5, 0x4b, 0xb4, 0x4b, 0x73, 0x3b, 0x12, 0x3b, 0xb1, 0x32,
  0x6f, 0x32, 0x4e, 0x2a, 0x2e, 0x2a, 0x4e, 0x2a, 0x2e, 0x2a, 0x2e, 0x2a, 0x4e, 0x2a, 0x6e, 0x32,
  0x6f, 0x32, 0x6e, 0x32, 0x6f, 0x2a, 0x6e, 0x32, 0x6e, 0x32, 0x6e, 0x2a, 0x6f, 0x32, 0x8e, 0x32,
  0x6e, 0x32, 0x6e, 0x32, 0x8e, 0x32, 0x6f, 0x32, 0x8f, 0x32, 0x8f, 0x32, 0x6e, 0x32, 0x6f, 0x32,
  0x8f, 0x32, 0x8f, 0x32, 0x8f, 0x32, 0x8f, 0x32, 0x8f, 0x32, 0x8f, 0x32, 0xaf, 0x32, 0x8f, 0x3a,
  0xaf, 0x32, 0xaf, 0x32, 0x8f, 0x3a, 0xaf, 0x3a, 0x8f, 0x32, 0xaf, 0x32, 0x8f, 0x32, 0xaf, 0x3a,
  0xaf, 0x32, 0xb0, 0x3a, 0x8f, 0x32, 0x90, 0x3a, 0x6f, 0x32, 0x6f, 0x2a, 0x6f, 0x2a, 0x90, 0x32,
  0xd0, 0x32, 0xf2, 0x3a, 0x52, 0x43, 0x94, 0x43, 0xd4, 0x4b, 0x15, 0x4c, 0x36, 0x54, 0x57, 0x54,
  0x97, 0x5c, 0xb8, 0x64, 0xd8, 0x64, 0xf8, 0x64, 0x18, 0x6d, 0x39, 0x6d, 0x39, 0x75, 0x59, 0x75,
  0x79, 0x7d, 0x99, 0x85, 0xb9, 0x8d, 0xba, 0x95, 0xda, 0x9d, 0xf9, 0x9d, 0xfa, 0xa5, 0xfa, 0xa5,
  0xfa, 0xa5, 0xfa, 0xa5, 0xfa, 0x9d, 0xda, 0x95, 0xda, 0x8d, 0xda, 0x8d, 0xba, 0x8d, 0xda, 0x8d,
  0xb9, 0x95, 0x7d, 0xae, 0x00, 0x00, 0xff, 0xff, 0x00, 0x00, 0x00, 0x00, 0x00, 0x00, 0x00, 0x00,
  0x00, 0x00, 0x00, 0x00, 0x00, 0x00, 0x00, 0x00, 0x00, 0x00, 0x00, 0x00, 0x00, 0x00, 0x00, 0x00,
  0x00, 0x00, 0x00, 0x00, 0x00, 0x00, 0x00, 0x00, 0x00, 0x00, 0x00, 0x00, 0x00, 0x00, 0x00, 0x00,
  0x00, 0x00, 0x00, 0x00, 0x00, 0x00, 0x00, 0x00, 0x00, 0x00, 0x00, 0x00, 0x00, 0x00, 0x00, 0x00,
  0x00, 0x00, 0x00, 0x00, 0x00, 0x00, 0x00, 0x00, 0x00, 0x00, 0x00, 0x00, 0x00, 0x00, 0x00, 0x00,
  0x00, 0x00, 0x00, 0x00, 0x00, 0x00, 0x00, 0x00, 0x00, 0x00, 0x00, 0x00, 0x00, 0x00, 0x00, 0x00,
  0x00, 0x00, 0x00, 0x00, 0x00, 0x00, 0x00, 0x00, 0x00, 0x00, 0x00, 0x00, 0x00, 0x00, 0x00, 0x00,
  0x00, 0x00, 0x00, 0x00, 0x00, 0x00, 0x00, 0x00, 0x00, 0x00, 0x00, 0x00, 0x00, 0x00, 0x00, 0x00,
  0x00, 0x00, 0x00, 0x00, 0x00, 0x00, 0x00, 0x00, 0x00, 0x00, 0x00, 0x00, 0x00, 0x00, 0x00, 0x00,
  0x00, 0x00, 0x00, 0x00, 0x00, 0x00, 0x00, 0x00, 0x00, 0x00, 0x00, 0x00, 0x00, 0x00, 0x00, 0x00,
  0x00, 0x00, 0x00, 0x00, 0x00, 0x00, 0x00, 0x00, 0x00, 0x00, 0x00, 0x00, 0x00, 0x00, 0x00, 0x00,
  0x00, 0x00, 0x00, 0x00, 0x00, 0x00, 0x00, 0x00, 0x00, 0x00, 0x00, 0x00, 0x00, 0x00, 0xef, 0x7b,
  0x00, 0x00, 0x54, 0x7c, 0xd2, 0x6b, 0xb2, 0x5b, 0xb3, 0x53, 0xd4, 0x53, 0xf5, 0x53, 0x35, 0x54,
  0x56, 0x5c, 0x76, 0x5c, 0x76, 0x5c, 0xb7, 0x64, 0xb7, 0x6c, 0xd7, 0x64, 0xd7, 0x6c, 0xf7, 0x6c,
  0xf8, 0x74, 0x18, 0x75, 0x18, 0x85, 0x38, 0x85, 0x38, 0x8d, 0x38, 0x8d, 0x38, 0x85, 0x18, 0x85,
  0x17, 0x7d, 0xd7, 0x74, 0xb7, 0x6c, 0x97, 0x64, 0x56, 0x5c, 0x15, 0x54, 0xd5, 0x4b, 0x94, 0x43,
  0x33, 0x43, 0xf1, 0x3a, 0xb0, 0x32, 0x6f, 0x2a, 0x2e, 0x2a, 0x2e, 0x2a, 0x4d, 0x2a, 0x2d, 0x2a,
  0x2e, 0x2a, 0x2e, 0x32, 0x4e, 0x32, 0x4e, 0x32, 0x4e, 0x32, 0x6f, 0x3a, 0x8f, 0x3a, 0x6f, 0x32,
  0x8e, 0x32, 0x6e, 0x32, 0x6e, 0x32, 0x6f, 0x32, 0x6e, 0x32, 0x6e, 0x32, 0x6e, 0x32, 0x6e, 0x32,
  0x6f, 0x32, 0x8e, 0x32, 0x6e, 0x32, 0x6f, 0x32, 0x6f, 0x32, 0x6e, 0x32, 0x8f, 0x32, 0x6e, 0x32,
  0x8f, 0x32, 0x6e, 0x32, 0x6f, 0x32, 0x8e, 0x32, 0x8f, 0x32, 0x6f, 0x3a, 0x8e, 0x3a, 0x8f, 0x3a,
  0x8f, 0x32, 0x6e, 0x3a, 0x6f, 0x3a, 0x6e, 0x3a, 0x6e, 0x32, 0x4e, 0x32, 0x2e, 0x2a, 0x4e, 0x2a,
  0x6f, 0x32, 0x8f, 0x32, 0xb0, 0x32, 0xf1, 0x3a, 0x33, 0x3b, 0x73, 0x43, 0xb4, 0x43, 0xd5, 0x4b,
  0xf5, 0x4b, 0x36, 0x54, 0x56, 0x5c, 0x97, 0x5c, 0x97, 0x5c, 0xd8, 0x64, 0xd8, 0x64, 0x18, 0x6d,
  0x18, 0x6d, 0x59, 0x75, 0x59, 0x7d, 0x79, 0x85, 0x99, 0x8d, 0xba, 0x8d, 0xb9, 0x95, 0xda, 0x9d,
  0xda, 0x9d, 0xda, 0xa5, 0xfa, 0x9d, 0xda, 0x9d, 0xda, 0x9d, 0xda, 0x95, 0xda, 0x8d, 0xba, 0x85,
  0xba, 0x85, 0xba, 0x85, 0x99, 0x8d, 0xfa, 0x9d, 0x00, 0x00, 0xff, 0x7f, 0x00, 0x00, 0x00, 0x00,
  0x00, 0x00, 0x00, 0x00, 0x00, 0x00, 0x00, 0x00, 0x00, 0x00, 0x00, 0x00, 0x00, 0x00, 0x00, 0x00,
  0x00, 0x00, 0x00, 0x00, 0x00, 0x00, 0x00, 0x00, 0x00, 0x00, 0x00, 0x00, 0x00, 0x00, 0x00, 0x00,
  0x00, 0x00, 0x00, 0x00, 0x00, 0x00, 0x00, 0x00, 0x00, 0x00, 0x00, 0x00, 0x00, 0x00, 0x00, 0x00,
  0x00, 0x00, 0x00, 0x00, 0x00, 0x00, 0x00, 0x00, 0x00, 0x00, 0x00, 0x00, 0x00, 0x00, 0x00, 0x00,
  0x00, 0x00, 0x00, 0x00, 0x00, 0x00, 0x00, 0x00, 0x00, 0x00, 0x00, 0x00, 0x00, 0x00, 0x00, 0x00,
  0x00, 0x00, 0x00, 0x00, 0x00, 0x00, 0x00, 0x00, 0x00, 0x00, 0x00, 0x00, 0x00, 0x00, 0x00, 0x00,
  0x00, 0x00, 0x00, 0x00, 0x00, 0x00, 0x00, 0x00, 0x00, 0x00, 0x00, 0x00, 0x00, 0x00, 0x00, 0x00,
  0x00, 0x00, 0x00, 0x00, 0x00, 0x00, 0x00, 0x00, 0x00, 0x00, 0x00, 0x00, 0x00, 0x00, 0x00, 0x00,
  0x00, 0x00, 0x00, 0x00, 0x00, 0x00, 0x00, 0x00, 0x00, 0x00, 0x00, 0x00, 0x00, 0x00, 0x00, 0x00,
  0x00, 0x00, 0x00, 0x00, 0x00, 0x00, 0x00, 0x00, 0x00, 0x00, 0x00, 0x00, 0x00, 0x00, 0x00, 0x00,
  0x00, 0x00, 0x00, 0x00, 0x00, 0x00, 0x00, 0x00, 0x00, 0x00, 0x00, 0x00, 0x00, 0x00, 0x00, 0x00,
  0x00, 0x00, 0x10, 0x84, 0x00, 0x00, 0x91, 0x63, 0x71, 0x5b, 0x51, 0x4b, 0x52, 0x4b, 0x92, 0x4b,
  0xb4, 0x4b, 0xf4, 0x53, 0x15, 0x54, 0x56, 0x5c, 0x56, 0x5c, 0x76, 0x5c, 0x97, 0x5c, 0xb7, 0x64,
  0xd7, 0x6c, 0xd7, 0x64, 0xd8, 0x6c, 0xf7, 0x74, 0xf7, 0x74, 0x18, 0x75, 0x18, 0x7d, 0x18, 0x7d,
  0x18, 0x7d, 0xf7, 0x74, 0xd8, 0x74, 0xb7, 0x6c, 0xb7, 0x64, 0x76, 0x5c, 0x56, 0x54, 0x15, 0x54,
  0xd5, 0x4b, 0xb4, 0x43, 0x73, 0x43, 0x32, 0x3b, 0xd1, 0x32, 0xb0, 0x32, 0x6f, 0x32, 0x2d, 0x2a,
  0x0e, 0x32, 0x2d, 0x2a, 0x2d, 0x32, 0x2d, 0x32, 0x2e, 0x32, 0x4e, 0x32, 0x6e, 0x3a, 0x6e, 0x3a,
  0x6e, 0x3a, 0x8e, 0x3a, 0x8f, 0x3a, 0x8f, 0x3a, 0xaf, 0x3a, 0x8f, 0x3a, 0x8f, 0x3a, 0x8f, 0x3a,
  0x6f, 0x3a, 0x8f, 0x32, 0x6e, 0x3a, 0x6f, 0x3a, 0x8e, 0x32, 0x6f, 0x3a, 0x8e, 0x3a, 0x8f, 0x3a,
  0x6e, 0x3a, 0x8f, 0x3a, 0x8f, 0x3a, 0x8f, 0x3a, 0x8f, 0x3a, 0x8f, 0x42, 0xaf, 0x3a, 0x8f, 0x42,
  0x8f, 0x3a, 0x6e, 0x3a, 0x6e, 0x3a, 0x8e, 0x42, 0x6e, 0x3a, 0x4e, 0x3a, 0x4e, 0x32, 0x2d, 0x32,
  0x4d, 0x2a, 0x4e, 0x32, 0x4e, 0x2a, 0x8f, 0x32, 0xb0, 0x32, 0xf1, 0x3a, 0x32, 0x3b, 0x53, 0x43,
  0x74, 0x43, 0xb4, 0x4b, 0xd5, 0x4b, 0xf5, 0x4b, 0x36, 0x54, 0x56, 0x54, 0x77, 0x5c, 0x97, 0x64,
  0xb7, 0x64, 0xd7, 0x64, 0xf8, 0x6c, 0xf8, 0x6c, 0x38, 0x75, 0x39, 0x7d, 0x59, 0x7d, 0x79, 0x85,
  0x99, 0x8d, 0x99, 0x95, 0xb9, 0x95, 0xba, 0x95, 0xb9, 0x95, 0xda, 0x95, 0xba, 0x8d, 0xba, 0x85,
  0x99, 0x85, 0x99, 0x85, 0x99, 0x7d, 0x99, 0x85, 0x79, 0x85, 0x99, 0x8d, 0x00, 0x00, 0xff, 0x87,
  0x00, 0x00, 0x00, 0x00, 0x00, 0x00, 0x00, 0x00, 0x00, 0x00, 0x00, 0x00, 0x00, 0x00, 0x00, 0x00,
  0x00, 0x00, 0x00, 0x00, 0x00, 0x00, 0x00, 0x00, 0x00, 0x00, 0x00, 0x00, 0x00, 0x00, 0x00, 0x00,
  0x00, 0x00, 0x00, 0x00, 0x00, 0x00, 0x00, 0x00, 0x00, 0x00, 0x00, 0x00, 0x00, 0x00, 0x00, 0x00,
  0x00, 0x00, 0x00, 0x00, 0x00, 0x00, 0x00, 0x00, 0x00, 0x00, 0x00, 0x00, 0x00, 0x00, 0x00, 0x00,
  0x00, 0x00, 0x00, 0x00, 0x00, 0x00, 0x00, 0x00, 0x00, 0x00, 0x00, 0x00, 0x00, 0x00, 0x00, 0x00,
  0x00, 0x00, 0x00, 0x00, 0x00, 0x00, 0x00, 0x00, 0x00, 0x00, 0x00, 0x00, 0x00, 0x00, 0x00, 0x00,
  0x00, 0x00, 0x00, 0x00, 0x00, 0x00, 0x00, 0x00, 0x00, 0x00, 0x00, 0x00, 0x00, 0x00, 0x00, 0x00,
  0x00, 0x00, 0x00, 0x00, 0x00, 0x00, 0x00, 0x00, 0x00, 0x00, 0x00, 0x00, 0x00, 0x00, 0x00, 0x00,
  0x00, 0x00, 0x00, 0x00, 0x00, 0x00, 0x00, 0x00, 0x00, 0x00, 0x00, 0x00, 0x00, 0x00, 0x00, 0x00,
  0x00, 0x00, 0x00, 0x00, 0x00, 0x00, 0x00, 0x00, 0x00, 0x00, 0x00, 0x00, 0x00, 0x00, 0x00, 0x00,
  0x00, 0x00, 0x00, 0x00, 0x00, 0x00, 0x00, 0x00, 0x00, 0x00, 0x00, 0x00, 0x00, 0x00, 0x00, 0x00,
  0x00, 0x00, 0x00, 0x00, 0x00, 0x00, 0xef, 0x7b, 0x00, 0x00, 0x50, 0x5b, 0x10, 0x4b, 0x11, 0x43,
  0x10, 0x43, 0x32, 0x43, 0x72, 0x4b, 0xb3, 0x4b, 0xf4, 0x53, 0x15, 0x54, 0x35, 0x54, 0x56, 0x5c,
  0x76, 0x5c, 0x76, 0x5c, 0x97, 0x64, 0xb7, 0x64, 0xb7, 0x64, 0xd7, 0x64, 0xd8, 0x6c, 0xd7, 0x6c,
  0xd7, 0x6c, 0xd7, 0x6c, 0xd7, 0x6c, 0xd7, 0x6c, 0xd7, 0x64, 0xb7, 0x64, 0x76, 0x5c, 0x76, 0x5c,
  0x36, 0x54, 0x16, 0x54, 0xf5, 0x4b, 0xb4, 0x4b, 0x73, 0x43, 0x32, 0x3b, 0xf1, 0x3a, 0xb0, 0x3a,
  0x8f, 0x32, 0x4e, 0x2a, 0x4e, 0x2a, 0x0d, 0x32, 0x2e, 0x32, 0x2d, 0x2a, 0x2d, 0x32, 0x4e, 0x3a,
  0x4d, 0x3a, 0xeb, 0x41, 0xac, 0x42, 0x6e, 0x42, 0x6d, 0x3a, 0x6d, 0x42, 0x6d, 0x3a, 0x6e, 0x3a,
  0x6d, 0x3a, 0x4d, 0x3a, 0x6e, 0x3a, 0x6d, 0x3a, 0x4e, 0x3a, 0x6d, 0x3a, 0x6e, 0x3a, 0x6e, 0x32,
  0x6d, 0x3a, 0x6e, 0x3a, 0x4e, 0x3a, 0x6d, 0x3a, 0x6d, 0x3a, 0x6e, 0x3a, 0x6d, 0x3a, 0x6e, 0x3a,
  0x6d, 0x3a, 0x6d, 0x3a, 0x6e, 0x3a, 0x6d, 0x32, 0x6c, 0x3a, 0x4e, 0x3a, 0x6e, 0x3a, 0x2d, 0x32,
  0x2e, 0x32, 0x2d, 0x2a, 0x2e, 0x32, 0x2e, 0x2a, 0x6f, 0x32, 0x8f, 0x32, 0xb0, 0x32, 0xd0, 0x32,
  0xf1, 0x3a, 0x32, 0x3b, 0x53, 0x43, 0x73, 0x43, 0xb4, 0x43, 0xd4, 0x4b, 0xf5, 0x4b, 0x15, 0x54,
  0x36, 0x54, 0x76, 0x54, 0x77, 0x5c, 0x97, 0x64, 0xb7, 0x64, 0xf8, 0x64, 0xf8, 0x6c, 0x18, 0x6d,
  0x18, 0x75, 0x39, 0x7d, 0x59, 0x7d, 0x59, 0x85, 0x79, 0x85, 0x79, 0x85, 0x79, 0x8d, 0x79, 0x85,
  0x79, 0x85, 0x79, 0x7d, 0x79, 0x7d, 0x7a, 0x7d, 0x59, 0x7d, 0x79, 0x7d, 0x59, 0x85, 0xba, 0x8d,
  0x00, 0x00, 0xff, 0xff, 0x00, 0x00, 0x00, 0x00, 0x00, 0x00, 0x00, 0x00, 0x00, 0x00, 0x00, 0x00,
  0x00, 0x00, 0x00, 0x00, 0x00, 0x00, 0x00, 0x00, 0x00, 0x00, 0x00, 0x00, 0x00, 0x00, 0x00, 0x00,
  0x00, 0x00, 0x00, 0x00, 0x00, 0x00, 0x00, 0x00, 0x00, 0x00, 0x00, 0x00, 0x00, 0x00, 0x00, 0x00,
  0x00, 0x00, 0x00, 0x00, 0x00, 0x00, 0x00, 0x00, 0x00, 0x00, 0x00, 0x00, 0x00, 0x00, 0x00, 0x00,
  0x00, 0x00, 0x00, 0x00, 0x00, 0x00, 0x00, 0x00, 0x00, 0x00, 0x00, 0x00, 0x00, 0x00, 0x00, 0x00,
  0x00, 0x00, 0x00, 0x00, 0x00, 0x00, 0x00, 0x00, 0x00, 0x00, 0x00, 0x00, 0x00, 0x00, 0x00, 0x00,
  0x00, 0x00, 0x00, 0x00, 0x00, 0x00, 0x00, 0x00, 0x00, 0x00, 0x00, 0x00, 0x00, 0x00, 0x00, 0x00,
  0x00, 0x00, 0x00, 0x00, 0x00, 0x00, 0x00, 0x00, 0x00, 0x00, 0x00, 0x00, 0x00, 0x00, 0x00, 0x00,
  0x00, 0x00, 0x00, 0x00, 0x00, 0x00, 0x00, 0x00, 0x00, 0x00, 0x00, 0x00, 0x00, 0x00, 0x00, 0x00,
  0x00, 0x00, 0x00, 0x00, 0x00, 0x00, 0x00, 0x00, 0x00, 0x00, 0x00, 0x00, 0x00, 0x00, 0x00, 0x00,
  0x00, 0x00, 0x00, 0x00, 0x00, 0x00, 0x00, 0x00, 0x00, 0x00, 0x00, 0x00, 0x00, 0x00, 0x00, 0x00,
  0x00, 0x00, 0x00, 0x00, 0x00, 0x00, 0x00, 0x00, 0x00, 0x00, 0x00, 0x00, 0x00, 0x00, 0x10, 0x42,
  0xef, 0x4a, 0xf0, 0x42, 0xf0, 0x3a, 0x10, 0x3b, 0x31, 0x43, 0x52, 0x43, 0x93, 0x43, 0xd3, 0x4b,
  0xf4, 0x4b, 0x15, 0x54, 0x35, 0x5c, 0x56, 0x5c, 0x76, 0x5c, 0x96, 0x5c, 0x97, 0x64, 0xb7, 0x64,
  0xb7, 0x64, 0xb7, 0x6c, 0xb7, 0x64, 0xb7, 0x6c, 0xb7, 0x64, 0xb7, 0x6c, 0x97, 0x64, 0x97, 0x5c,
  0x76, 0x5c, 0x56, 0x5c, 0x56, 0x54, 0x15, 0x54, 0xf5, 0x4b, 0xd4, 0x4b, 0x94, 0x43, 0x53, 0x43,
  0x12, 0x3b, 0xf0, 0x3a, 0x90, 0x32, 0x6e, 0x32, 0x4e, 0x32, 0x2d, 0x32, 0x2e, 0x32, 0x2e, 0x32,
  0x6e, 0x3a, 0x2c, 0x32, 0x00, 0x00, 0x00, 0x00, 0x00, 0x00, 0x00, 0x00, 0x00, 0x00, 0x00, 0x00,
  0x00, 0x00, 0x00, 0x00, 0x00, 0x00, 0x00, 0x00, 0xac, 0x31, 0xed, 0x29, 0x8e, 0x32, 0x0d, 0x32,
  0x4c, 0x32, 0x2c, 0x3a, 0x4e, 0x3a, 0x0d, 0x32, 0x0d, 0x42, 0x0d, 0x3a, 0xaa, 0x2a, 0x00, 0x00,
  0x00, 0x00, 0x00, 0x00, 0x00, 0x00, 0x00, 0x00, 0x00, 0x00, 0x00, 0x00, 0x00, 0x00, 0x29, 0x29,
  0x2d, 0x3a, 0x6e, 0x3a, 0x2e, 0x32, 0x2d, 0x2a, 0x2e, 0x32, 0x4e, 0x32, 0x6f, 0x2a, 0x6f, 0x32,
  0x90, 0x32, 0xb0, 0x3a, 0xf1, 0x3a, 0xf1, 0x3a, 0x32, 0x43, 0x52, 0x3b, 0x53, 0x43, 0x73, 0x4b,
  0x94, 0x4b, 0xd4, 0x4b, 0xf5, 0x4b, 0x15, 0x54, 0x56, 0x54, 0x56, 0x5c, 0x97, 0x5c, 0x97, 0x64,
  0xb7, 0x64, 0xd8, 0x64, 0xf8, 0x6c, 0xf8, 0x6c, 0x18, 0x75, 0x38, 0x75, 0x39, 0x7d, 0x39, 0x75,
  0x59, 0x7d, 0x59, 0x75, 0x59, 0x75, 0x59, 0x75, 0x59, 0x7d, 0x38, 0x75, 0x39, 0x75, 0x79, 0x85,
  0x18, 0x7d, 0x00, 0x00, 0x1f, 0x84, 0x00, 0x00, 0x00, 0x00, 0x00, 0x00, 0x00, 0x00, 0x00, 0x00,
  0x00, 0x00, 0x00, 0x00, 0x00, 0x00, 0x00, 0x00, 0x00, 0x00, 0x00, 0x00, 0x00, 0x00, 0x00, 0x00,
  0x00, 0x00, 0x00, 0x00, 0x00, 0x00, 0x00, 0x00, 0x00, 0x00, 0x00, 0x00, 0x00, 0x00, 0x00, 0x00,
  0x00, 0x00, 0x00, 0x00, 0x00, 0x00, 0x00, 0x00, 0x00, 0x00, 0x00, 0x00, 0x00, 0x00, 0x00, 0x00,
  0x00, 0x00, 0x00, 0x00, 0x00, 0x00, 0x00, 0x00, 0x00, 0x00, 0x00, 0x00, 0x00, 0x00, 0x00, 0x00,
  0x00, 0x00, 0x00, 0x00, 0x00, 0x00, 0x00, 0x00, 0x00, 0x00, 0x00, 0x00, 0x00, 0x00, 0x00, 0x00,
  0x00, 0x00, 0x00, 0x00, 0x00, 0x00, 0x00, 0x00, 0x00, 0x00, 0x00, 0x00, 0x00, 0x00, 0x00, 0x00,
  0x00, 0x00, 0x00, 0x00, 0x00, 0x00, 0x00, 0x00, 0x00, 0x00, 0x00, 0x00, 0x00, 0x00, 0x00, 0x00,
  0x00, 0x00, 0x00, 0x00, 0x00, 0x00, 0x00, 0x00, 0x00, 0x00, 0x00, 0x00, 0x00, 0x00, 0x00, 0x00,
  0x00, 0x00, 0x00, 0x00, 0x00, 0x00, 0x00, 0x00, 0x00, 0x00, 0x00, 0x00, 0x00, 0x00, 0x00, 0x00,
  0x00, 0x00, 0x00, 0x00, 0x00, 0x00, 0x00, 0x00, 0x00, 0x00, 0x00, 0x00, 0x00, 0x00, 0x00, 0x00,
  0x00, 0x00, 0x00, 0x00, 0x00, 0x00, 0x00, 0x00, 0x00, 0x00, 0x00, 0x00, 0x00, 0x00, 0x00, 0x00,
  0xb5, 0x52, 0x00, 0x00, 0xcf, 0x4a, 0x10, 0x43, 0xd0, 0x3a, 0xcf, 0x3a, 0xd0, 0x42, 0xf0, 0x3a,
  0x31, 0x43, 0x52, 0x43, 0x93, 0x4b, 0xd4, 0x4b, 0xf4, 0x4b, 0x15, 0x54, 0x35, 0x54, 0x36, 0x5c,
  0x76, 0x5c, 0x76, 0x5c, 0x76, 0x5c, 0x97, 0x5c, 0x96, 0x64, 0x97, 0x64, 0x97, 0x64, 0x76, 0x5c,
  0x96, 0x5c, 0x76, 0x5c, 0x57, 0x5c, 0x56, 0x54, 0x15, 0x54, 0x15, 0x4c, 0xd4, 0x4b, 0xb4, 0x43,
  0x93, 0x43, 0x52, 0x43, 0x32, 0x3b, 0xf1, 0x3a, 0xb0, 0x32, 0x8f, 0x32, 0x4e, 0x32, 0x2e, 0x2a,
  0x6e, 0x3a, 0x4d, 0x3a, 0x4d, 0x3a, 0x00, 0x00, 0xff, 0x07, 0x1f, 0x00, 0x00, 0x00, 0xf0, 0x7b,
  0xaa, 0x52, 0x10, 0x42, 0xef, 0x41, 0xab, 0x52, 0xef, 0x03, 0x00, 0x00, 0x00, 0x00, 0x00, 0x00,
  0x00, 0x00, 0x00, 0x00, 0x00, 0x00, 0x00, 0x00, 0x00, 0x00, 0x00, 0x00, 0x00, 0x00, 0x00, 0x00,
  0x00, 0x00, 0x00, 0x00, 0x1f, 0x00, 0xaa, 0x52, 0xf0, 0x41, 0x0f, 0x42, 0xaa, 0x52, 0x10, 0x00,
  0xaa, 0x5a, 0x00, 0x00, 0x49, 0x22, 0x4d, 0x3a, 0x8e, 0x3a, 0x4e, 0x32, 0x4e, 0x32, 0x4e, 0x32,
  0x6e, 0x32, 0x6f, 0x32, 0x8f, 0x32, 0x8f, 0x32, 0xb0, 0x32, 0xd0, 0x3a, 0xf1, 0x3a, 0x11, 0x3b,
  0x32, 0x43, 0x52, 0x43, 0x73, 0x43, 0x93, 0x43, 0xb4, 0x4b, 0xd4, 0x4b, 0xf5, 0x53, 0x35, 0x54,
  0x36, 0x54, 0x76, 0x5c, 0x76, 0x5c, 0xb7, 0x64, 0xb7, 0x5c, 0xd7, 0x64, 0xd8, 0x6c, 0xf8, 0x64,
  0xf8, 0x6c, 0x18, 0x6d, 0x18, 0x6d, 0x18, 0x6d, 0x18, 0x75, 0xf8, 0x6c, 0x18, 0x6d, 0xf8, 0x6c,
  0xf8, 0x74, 0xf8, 0x74, 0xd6, 0x7c, 0x00, 0x00, 0x55, 0x55, 0x00, 0x00, 0x00, 0x00, 0x00, 0x00,
  0x00, 0x00, 0x00, 0x00, 0x00, 0x00, 0x00, 0x00, 0x00, 0x00, 0x00, 0x00, 0x00, 0x00, 0x00, 0x00,
  0x00, 0x00, 0x00, 0x00, 0x00, 0x00, 0x00, 0x00, 0x00, 0x00, 0x00, 0x00, 0x00, 0x00, 0x00, 0x00,
  0x00, 0x00, 0x00, 0x00, 0x00, 0x00, 0x00, 0x00, 0x00, 0x00, 0x00, 0x00, 0x00, 0x00, 0x00, 0x00,
  0x00, 0x00, 0x00, 0x00, 0x00, 0x00, 0x00, 0x00, 0x00, 0x00, 0x00, 0x00, 0x00, 0x00, 0x00, 0x00,
  0x00, 0x00, 0x00, 0x00, 0x00, 0x00, 0x00, 0x00, 0x00, 0x00, 0x00, 0x00, 0x00, 0x00, 0x00, 0x00,
  0x00, 0x00, 0x00, 0x00, 0x00, 0x00, 0x00, 0x00, 0x00, 0x00, 0x00, 0x00, 0x00, 0x00, 0x00, 0x00,
  0x00, 0x00, 0x00, 0x00, 0x00, 0x00, 0x00, 0x00, 0x00, 0x00, 0x00, 0x00, 0x00, 0x00, 0x00, 0x00,
  0x00, 0x00, 0x00, 0x00, 0x00, 0x00, 0x00, 0x00, 0x00, 0x00, 0x00, 0x00, 0x00, 0x00, 0x00, 0x00,
  0x00, 0x00, 0x00, 0x00, 0x00, 0x00, 0x00, 0x00, 0x00, 0x00, 0x00, 0x00, 0x00, 0x00, 0x00, 0x00,
  0x00, 0x00, 0x00, 0x00, 0x00, 0x00, 0x00, 0x00, 0x00, 0x00, 0x00, 0x00, 0x00, 0x00, 0x00, 0x00,
  0x00, 0x00, 0x00, 0x00, 0x00, 0x00, 0x00, 0x00, 0x00, 0x00, 0x00, 0x00, 0x00, 0x00, 0x00, 0x00,
  0x00, 0x00, 0x00, 0x00, 0x1f, 0x00, 0x1f, 0x00, 0xad, 0x42, 0xaf, 0x42, 0xf0, 0x42, 0xaf, 0x3a,
  0xaf, 0x32, 0xd0, 0x3a, 0xd0, 0x3a, 0x11, 0x43, 0x31, 0x43, 0x72, 0x43, 0x93, 0x4b, 0xd4, 0x4b,
  0xd4, 0x4b, 0x15, 0x54, 0x15, 0x54, 0x35, 0x54, 0x56, 0x5c, 0x56, 0x5c, 0x56, 0x5c, 0x56, 0x54,
  0x56, 0x5c, 0x56, 0x5c, 0x56, 0x5c, 0x36, 0x54, 0x36, 0x5c, 0x15, 0x54, 0xf5, 0x53, 0xd5, 0x4b,
  0xb4, 0x4b, 0x94, 0x4b, 0x53, 0x43, 0x32, 0x3b, 0x11, 0x43, 0xd0, 0x3a, 0xb0, 0x3a, 0x8e, 0x32,
  0x8f, 0x3a, 0x6e, 0x3a, 0x4e, 0x3a, 0x2d, 0x3a, 0x00, 0x00, 0xef, 0x7b, 0x00, 0x00, 0x00, 0x00,
  0x00, 0x00, 0x00, 0x00, 0x00, 0x00, 0x00, 0x00, 0x00, 0x00, 0x00, 0x00, 0x00, 0x00, 0x00, 0x00,
  0x00, 0x00, 0x00, 0x00, 0x00, 0x00, 0x1f, 0x00, 0x1f, 0x00, 0x1f, 0x00, 0x1f, 0x00, 0x1f, 0x00,
  0x00, 0x00, 0x00, 0x00, 0x00, 0x00, 0x00, 0x00, 0x00, 0x00, 0x00, 0x00, 0x00, 0x00, 0x00, 0x00,
  0x00, 0x00, 0x00, 0x00, 0x00, 0x00, 0x00, 0x00, 0x00, 0x00, 0x00, 0x00, 0x4d, 0x3a, 0x6e, 0x32,
  0x6e, 0x3a, 0x6e, 0x32, 0x4e, 0x2a, 0x4e, 0x32, 0x6e, 0x32, 0x8f, 0x32, 0x8f, 0x32, 0xaf, 0x32,
  0xb0, 0x3a, 0xd0, 0x3a, 0xd1, 0x3a, 0x11, 0x3b, 0x12, 0x43, 0x52, 0x3b, 0x73, 0x43, 0x93, 0x43,
  0xb4, 0x4b, 0xd4, 0x4b, 0xf5, 0x4b, 0xf5, 0x53, 0x36, 0x54, 0x36, 0x54, 0x56, 0x5c, 0x77, 0x5c,
  0x77, 0x5c, 0x97, 0x64, 0xb7, 0x64, 0xb7, 0x64, 0xb7, 0x64, 0xb7, 0x64, 0xb7, 0x64, 0xb7, 0x64,
  0x97, 0x64, 0x77, 0x64, 0x97, 0x6c, 0x34, 0x6c, 0x00, 0x00, 0xef, 0x83, 0x00, 0x00, 0x00, 0x00,
  0x00, 0x00, 0x00, 0x00, 0x00, 0x00, 0x00, 0x00, 0x00, 0x00, 0x00, 0x00, 0x00, 0x00, 0x00, 0x00,
  0x00, 0x00, 0x00, 0x00, 0x00, 0x00, 0x00, 0x00, 0x00, 0x00, 0x00, 0x00, 0x00, 0x00, 0x00, 0x00,
  0x00, 0x00, 0x00, 0x00, 0x00, 0x00, 0x00, 0x00, 0x00, 0x00, 0x00, 0x00, 0x00, 0x00, 0x00, 0x00,
  0x00, 0x00, 0x00, 0x00, 0x00, 0x00, 0x00, 0x00, 0x00, 0x00, 0x00, 0x00, 0x00, 0x00, 0x00, 0x00,
  0x00, 0x00, 0x00, 0x00, 0x00, 0x00, 0x00, 0x00, 0x00, 0x00, 0x00, 0x00, 0x00, 0x00, 0x00, 0x00,
  0x00, 0x00, 0x00, 0x00, 0x00, 0x00, 0x00, 0x00, 0x00, 0x00, 0x00, 0x00, 0x00, 0x00, 0x00, 0x00,
  0x00, 0x00, 0x00, 0x00, 0x00, 0x00, 0x00, 0x00, 0x00, 0x00, 0x00, 0x00, 0x00, 0x00, 0x00, 0x00,
  0x00, 0x00, 0x00, 0x00, 0x00, 0x00, 0x00, 0x00, 0x00, 0x00, 0x00, 0x00, 0x00, 0x00, 0x00, 0x00,
  0x00, 0x00, 0x00, 0x00, 0x00, 0x00, 0x00, 0x00, 0x00, 0x00, 0x00, 0x00, 0x00, 0x00, 0x00, 0x00,
  0x00, 0x00, 0x00, 0x00, 0x00, 0x00, 0x00, 0x00, 0x00, 0x00, 0x00, 0x00, 0x00, 0x00, 0x00, 0x00,
  0x00, 0x00, 0x00, 0x00, 0x00, 0x00, 0x00, 0x00, 0x00, 0x00, 0x00, 0x00, 0x00, 0x00, 0x00, 0x00,
  0x00, 0x00, 0x00, 0x00, 0x00, 0x00, 0x00, 0x00, 0x00, 0x00, 0x1f, 0x00, 0x00, 0x00, 0xae, 0x3a,
  0xae, 0x42, 0xd0, 0x3a, 0xaf, 0x3a, 0x8f, 0x32, 0xaf, 0x3a, 0xaf, 0x32, 0xd0, 0x3a, 0xf1, 0x3a,
  0x11, 0x43, 0x52, 0x43, 0x73, 0x43, 0x93, 0x43, 0xb4, 0x4b, 0xd4, 0x4b, 0xf4, 0x4b, 0xf5, 0x53,
  0x15, 0x54, 0x15, 0x54, 0x15, 0x54, 0x15, 0x54, 0xf5, 0x53, 0x15, 0x54, 0xd4, 0x53, 0xd4, 0x4b,
  0xd4, 0x4b, 0x93, 0x4b, 0x93, 0x43, 0x52, 0x43, 0x32, 0x43, 0x11, 0x3b, 0xf1, 0x3a, 0xf0, 0x42,
  0xd0, 0x42, 0x6f, 0x3a, 0x8e, 0x3a, 0x4d, 0x3a, 0x00, 0x00, 0x00, 0x00, 0xaa, 0x52, 0x00, 0x00,
  0x00, 0x00, 0x00, 0x00, 0x00, 0x00, 0x00, 0x00, 0x00, 0x00, 0x00, 0x00, 0x00, 0x00, 0x00, 0x00,
  0x00, 0x00, 0x00, 0x00, 0x00, 0x00, 0x00, 0x00, 0x00, 0x00, 0x00, 0x00, 0x00, 0x00, 0x00, 0x00,
  0x00, 0x00, 0x00, 0x00, 0x00, 0x00, 0x00, 0x00, 0x00, 0x00, 0x00, 0x00, 0x00, 0x00, 0x00, 0x00,
  0x00, 0x00, 0x00, 0x00, 0x00, 0x00, 0x00, 0x00, 0x00, 0x00, 0x00, 0x00, 0x00, 0x00, 0xef, 0x03,
  0x00, 0x00, 0x2d, 0x3a, 0x6e, 0x32, 0x4e, 0x3a, 0x8f, 0x3a, 0x8f, 0x3a, 0x4e, 0x32, 0x6f, 0x32,
  0x6e, 0x32, 0x8f, 0x32, 0x8f, 0x32, 0x8f, 0x32, 0xb0, 0x32, 0xb0, 0x3a, 0xf0, 0x3a, 0xd1, 0x3a,
  0x11, 0x3b, 0x32, 0x43, 0x32, 0x43, 0x52, 0x43, 0x73, 0x43, 0xb3, 0x4b, 0xb4, 0x4b, 0xd4, 0x4b,
  0xf5, 0x53, 0xf5, 0x4b, 0x15, 0x54, 0x35, 0x54, 0x36, 0x54, 0x36, 0x5c, 0x36, 0x5c, 0x36, 0x54,
  0x36, 0x5c, 0x15, 0x54, 0x15, 0x5c, 0xf4, 0x5b, 0xd3, 0x5b, 0x00, 0x00, 0xef, 0x83, 0x00, 0x00,
  0x00, 0x00, 0x00, 0x00, 0x00, 0x00, 0x00, 0x00, 0x00, 0x00, 0x00, 0x00, 0x00, 0x00, 0x00, 0x00,
  0x00, 0x00, 0x00, 0x00, 0x00, 0x00, 0x00, 0x00, 0x00, 0x00, 0x00, 0x00, 0x00, 0x00, 0x00, 0x00,
  0x00, 0x00, 0x00, 0x00, 0x00, 0x00, 0x00, 0x00, 0x00, 0x00, 0x00, 0x00, 0x00, 0x00, 0x00, 0x00,
  0x00, 0x00, 0x00, 0x00, 0x00, 0x00, 0x00, 0x00, 0x00, 0x00, 0x00, 0x00, 0x00, 0x00, 0x00, 0x00,
  0x00, 0x00, 0x00, 0x00, 0x00, 0x00, 0x00, 0x00, 0x00, 0x00, 0x00, 0x00, 0x00, 0x00, 0x00, 0x00,
  0x00, 0x00, 0x00, 0x00, 0x00, 0x00, 0x00, 0x00, 0x00, 0x00, 0x00, 0x00, 0x00, 0x00, 0x00, 0x00,
  0x00, 0x00, 0x00, 0x00, 0x00, 0x00, 0x00, 0x00, 0x00, 0x00, 0x00, 0x00, 0x00, 0x00, 0x00, 0x00,
  0x00, 0x00, 0x00, 0x00, 0x00, 0x00, 0x00, 0x00, 0x00, 0x00, 0x00, 0x00, 0x00, 0x00, 0x00, 0x00,
  0x00, 0x00, 0x00, 0x00, 0x00, 0x00, 0x00, 0x00, 0x00, 0x00, 0x00, 0x00, 0x00, 0x00, 0x00, 0x00,
  0x00, 0x00, 0x00, 0x00, 0x00, 0x00, 0x00, 0x00, 0x00, 0x00, 0x00, 0x00, 0x00, 0x00, 0x00, 0x00,
  0x00, 0x00, 0x00, 0x00, 0x00, 0x00, 0x00, 0x00, 0x00, 0x00, 0x00, 0x00, 0x00, 0x00, 0x00, 0x00,
  0x00, 0x00, 0x00, 0x00, 0x00, 0x00, 0x00, 0x00, 0x00, 0x00, 0x00, 0x00, 0x00, 0x00, 0x00, 0x00,
  0x0f, 0x00, 0x00, 0x00, 0x10, 0x00, 0x8e, 0x3a, 0x8f, 0x42, 0xaf, 0x3a, 0xd0, 0x3a, 0xaf, 0x3a,
  0x8f, 0x32, 0xaf, 0x3a, 0xaf, 0x32, 0xb0, 0x3a, 0xd0, 0x3a, 0x10, 0x3b, 0x31, 0x3b, 0x32, 0x43,
  0x52, 0x43, 0x73, 0x43, 0x72, 0x43, 0x73, 0x4b, 0x94, 0x43, 0x93, 0x43, 0x93, 0x4b, 0x93, 0x43,
  0x73, 0x4b, 0x73, 0x43, 0x52, 0x43, 0x52, 0x43, 0x32, 0x43, 0x11, 0x43, 0x11, 0x3b, 0xf0, 0x42,
  0xaf, 0x3a, 0x8f, 0x3a, 0x8e, 0x42, 0x6d, 0x3a, 0x00, 0x00, 0x00, 0x00, 0x00, 0x00, 0xef, 0x7b,
  0x00, 0x00, 0x00, 0x00, 0x00, 0x00, 0x00, 0x00, 0x00, 0x00, 0x00, 0x00, 0x00, 0x00, 0x00, 0x00,
  0x00, 0x00, 0x00, 0x00, 0x00, 0x00, 0x00, 0x00, 0x00, 0x00, 0x00, 0x00, 0x00, 0x00, 0x00, 0x00,
  0x00, 0x00, 0x00, 0x00, 0x00, 0x00, 0x00, 0x00, 0x00, 0x00, 0x00, 0x00, 0x00, 0x00, 0x00, 0x00,
  0x00, 0x00, 0x00, 0x00, 0x00, 0x00, 0x00, 0x00, 0x00, 0x00, 0x00, 0x00, 0x00, 0x00, 0x00, 0x00,
  0x00, 0x00, 0x00, 0x00, 0xaa, 0x52, 0x00, 0x00, 0x00, 0x00, 0x6c, 0x3a, 0x6e, 0x3a, 0x6e, 0x3a,
  0x6e, 0x3a, 0x8f, 0x3a, 0xaf, 0x3a, 0x8f, 0x3a, 0x6f, 0x32, 0x6e, 0x32, 0x6f, 0x32, 0x8e, 0x32,
  0x8f, 0x32, 0x8f, 0x32, 0xb0, 0x3a, 0xd0, 0x3a, 0xd0, 0x3a, 0xf1, 0x3a, 0xf1, 0x3a, 0x11, 0x3b,
  0x32, 0x43, 0x52, 0x43, 0x52, 0x43, 0x73, 0x43, 0x73, 0x43, 0x93, 0x43, 0x93, 0x4b, 0x94, 0x43,
  0xb3, 0x4b, 0xb4, 0x4b, 0xb3, 0x53, 0x93, 0x4b, 0x72, 0x4b, 0x52, 0x53, 0x00, 0x00, 0x1f, 0x00,
  0x00, 0x00, 0x00, 0x00, 0x00, 0x00, 0x00, 0x00, 0x00, 0x00, 0x00, 0x00, 0x00, 0x00, 0x00, 0x00,
  0x00, 0x00, 0x00, 0x00, 0x00, 0x00, 0x00, 0x00, 0x00, 0x00, 0x00, 0x00, 0x00, 0x00, 0x00, 0x00,
  0x00, 0x00, 0x00, 0x00, 0x00, 0x00, 0x00, 0x00, 0x00, 0x00, 0x00, 0x00, 0x00, 0x00, 0x00, 0x00,
  0x00, 0x00, 0x00, 0x00, 0x00, 0x00, 0x00, 0x00, 0x00, 0x00, 0x00, 0x00, 0x00, 0x00, 0x00, 0x00,
  0x00, 0x00, 0x00, 0x00, 0x00, 0x00, 0x00, 0x00, 0x00, 0x00, 0x00, 0x00, 0x00, 0x00, 0x00, 0x00,
  0x00, 0x00, 0x00, 0x00, 0x00, 0x00, 0x00, 0x00, 0x00, 0x00, 0x00, 0x00, 0x00, 0x00, 0x00, 0x00,
  0x00, 0x00, 0x00, 0x00, 0x00, 0x00, 0x00, 0x00, 0x00, 0x00, 0x00, 0x00, 0x00, 0x00, 0x00, 0x00,
  0x00, 0x00, 0x00, 0x00, 0x00, 0x00, 0x00, 0x00, 0x00, 0x00, 0x00, 0x00, 0x00, 0x00, 0x00, 0x00,
  0x00, 0x00, 0x00, 0x00, 0x00, 0x00, 0x00, 0x00, 0x00, 0x00, 0x00, 0x00, 0x00, 0x00, 0x00, 0x00,
  0x00, 0x00, 0x00, 0x00, 0x00, 0x00, 0x00, 0x00, 0x00, 0x00, 0x00, 0x00, 0x00, 0x00, 0x00, 0x00,
  0x00, 0x00, 0x00, 0x00, 0x00, 0x00, 0x00, 0x00, 0x00, 0x00, 0x00, 0x00, 0x00, 0x00, 0x00, 0x00,
  0x00, 0x00, 0x00, 0x00, 0x00, 0x00, 0x00, 0x00, 0x00, 0x00, 0x00, 0x00, 0x00, 0x00, 0x00, 0x00,
  0x00, 0x00, 0x00, 0x00, 0x00, 0x00, 0x1f, 0x00, 0x00, 0x00, 0x00, 0x00, 0xae, 0x3a, 0xae, 0x3a,
  0x8f, 0x42, 0x8e, 0x3a, 0x8e, 0x3a, 0xaf, 0x3a, 0xb0, 0x3a, 0xaf, 0x3a, 0xaf, 0x3a, 0xb0, 0x3a,
  0xd0, 0x3a, 0xd0, 0x3a, 0xd0, 0x3a, 0xf1, 0x3a, 0xf1, 0x3a, 0xf1, 0x42, 0x11, 0x43, 0x32, 0x43,
  0x11, 0x43, 0x32, 0x43, 0x11, 0x43, 0x11, 0x43, 0xf0, 0x42, 0xaf, 0x3a, 0xaf, 0x3a, 0xaf, 0x3a,
  0x8f, 0x3a, 0x8e, 0x3a, 0x6d, 0x42, 0x00, 0x00, 0x00, 0x00, 0x00, 0x00, 0x1f, 0x00, 0xaa, 0x52,
  0x00, 0x00, 0x00, 0x00, 0x00, 0x00, 0x00, 0x00, 0x00, 0x00, 0x00, 0x00, 0x00, 0x00, 0x00, 0x00,
  0x00, 0x00, 0x00, 0x00, 0x00, 0x00, 0x00, 0x00, 0x00, 0x00, 0x00, 0x00, 0x00, 0x00, 0x00, 0x00,
  0x00, 0x00, 0x00, 0x00, 0x00, 0x00, 0x00, 0x00, 0x00, 0x00, 0x00, 0x00, 0x00, 0x00, 0x00, 0x00,
  0x00, 0x00, 0x00, 0x00, 0x00, 0x00, 0x00, 0x00, 0x00, 0x00, 0x00, 0x00, 0x00, 0x00, 0x00, 0x00,
  0x00, 0x00, 0x00, 0x00, 0x00, 0x00, 0x00, 0x00, 0x00, 0x00, 0xf0, 0x03, 0xaa, 0x52, 0x00, 0x00,
  0x00, 0x00, 0x00, 0x00, 0x6d, 0x3a, 0x6e, 0x3a, 0x6e, 0x3a, 0x6e, 0x3a, 0x6e, 0x3a, 0x8e, 0x3a,
  0x8f, 0x3a, 0xaf, 0x3a, 0xb0, 0x3a, 0xaf, 0x3a, 0xaf, 0x3a, 0x8f, 0x32, 0xaf, 0x32, 0xb0, 0x3a,
  0xaf, 0x32, 0xb0, 0x3a, 0xb0, 0x32, 0xd0, 0x3a, 0xd0, 0x32, 0xf1, 0x3a, 0x11, 0x43, 0x11, 0x43,
  0x11, 0x43, 0x31, 0x43, 0xf1, 0x42, 0xf0, 0x42, 0x10, 0x43, 0xf0, 0x4a, 0x86, 0x31, 0x00, 0x00,
  0xef, 0x7b, 0x00, 0x00, 0x00, 0x00, 0x00, 0x00, 0x00, 0x00, 0x00, 0x00, 0x00, 0x00, 0x00, 0x00,
  0x00, 0x00, 0x00, 0x00, 0x00, 0x00, 0x00, 0x00, 0x00, 0x00, 0x00, 0x00, 0x00, 0x00, 0x00, 0x00,
  0x00, 0x00, 0x00, 0x00, 0x00, 0x00, 0x00, 0x00, 0x00, 0x00, 0x00, 0x00, 0x00, 0x00, 0x00, 0x00,
  0x00, 0x00, 0x00, 0x00, 0x00, 0x00, 0x00, 0x00, 0x00, 0x00, 0x00, 0x00, 0x00, 0x00, 0x00, 0x00,
  0x00, 0x00, 0x00, 0x00, 0x00, 0x00, 0x00, 0x00, 0x00, 0x00, 0x00, 0x00, 0x00, 0x00, 0x00, 0x00,
  0x00, 0x00, 0x00, 0x00, 0x00, 0x00, 0x00, 0x00, 0x00, 0x00, 0x00, 0x00, 0x00, 0x00, 0x00, 0x00,
  0x00, 0x00, 0x00, 0x00, 0x00, 0x00, 0x00, 0x00, 0x00, 0x00, 0x00, 0x00, 0x00, 0x00, 0x00, 0x00,
  0x00, 0x00, 0x00, 0x00, 0x00, 0x00, 0x00, 0x00, 0x00, 0x00, 0x00, 0x00, 0x00, 0x00, 0x00, 0x00,
  0x00, 0x00, 0x00, 0x00, 0x00, 0x00, 0x00, 0x00, 0x00, 0x00, 0x00, 0x00, 0x00, 0x00, 0x00, 0x00,
  0x00, 0x00, 0x00, 0x00, 0x00, 0x00, 0x00, 0x00, 0x00, 0x00, 0x00, 0x00, 0x00, 0x00, 0x00, 0x00,
  0x00, 0x00, 0x00, 0x00, 0x00, 0x00, 0x00, 0x00, 0x00, 0x00, 0x00, 0x00, 0x00, 0x00, 0x00, 0x00,
  0x00, 0x00, 0x00, 0x00, 0x00, 0x00, 0x00, 0x00, 0x00, 0x00, 0x00, 0x00, 0x00, 0x00, 0x00, 0x00,
  0x00, 0x00, 0x00, 0x00, 0x00, 0x00, 0x00, 0x00, 0x00, 0x00, 0x00, 0x00, 0x00, 0x00, 0xaa, 0x52,
  0x00, 0x00, 0x00, 0x00, 0x00, 0x00, 0x4d, 0x22, 0x2e, 0x3a, 0x6d, 0x3a, 0x6e, 0x3a, 0x6e, 0x3a,
  0x8e, 0x3a, 0x6e, 0x32, 0x6e, 0x3a, 0x8e, 0x32, 0x6e, 0x3a, 0x6e, 0x32, 0x8e, 0x3a, 0x8e, 0x3a,
  0x8e, 0x3a, 0x8e, 0x32, 0x8f, 0x3a, 0x8f, 0x3a, 0x8e, 0x3a, 0x8e, 0x3a, 0x8f, 0x3a, 0x6d, 0x32,
  0x2e, 0x3a, 0x00, 0x00, 0x00, 0x00, 0x00, 0x00, 0x00, 0x00, 0x00, 0x00, 0x0f, 0x3a, 0xf0, 0x03,
  0x00, 0x00, 0x00, 0x00, 0x00, 0x00, 0x00, 0x00, 0x00, 0x00, 0x00, 0x00, 0x00, 0x00, 0x00, 0x00,
  0x00, 0x00, 0x00, 0x00, 0x00, 0x00, 0x00, 0x00, 0x00, 0x00, 0x00, 0x00, 0x00, 0x00, 0x00, 0x00,
  0x00, 0x00, 0x00, 0x00, 0x00, 0x00, 0x00, 0x00, 0x00, 0x00, 0x00, 0x00, 0x00, 0x00, 0x00, 0x00,
  0x00, 0x00, 0x00, 0x00, 0x00, 0x00, 0x00, 0x00, 0x00, 0x00, 0x00, 0x00, 0x00, 0x00, 0x00, 0x00,
  0x00, 0x00, 0x00, 0x00, 0x00, 0x00, 0x00, 0x00, 0x00, 0x00, 0x00, 0x00, 0x00, 0x00, 0x00, 0x00,
  0x00, 0x00, 0x1f, 0x00, 0xb5, 0x52, 0x1f, 0x00, 0x00, 0x00, 0x00, 0x00, 0x00, 0x00, 0x00, 0x00,
  0x4d, 0x2a, 0x6e, 0x3a, 0x4e, 0x3a, 0x6e, 0x32, 0x6e, 0x3a, 0x6e, 0x3a, 0x6e, 0x32, 0x6e, 0x3a,
  0x6e, 0x3a, 0x8e, 0x32, 0x8e, 0x32, 0x8e, 0x3a, 0x8e, 0x32, 0x8f, 0x3a, 0x8e, 0x32, 0x8e, 0x3a,
  0x8f, 0x3a, 0xaf, 0x3a, 0xae, 0x3a, 0xaf, 0x3a, 0xaf, 0x3a, 0xaf, 0x3a, 0x00, 0x00, 0x00, 0x00,
  0x00, 0x00, 0xb5, 0x52, 0x00, 0x00, 0x00, 0x00, 0x00, 0x00, 0x00, 0x00, 0x00, 0x00, 0x00, 0x00,
  0x00, 0x00, 0x00, 0x00, 0x00, 0x00, 0x00, 0x00, 0x00, 0x00, 0x00, 0x00, 0x00, 0x00, 0x00, 0x00,
  0x00, 0x00, 0x00, 0x00, 0x00, 0x00, 0x00, 0x00, 0x00, 0x00, 0x00, 0x00, 0x00, 0x00, 0x00, 0x00,
  0x00, 0x00, 0x00, 0x00, 0x00, 0x00, 0x00, 0x00, 0x00, 0x00, 0x00, 0x00, 0x00, 0x00, 0x00, 0x00,
  0x00, 0x00, 0x00, 0x00, 0x00, 0x00, 0x00, 0x00, 0x00, 0x00, 0x00, 0x00, 0x00, 0x00, 0x00, 0x00,
  0x00, 0x00, 0x00, 0x00, 0x00, 0x00, 0x00, 0x00, 0x00, 0x00, 0x00, 0x00, 0x00, 0x00, 0x00, 0x00,
  0x00, 0x00, 0x00, 0x00, 0x00, 0x00, 0x00, 0x00, 0x00, 0x00, 0x00, 0x00, 0x00, 0x00, 0x00, 0x00,
  0x00, 0x00, 0x00, 0x00, 0x00, 0x00, 0x00, 0x00, 0x00, 0x00, 0x00, 0x00, 0x00, 0x00, 0x00, 0x00,
  0x00, 0x00, 0x00, 0x00, 0x00, 0x00, 0x00, 0x00, 0x00, 0x00, 0x00, 0x00, 0x00, 0x00, 0x00, 0x00,
  0x00, 0x00, 0x00, 0x00, 0x00, 0x00, 0x00, 0x00, 0x00, 0x00, 0x00, 0x00, 0x00, 0x00, 0x00, 0x00,
  0x00, 0x00, 0x00, 0x00, 0x00, 0x00, 0x00, 0x00, 0x00, 0x00, 0x00, 0x00, 0x00, 0x00, 0x00, 0x00,
  0x00, 0x00, 0x00, 0x00, 0x00, 0x00, 0x00, 0x00, 0x00, 0x00, 0x00, 0x00, 0x00, 0x00, 0x00, 0x00,
  0x00, 0x00, 0x00, 0x00, 0x00, 0x00, 0x00, 0x00, 0x00, 0x00, 0x00, 0x00, 0x00, 0x00, 0x00, 0x00,
  0x00, 0x00, 0x00, 0x00, 0x00, 0x00, 0xaa, 0x52, 0xaa, 0x5a, 0x00, 0x00, 0x00, 0x00, 0x00, 0x00,
  0x00, 0x00, 0x00, 0x00, 0x00, 0x00, 0x00, 0x00, 0x00, 0x00, 0xae, 0x3a, 0x2c, 0x32, 0x2e, 0x3a,
  0x8e, 0x32, 0x2b, 0x2a, 0xab, 0x52, 0x00, 0x00, 0x00, 0x00, 0x00, 0x00, 0x00, 0x00, 0x00, 0x00,
  0x00, 0x00, 0x00, 0x00, 0x00, 0x00, 0x00, 0x00, 0xb5, 0x52, 0xb5, 0x52, 0xef, 0x03, 0x00, 0x00,
  0x00, 0x00, 0x00, 0x00, 0x00, 0x00, 0x00, 0x00, 0x00, 0x00, 0x00, 0x00, 0x00, 0x00, 0x00, 0x00,
  0x00, 0x00, 0x00, 0x00, 0x00, 0x00, 0x00, 0x00, 0x00, 0x00, 0x00, 0x00, 0x00, 0x00, 0x00, 0x00,
  0x00, 0x00, 0x00, 0x00, 0x00, 0x00, 0x00, 0x00, 0x00, 0x00, 0x00, 0x00, 0x00, 0x00, 0x00, 0x00,
  0x00, 0x00, 0x00, 0x00, 0x00, 0x00, 0x00, 0x00, 0x00, 0x00, 0x00, 0x00, 0x00, 0x00, 0x00, 0x00,
  0x00, 0x00, 0x00, 0x00, 0x00, 0x00, 0x00, 0x00, 0x00, 0x00, 0x00, 0x00, 0x00, 0x00, 0x00, 0x00,
  0x00, 0x00, 0x00, 0x00, 0x00, 0x00, 0x00, 0x00, 0x00, 0x00, 0x00, 0x00, 0x0f, 0x00, 0xab, 0x52,
  0xb4, 0x52, 0x00, 0x00, 0x00, 0x00, 0x00, 0x00, 0x00, 0x00, 0x00, 0x00, 0x00, 0x00, 0x00, 0x00,
  0x00, 0x00, 0xae, 0x3a, 0x2e, 0x3a, 0x8e, 0x3a, 0x6d, 0x32, 0x6e, 0x32, 0x4d, 0x32, 0x6d, 0x3a,
  0x8f, 0x3a, 0x6c, 0x32, 0x00, 0x00, 0x00, 0x00, 0x00, 0x00, 0x00, 0x00, 0x00, 0x00, 0x00, 0x00,
  0xf0, 0x83, 0xb5, 0x52, 0x00, 0x00, 0x00, 0x00, 0x00, 0x00, 0x00, 0x00, 0x00, 0x00, 0x00, 0x00,
  0x00, 0x00, 0x00, 0x00, 0x00, 0x00, 0x00, 0x00, 0x00, 0x00, 0x00, 0x00, 0x00, 0x00, 0x00, 0x00,
  0x00, 0x00, 0x00, 0x00, 0x00, 0x00, 0x00, 0x00, 0x00, 0x00, 0x00, 0x00, 0x00, 0x00, 0x00, 0x00,
  0x00, 0x00, 0x00, 0x00, 0x00, 0x00, 0x00, 0x00, 0x00, 0x00, 0x00, 0x00, 0x00, 0x00, 0x00, 0x00,
  0x00, 0x00, 0x00, 0x00, 0x00, 0x00, 0x00, 0x00, 0x00, 0x00, 0x00, 0x00, 0x00, 0x00, 0x00, 0x00,
  0x00, 0x00, 0x00, 0x00, 0x00, 0x00, 0x00, 0x00, 0x00, 0x00, 0x00, 0x00, 0x00, 0x00, 0x00, 0x00,
  0x00, 0x00, 0x00, 0x00, 0x00, 0x00, 0x00, 0x00, 0x00, 0x00, 0x00, 0x00, 0x00, 0x00, 0x00, 0x00,
  0x00, 0x00, 0x00, 0x00, 0x00, 0x00, 0x00, 0x00, 0x00, 0x00, 0x00, 0x00, 0x00, 0x00, 0x00, 0x00,
  0x00, 0x00, 0x00, 0x00, 0x00, 0x00, 0x00, 0x00, 0x00, 0x00, 0x00, 0x00, 0x00, 0x00, 0x00, 0x00,
  0x00, 0x00, 0x00, 0x00, 0x00, 0x00, 0x00, 0x00, 0x00, 0x00, 0x00, 0x00, 0x00, 0x00, 0x00, 0x00,
  0x00, 0x00, 0x00, 0x00, 0x00, 0x00, 0x00, 0x00, 0x00, 0x00, 0x00, 0x00, 0x00, 0x00, 0x00, 0x00,
  0x00, 0x00, 0x00, 0x00, 0x00, 0x00, 0x00, 0x00, 0x00, 0x00, 0x00, 0x00, 0x00, 0x00, 0x00, 0x00,
  0x00, 0x00, 0x00, 0x00, 0x00, 0x00, 0x00, 0x00, 0x00, 0x00, 0x00, 0x00, 0x00, 0x00, 0x00, 0x00,
  0x00, 0x00, 0x00, 0x00, 0x00, 0x00, 0x00, 0x00, 0x00, 0x00, 0x00, 0x00, 0x00, 0x00, 0x00, 0x00,
  0xf0, 0x03, 0xaa, 0x52, 0x10, 0x42, 0xb4, 0x52, 0xaa, 0x52, 0x1f, 0x00, 0x00, 0x00, 0x00, 0x00,
  0x00, 0x00, 0x00, 0x00, 0x00, 0x00, 0x00, 0x00, 0x00, 0x00, 0x00, 0x00, 0xef, 0x83, 0xaa, 0x52,
  0x10, 0x42, 0xef, 0x41, 0xaa, 0x52, 0xf0, 0x03, 0x1f, 0x00, 0x00, 0x00, 0x00, 0x00, 0x00, 0x00,
  0x00, 0x00, 0x00, 0x00, 0x00, 0x00, 0x00, 0x00, 0x00, 0x00, 0x00, 0x00, 0x00, 0x00, 0x00, 0x00,
  0x00, 0x00, 0x00, 0x00, 0x00, 0x00, 0x00, 0x00, 0x00, 0x00, 0x00, 0x00, 0x00, 0x00, 0x00, 0x00,
  0x00, 0x00, 0x00, 0x00, 0x00, 0x00, 0x00, 0x00, 0x00, 0x00, 0x00, 0x00, 0x00, 0x00, 0x00, 0x00,
  0x00, 0x00, 0x00, 0x00, 0x00, 0x00, 0x00, 0x00, 0x00, 0x00, 0x00, 0x00, 0x00, 0x00, 0x00, 0x00,
  0x00, 0x00, 0x00, 0x00, 0x00, 0x00, 0x00, 0x00, 0x00, 0x00, 0x00, 0x00, 0x00, 0x00, 0x00, 0x00,
  0x00, 0x00, 0x00, 0x00, 0x00, 0x00, 0x00, 0x00, 0x00, 0x00, 0x00, 0x00, 0x00, 0x00, 0x00, 0x00,
  0x00, 0x00, 0x00, 0x00, 0x00, 0x00, 0x00, 0x00, 0x1f, 0x00, 0xf0, 0x83, 0xb4, 0x52, 0x0f, 0x42,
  0xaa, 0x52, 0xf0, 0x03, 0x00, 0x00, 0x00, 0x00, 0x00, 0x00, 0x00, 0x00, 0x00, 0x00, 0x00, 0x00,
  0x00, 0x00, 0x00, 0x00, 0x00, 0x00, 0x00, 0x00, 0x00, 0x00, 0xef, 0x7b, 0xb5, 0x52, 0x0f, 0x42,
  0xab, 0x52, 0x1f, 0x00, 0x00, 0x00, 0x00, 0x00, 0x00, 0x00, 0x00, 0x00, 0x00, 0x00, 0x00, 0x00,
  0x00, 0x00, 0x00, 0x00, 0x00, 0x00, 0x00, 0x00, 0x00, 0x00, 0x00, 0x00, 0x00, 0x00, 0x00, 0x00,
  0x00, 0x00, 0x00, 0x00, 0x00, 0x00, 0x00, 0x00, 0x00, 0x00, 0x00, 0x00, 0x00, 0x00, 0x00, 0x00,
  0x00, 0x00, 0x00, 0x00, 0x00, 0x00, 0x00, 0x00, 0x00, 0x00, 0x00, 0x00, 0x00, 0x00, 0x00, 0x00,
  0x00, 0x00, 0x00, 0x00, 0x00, 0x00, 0x00, 0x00, 0x00, 0x00, 0x00, 0x00, 0x00, 0x00, 0x00, 0x00,
  0x00, 0x00, 0x00, 0x00, 0x00, 0x00, 0x00, 0x00, 0x00, 0x00, 0x00, 0x00, 0x00, 0x00, 0x00, 0x00,
  0x00, 0x00, 0x00, 0x00, 0x00, 0x00, 0x00, 0x00, 0x00, 0x00, 0x00, 0x00, 0x00, 0x00, 0x00, 0x00,
  0x00, 0x00, 0x00, 0x00, 0x00, 0x00, 0x00, 0x00, 0x00, 0x00, 0x00, 0x00, 0x00, 0x00, 0x00, 0x00,
  0x00, 0x00, 0x00, 0x00, 0x00, 0x00, 0x00, 0x00, 0x00, 0x00, 0x00, 0x00, 0x00, 0x00, 0x00, 0x00,
  0x00, 0x00, 0x00, 0x00, 0x00, 0x00, 0x00, 0x00, 0x00, 0x00, 0x00, 0x00, 0x00, 0x00, 0x00, 0x00,
  0x00, 0x00, 0x00, 0x00, 0x00, 0x00, 0x00, 0x00, 0x00, 0x00, 0x00, 0x00, 0x00, 0x00, 0x00, 0x00,
  0x00, 0x00, 0x00, 0x00, 0x00, 0x00, 0x00, 0x00, 0x00, 0x00, 0x00, 0x00, 0x00, 0x00, 0x00, 0x00,
  0x00, 0x00, 0x00, 0x00, 0x00, 0x00, 0x00, 0x00, 0x00, 0x00, 0x00, 0x00, 0x00, 0x00, 0x00, 0x00,
  0x00, 0x00, 0x00, 0x00, 0x00, 0x00, 0x00, 0x00, 0x00, 0x00, 0x00, 0x00, 0x00, 0x00, 0x00, 0x00,
  0x00, 0x00, 0x00, 0x00, 0x00, 0x00, 0x00, 0x00, 0x00, 0x00, 0x00, 0x00, 0x00, 0x00, 0x00, 0x00,
  0x00, 0x00, 0x00, 0x00, 0x00, 0x00, 0x1f, 0x00, 0x1f, 0x00, 0x00, 0x00, 0x00, 0x00, 0x00, 0x00,
  0x00, 0x00, 0x00, 0x00, 0x00, 0x00, 0x00, 0x00, 0x00, 0x00, 0x00, 0x00, 0x00, 0x00, 0x00, 0x00,
  0x00, 0x00, 0x00, 0x00, 0x00, 0x00, 0x00, 0x00, 0x00, 0x00, 0x00, 0x00, 0x00, 0x00, 0x00, 0x00,
  0x00, 0x00, 0x00, 0x00, 0x00, 0x00, 0x00, 0x00, 0x00, 0x00, 0x00, 0x00, 0x00, 0x00, 0x00, 0x00,
  0x00, 0x00, 0x00, 0x00, 0x00, 0x00, 0x00, 0x00, 0x00, 0x00, 0x00, 0x00, 0x00, 0x00, 0x00, 0x00,
  0x00, 0x00, 0x00, 0x00, 0x00, 0x00, 0x00, 0x00, 0x00, 0x00, 0x00, 0x00, 0x00, 0x00, 0x00, 0x00,
  0x00, 0x00, 0x00, 0x00, 0x00, 0x00, 0x00, 0x00, 0x00, 0x00, 0x00, 0x00, 0x00, 0x00, 0x00, 0x00,
  0x00, 0x00, 0x00, 0x00, 0x00, 0x00, 0x00, 0x00, 0x00, 0x00, 0x00, 0x00, 0x00, 0x00, 0x00, 0x00,
  0x00, 0x00, 0x00, 0x00, 0x00, 0x00, 0x00, 0x00, 0x00, 0x00, 0x00, 0x00, 0x00, 0x00, 0x00, 0x00,
  0x00, 0x00, 0x00, 0x00, 0x00, 0x00, 0x00, 0x00, 0x00, 0x00, 0x00, 0x00, 0x1f, 0x00, 0x1f, 0x00,
  0xef, 0x03, 0x10, 0x04, 0xef, 0x03, 0x10, 0x00, 0x1f, 0x00, 0x00, 0x00, 0x00, 0x00, 0x00, 0x00,
  0x00, 0x00, 0x00, 0x00, 0x00, 0x00, 0x00, 0x00, 0x00, 0x00, 0x00, 0x00, 0x00, 0x00, 0x00, 0x00,
  0x00, 0x00, 0x00, 0x00, 0x00, 0x00, 0x00, 0x00, 0x00, 0x00, 0x00, 0x00, 0x00, 0x00, 0x00, 0x00,
  0x00, 0x00, 0x00, 0x00, 0x00, 0x00, 0x00, 0x00, 0x00, 0x00, 0x00, 0x00, 0x00, 0x00, 0x00, 0x00,
  0x00, 0x00, 0x00, 0x00, 0x00, 0x00, 0x00, 0x00, 0x00, 0x00, 0x00, 0x00, 0x00, 0x00, 0x00, 0x00,
  0x00, 0x00, 0x00, 0x00, 0x00, 0x00, 0x00, 0x00, 0x00, 0x00, 0x00, 0x00, 0x00, 0x00, 0x00, 0x00,
  0x00, 0x00, 0x00, 0x00, 0x00, 0x00, 0x00, 0x00, 0x00, 0x00, 0x00, 0x00, 0x00, 0x00, 0x00, 0x00,
  0x00, 0x00, 0x00, 0x00, 0x00, 0x00, 0x00, 0x00, 0x00, 0x00, 0x00, 0x00, 0x00, 0x00, 0x00, 0x00,
  0x00, 0x00, 0x00, 0x00, 0x00, 0x00, 0x00, 0x00, 0x00, 0x00, 0x00, 0x00, 0x00, 0x00, 0x00, 0x00,
  0x00, 0x00, 0x00, 0x00, 0x00, 0x00, 0x00, 0x00, 0x00, 0x00, 0x00, 0x00, 0x00, 0x00, 0x00, 0x00,
  0x00, 0x00, 0x00, 0x00, 0x00, 0x00, 0x00, 0x00, 0x00, 0x00, 0x00, 0x00, 0x00, 0x00, 0x00, 0x00,
  0x00, 0x00, 0x00, 0x00, 0x00, 0x00, 0x00, 0x00, 0x00, 0x00, 0x00, 0x00, 0x00, 0x00, 0x00, 0x00,
  0x00, 0x00, 0x00, 0x00, 0x00, 0x00, 0x00, 0x00, 0x00, 0x00, 0x00, 0x00, 0x00, 0x00, 0x00, 0x00,
  0x00, 0x00, 0x00, 0x00, 0x00, 0x00, 0x00, 0x00, 0x00, 0x00, 0x00, 0x00, 0x00, 0x00, 0x00, 0x00,
  0x00, 0x00, 0x00, 0x00, 0x00, 0x00, 0x00, 0x00, 0x00, 0x00, 0x00, 0x00, 0x00, 0x00, 0x00, 0x00,
  0x00, 0x00, 0x00, 0x00, 0x00, 0x00, 0x00, 0x00, 0x00, 0x00, 0x00, 0x00, 0x00, 0x00, 0x00, 0x00,
  0x00, 0x00, 0x00, 0x00, 0x00, 0x00, 0x00, 0x00, 0x00, 0x00, 0x00, 0x00, 0x00, 0x00, 0x00, 0x00,
  0x00, 0x00, 0x00, 0x00, 0x00, 0x00, 0x00, 0x00, 0x00, 0x00, 0x00, 0x00, 0x00, 0x00, 0x00, 0x00,
  0x00, 0x00, 0x00, 0x00, 0x00, 0x00, 0x00, 0x00, 0x00, 0x00, 0x00, 0x00, 0x00, 0x00, 0x00, 0x00,
  0x00, 0x00, 0x00, 0x00, 0x00, 0x00, 0x00, 0x00, 0x00, 0x00, 0x00, 0x00, 0x00, 0x00, 0x00, 0x00,
  0x00, 0x00, 0x00, 0x00, 0x00, 0x00, 0x00, 0x00, 0x00, 0x00, 0x00, 0x00, 0x00, 0x00, 0x00, 0x00,
  0x00, 0x00, 0x00, 0x00, 0x00, 0x00, 0x00, 0x00, 0x00, 0x00, 0x00, 0x00, 0x00, 0x00, 0x00, 0x00,
  0x00, 0x00, 0x00, 0x00, 0x00, 0x00, 0x00, 0x00, 0x00, 0x00, 0x00, 0x00, 0x00, 0x00, 0x00, 0x00,
  0x00, 0x00, 0x00, 0x00, 0x00, 0x00, 0x00, 0x00, 0x00, 0x00, 0x00, 0x00, 0x00, 0x00, 0x00, 0x00,
  0x00, 0x00, 0x00, 0x00, 0x00, 0x00, 0x00, 0x00, 0x00, 0x00, 0x00, 0x00, 0x00, 0x00, 0x00, 0x00,
  0x00, 0x00, 0x00, 0x00, 0x00, 0x00, 0x00, 0x00, 0x00, 0x00, 0x00, 0x00, 0x00, 0x00, 0x00, 0x00,
  0x00, 0x00, 0x00, 0x00, 0x00, 0x00, 0x00, 0x00, 0x00, 0x00, 0x00, 0x00, 0x00, 0x00, 0x00, 0x00,
  0x00, 0x00, 0x00, 0x00, 0x00, 0x00, 0x00, 0x00, 0x00, 0x00, 0x00, 0x00, 0x00, 0x00, 0x00, 0x00,
  0x00, 0x00, 0x00, 0x00, 0x00, 0x00, 0x00, 0x00, 0x00, 0x00, 0x00, 0x00, 0x00, 0x00, 0x00, 0x00,
  0x00, 0x00, 0x00, 0x00, 0x00, 0x00, 0x00, 0x00, 0x00, 0x00, 0x00, 0x00, 0x00, 0x00, 0x00, 0x00,
  0x00, 0x00, 0x00, 0x00, 0x00, 0x00, 0x00, 0x00, 0x00, 0x00, 0x00, 0x00, 0x00, 0x00, 0x00, 0x00,
  0x00, 0x00, 0x00, 0x00, 0x00, 0x00, 0x00, 0x00, 0x00, 0x00, 0x00, 0x00, 0x00, 0x00, 0x00, 0x00,
  0x00, 0x00, 0x00, 0x00, 0x00, 0x00, 0x00, 0x00, 0x00, 0x00, 0x00, 0x00, 0x00, 0x00, 0x00, 0x00,
  0x00, 0x00, 0x00, 0x00, 0x00, 0x00, 0x00, 0x00, 0x00, 0x00, 0x00, 0x00, 0x00, 0x00, 0x00, 0x00,
  0x00, 0x00, 0x00, 0x00, 0x00, 0x00, 0x00, 0x00, 0x00, 0x00, 0x00, 0x00, 0x00, 0x00, 0x00, 0x00,
  0x00, 0x00, 0x00, 0x00, 0x00, 0x00, 0x00, 0x00, 0x00, 0x00, 0x00, 0x00, 0x00, 0x00, 0x00, 0x00,
  0x00, 0x00, 0x00, 0x00, 0x00, 0x00, 0x00, 0x00, 0x00, 0x00, 0x00, 0x00, 0x00, 0x00, 0x00, 0x00,
  0x00, 0x00, 0x00, 0x00, 0x00, 0x00, 0x00, 0x00, 0x00, 0x00, 0x00, 0x00, 0x00, 0x00, 0x00, 0x00,
  0x00, 0x00, 0x00, 0x00, 0x00, 0x00, 0x00, 0x00, 0x00, 0x00, 0x00, 0x00, 0x00, 0x00, 0x00, 0x00,
  0x00, 0x00, 0x00, 0x00, 0x00, 0x00, 0x00, 0x00, 0x00, 0x00, 0x00, 0x00, 0x00, 0x00, 0x00, 0x00,
  0x00, 0x00, 0x00, 0x00, 0x00, 0x00, 0x00, 0x00, 0x00, 0x00, 0x00, 0x00, 0x00, 0x00, 0x00, 0x00,
  0x00, 0x00, 0x00, 0x00, 0x00, 0x00, 0x00, 0x00, 0x00, 0x00, 0x00, 0x00, 0x00, 0x00, 0x00, 0x00,
  0x00, 0x00, 0x00, 0x00, 0x00, 0x00, 0x00, 0x00, 0x00, 0x00, 0x00, 0x00, 0x00, 0x00, 0x00, 0x00,
  0x00, 0x00, 0x00, 0x00, 0x00, 0x00, 0x00, 0x00, 0x00, 0x00, 0x00, 0x00, 0x00, 0x00, 0x00, 0x00,
  0x00, 0x00, 0x00, 0x00, 0x00, 0x00, 0x00, 0x00, 0x00, 0x00, 0x00, 0x00, 0x00, 0x00, 0x00, 0x00,
  0x00, 0x00, 0x00, 0x00, 0x00, 0x00, 0x00, 0x00, 0x00, 0x00, 0x00, 0x00, 0x00, 0x00, 0x00, 0x00,
  0x00, 0x00, 0x00, 0x00, 0x00, 0x00, 0x00, 0x00, 0x00, 0x00, 0x00, 0x00, 0x00, 0x00, 0x00, 0x00,
  0x00, 0x00, 0x00, 0x00, 0x00, 0x00, 0x00, 0x00, 0x00, 0x00, 0x00, 0x00, 0x00, 0x00, 0x00, 0x00,
  0x00, 0x00, 0x00, 0x00, 0x00, 0x00, 0x00, 0x00, 0x00, 0x00, 0x00, 0x00, 0x00, 0x00, 0x00, 0x00,
  0x00, 0x00, 0x00, 0x00, 0x00, 0x00, 0x00, 0x00, 0x00, 0x00, 0x00, 0x00, 0x00, 0x00, 0x00, 0x00,
  0x00, 0x00, 0x00, 0x00, 0x00, 0x00, 0x00, 0x00, 0x00, 0x00, 0x00, 0x00, 0x00, 0x00, 0x00, 0x00,
  0x00, 0x00, 0x00, 0x00, 0x00, 0x00, 0x00, 0x00, 0x00, 0x00, 0x00, 0x00, 0x00, 0x00, 0x00, 0x00,
  0x00, 0x00, 0x00, 0x00, 0x00, 0x00, 0x00, 0x00, 0x00, 0x00, 0x00, 0x00, 0x00, 0x00, 0x00, 0x00,
  0x00, 0x00, 0x00, 0x00, 0x00, 0x00, 0x00, 0x00, 0x00, 0x00, 0x00, 0x00, 0x00, 0x00, 0x00, 0x00,
  0x00, 0x00, 0x00, 0x00, 0x00, 0x00, 0x00, 0x00, 0x00, 0x00, 0x00, 0x00, 0x00, 0x00, 0x00, 0x00,
  0x00, 0x00, 0x00, 0x00, 0x00, 0x00, 0x00, 0x00, 0x00, 0x00, 0x00, 0x00, 0x00, 0x00, 0x00, 0x00,
  0x00, 0x00, 0x00, 0x00, 0x00, 0x00, 0x00, 0x00, 0x00, 0x00, 0x00, 0x00, 0x00, 0x00, 0x00, 0x00,
  0x00, 0x00, 0x00, 0x00, 0x00, 0x00, 0x00, 0x00, 0x00, 0x00, 0x00, 0x00, 0x00, 0x00, 0x00, 0x00,
  0x00, 0x00, 0x00, 0x00, 0x00, 0x00, 0x00, 0x00, 0x00, 0x00, 0x00, 0x00, 0x00, 0x00, 0x00, 0x00,
  0x00, 0x00, 0x00, 0x00, 0x00, 0x00, 0x00, 0x00, 0x00, 0x00, 0x00, 0x00, 0x00, 0x00, 0x00, 0x00,
  0x00, 0x00, 0x00, 0x00, 0x00, 0x00, 0x00, 0x00, 0x00, 0x00, 0x00, 0x00, 0x00, 0x00, 0x00, 0x00,
  0x00, 0x00, 0x00, 0x00, 0x00, 0x00, 0x00, 0x00, 0x00, 0x00, 0x00, 0x00, 0x00, 0x00, 0x00, 0x00,
  0x00, 0x00, 0x00, 0x00, 0x00, 0x00, 0x00, 0x00, 0x00, 0x00, 0x00, 0x00, 0x00, 0x00, 0x00, 0x00,
  0x00, 0x00, 0x00, 0x00, 0x00, 0x00, 0x00, 0x00, 0x00, 0x00, 0x00, 0x00, 0x00, 0x00, 0x00, 0x00,
  0x00, 0x00, 0x00, 0x00, 0x00, 0x00, 0x00, 0x00, 0x00, 0x00, 0x00, 0x00, 0x00, 0x00, 0x00, 0x00,
  0x00, 0x00, 0x00, 0x00, 0x00, 0x00, 0x00, 0x00, 0x00, 0x00, 0x00, 0x00, 0x00, 0x00, 0x00, 0x00,
  0x00, 0x00, 0x00, 0x00, 0x00, 0x00, 0x00, 0x00, 0x00, 0x00, 0x00, 0x00, 0x00, 0x00, 0x00, 0x00,
  0x00, 0x00, 0x00, 0x00, 0x00, 0x00, 0x00, 0x00, 0x00, 0x00, 0x00, 0x00, 0x00, 0x00, 0x00, 0x00,
  0x00, 0x00, 0x00, 0x00, 0x00, 0x00, 0x00, 0x00, 0x00, 0x00, 0x00, 0x00, 0x00, 0x00, 0x00, 0x00,
  0x00, 0x00, 0x00, 0x00, 0x00, 0x00, 0x00, 0x00, 0x00, 0x00, 0x00, 0x00, 0x00, 0x00, 0x00, 0x00,
  0x00, 0x00, 0x00, 0x00, 0x00, 0x00, 0x00, 0x00, 0x00, 0x00, 0x00, 0x00, 0x00, 0x00, 0x00, 0x00,
  0x00, 0x00, 0x00, 0x00, 0x00, 0x00, 0x00, 0x00, 0x00, 0x00, 0x00, 0x00, 0x00, 0x00, 0x00, 0x00,
  0x00, 0x00, 0x00, 0x00, 0x00, 0x00, 0x00, 0x00, 0x00, 0x00, 0x00, 0x00, 0x00, 0x00, 0x00, 0x00,
  0x00, 0x00, 0x00, 0x00, 0x00, 0x00, 0x00, 0x00, 0x00, 0x00, 0x00, 0x00, 0x00, 0x00, 0x00, 0x00,
  0x00, 0x00, 0x00, 0x00, 0x00, 0x00, 0x00, 0x00, 0x00, 0x00, 0x00, 0x00, 0x00, 0x00, 0x00, 0x00,
  0x00, 0x00, 0x00, 0x00, 0x00, 0x00, 0x00, 0x00, 0x00, 0x00, 0x00, 0x00, 0x00, 0x00, 0x00, 0x00,
  0x00, 0x00, 0x00, 0x00, 0x00, 0x00, 0x00, 0x00, 0x00, 0x00, 0x00, 0x00, 0x00, 0x00, 0x00, 0x00,
  0x00, 0x00, 0x00, 0x00, 0x00, 0x00, 0x00, 0x00, 0x00, 0x00, 0x00, 0x00, 0x00, 0x00, 0x00, 0x00,
  0x00, 0x00, 0x00, 0x00, 0x00, 0x00, 0x00, 0x00, 0x00, 0x00, 0x00, 0x00, 0x00, 0x00, 0x00, 0x00,
  0x00, 0x00, 0x00, 0x00, 0x00, 0x00, 0x00, 0x00, 0x00, 0x00, 0x00, 0x00, 0x00, 0x00, 0x00, 0x00,
  0x00, 0x00, 0x00, 0x00, 0x00, 0x00, 0x00, 0x00, 0x00, 0x00, 0x00, 0x00, 0x00, 0x00, 0x00, 0x00,
  0x00, 0x00, 0x00, 0x00, 0x00, 0x00, 0x00, 0x00, 0x00, 0x00, 0x00, 0x00, 0x00, 0x00, 0x00, 0x00,
  0x00, 0x00, 0x00, 0x00, 0x00, 0x00, 0x00, 0x00, 0x00, 0x00, 0x00, 0x00, 0x00, 0x00, 0x00, 0x00,
  0x00, 0x00, 0x00, 0x00, 0x00, 0x00, 0x00, 0x00, 0x00, 0x00, 0x00, 0x00, 0x00, 0x00, 0x00, 0x00,
  0x00, 0x00, 0x00, 0x00, 0x00, 0x00, 0x00, 0x00, 0x00, 0x00, 0x00, 0x00, 0x00, 0x00, 0x00, 0x00,
  0x00, 0x00, 0x00, 0x00, 0x00, 0x00, 0x00, 0x00, 0x00, 0x00, 0x00, 0x00, 0x00, 0x00, 0x00, 0x00,
  0x00, 0x00, 0x00, 0x00, 0x00, 0x00, 0x00, 0x00, 0x00, 0x00, 0x00, 0x00, 0x00, 0x00, 0x00, 0x00,
  0x00, 0x00, 0x00, 0x00, 0x00, 0x00, 0x00, 0x00, 0x00, 0x00, 0x00, 0x00, 0x00, 0x00, 0x00, 0x00,
  0x00, 0x00, 0x00, 0x00, 0x00, 0x00, 0x00, 0x00, 0x00, 0x00, 0x00, 0x00, 0x00, 0x00, 0x00, 0x00,
  0x00, 0x00, 0x00, 0x00, 0x00, 0x00, 0x00, 0x00, 0x00, 0x00, 0x00, 0x00, 0x00, 0x00, 0x00, 0x00,
  0x00, 0x00, 0x00, 0x00, 0x00, 0x00, 0x00, 0x00, 0x00, 0x00, 0x00, 0x00, 0x00, 0x00, 0x00, 0x00,
  0x00, 0x00, 0x00, 0x00, 0x00, 0x00, 0x00, 0x00, 0x00, 0x00, 0x00, 0x00, 0x00, 0x00, 0x00, 0x00,
  0x00, 0x00, 0x00, 0x00, 0x00, 0x00, 0x00, 0x00, 0x00, 0x00, 0x00, 0x00, 0x00, 0x00, 0x00, 0x00,
  0x00, 0x00, 0x00, 0x00, 0x00, 0x00, 0x00, 0x00, 0x00, 0x00, 0x00, 0x00, 0x00, 0x00, 0x00, 0x00,
  0x00, 0x00, 0x00, 0x00, 0x00, 0x00, 0x00, 0x00, 0x00, 0x00, 0x00, 0x00, 0x00, 0x00, 0x00, 0x00,
  0x00, 0x00, 0x00, 0x00, 0x00, 0x00, 0x00, 0x00, 0x00, 0x00, 0x00, 0x00, 0x00, 0x00, 0x00, 0x00,
  0x00, 0x00, 0x00, 0x00, 0x00, 0x00, 0x00, 0x00, 0x00, 0x00, 0x00, 0x00, 0x00, 0x00, 0x00, 0x00,
  0x00, 0x00, 0x00, 0x00, 0x00, 0x00, 0x00, 0x00, 0x00, 0x00, 0x00, 0x00, 0x00, 0x00, 0x00, 0x00,
  0x00, 0x00, 0x00, 0x00, 0x00, 0x00, 0x00, 0x00, 0x00, 0x00, 0x00, 0x00, 0x00, 0x00, 0x00, 0x00,
  0x00, 0x00, 0x00, 0x00, 0x00, 0x00, 0x00, 0x00, 0x00, 0x00, 0x00, 0x00, 0x00, 0x00, 0x00, 0x00,
  0x00, 0x00, 0x00, 0x00, 0x00, 0x00, 0x00, 0x00, 0x00, 0x00, 0x00, 0x00, 0x00, 0x00, 0x00, 0x00,
  0x00, 0x00, 0x00, 0x00, 0x00, 0x00, 0x00, 0x00, 0x00, 0x00, 0x00, 0x00, 0x00, 0x00, 0x00, 0x00,
  0x00, 0x00, 0x00, 0x00, 0x00, 0x00, 0x00, 0x00, 0x00, 0x00, 0x00, 0x00, 0x00, 0x00, 0x00, 0x00,
  0x00, 0x00, 0x00, 0x00, 0x00, 0x00, 0x00, 0x00, 0x00, 0x00, 0x00, 0x00, 0x00, 0x00, 0x00, 0x00,
  0x00, 0x00, 0x00, 0x00, 0x00, 0x00, 0x00, 0x00, 0x00, 0x00, 0x00, 0x00, 0x00, 0x00, 0x00, 0x00,
  0x00, 0x00, 0x00, 0x00, 0x00, 0x00, 0x00, 0x00, 0x00, 0x00, 0x00, 0x00, 0x00, 0x00, 0x00, 0x00,
  0x00, 0x00, 0x00, 0x00, 0x00, 0x00, 0x00, 0x00, 0x00, 0x00, 0x00, 0x00, 0x00, 0x00, 0x00, 0x00,
  0x00, 0x00, 0x00, 0x00, 0x00, 0x00, 0x00, 0x00, 0x00, 0x00, 0x00, 0x00, 0x00, 0x00, 0x00, 0x00,
  0x00, 0x00, 0x00, 0x00, 0x00, 0x00, 0x00, 0x00, 0x00, 0x00, 0x00, 0x00, 0x00, 0x00, 0x00, 0x00,
  0x00, 0x00, 0x00, 0x00, 0x00, 0x00, 0x00, 0x00, 0x00, 0x00, 0x00, 0x00, 0x00, 0x00, 0x00, 0x00,
  0x00, 0x00, 0x00, 0x00, 0x00, 0x00, 0x00, 0x00, 0x00, 0x00, 0x00, 0x00, 0x00, 0x00, 0x00, 0x00,
  0x00, 0x00, 0x00, 0x00, 0x00, 0x00, 0x00, 0x00, 0x00, 0x00, 0x00, 0x00, 0x00, 0x00, 0x00, 0x00,
  0x00, 0x00, 0x00, 0x00, 0x00, 0x00, 0x00, 0x00, 0x00, 0x00, 0x00, 0x00, 0x00, 0x00, 0x00, 0x00,
  0x00, 0x00, 0x00, 0x00, 0x00, 0x00, 0x00, 0x00, 0x00, 0x00, 0x00, 0x00, 0x00, 0x00, 0x00, 0x00,
  0x00, 0x00, 0x00, 0x00, 0x00, 0x00, 0x00, 0x00, 0x00, 0x00, 0x00, 0x00, 0x00, 0x00, 0x00, 0x00,
  0x00, 0x00, 0x00, 0x00, 0x00, 0x00, 0x00, 0x00, 0x00, 0x00, 0x00, 0x00, 0x00, 0x00, 0x00, 0x00,
  0x00, 0x00, 0x00, 0x00, 0x00, 0x00, 0x00, 0x00, 0x00, 0x00, 0x00, 0x00, 0x00, 0x00, 0x00, 0x00,
  0x00, 0x00, 0x00, 0x00, 0x00, 0x00, 0x00, 0x00, 0x00, 0x00, 0x00, 0x00, 0x00, 0x00, 0x00, 0x00,
  0x00, 0x00, 0x00, 0x00, 0x00, 0x00, 0x00, 0x00, 0x00, 0x00, 0x00, 0x00, 0x00, 0x00, 0x00, 0x00,
  0x00, 0x00, 0x00, 0x00, 0x00, 0x00, 0x00, 0x00, 0x00, 0x00, 0x00, 0x00, 0x00, 0x00, 0x00, 0x00,
  0x00, 0x00, 0x00, 0x00, 0x00, 0x00, 0x00, 0x00, 0x00, 0x00, 0x00, 0x00, 0x00, 0x00, 0x00, 0x00,
  0x00, 0x00, 0x00, 0x00, 0x00, 0x00, 0x00, 0x00, 0x00, 0x00, 0x00, 0x00, 0x00, 0x00, 0x00, 0x00,
  0x00, 0x00, 0x00, 0x00, 0x00, 0x00, 0x00, 0x00, 0x00, 0x00, 0x00, 0x00, 0x00, 0x00, 0x00, 0x00,
  0x00, 0x00, 0x00, 0x00, 0x00, 0x00, 0x00, 0x00, 0x00, 0x00, 0x00, 0x00, 0x00, 0x00, 0x00, 0x00,
  0x00, 0x00, 0x00, 0x00, 0x00, 0x00, 0x00, 0x00, 0x00, 0x00, 0x00, 0x00, 0x00, 0x00, 0x00, 0x00,
  0x00, 0x00, 0x00, 0x00, 0x00, 0x00, 0x00, 0x00, 0x00, 0x00, 0x00, 0x00, 0x00, 0x00, 0x00, 0x00,
  0x00, 0x00, 0x00, 0x00, 0x00, 0x00, 0x00, 0x00, 0x00, 0x00, 0x00, 0x00, 0x00, 0x00, 0x00, 0x00,
  0x00, 0x00, 0x00, 0x00, 0x00, 0x00, 0x00, 0x00, 0x00, 0x00, 0x00, 0x00, 0x00, 0x00, 0x00, 0x00,
  0x00, 0x00, 0x00, 0x00, 0x00, 0x00, 0x00, 0x00, 0x00, 0x00, 0x00, 0x00, 0x00, 0x00, 0x00, 0x00,
  0x00, 0x00, 0x00, 0x00, 0x00, 0x00, 0x00, 0x00, 0x00, 0x00, 0x00, 0x00, 0x00, 0x00, 0x00, 0x00,
  0x00, 0x00, 0x00, 0x00, 0x00, 0x00, 0x00, 0x00, 0x00, 0x00, 0x00, 0x00, 0x00, 0x00, 0x00, 0x00,
  0x00, 0x00, 0x00, 0x00, 0x00, 0x00, 0x00, 0x00, 0x00, 0x00, 0x00, 0x00, 0x00, 0x00, 0x00, 0x00,
  0x00, 0x00, 0x00, 0x00, 0x00, 0x00, 0x00, 0x00, 0x00, 0x00, 0x00, 0x00, 0x00, 0x00, 0x00, 0x00,
  0x00, 0x00, 0x00, 0x00, 0x00, 0x00, 0x00, 0x00, 0x00, 0x00, 0x00, 0x00, 0x00, 0x00, 0x00, 0x00,
  0x00, 0x00, 0x00, 0x00, 0x00, 0x00, 0x00, 0x00, 0x00, 0x00, 0x00, 0x00, 0x00, 0x00, 0x00, 0x00,
  0x00, 0x00, 0x00, 0x00, 0x00, 0x00, 0x00, 0x00, 0x00, 0x00, 0x00, 0x00, 0x00, 0x00, 0x00, 0x00,
  0x00, 0x00, 0x00, 0x00, 0x00, 0x00, 0x00, 0x00, 0x00, 0x00, 0x00, 0x00, 0x00, 0x00, 0x00, 0x00,
  0x00, 0x00, 0x00, 0x00, 0x00, 0x00, 0x00, 0x00, 0x00, 0x00, 0x00, 0x00, 0x00, 0x00, 0x00, 0x00,
  0x00, 0x00, 0x00, 0x00, 0x00, 0x00, 0x00, 0x00, 0x00, 0x00, 0x00, 0x00, 0x00, 0x00, 0x00, 0x00,
  0x00, 0x00, 0x00, 0x00, 0x00, 0x00, 0x00, 0x00, 0x00, 0x00, 0x00, 0x00, 0x00, 0x00, 0x00, 0x00,
  0x00, 0x00, 0x00, 0x00, 0x00, 0x00, 0x00, 0x00, 0x00, 0x00, 0x00, 0x00, 0x00, 0x00, 0x00, 0x00,
  0x00, 0x00, 0x00, 0x00, 0x00, 0x00, 0x00, 0x00, 0x00, 0x00, 0x00, 0x00, 0x00, 0x00, 0x00, 0x00,
  0x00, 0x00, 0x00, 0x00, 0x00, 0x00, 0x00, 0x00, 0x00, 0x00, 0x00, 0x00, 0x00, 0x00, 0x00, 0x00,
  0x00, 0x00, 0x00, 0x00, 0x00, 0x00, 0x00, 0x00, 0x00, 0x00, 0x00, 0x00, 0x00, 0x00, 0x00, 0x00,
  0x00, 0x00, 0x00, 0x00, 0x00, 0x00, 0x00, 0x00, 0x00, 0x00, 0x00, 0x00, 0x00, 0x00, 0x00, 0x00,
  0x00, 0x00, 0x00, 0x00, 0x00, 0x00, 0x00, 0x00, 0x00, 0x00, 0x00, 0x00, 0x00, 0x00, 0x00, 0x00,
  0x00, 0x00, 0x00, 0x00, 0x00, 0x00, 0x00, 0x00, 0x00, 0x00, 0x00, 0x00, 0x00, 0x00, 0x00, 0x00,
  0x00, 0x00, 0x00, 0x00, 0x00, 0x00, 0x00, 0x00, 0x00, 0x00, 0x00, 0x00, 0x00, 0x00, 0x00, 0x00,
  0x00, 0x00, 0x00, 0x00, 0x00, 0x00, 0x00, 0x00, 0x00, 0x00, 0x00, 0x00, 0x00, 0x00, 0x00, 0x00,
  0x00, 0x00, 0x00, 0x00, 0x00, 0x00, 0x00, 0x00, 0x00, 0x00, 0x00, 0x00, 0x00, 0x00, 0x00, 0x00,
  0x00, 0x00, 0x00, 0x00, 0x00, 0x00, 0x00, 0x00, 0x00, 0x00, 0x00, 0x00, 0x00, 0x00, 0x00, 0x00,
  0x00, 0x00, 0x00, 0x00, 0x00, 0x00, 0x00, 0x00, 0x00, 0x00, 0x00, 0x00, 0x00, 0x00, 0x00, 0x00,
  0x00, 0x00, 0x00, 0x00, 0x00, 0x00, 0x00, 0x00, 0x00, 0x00, 0x00, 0x00, 0x00, 0x00, 0x00, 0x00,
  0x00, 0x00, 0x00, 0x00, 0x00, 0x00, 0x00, 0x00, 0x00, 0x00, 0x00, 0x00, 0x00, 0x00, 0x00, 0x00,
  0x00, 0x00, 0x00, 0x00, 0x00, 0x00, 0x00, 0x00, 0x00, 0x00, 0x00, 0x00, 0x00, 0x00, 0x00, 0x00,
  0x00, 0x00, 0x00, 0x00, 0x00, 0x00, 0x00, 0x00, 0x00, 0x00, 0x00, 0x00, 0x00, 0x00, 0x00, 0x00,
  0x00, 0x00, 0x00, 0x00, 0x00, 0x00, 0x00, 0x00, 0x00, 0x00, 0x00, 0x00, 0x00, 0x00, 0x00, 0x00,
  0x00, 0x00, 0x00, 0x00, 0x00, 0x00, 0x00, 0x00, 0x00, 0x00, 0x00, 0x00, 0x00, 0x00, 0x00, 0x00,
  0x00, 0x00, 0x00, 0x00, 0x00, 0x00, 0x00, 0x00, 0x00, 0x00, 0x00, 0x00, 0x00, 0x00, 0x00, 0x00,
  0x00, 0x00, 0x00, 0x00, 0x00, 0x00, 0x00, 0x00, 0x00, 0x00, 0x00, 0x00, 0x00, 0x00, 0x00, 0x00,
  0x00, 0x00, 0x00, 0x00, 0x00, 0x00, 0x00, 0x00, 0x00, 0x00, 0x00, 0x00, 0x00, 0x00, 0x00, 0x00,
  0x00, 0x00, 0x00, 0x00, 0x00, 0x00, 0x00, 0x00, 0x00, 0x00, 0x00, 0x00, 0x00, 0x00, 0x00, 0x00,
  0x00, 0x00, 0x00, 0x00, 0x00, 0x00, 0x00, 0x00, 0x00, 0x00, 0x00, 0x00, 0x00, 0x00, 0x00, 0x00,
  0x00, 0x00, 0x00, 0x00, 0x00, 0x00, 0x00, 0x00, 0x00, 0x00, 0x00, 0x00, 0x00, 0x00, 0x00, 0x00,
  0x00, 0x00, 0x00, 0x00, 0x00, 0x00, 0x00, 0x00, 0x00, 0x00, 0x00, 0x00, 0x00, 0x00, 0x00, 0x00,
  0x00, 0x00, 0x00, 0x00, 0x00, 0x00, 0x00, 0x00, 0x00, 0x00, 0x00, 0x00, 0x00, 0x00, 0x00, 0x00,
  0x00, 0x00, 0x00, 0x00, 0x00, 0x00, 0x00, 0x00, 0x00, 0x00, 0x00, 0x00, 0x00, 0x00, 0x00, 0x00,
  0x00, 0x00, 0x00, 0x00, 0x00, 0x00, 0x00, 0x00, 0x00, 0x00, 0x00, 0x00, 0x00, 0x00, 0x00, 0x00,
  0x00, 0x00, 0x00, 0x00, 0x00, 0x00, 0x00, 0x00, 0x00, 0x00, 0x00, 0x00, 0x00, 0x00, 0x00, 0x00,
  0x00, 0x00, 0x00, 0x00, 0x00, 0x00, 0x00, 0x00, 0x00, 0x00, 0x00, 0x00, 0x00, 0x00, 0x00, 0x00,
  0x00, 0x00, 0x00, 0x00, 0x00, 0x00, 0x00, 0x00, 0x00, 0x00, 0x00, 0x00, 0x00, 0x00, 0x00, 0x00,
  0x00, 0x00, 0x00, 0x00, 0x00, 0x00, 0x00, 0x00, 0x00, 0x00, 0x00, 0x00, 0x00, 0x00, 0x00, 0x00,
  0x00, 0x00, 0x00, 0x00, 0x00, 0x00, 0x00, 0x00, 0x00, 0x00, 0x00, 0x00, 0x00, 0x00, 0x00, 0x00,
  0x00, 0x00, 0x00, 0x00, 0x00, 0x00, 0x00, 0x00, 0x00, 0x00, 0x00, 0x00, 0x00, 0x00, 0x00, 0x00,
  0x00, 0x00, 0x00, 0x00, 0x00, 0x00, 0x00, 0x00, 0x00, 0x00, 0x00, 0x00, 0x00, 0x00, 0x00, 0x00,
  0x00, 0x00, 0x00, 0x00, 0x00, 0x00, 0x00, 0x00, 0x00, 0x00, 0x00, 0x00, 0x00, 0x00, 0x00, 0x00,
  0x00, 0x00, 0x00, 0x00, 0x00, 0x00, 0x00, 0x00, 0x00, 0x00, 0x00, 0x00, 0x00, 0x00, 0x00, 0x00,
  0x00, 0x00, 0x00, 0x00, 0x00, 0x00, 0x00, 0x00, 0x00, 0x00, 0x00, 0x00, 0x00, 0x00, 0x00, 0x00,
  0x00, 0x00, 0x00, 0x00, 0x00, 0x00, 0x00, 0x00, 0x00, 0x00, 0x00, 0x00, 0x00, 0x00, 0x00, 0x00,
  0x00, 0x00, 0x00, 0x00, 0x00, 0x00, 0x00, 0x00, 0x00, 0x00, 0x00, 0x00, 0x00, 0x00, 0x00, 0x00,
  0x00, 0x00, 0x00, 0x00, 0x00, 0x00, 0x00, 0x00, 0x00, 0x00, 0x00, 0x00, 0x00, 0x00, 0x00, 0x00,
  0x00, 0x00, 0x00, 0x00, 0x00, 0x00, 0x00, 0x00, 0x00, 0x00, 0x00, 0x00, 0x00, 0x00, 0x00, 0x00,
  0x00, 0x00, 0x00, 0x00, 0x00, 0x00, 0x00, 0x00, 0x00, 0x00, 0x00, 0x00, 0x00, 0x00, 0x00, 0x00,
  0x00, 0x00, 0x00, 0x00, 0x00, 0x00, 0x00, 0x00, 0x00, 0x00, 0x00, 0x00, 0x00, 0x00, 0x00, 0x00,
  0x00, 0x00, 0x00, 0x00, 0x00, 0x00, 0x00, 0x00, 0x00, 0x00, 0x00, 0x00, 0x00, 0x00, 0x00, 0x00,
  0x00, 0x00, 0x00, 0x00, 0x00, 0x00, 0x00, 0x00, 0x00, 0x00, 0x00, 0x00, 0x00, 0x00, 0x00, 0x00,
  0x00, 0x00, 0x00, 0x00, 0x00, 0x00, 0x00, 0x00, 0x00, 0x00, 0x00, 0x00, 0x00, 0x00, 0x00, 0x00,
  0x00, 0x00, 0x00, 0x00, 0x00, 0x00, 0x00, 0x00, 0x00, 0x00, 0x00, 0x00, 0x00, 0x00, 0x00, 0x00,
  0x00, 0x00, 0x00, 0x00, 0x00, 0x00, 0x00, 0x00, 0x00, 0x00, 0x00, 0x00, 0x00, 0x00, 0x00, 0x00,
  0x00, 0x00, 0x00, 0x00, 0x00, 0x00, 0x00, 0x00, 0x00, 0x00, 0x00, 0x00, 0x00, 0x00, 0x00, 0x00,
  0x00, 0x00, 0x00, 0x00, 0x00, 0x00, 0x00, 0x00, 0x00, 0x00, 0x00, 0x00, 0x00, 0x00, 0x00, 0x00,
  0x00, 0x00, 0x00, 0x00, 0x00, 0x00, 0x00, 0x00, 0x00, 0x00, 0x00, 0x00, 0x00, 0x00, 0x00, 0x00,
  0x00, 0x00, 0x00, 0x00, 0x00, 0x00, 0x00, 0x00, 0x00, 0x00, 0x00, 0x00, 0x00, 0x00, 0x00, 0x00,
  0x00, 0x00, 0x00, 0x00, 0x00, 0x00, 0x00, 0x00, 0x00, 0x00, 0x00, 0x00, 0x00, 0x00, 0x00, 0x00,
  0x00, 0x00, 0x00, 0x00, 0x00, 0x00, 0x00, 0x00, 0x00, 0x00, 0x00, 0x00, 0x00, 0x00, 0x00, 0x00,
  0x00, 0x00, 0x00, 0x00, 0x00, 0x00, 0x00, 0x00, 0x00, 0x00, 0x00, 0x00, 0x00, 0x00, 0x00, 0x00,
  0x00, 0x00, 0x00, 0x00, 0x00, 0x00, 0x00, 0x00, 0x00, 0x00, 0x00, 0x00, 0x00, 0x00, 0x00, 0x00,
  0x00, 0x00, 0x00, 0x00, 0x00, 0x00, 0x00, 0x00, 0x00, 0x00, 0x00, 0x00, 0x00, 0x00, 0x00, 0x00,
  0x00, 0x00, 0x00, 0x00, 0x00, 0x00, 0x00, 0x00, 0x00, 0x00, 0x00, 0x00, 0x00, 0x00, 0x00, 0x00,
  0x00, 0x00, 0x00, 0x00, 0x00, 0x00, 0x00, 0x00, 0x00, 0x00, 0x00, 0x00, 0x00, 0x00, 0x00, 0x00,
  0x00, 0x00, 0x00, 0x00, 0x00, 0x00, 0x00, 0x00, 0x00, 0x00, 0x00, 0x00, 0x00, 0x00, 0x00, 0x00,
  0x00, 0x00, 0x00, 0x00, 0x00, 0x00, 0x00, 0x00, 0x00, 0x00, 0x00, 0x00, 0x00, 0x00, 0x00, 0x00,
  0x00, 0x00, 0x00, 0x00, 0x00, 0x00, 0x00, 0x00, 0x00, 0x00, 0x00, 0x00, 0x00, 0x00, 0x00, 0x00,
  0x00, 0x00, 0x00, 0x00, 0x00, 0x00, 0x00, 0x00, 0x00, 0x00, 0x00, 0x00, 0x00, 0x00, 0x00, 0x00,
  0x00, 0x00, 0x00, 0x00, 0x00, 0x00, 0x00, 0x00, 0x00, 0x00, 0x00, 0x00, 0x00, 0x00, 0x00, 0x00,
  0x00, 0x00, 0x00, 0x00, 0x00, 0x00, 0x00, 0x00, 0x00, 0x00, 0x00, 0x00, 0x00, 0x00, 0x00, 0x00,
  0x00, 0x00, 0x00, 0x00, 0x00, 0x00, 0x00, 0x00, 0x00, 0x00, 0x00, 0x00, 0x00, 0x00, 0x00, 0x00,
  0x00, 0x00, 0x00, 0x00, 0x00, 0x00, 0x00, 0x00, 0x00, 0x00, 0x00, 0x00, 0x00, 0x00, 0x00, 0x00,
  0x00, 0x00, 0x00, 0x00, 0x00, 0x00, 0x00, 0x00, 0x00, 0x00, 0x00, 0x00, 0x00, 0x00, 0x00, 0x00,
  0x00, 0x00, 0x00, 0x00, 0x00, 0x00, 0x00, 0x00, 0x00, 0x00, 0x00, 0x00, 0x00, 0x00, 0x00, 0x00,
  0x00, 0x00, 0x00, 0x00, 0x00, 0x00, 0x00, 0x00, 0x00, 0x00, 0x00, 0x00, 0x00, 0x00, 0x00, 0x00,
  0x00, 0x00, 0x00, 0x00, 0x00, 0x00, 0x00, 0x00, 0x00, 0x00, 0x00, 0x00, 0x00, 0x00, 0x00, 0x00,
  0x00, 0x00, 0x00, 0x00, 0x00, 0x00, 0x00, 0x00, 0x00, 0x00, 0x00, 0x00, 0x00, 0x00, 0x00, 0x00,
  0x00, 0x00, 0x00, 0x00, 0x00, 0x00, 0x00, 0x00, 0x00, 0x00, 0x00, 0x00, 0x00, 0x00, 0x00, 0x00,
  0x00, 0x00, 0x00, 0x00, 0x00, 0x00, 0x00, 0x00, 0x00, 0x00, 0x00, 0x00, 0x00, 0x00, 0x00, 0x00,
  0x00, 0x00, 0x00, 0x00, 0x00, 0x00, 0x00, 0x00, 0x00, 0x00, 0x00, 0x00, 0x00, 0x00, 0x00, 0x00,
  0x00, 0x00, 0x00, 0x00, 0x00, 0x00, 0x00, 0x00, 0x00, 0x00, 0x00, 0x00, 0x00, 0x00, 0x00, 0x00,
  0x00, 0x00, 0x00, 0x00, 0x00, 0x00, 0x00, 0x00, 0x00, 0x00, 0x00, 0x00, 0x00, 0x00, 0x00, 0x00,
  0x00, 0x00, 0x00, 0x00, 0x00, 0x00, 0x00, 0x00, 0x00, 0x00, 0x00, 0x00, 0x00, 0x00, 0x00, 0x00,
  0x00, 0x00, 0x00, 0x00, 0x00, 0x00, 0x00, 0x00, 0x00, 0x00, 0x00, 0x00, 0x00, 0x00, 0x00, 0x00,
  0x00, 0x00, 0x00, 0x00, 0x00, 0x00, 0x00, 0x00, 0x00, 0x00, 0x00, 0x00, 0x00, 0x00, 0x00, 0x00,
  0x00, 0x00, 0x00, 0x00, 0x00, 0x00, 0x00, 0x00, 0x00, 0x00, 0x00, 0x00, 0x00, 0x00, 0x00, 0x00,
  0x00, 0x00, 0x00, 0x00, 0x00, 0x00, 0x00, 0x00, 0x00, 0x00, 0x00, 0x00, 0x00, 0x00, 0x00, 0x00,
  0x00, 0x00, 0x00, 0x00, 0x00, 0x00, 0x00, 0x00, 0x00, 0x00, 0x00, 0x00, 0x00, 0x00, 0x00, 0x00,
  0x00, 0x00, 0x00, 0x00, 0x00, 0x00, 0x00, 0x00, 0x00, 0x00, 0x00, 0x00, 0x00, 0x00, 0x00, 0x00,
  0x00, 0x00, 0x00, 0x00, 0x00, 0x00, 0x00, 0x00, 0x00, 0x00, 0x00, 0x00, 0x00, 0x00, 0x00, 0x00,
  0x00, 0x00, 0x00, 0x00, 0x00, 0x00, 0x00, 0x00, 0x00, 0x00, 0x00, 0x00, 0x00, 0x00, 0x00, 0x00,
  0x00, 0x00, 0x00, 0x00, 0x00, 0x00, 0x00, 0x00, 0x00, 0x00, 0x00, 0x00, 0x00, 0x00, 0x00, 0x00,
  0x00, 0x00, 0x00, 0x00, 0x00, 0x00, 0x00, 0x00, 0x00, 0x00, 0x00, 0x00, 0x00, 0x00, 0x00, 0x00,
  0x00, 0x00, 0x00, 0x00, 0x00, 0x00, 0x00, 0x00, 0x00, 0x00, 0x00, 0x00, 0x00, 0x00, 0x00, 0x00,
  0x00, 0x00, 0x00, 0x00, 0x00, 0x00, 0x00, 0x00, 0x00, 0x00, 0x00, 0x00, 0x00, 0x00, 0x00, 0x00,
  0x00, 0x00, 0x00, 0x00, 0x00, 0x00, 0x00, 0x00, 0x00, 0x00, 0x00, 0x00, 0x00, 0x00, 0x00, 0x00,
  0x00, 0x00, 0x00, 0x00, 0x00, 0x00, 0x00, 0x00, 0x00, 0x00, 0x00, 0x00, 0x00, 0x00, 0x00, 0x00,
  0x00, 0x00, 0x00, 0x00, 0x00, 0x00, 0x00, 0x00, 0x00, 0x00, 0x00, 0x00, 0x00, 0x00, 0x00, 0x00,
  0x00, 0x00, 0x00, 0x00, 0x00, 0x00, 0x00, 0x00, 0x00, 0x00, 0x00, 0x00, 0x00, 0x00, 0x00, 0x00,
  0x00, 0x00, 0x00, 0x00, 0x00, 0x00, 0x00, 0x00, 0x00, 0x00, 0x00, 0x00, 0x00, 0x00, 0x00, 0x00,
  0x00, 0x00, 0x00, 0x00, 0x00, 0x00, 0x00, 0x00, 0x00, 0x00, 0x00, 0x00, 0x00, 0x00, 0x00, 0x00,
  0x00, 0x00, 0x00, 0x00, 0x00, 0x00, 0x00, 0x00, 0x00, 0x00, 0x00, 0x00, 0x00, 0x00, 0x00, 0x00,
  0x00, 0x00, 0x00, 0x00, 0x00, 0x00, 0x00, 0x00, 0x00, 0x00, 0x00, 0x00, 0x00, 0x00, 0x00, 0x00,
  0x00, 0x00, 0x00, 0x00, 0x00, 0x00, 0x00, 0x00, 0x00, 0x00, 0x00, 0x00, 0x00, 0x00, 0x00, 0x00,
  0x00, 0x00, 0x00, 0x00, 0x00, 0x00, 0x00, 0x00, 0x00, 0x00, 0x00, 0x00, 0x00, 0x00, 0x00, 0x00,
  0x00, 0x00, 0x00, 0x00, 0x00, 0x00, 0x00, 0x00, 0x00, 0x00, 0x00, 0x00, 0x00, 0x00, 0x00, 0x00,
  0x00, 0x00, 0x00, 0x00, 0x00, 0x00, 0x00, 0x00, 0x00, 0x00, 0x00, 0x00, 0x00, 0x00, 0x00, 0x00,
  0x00, 0x00, 0x00, 0x00, 0x00, 0x00, 0x00, 0x00, 0x00, 0x00, 0x00, 0x00, 0x00, 0x00, 0x00, 0x00,
  0x00, 0x00, 0x00, 0x00, 0x00, 0x00, 0x00, 0x00, 0x00, 0x00, 0x00, 0x00, 0x00, 0x00, 0x00, 0x00,
  0x00, 0x00, 0x00, 0x00, 0x00, 0x00, 0x00, 0x00, 0x00, 0x00, 0x00, 0x00, 0x00, 0x00, 0x00, 0x00,
  0x00, 0x00, 0x00, 0x00, 0x00, 0x00, 0x00, 0x00, 0x00, 0x00, 0x00, 0x00, 0x00, 0x00, 0x00, 0x00,
  0x00, 0x00, 0x00, 0x00, 0x00, 0x00, 0x00, 0x00, 0x00, 0x00, 0x00, 0x00, 0x00, 0x00, 0x00, 0x00,
  0x00, 0x00, 0x00, 0x00, 0x00, 0x00, 0x00, 0x00, 0x00, 0x00, 0x00, 0x00, 0x00, 0x00, 0x00, 0x00,
  0x00, 0x00, 0x00, 0x00, 0x00, 0x00, 0x00, 0x00, 0x00, 0x00, 0x00, 0x00, 0x00, 0x00, 0x00, 0x00,
  0x00, 0x00, 0x00, 0x00, 0x00, 0x00, 0x00, 0x00, 0x00, 0x00, 0x00, 0x00, 0x00, 0x00, 0x00, 0x00,
  0x00, 0x00, 0x00, 0x00, 0x00, 0x00, 0x00, 0x00, 0x00, 0x00, 0x00, 0x00, 0x00, 0x00, 0x00, 0x00,
  0x00, 0x00, 0x00, 0x00, 0x00, 0x00, 0x00, 0x00, 0x00, 0x00, 0x00, 0x00, 0x00, 0x00, 0x00, 0x00,
  0x00, 0x00, 0x00, 0x00, 0x00, 0x00, 0x00, 0x00, 0x00, 0x00, 0x00, 0x00, 0x00, 0x00, 0x00, 0x00,
  0x00, 0x00, 0x00, 0x00, 0x00, 0x00, 0x00, 0x00, 0x00, 0x00, 0x00, 0x00, 0x00, 0x00, 0x00, 0x00,
  0x00, 0x00, 0x00, 0x00, 0x00, 0x00, 0x00, 0x00, 0x00, 0x00, 0x00, 0x00, 0x00, 0x00, 0x00, 0x00,
  0x00, 0x00, 0x00, 0x00, 0x00, 0x00, 0x00, 0x00, 0x00, 0x00, 0x00, 0x00, 0x00, 0x00, 0x00, 0x00,
  0x00, 0x00, 0x00, 0x00, 0x00, 0x00, 0x00, 0x00, 0x00, 0x00, 0x00, 0x00, 0x00, 0x00, 0x00, 0x00,
  0x00, 0x00, 0x00, 0x00, 0x00, 0x00, 0x00, 0x00, 0x00, 0x00, 0x00, 0x00, 0x00, 0x00, 0x00, 0x00,
  0x00, 0x00, 0x00, 0x00, 0x00, 0x00, 0x00, 0x00, 0x00, 0x00, 0x00, 0x00, 0x00, 0x00, 0x00, 0x00,
  0x00, 0x00, 0x00, 0x00, 0x00, 0x00, 0x00, 0x00, 0x00, 0x00, 0x00, 0x00, 0x00, 0x00, 0x00, 0x00,
  0x00, 0x00, 0x00, 0x00, 0x00, 0x00, 0x00, 0x00, 0x00, 0x00, 0x00, 0x00, 0x00, 0x00, 0x00, 0x00,
  0x00, 0x00, 0x00, 0x00, 0x00, 0x00, 0x00, 0x00, 0x00, 0x00, 0x00, 0x00, 0x00, 0x00, 0x00, 0x00,
  0x00, 0x00, 0x00, 0x00, 0x00, 0x00, 0x00, 0x00, 0x00, 0x00, 0x00, 0x00, 0x00, 0x00, 0x00, 0x00,
  0x00, 0x00, 0x00, 0x00, 0x00, 0x00, 0x00, 0x00, 0x00, 0x00, 0x00, 0x00, 0x00, 0x00, 0x00, 0x00,
  0x00, 0x00, 0x00, 0x00, 0x00, 0x00, 0x00, 0x00, 0x00, 0x00, 0x00, 0x00, 0x00, 0x00, 0x00, 0x00,
  0x00, 0x00, 0x00, 0x00, 0x00, 0x00, 0x00, 0x00, 0x00, 0x00, 0x00, 0x00, 0x00, 0x00, 0x00, 0x00,
  0x00, 0x00, 0x00, 0x00, 0x00, 0x00, 0x00, 0x00, 0x00, 0x00, 0x00, 0x00, 0x00, 0x00, 0x00, 0x00,
  0x00, 0x00, 0x00, 0x00, 0x00, 0x00, 0x00, 0x00, 0x00, 0x00, 0x00, 0x00, 0x00, 0x00, 0x00, 0x00,
  0x00, 0x00, 0x00, 0x00, 0x00, 0x00, 0x00, 0x00, 0x00, 0x00, 0x00, 0x00, 0x00, 0x00, 0x00, 0x00,
  0x00, 0x00, 0x00, 0x00, 0x00, 0x00, 0x00, 0x00, 0x00, 0x00, 0x00, 0x00, 0x00, 0x00, 0x00, 0x00,
  0x00, 0x00, 0x00, 0x00, 0x00, 0x00, 0x00, 0x00, 0x00, 0x00, 0x00, 0x00, 0x00, 0x00, 0x00, 0x00,
  0x00, 0x00, 0x00, 0x00, 0x00, 0x00, 0x00, 0x00, 0x00, 0x00, 0x00, 0x00, 0x00, 0x00, 0x00, 0x00,
  0x00, 0x00, 0x00, 0x00, 0x00, 0x00, 0x00, 0x00, 0x00, 0x00, 0x00, 0x00, 0x00, 0x00, 0x00, 0x00,
  0x00, 0x00, 0x00, 0x00, 0x00, 0x00, 0x00, 0x00, 0x00, 0x00, 0x00, 0x00, 0x00, 0x00, 0x00, 0x00,
  0x00, 0x00, 0x00, 0x00, 0x00, 0x00, 0x00, 0x00, 0x00, 0x00, 0x00, 0x00, 0x00, 0x00, 0x00, 0x00,
  0x00, 0x00, 0x00, 0x00, 0x00, 0x00, 0x00, 0x00, 0x00, 0x00, 0x00, 0x00, 0x00, 0x00, 0x00, 0x00,
  0x00, 0x00, 0x00, 0x00, 0x00, 0x00, 0x00, 0x00, 0x00, 0x00, 0x00, 0x00, 0x00, 0x00, 0x00, 0x00,
  0x00, 0x00, 0x00, 0x00, 0x00, 0x00, 0x00, 0x00, 0x00, 0x00, 0x00, 0x00, 0x00, 0x00, 0x00, 0x00,
  0x00, 0x00, 0x00, 0x00, 0x00, 0x00, 0x00, 0x00, 0x00, 0x00, 0x00, 0x00, 0x00, 0x00, 0x00, 0x00,
  0x00, 0x00, 0x00, 0x00, 0x00, 0x00, 0x00, 0x00, 0x00, 0x00, 0x00, 0x00, 0x00, 0x00, 0x00, 0x00,
  0x00, 0x00, 0x00, 0x00, 0x00, 0x00, 0x00, 0x00, 0x00, 0x00, 0x00, 0x00, 0x00, 0x00, 0x00, 0x00,
  0x00, 0x00, 0x00, 0x00, 0x00, 0x00, 0x00, 0x00, 0x00, 0x00, 0x00, 0x00, 0x00, 0x00, 0x00, 0x00,
  0x00, 0x00, 0x00, 0x00, 0x00, 0x00, 0x00, 0x00, 0x00, 0x00, 0x00, 0x00, 0x00, 0x00, 0x00, 0x00,
  0x00, 0x00, 0x00, 0x00, 0x00, 0x00, 0x00, 0x00, 0x00, 0x00, 0x00, 0x00, 0x00, 0x00, 0x00, 0x00,
  0x00, 0x00, 0x00, 0x00, 0x00, 0x00, 0x00, 0x00, 0x00, 0x00, 0x00, 0x00, 0x00, 0x00, 0x00, 0x00,
  0x00, 0x00, 0x00, 0x00, 0x00, 0x00, 0x00, 0x00, 0x00, 0x00, 0x00, 0x00, 0x00, 0x00, 0x00, 0x00,
  0x00, 0x00, 0x00, 0x00, 0x00, 0x00, 0x00, 0x00, 0x00, 0x00, 0x00, 0x00, 0x00, 0x00, 0x00, 0x00,
  0x00, 0x00, 0x00, 0x00, 0x00, 0x00, 0x00, 0x00, 0x00, 0x00, 0x00, 0x00, 0x00, 0x00, 0x00, 0x00,
  0x00, 0x00, 0x00, 0x00, 0x00, 0x00, 0x00, 0x00, 0x00, 0x00, 0x00, 0x00, 0x00, 0x00, 0x00, 0x00,
  0x00, 0x00, 0x00, 0x00, 0x00, 0x00, 0x00, 0x00, 0x00, 0x00, 0x00, 0x00, 0x00, 0x00, 0x00, 0x00,
  0x00, 0x00, 0x00, 0x00, 0x00, 0x00, 0x00, 0x00, 0x00, 0x00, 0x00, 0x00, 0x00, 0x00, 0x00, 0x00,
  0x00, 0x00, 0x00, 0x00, 0x00, 0x00, 0x00, 0x00, 0x00, 0x00, 0x00, 0x00, 0x00, 0x00, 0x00, 0x00,
  0x00, 0x00, 0x00, 0x00, 0x00, 0x00, 0x00, 0x00, 0x00, 0x00, 0x00, 0x00, 0x00, 0x00, 0x00, 0x00,
  0x00, 0x00, 0x00, 0x00, 0x00, 0x00, 0x00, 0x00, 0x00, 0x00, 0x00, 0x00, 0x00, 0x00, 0x00, 0x00,
  0x00, 0x00, 0x00, 0x00, 0x00, 0x00, 0x00, 0x00, 0x00, 0x00, 0x00, 0x00, 0x00, 0x00, 0x00, 0x00,
  0x00, 0x00, 0x00, 0x00, 0x00, 0x00, 0x00, 0x00, 0x00, 0x00, 0x00, 0x00, 0x00, 0x00, 0x00, 0x00,
  0x00, 0x00, 0x00, 0x00, 0x00, 0x00, 0x00, 0x00, 0x00, 0x00, 0x00, 0x00, 0x00, 0x00, 0x00, 0x00,
  0x00, 0x00, 0x00, 0x00, 0x00, 0x00, 0x00, 0x00, 0x00, 0x00, 0x00, 0x00, 0x00, 0x00, 0x00, 0x00,
  0x00, 0x00, 0x00, 0x00, 0x00, 0x00, 0x00, 0x00, 0x00, 0x00, 0x00, 0x00, 0x00, 0x00, 0x00, 0x00,
  0x00, 0x00, 0x00, 0x00, 0x00, 0x00, 0x00, 0x00, 0x00, 0x00, 0x00, 0x00, 0x00, 0x00, 0x00, 0x00,
  0x00, 0x00, 0x00, 0x00, 0x00, 0x00, 0x00, 0x00, 0x00, 0x00, 0x00, 0x00, 0x00, 0x00, 0x00, 0x00,
  0x00, 0x00, 0x00, 0x00, 0x00, 0x00, 0x00, 0x00, 0x00, 0x00, 0x00, 0x00, 0x00, 0x00, 0x00, 0x00,
  0x00, 0x00, 0x00, 0x00, 0x00, 0x00, 0x00, 0x00, 0x00, 0x00, 0x00, 0x00, 0x00, 0x00, 0x00, 0x00,
  0x00, 0x00, 0x00, 0x00, 0x00, 0x00, 0x00, 0x00, 0x00, 0x00, 0x00, 0x00, 0x00, 0x00, 0x00, 0x00,
  0x00, 0x00, 0x00, 0x00, 0x00, 0x00, 0x00, 0x00, 0x00, 0x00, 0x00, 0x00, 0x00, 0x00, 0x00, 0x00,
  0x00, 0x00, 0x00, 0x00, 0x00, 0x00, 0x00, 0x00, 0x00, 0x00, 0x00, 0x00, 0x00, 0x00, 0x00, 0x00,
  0x00, 0x00, 0x00, 0x00, 0x00, 0x00, 0x00, 0x00, 0x00, 0x00, 0x00, 0x00, 0x00, 0x00, 0x00, 0x00,
  0x00, 0x00, 0x00, 0x00, 0x00, 0x00, 0x00, 0x00, 0x00, 0x00, 0x00, 0x00, 0x00, 0x00, 0x00, 0x00,
  0x00, 0x00, 0x00, 0x00, 0x00, 0x00, 0x00, 0x00, 0x00, 0x00, 0x00, 0x00, 0x00, 0x00, 0x00, 0x00,
  0x00, 0x00, 0x00, 0x00, 0x00, 0x00, 0x00, 0x00, 0x00, 0x00, 0x00, 0x00, 0x00, 0x00, 0x00, 0x00,
  0x00, 0x00, 0x00, 0x00, 0x00, 0x00, 0x00, 0x00, 0x00, 0x00, 0x00, 0x00, 0x00, 0x00, 0x00, 0x00,
  0x00, 0x00, 0x00, 0x00, 0x00, 0x00, 0x00, 0x00, 0x00, 0x00, 0x00, 0x00, 0x00, 0x00, 0x00, 0x00,
  0x00, 0x00, 0x00, 0x00, 0x00, 0x00, 0x00, 0x00, 0x00, 0x00, 0x00, 0x00, 0x00, 0x00, 0x00, 0x00,
  0x00, 0x00, 0x00, 0x00, 0x00, 0x00, 0x00, 0x00, 0x00, 0x00, 0x00, 0x00, 0x00, 0x00, 0x00, 0x00,
  0x00, 0x00, 0x00, 0x00, 0x00, 0x00, 0x00, 0x00, 0x00, 0x00, 0x00, 0x00, 0x00, 0x00, 0x00, 0x00,
  0x00, 0x00, 0x00, 0x00, 0x00, 0x00, 0x00, 0x00, 0x00, 0x00, 0x00, 0x00, 0x00, 0x00, 0x00, 0x00,
  0x00, 0x00, 0x00, 0x00, 0x00, 0x00, 0x00, 0x00, 0x00, 0x00, 0x00, 0x00, 0x00, 0x00, 0x00, 0x00,
  0x00, 0x00, 0x00, 0x00, 0x00, 0x00, 0x00, 0x00, 0x00, 0x00, 0x00, 0x00, 0x00, 0x00, 0x00, 0x00,
  0x00, 0x00, 0x00, 0x00, 0x00, 0x00, 0x00, 0x00, 0x00, 0x00, 0x00, 0x00, 0x00, 0x00, 0x00, 0x00,
  0x00, 0x00, 0x00, 0x00, 0x00, 0x00, 0x00, 0x00, 0x00, 0x00, 0x00, 0x00, 0x00, 0x00, 0x00, 0x00,
  0x00, 0x00, 0x00, 0x00, 0x00, 0x00, 0x00, 0x00, 0x00, 0x00, 0x00, 0x00, 0x00, 0x00, 0x00, 0x00,
  0x00, 0x00, 0x00, 0x00, 0x00, 0x00, 0x00, 0x00, 0x00, 0x00, 0x00, 0x00, 0x00, 0x00, 0x00, 0x00,
  0x00, 0x00, 0x00, 0x00, 0x00, 0x00, 0x00, 0x00, 0x00, 0x00, 0x00, 0x00, 0x00, 0x00, 0x00, 0x00,
  0x00, 0x00, 0x00, 0x00, 0x00, 0x00, 0x00, 0x00, 0x00, 0x00, 0x00, 0x00, 0x00, 0x00, 0x00, 0x00,
  0x00, 0x00, 0x00, 0x00, 0x00, 0x00, 0x00, 0x00, 0x00, 0x00, 0x00, 0x00, 0x00, 0x00, 0x00, 0x00,
  0x00, 0x00, 0x00, 0x00, 0x00, 0x00, 0x00, 0x00, 0x00, 0x00, 0x00, 0x00, 0x00, 0x00, 0x00, 0x00,
  0x00, 0x00, 0x00, 0x00, 0x00, 0x00, 0x00, 0x00, 0x00, 0x00, 0x00, 0x00, 0x00, 0x00, 0x00, 0x00,
  0x00, 0x00, 0x00, 0x00, 0x00, 0x00, 0x00, 0x00, 0x00, 0x00, 0x00, 0x00, 0x00, 0x00, 0x00, 0x00,
  0x00, 0x00, 0x00, 0x00, 0x00, 0x00, 0x00, 0x00, 0x00, 0x00, 0x00, 0x00, 0x00, 0x00, 0x00, 0x00,
  0x00, 0x00, 0x00, 0x00, 0x00, 0x00, 0x00, 0x00, 0x00, 0x00, 0x00, 0x00, 0x00, 0x00, 0x00, 0x00,
  0x00, 0x00, 0x00, 0x00, 0x00, 0x00, 0x00, 0x00, 0x00, 0x00, 0x00, 0x00, 0x00, 0x00, 0x00, 0x00,
  0x00, 0x00, 0x00, 0x00, 0x00, 0x00, 0x00, 0x00, 0x00, 0x00, 0x00, 0x00, 0x00, 0x00, 0x00, 0x00,
  0x00, 0x00, 0x00, 0x00, 0x00, 0x00, 0x00, 0x00, 0x00, 0x00, 0x00, 0x00, 0x00, 0x00, 0x00, 0x00,
  0x00, 0x00, 0x00, 0x00, 0x00, 0x00, 0x00, 0x00, 0x00, 0x00, 0x00, 0x00, 0x00, 0x00, 0x00, 0x00,
  0x00, 0x00, 0x00, 0x00, 0x00, 0x00, 0x00, 0x00, 0x00, 0x00, 0x00, 0x00, 0x00, 0x00, 0x00, 0x00,
  0x00, 0x00, 0x00, 0x00, 0x00, 0x00, 0x00, 0x00, 0x00, 0x00, 0x00, 0x00, 0x00, 0x00, 0x00, 0x00,
  0x00, 0x00, 0x00, 0x00, 0x00, 0x00, 0x00, 0x00, 0x00, 0x00, 0x00, 0x00, 0x00, 0x00, 0x00, 0x00,
  0x00, 0x00, 0x00, 0x00, 0x00, 0x00, 0x00, 0x00, 0x00, 0x00, 0x00, 0x00, 0x00, 0x00, 0x00, 0x00,
  0x00, 0x00, 0x00, 0x00, 0x00, 0x00, 0x00, 0x00, 0x00, 0x00, 0x00, 0x00, 0x00, 0x00, 0x00, 0x00,
  0x00, 0x00, 0x00, 0x00, 0x00, 0x00, 0x00, 0x00, 0x00, 0x00, 0x00, 0x00, 0x00, 0x00, 0x00, 0x00,
  0x00, 0x00, 0x00, 0x00, 0x00, 0x00, 0x00, 0x00, 0x00, 0x00, 0x00, 0x00, 0x00, 0x00, 0x00, 0x00,
  0x00, 0x00, 0x00, 0x00, 0x00, 0x00, 0x00, 0x00, 0x00, 0x00, 0x00, 0x00, 0x00, 0x00, 0x00, 0x00,
  0x00, 0x00, 0x00, 0x00, 0x00, 0x00, 0x00, 0x00, 0x00, 0x00, 0x00, 0x00, 0x00, 0x00, 0x00, 0x00,
  0x00, 0x00, 0x00, 0x00, 0x00, 0x00, 0x00, 0x00, 0x00, 0x00, 0x00, 0x00, 0x00, 0x00, 0x00, 0x00,
  0x00, 0x00, 0x00, 0x00, 0x00, 0x00, 0x00, 0x00, 0x00, 0x00, 0x00, 0x00, 0x00, 0x00, 0x00, 0x00,
  0x00, 0x00, 0x00, 0x00, 0x00, 0x00, 0x00, 0x00, 0x00, 0x00, 0x00, 0x00, 0x00, 0x00, 0x00, 0x00,
  0x00, 0x00, 0x00, 0x00, 0x00, 0x00, 0x00, 0x00, 0x00, 0x00, 0x00, 0x00, 0x00, 0x00, 0x00, 0x00,
  0x00, 0x00, 0x00, 0x00, 0x00, 0x00, 0x00, 0x00, 0x00, 0x00, 0x00, 0x00, 0x00, 0x00, 0x00, 0x00,
  0x00, 0x00, 0x00, 0x00, 0x00, 0x00, 0x00, 0x00, 0x00, 0x00, 0x00, 0x00, 0x00, 0x00, 0x00, 0x00,
  0x00, 0x00, 0x00, 0x00, 0x00, 0x00, 0x00, 0x00, 0x00, 0x00, 0x00, 0x00, 0x00, 0x00, 0x00, 0x00,
  0x00, 0x00, 0x00, 0x00, 0x00, 0x00, 0x00, 0x00, 0x00, 0x00, 0x00, 0x00, 0x00, 0x00, 0x00, 0x00,
  0x00, 0x00, 0x00, 0x00, 0x00, 0x00, 0x00, 0x00, 0x00, 0x00, 0x00, 0x00, 0x00, 0x00, 0x00, 0x00,
  0x00, 0x00, 0x00, 0x00, 0x00, 0x00, 0x00, 0x00, 0x00, 0x00, 0x00, 0x00, 0x00, 0x00, 0x00, 0x00,
  0x00, 0x00, 0x00, 0x00, 0x00, 0x00, 0x00, 0x00, 0x00, 0x00, 0x00, 0x00, 0x00, 0x00, 0x00, 0x00,
  0x00, 0x00, 0x00, 0x00, 0x00, 0x00, 0x00, 0x00, 0x00, 0x00, 0x00, 0x00, 0x00, 0x00, 0x00, 0x00,
  0x00, 0x00, 0x00, 0x00, 0x00, 0x00, 0x00, 0x00, 0x00, 0x00, 0x00, 0x00, 0x00, 0x00, 0x00, 0x00,
  0x00, 0x00, 0x00, 0x00, 0x00, 0x00, 0x00, 0x00, 0x00, 0x00, 0x00, 0x00, 0x00, 0x00, 0x00, 0x00,
  0x00, 0x00, 0x00, 0x00, 0x00, 0x00, 0x00, 0x00, 0x00, 0x00, 0x00, 0x00, 0x00, 0x00, 0x00, 0x00,
  0x00, 0x00, 0x00, 0x00, 0x00, 0x00, 0x00, 0x00, 0x00, 0x00, 0x00, 0x00, 0x00, 0x00, 0x00, 0x00,
  0x00, 0x00, 0x00, 0x00, 0x00, 0x00, 0x00, 0x00, 0x00, 0x00, 0x00, 0x00, 0x00, 0x00, 0x00, 0x00,
  0x00, 0x00, 0x00, 0x00, 0x00, 0x00, 0x00, 0x00, 0x00, 0x00, 0x00, 0x00, 0x00, 0x00, 0x00, 0x00,
  0x00, 0x00, 0x00, 0x00, 0x00, 0x00, 0x00, 0x00, 0x00, 0x00, 0x00, 0x00, 0x00, 0x00, 0x00, 0x00,
  0x00, 0x00, 0x00, 0x00, 0x00, 0x00, 0x00, 0x00, 0x00, 0x00, 0x00, 0x00, 0x00, 0x00, 0x00, 0x00,
  0x00, 0x00, 0x00, 0x00, 0x00, 0x00, 0x00, 0x00, 0x00, 0x00, 0x00, 0x00, 0x00, 0x00, 0x00, 0x00,
  0x00, 0x00, 0x00, 0x00, 0x00, 0x00, 0x00, 0x00, 0x00, 0x00, 0x00, 0x00, 0x00, 0x00, 0x00, 0x00,
  0x00, 0x00, 0x00, 0x00, 0x00, 0x00, 0x00, 0x00, 0x00, 0x00, 0x00, 0x00, 0x00, 0x00, 0x00, 0x00,
  0x00, 0x00, 0x00, 0x00, 0x00, 0x00, 0x00, 0x00, 0x00, 0x00, 0x00, 0x00, 0x00, 0x00, 0x00, 0x00,
  0x00, 0x00, 0x00, 0x00, 0x00, 0x00, 0x00, 0x00, 0x00, 0x00, 0x00, 0x00, 0x00, 0x00, 0x00, 0x00,
  0x00, 0x00, 0x00, 0x00, 0x00, 0x00, 0x00, 0x00, 0x00, 0x00, 0x00, 0x00, 0x00, 0x00, 0x00, 0x00,
  0x00, 0x00, 0x00, 0x00, 0x00, 0x00, 0x00, 0x00, 0x00, 0x00, 0x00, 0x00, 0x00, 0x00, 0x00, 0x00,
  0x00, 0x00, 0x00, 0x00, 0x00, 0x00, 0x00, 0x00, 0x00, 0x00, 0x00, 0x00, 0x00, 0x00, 0x00, 0x00,
  0x00, 0x00, 0x00, 0x00, 0x00, 0x00, 0x00, 0x00, 0x00, 0x00, 0x00, 0x00, 0x00, 0x00, 0x00, 0x00,
  0x00, 0x00, 0x00, 0x00, 0x00, 0x00, 0x00, 0x00, 0x00, 0x00, 0x00, 0x00, 0x00, 0x00, 0x00, 0x00,
  0x00, 0x00, 0x00, 0x00, 0x00, 0x00, 0x00, 0x00, 0x00, 0x00, 0x00, 0x00, 0x00, 0x00, 0x00, 0x00,
  0x00, 0x00, 0x00, 0x00, 0x00, 0x00, 0x00, 0x00, 0x00, 0x00, 0x00, 0x00, 0x00, 0x00, 0x00, 0x00,
  0x00, 0x00, 0x00, 0x00, 0x00, 0x00, 0x00, 0x00, 0x00, 0x00, 0x00, 0x00, 0x00, 0x00, 0x00, 0x00,
  0x00, 0x00, 0x00, 0x00, 0x00, 0x00, 0x00, 0x00, 0x00, 0x00, 0x00, 0x00, 0x00, 0x00, 0x00, 0x00,
  0x00, 0x00, 0x00, 0x00, 0x00, 0x00, 0x00, 0x00, 0x00, 0x00, 0x00, 0x00, 0x00, 0x00, 0x00, 0x00,
  0x00, 0x00, 0x00, 0x00, 0x00, 0x00, 0x00, 0x00, 0x00, 0x00, 0x00, 0x00, 0x00, 0x00, 0x00, 0x00,
  0x00, 0x00, 0x00, 0x00, 0x00, 0x00, 0x00, 0x00, 0x00, 0x00, 0x00, 0x00, 0x00, 0x00, 0x00, 0x00,
  0x00, 0x00, 0x00, 0x00, 0x00, 0x00, 0x00, 0x00, 0x00, 0x00, 0x00, 0x00, 0x00, 0x00, 0x00, 0x00,
  0x00, 0x00, 0x00, 0x00, 0x00, 0x00, 0x00, 0x00, 0x00, 0x00, 0x00, 0x00, 0x00, 0x00, 0x00, 0x00,
  0x00, 0x00, 0x00, 0x00, 0x00, 0x00, 0x00, 0x00, 0x00, 0x00, 0x00, 0x00, 0x00, 0x00, 0x00, 0x00,
  0x00, 0x00, 0x00, 0x00, 0x00, 0x00, 0x00, 0x00, 0x00, 0x00, 0x00, 0x00, 0x00, 0x00, 0x00, 0x00,
  0x00, 0x00, 0x00, 0x00, 0x00, 0x00, 0x00, 0x00, 0x00, 0x00, 0x00, 0x00, 0x00, 0x00, 0x00, 0x00,
  0x00, 0x00, 0x00, 0x00, 0x00, 0x00, 0x00, 0x00, 0x00, 0x00, 0x00, 0x00, 0x00, 0x00, 0x00, 0x00,
  0x00, 0x00, 0x00, 0x00, 0x00, 0x00, 0x00, 0x00, 0x00, 0x00, 0x00, 0x00, 0x00, 0x00, 0x00, 0x00,
  0x00, 0x00, 0x00, 0x00, 0x00, 0x00, 0x00, 0x00, 0x00, 0x00, 0x00, 0x00, 0x00, 0x00, 0x00, 0x00,
  0x00, 0x00, 0x00, 0x00, 0x00, 0x00, 0x00, 0x00, 0x00, 0x00, 0x00, 0x00, 0x00, 0x00, 0x00, 0x00,
  0x00, 0x00, 0x00, 0x00, 0x00, 0x00, 0x00, 0x00, 0x00, 0x00, 0x00, 0x00, 0x00, 0x00, 0x00, 0x00,
  0x00, 0x00, 0x00, 0x00, 0x00, 0x00, 0x00, 0x00, 0x00, 0x00, 0x00, 0x00, 0x00, 0x00, 0x00, 0x00,
  0x00, 0x00, 0x00, 0x00, 0x00, 0x00, 0x00, 0x00, 0x00, 0x00, 0x00, 0x00, 0x00, 0x00, 0x00, 0x00,
  0x00, 0x00, 0x00, 0x00, 0x00, 0x00, 0x00, 0x00, 0x00, 0x00, 0x00, 0x00, 0x00, 0x00, 0x00, 0x00,
  0x00, 0x00, 0x00, 0x00, 0x00, 0x00, 0x00, 0x00, 0x00, 0x00, 0x00, 0x00, 0x00, 0x00, 0x00, 0x00,
  0x00, 0x00, 0x00, 0x00, 0x00, 0x00, 0x00, 0x00, 0x00, 0x00, 0x00, 0x00, 0x00, 0x00, 0x00, 0x00,
  0x00, 0x00, 0x00, 0x00, 0x00, 0x00, 0x00, 0x00, 0x00, 0x00, 0x00, 0x00, 0x00, 0x00, 0x00, 0x00,
  0x00, 0x00, 0x00, 0x00, 0x00, 0x00, 0x00, 0x00, 0x00, 0x00, 0x00, 0x00, 0x00, 0x00, 0x00, 0x00,
  0x00, 0x00, 0x00, 0x00, 0x00, 0x00, 0x00, 0x00, 0x00, 0x00, 0x00, 0x00, 0x00, 0x00, 0x00, 0x00,
  0x00, 0x00, 0x00, 0x00, 0x00, 0x00, 0x00, 0x00, 0x00, 0x00, 0x00, 0x00, 0x00, 0x00, 0x00, 0x00,
  0x00, 0x00, 0x00, 0x00, 0x00, 0x00, 0x00, 0x00, 0x00, 0x00, 0x00, 0x00, 0x00, 0x00, 0x00, 0x00,
  0x00, 0x00, 0x00, 0x00, 0x00, 0x00, 0x00, 0x00, 0x00, 0x00, 0x00, 0x00, 0x00, 0x00, 0x00, 0x00,
  0x00, 0x00, 0x00, 0x00, 0x00, 0x00, 0x00, 0x00, 0x00, 0x00, 0x00, 0x00, 0x00, 0x00, 0x00, 0x00,
  0x00, 0x00, 0x00, 0x00, 0x00, 0x00, 0x00, 0x00, 0x00, 0x00, 0x00, 0x00, 0x00, 0x00, 0x00, 0x00,
  0x00, 0x00, 0x00, 0x00, 0x00, 0x00, 0x00, 0x00, 0x00, 0x00, 0x00, 0x00, 0x00, 0x00, 0x00, 0x00,
  0x00, 0x00, 0x00, 0x00, 0x00, 0x00, 0x00, 0x00, 0x00, 0x00, 0x00, 0x00, 0x00, 0x00, 0x00, 0x00,
  0x00, 0x00, 0x00, 0x00, 0x00, 0x00, 0x00, 0x00, 0x00, 0x00, 0x00, 0x00, 0x00, 0x00, 0x00, 0x00,
  0x00, 0x00, 0x00, 0x00, 0x00, 0x00, 0x00, 0x00, 0x00, 0x00, 0x00, 0x00, 0x00, 0x00, 0x00, 0x00,
  0x00, 0x00, 0x00, 0x00, 0x00, 0x00, 0x00, 0x00, 0x00, 0x00, 0x00, 0x00, 0x00, 0x00, 0x00, 0x00,
  0x00, 0x00, 0x00, 0x00, 0x00, 0x00, 0x00, 0x00, 0x00, 0x00, 0x00, 0x00, 0x00, 0x00, 0x00, 0x00,
  0x00, 0x00, 0x00, 0x00, 0x00, 0x00, 0x00, 0x00, 0x00, 0x00, 0x00, 0x00, 0x00, 0x00, 0x00, 0x00,
  0x00, 0x00, 0x00, 0x00, 0x00, 0x00, 0x00, 0x00, 0x00, 0x00, 0x00, 0x00, 0x00, 0x00, 0x00, 0x00,
  0x00, 0x00, 0x00, 0x00, 0x00, 0x00, 0x00, 0x00, 0x00, 0x00, 0x00, 0x00, 0x00, 0x00, 0x00, 0x00,
  0x00, 0x00, 0x00, 0x00, 0x00, 0x00, 0x00, 0x00, 0x00, 0x00, 0x00, 0x00, 0x00, 0x00, 0x00, 0x00,
  0x00, 0x00, 0x00, 0x00, 0x00, 0x00, 0x00, 0x00, 0x00, 0x00, 0x00, 0x00, 0x00, 0x00, 0x00, 0x00,
  0x00, 0x00, 0x00, 0x00, 0x00, 0x00, 0x00, 0x00, 0x00, 0x00, 0x00, 0x00, 0x00, 0x00, 0x00, 0x00,
  0x00, 0x00, 0x00, 0x00, 0x00, 0x00, 0x00, 0x00, 0x00, 0x00, 0x00, 0x00, 0x00, 0x00, 0x00, 0x00,
  0x00, 0x00, 0x00, 0x00, 0x00, 0x00, 0x00, 0x00, 0x00, 0x00, 0x00, 0x00, 0x00, 0x00, 0x00, 0x00,
  0x00, 0x00, 0x00, 0x00, 0x00, 0x00, 0x00, 0x00, 0x00, 0x00, 0x00, 0x00, 0x00, 0x00, 0x00, 0x00,
  0x00, 0x00, 0x00, 0x00, 0x00, 0x00, 0x00, 0x00, 0x00, 0x00, 0x00, 0x00, 0x00, 0x00, 0x00, 0x00,
  0x00, 0x00, 0x00, 0x00, 0x00, 0x00, 0x00, 0x00, 0x00, 0x00, 0x00, 0x00, 0x00, 0x00, 0x00, 0x00,
  0x00, 0x00, 0x00, 0x00, 0x00, 0x00, 0x00, 0x00, 0x00, 0x00, 0x00, 0x00, 0x00, 0x00, 0x00, 0x00,
  0x00, 0x00, 0x00, 0x00, 0x00, 0x00, 0x00, 0x00, 0x00, 0x00, 0x00, 0x00, 0x00, 0x00, 0x00, 0x00,
  0x00, 0x00, 0x00, 0x00, 0x00, 0x00, 0x00, 0x00, 0x00, 0x00, 0x00, 0x00, 0x00, 0x00, 0x00, 0x00,
  0x00, 0x00, 0x00, 0x00, 0x00, 0x00, 0x00, 0x00, 0x00, 0x00, 0x00, 0x00, 0x00, 0x00, 0x00, 0x00,
  0x00, 0x00, 0x00, 0x00, 0x00, 0x00, 0x00, 0x00, 0x00, 0x00, 0x00, 0x00, 0x00, 0x00, 0x00, 0x00,
  0x00, 0x00, 0x00, 0x00, 0x00, 0x00, 0x00, 0x00, 0x00, 0x00, 0x00, 0x00, 0x00, 0x00, 0x00, 0x00,
  0x00, 0x00, 0x00, 0x00, 0x00, 0x00, 0x00, 0x00, 0x00, 0x00, 0x00, 0x00, 0x00, 0x00, 0x00, 0x00,
  0x00, 0x00, 0x00, 0x00, 0x00, 0x00, 0x00, 0x00, 0x00, 0x00, 0x00, 0x00, 0x00, 0x00, 0x00, 0x00,
  0x00, 0x00, 0x00, 0x00, 0x00, 0x00, 0x00, 0x00, 0x00, 0x00, 0x00, 0x00, 0x00, 0x00, 0x00, 0x00,
  0x00, 0x00, 0x00, 0x00, 0x00, 0x00, 0x00, 0x00, 0x00, 0x00, 0x00, 0x00, 0x00, 0x00, 0x00, 0x00,
  0x00, 0x00, 0x00, 0x00, 0x00, 0x00, 0x00, 0x00, 0x00, 0x00, 0x00, 0x00, 0x00, 0x00, 0x00, 0x00,
  0x00, 0x00, 0x00, 0x00, 0x00, 0x00, 0x00, 0x00, 0x00, 0x00, 0x00, 0x00, 0x00, 0x00, 0x00, 0x00,
  0x00, 0x00, 0x00, 0x00, 0x00, 0x00, 0x00, 0x00, 0x00, 0x00, 0x00, 0x00, 0x00, 0x00, 0x00, 0x00,
  0x00, 0x00, 0x00, 0x00, 0x00, 0x00, 0x00, 0x00, 0x00, 0x00, 0x00, 0x00, 0x00, 0x00, 0x00, 0x00,
  0x00, 0x00, 0x00, 0x00, 0x00, 0x00, 0x00, 0x00, 0x00, 0x00, 0x00, 0x00, 0x00, 0x00, 0x00, 0x00,
  0x00, 0x00, 0x00, 0x00, 0x00, 0x00, 0x00, 0x00, 0x00, 0x00, 0x00, 0x00, 0x00, 0x00, 0x00, 0x00,
  0x00, 0x00, 0x00, 0x00, 0x00, 0x00, 0x00, 0x00, 0x00, 0x00, 0x00, 0x00, 0x00, 0x00, 0x00, 0x00,
  0x00, 0x00, 0x00, 0x00, 0x00, 0x00, 0x00, 0x00, 0x00, 0x00, 0x00, 0x00, 0x00, 0x00, 0x00, 0x00,
  0x00, 0x00, 0x00, 0x00, 0x00, 0x00, 0x00, 0x00, 0x00, 0x00, 0x00, 0x00, 0x00, 0x00, 0x00, 0x00,
  0x00, 0x00, 0x00, 0x00, 0x00, 0x00, 0x00, 0x00, 0x00, 0x00, 0x00, 0x00, 0x00, 0x00, 0x00, 0x00,
  0x00, 0x00, 0x00, 0x00, 0x00, 0x00, 0x00, 0x00, 0x00, 0x00, 0x00, 0x00, 0x00, 0x00, 0x00, 0x00,
  0x00, 0x00, 0x00, 0x00, 0x00, 0x00, 0x00, 0x00, 0x00, 0x00, 0x00, 0x00, 0x00, 0x00, 0x00, 0x00,
  0x00, 0x00, 0x00, 0x00, 0x00, 0x00, 0x00, 0x00, 0x00, 0x00, 0x00, 0x00, 0x00, 0x00, 0x00, 0x00,
  0x00, 0x00, 0x00, 0x00, 0x00, 0x00, 0x00, 0x00, 0x00, 0x00, 0x00, 0x00, 0x00, 0x00, 0x00, 0x00,
  0x00, 0x00, 0x00, 0x00, 0x00, 0x00, 0x00, 0x00, 0x00, 0x00, 0x00, 0x00, 0x00, 0x00, 0x00, 0x00,
  0x00, 0x00, 0x00, 0x00, 0x00, 0x00, 0x00, 0x00, 0x00, 0x00, 0x00, 0x00, 0x00, 0x00, 0x00, 0x00,
  0x00, 0x00, 0x00, 0x00, 0x00, 0x00, 0x00, 0x00, 0x00, 0x00, 0x00, 0x00, 0x00, 0x00, 0x00, 0x00,
  0x00, 0x00, 0x00, 0x00, 0x00, 0x00, 0x00, 0x00, 0x00, 0x00, 0x00, 0x00, 0x00, 0x00, 0x00, 0x00,
  0x00, 0x00, 0x00, 0x00, 0x00, 0x00, 0x00, 0x00, 0x00, 0x00, 0x00, 0x00, 0x00, 0x00, 0x00, 0x00,
  0x00, 0x00, 0x00, 0x00, 0x00, 0x00, 0x00, 0x00, 0x00, 0x00, 0x00, 0x00, 0x00, 0x00, 0x00, 0x00,
  0x00, 0x00, 0x00, 0x00, 0x00, 0x00, 0x00, 0x00, 0x00, 0x00, 0x00, 0x00, 0x00, 0x00, 0x00, 0x00,
  0x00, 0x00, 0x00, 0x00, 0x00, 0x00, 0x00, 0x00, 0x00, 0x00, 0x00, 0x00, 0x00, 0x00, 0x00, 0x00,
  0x00, 0x00, 0x00, 0x00, 0x00, 0x00, 0x00, 0x00, 0x00, 0x00, 0x00, 0x00, 0x00, 0x00, 0x00, 0x00,
  0x00, 0x00, 0x00, 0x00, 0x00, 0x00, 0x00, 0x00, 0x00, 0x00, 0x00, 0x00, 0x00, 0x00, 0x00, 0x00,
  0x00, 0x00, 0x00, 0x00, 0x00, 0x00, 0x00, 0x00, 0x00, 0x00, 0x00, 0x00, 0x00, 0x00, 0x00, 0x00,
  0x00, 0x00, 0x00, 0x00, 0x00, 0x00, 0x00, 0x00, 0x00, 0x00, 0x00, 0x00, 0x00, 0x00, 0x00, 0x00,
  0x00, 0x00, 0x00, 0x00, 0x00, 0x00, 0x00, 0x00, 0x00, 0x00, 0x00, 0x00, 0x00, 0x00, 0x00, 0x00,
  0x00, 0x00, 0x00, 0x00, 0x00, 0x00, 0x00, 0x00, 0x00, 0x00, 0x00, 0x00, 0x00, 0x00, 0x00, 0x00,
  0x00, 0x00, 0x00, 0x00, 0x00, 0x00, 0x00, 0x00, 0x00, 0x00, 0x00, 0x00, 0x00, 0x00, 0x00, 0x00,
  0x00, 0x00, 0x00, 0x00, 0x00, 0x00, 0x00, 0x00, 0x00, 0x00, 0x00, 0x00, 0x00, 0x00, 0x00, 0x00,
  0x00, 0x00, 0x00, 0x00, 0x00, 0x00, 0x00, 0x00, 0x00, 0x00, 0x00, 0x00, 0x00, 0x00, 0x00, 0x00,
  0x00, 0x00, 0x00, 0x00, 0x00, 0x00, 0x00, 0x00, 0x00, 0x00, 0x00, 0x00, 0x00, 0x00, 0x00, 0x00,
  0x00, 0x00, 0x00, 0x00, 0x00, 0x00, 0x00, 0x00, 0x00, 0x00, 0x00, 0x00, 0x00, 0x00, 0x00, 0x00,
  0x00, 0x00, 0x00, 0x00, 0x00, 0x00, 0x00, 0x00, 0x00, 0x00, 0x00, 0x00, 0x00, 0x00, 0x00, 0x00,
  0x00, 0x00, 0x00, 0x00, 0x00, 0x00, 0x00, 0x00, 0x00, 0x00, 0x00, 0x00, 0x00, 0x00, 0x00, 0x00,
  0x00, 0x00, 0x00, 0x00, 0x00, 0x00, 0x00, 0x00, 0x00, 0x00, 0x00, 0x00, 0x00, 0x00, 0x00, 0x00,
  0x00, 0x00, 0x00, 0x00, 0x00, 0x00, 0x00, 0x00, 0x00, 0x00, 0x00, 0x00, 0x00, 0x00, 0x00, 0x00,
  0x00, 0x00, 0x00, 0x00, 0x00, 0x00, 0x00, 0x00, 0x00, 0x00, 0x00, 0x00, 0x00, 0x00, 0x00, 0x00,
  0x00, 0x00, 0x00, 0x00, 0x00, 0x00, 0x00, 0x00, 0x00, 0x00, 0x00, 0x00, 0x00, 0x00, 0x00, 0x00,
  0x00, 0x00, 0x00, 0x00, 0x00, 0x00, 0x00, 0x00, 0x00, 0x00, 0x00, 0x00, 0x00, 0x00, 0x00, 0x00,
  0x00, 0x00, 0x00, 0x00, 0x00, 0x00, 0x00, 0x00, 0x00, 0x00, 0x00, 0x00, 0x00, 0x00, 0x00, 0x00,
  0x00, 0x00, 0x00, 0x00, 0x00, 0x00, 0x00, 0x00, 0x00, 0x00, 0x00, 0x00, 0x00, 0x00, 0x00, 0x00,
  0x00, 0x00, 0x00, 0x00, 0x00, 0x00, 0x00, 0x00, 0x00, 0x00, 0x00, 0x00, 0x00, 0x00, 0x00, 0x00,
  0x00, 0x00, 0x00, 0x00, 0x00, 0x00, 0x00, 0x00, 0x00, 0x00, 0x00, 0x00, 0x00, 0x00, 0x00, 0x00,
  0x00, 0x00, 0x00, 0x00, 0x00, 0x00, 0x00, 0x00, 0x00, 0x00, 0x00, 0x00, 0x00, 0x00, 0x00, 0x00,
  0x00, 0x00, 0x00, 0x00, 0x00, 0x00, 0x00, 0x00, 0x00, 0x00, 0x00, 0x00, 0x00, 0x00, 0x00, 0x00,
  0x00, 0x00, 0x00, 0x00, 0x00, 0x00, 0x00, 0x00, 0x00, 0x00, 0x00, 0x00, 0x00, 0x00, 0x00, 0x00,
  0x00, 0x00, 0x00, 0x00, 0x00, 0x00, 0x00, 0x00, 0x00, 0x00, 0x00, 0x00, 0x00, 0x00, 0x00, 0x00,
  0x00, 0x00, 0x00, 0x00, 0x00, 0x00, 0x00, 0x00, 0x00, 0x00, 0x00, 0x00, 0x00, 0x00, 0x00, 0x00,
  0x00, 0x00, 0x00, 0x00, 0x00, 0x00, 0x00, 0x00, 0x00, 0x00, 0x00, 0x00, 0x00, 0x00, 0x00, 0x00,
  0x00, 0x00, 0x00, 0x00, 0x00, 0x00, 0x00, 0x00, 0x00, 0x00, 0x00, 0x00, 0x00, 0x00, 0x00, 0x00,
  0x00, 0x00, 0x00, 0x00, 0x00, 0x00, 0x00, 0x00, 0x00, 0x00, 0x00, 0x00, 0x00, 0x00, 0x00, 0x00,
  0x00, 0x00, 0x00, 0x00, 0x00, 0x00, 0x00, 0x00, 0x00, 0x00, 0x00, 0x00, 0x00, 0x00, 0x00, 0x00,
  0x00, 0x00, 0x00, 0x00, 0x00, 0x00, 0x00, 0x00, 0x00, 0x00, 0x00, 0x00, 0x00, 0x00, 0x00, 0x00,
  0x00, 0x00, 0x00, 0x00, 0x00, 0x00, 0x00, 0x00, 0x00, 0x00, 0x00, 0x00, 0x00, 0x00, 0x00, 0x00,
  0x00, 0x00, 0x00, 0x00, 0x00, 0x00, 0x00, 0x00, 0x00, 0x00, 0x00, 0x00, 0x00, 0x00, 0x00, 0x00,
  0x00, 0x00, 0x00, 0x00, 0x00, 0x00, 0x00, 0x00, 0x00, 0x00, 0x00, 0x00, 0x00, 0x00, 0x00, 0x00,
  0x00, 0x00, 0x00, 0x00, 0x00, 0x00, 0x00, 0x00, 0x00, 0x00, 0x00, 0x00, 0x00, 0x00, 0x00, 0x00,
  0x00, 0x00, 0x00, 0x00, 0x00, 0x00, 0x00, 0x00, 0x00, 0x00, 0x00, 0x00, 0x00, 0x00, 0x00, 0x00,
  0x00, 0x00, 0x00, 0x00, 0x00, 0x00, 0x00, 0x00, 0x00, 0x00, 0x00, 0x00, 0x00, 0x00, 0x00, 0x00,
  0x00, 0x00, 0x00, 0x00, 0x00, 0x00, 0x00, 0x00, 0x00, 0x00, 0x00, 0x00, 0x00, 0x00, 0x00, 0x00,
  0x00, 0x00, 0x00, 0x00, 0x00, 0x00, 0x00, 0x00, 0x00, 0x00, 0x00, 0x00, 0x00, 0x00, 0x00, 0x00,
  0x00, 0x00, 0x00, 0x00, 0x00, 0x00, 0x00, 0x00, 0x00, 0x00, 0x00, 0x00, 0x00, 0x00, 0x00, 0x00,
  0x00, 0x00, 0x00, 0x00, 0x00, 0x00, 0x00, 0x00, 0x00, 0x00, 0x00, 0x00, 0x00, 0x00, 0x00, 0x00,
  0x00, 0x00, 0x00, 0x00, 0x00, 0x00, 0x00, 0x00, 0x00, 0x00, 0x00, 0x00, 0x00, 0x00, 0x00, 0x00,
  0x00, 0x00, 0x00, 0x00, 0x00, 0x00, 0x00, 0x00, 0x00, 0x00, 0x00, 0x00, 0x00, 0x00, 0x00, 0x00,
  0x00, 0x00, 0x00, 0x00, 0x00, 0x00, 0x00, 0x00, 0x00, 0x00, 0x00, 0x00, 0x00, 0x00, 0x00, 0x00,
  0x00, 0x00, 0x00, 0x00, 0x00, 0x00, 0x00, 0x00, 0x00, 0x00, 0x00, 0x00, 0x00, 0x00, 0x00, 0x00,
  0x00, 0x00, 0x00, 0x00, 0x00, 0x00, 0x00, 0x00, 0x00, 0x00, 0x00, 0x00, 0x00, 0x00, 0x00, 0x00,
  0x00, 0x00, 0x00, 0x00, 0x00, 0x00, 0x00, 0x00, 0x00, 0x00, 0x00, 0x00, 0x00, 0x00, 0x00, 0x00,
  0x00, 0x00, 0x00, 0x00, 0x00, 0x00, 0x00, 0x00, 0x00, 0x00, 0x00, 0x00, 0x00, 0x00, 0x00, 0x00,
  0x00, 0x00, 0x00, 0x00, 0x00, 0x00, 0x00, 0x00, 0x00, 0x00, 0x00, 0x00, 0x00, 0x00, 0x00, 0x00,
  0x00, 0x00, 0x00, 0x00, 0x00, 0x00, 0x00, 0x00, 0x00, 0x00, 0x00, 0x00, 0x00, 0x00, 0x00, 0x00,
  0x00, 0x00, 0x00, 0x00, 0x00, 0x00, 0x00, 0x00, 0x00, 0x00, 0x00, 0x00, 0x00, 0x00, 0x00, 0x00,
  0x00, 0x00, 0x00, 0x00, 0x00, 0x00, 0x00, 0x00, 0x00, 0x00, 0x00, 0x00, 0x00, 0x00, 0x00, 0x00,
  0x00, 0x00, 0x00, 0x00, 0x00, 0x00, 0x00, 0x00, 0x00, 0x00, 0x00, 0x00, 0x00, 0x00, 0x00, 0x00,
  0x00, 0x00, 0x00, 0x00, 0x00, 0x00, 0x00, 0x00, 0x00, 0x00, 0x00, 0x00, 0x00, 0x00, 0x00, 0x00,
  0x00, 0x00, 0x00, 0x00, 0x00, 0x00, 0x00, 0x00, 0x00, 0x00, 0x00, 0x00, 0x00, 0x00, 0x00, 0x00,
  0x00, 0x00, 0x00, 0x00, 0x00, 0x00, 0x00, 0x00, 0x00, 0x00, 0x00, 0x00, 0x00, 0x00, 0x00, 0x00,
  0x00, 0x00, 0x00, 0x00, 0x00, 0x00, 0x00, 0x00, 0x00, 0x00, 0x00, 0x00, 0x00, 0x00, 0x00, 0x00,
  0x00, 0x00, 0x00, 0x00, 0x00, 0x00, 0x00, 0x00, 0x00, 0x00, 0x00, 0x00, 0x00, 0x00, 0x00, 0x00,
  0x00, 0x00, 0x00, 0x00, 0x00, 0x00, 0x00, 0x00, 0x00, 0x00, 0x00, 0x00, 0x00, 0x00, 0x00, 0x00,
  0x00, 0x00, 0x00, 0x00, 0x00, 0x00, 0x00, 0x00, 0x00, 0x00, 0x00, 0x00, 0x00, 0x00, 0x00, 0x00,
  0x00, 0x00, 0x00, 0x00, 0x00, 0x00, 0x00, 0x00, 0x00, 0x00, 0x00, 0x00, 0x00, 0x00, 0x00, 0x00,
  0x00, 0x00, 0x00, 0x00, 0x00, 0x00, 0x00, 0x00, 0x00, 0x00, 0x00, 0x00, 0x00, 0x00, 0x00, 0x00,
  0x00, 0x00, 0x00, 0x00, 0x00, 0x00, 0x00, 0x00, 0x00, 0x00, 0x00, 0x00, 0x00, 0x00, 0x00, 0x00,
  0x00, 0x00, 0x00, 0x00, 0x00, 0x00, 0x00, 0x00, 0x00, 0x00, 0x00, 0x00, 0x00, 0x00, 0x00, 0x00,
  0x00, 0x00, 0x00, 0x00, 0x00, 0x00, 0x00, 0x00, 0x00, 0x00, 0x00, 0x00, 0x00, 0x00, 0x00, 0x00,
  0x00, 0x00, 0x00, 0x00, 0x00, 0x00, 0x00, 0x00, 0x00, 0x00, 0x00, 0x00, 0x00, 0x00, 0x00, 0x00,
  0x00, 0x00, 0x00, 0x00, 0x00, 0x00, 0x00, 0x00, 0x00, 0x00, 0x00, 0x00, 0x00, 0x00, 0x00, 0x00,
  0x00, 0x00, 0x00, 0x00, 0x00, 0x00, 0x00, 0x00, 0x00, 0x00, 0x00, 0x00, 0x00, 0x00, 0x00, 0x00,
  0x00, 0x00, 0x00, 0x00, 0x00, 0x00, 0x00, 0x00, 0x00, 0x00, 0x00, 0x00, 0x00, 0x00, 0x00, 0x00,
  0x00, 0x00, 0x00, 0x00, 0x00, 0x00, 0x00, 0x00, 0x00, 0x00, 0x00, 0x00, 0x00, 0x00, 0x00, 0x00,
  0x00, 0x00, 0x00, 0x00, 0x00, 0x00, 0x00, 0x00, 0x00, 0x00, 0x00, 0x00, 0x00, 0x00, 0x00, 0x00,
  0x00, 0x00, 0x00, 0x00, 0x00, 0x00, 0x00, 0x00, 0x00, 0x00, 0x00, 0x00, 0x00, 0x00, 0x00, 0x00,
  0x00, 0x00, 0x00, 0x00, 0x00, 0x00, 0x00, 0x00, 0x00, 0x00, 0x00, 0x00, 0x00, 0x00, 0x00, 0x00,
  0x00, 0x00, 0x00, 0x00, 0x00, 0x00, 0x00, 0x00, 0x00, 0x00, 0x00, 0x00, 0x00, 0x00, 0x00, 0x00,
  0x00, 0x00, 0x00, 0x00, 0x00, 0x00, 0x00, 0x00, 0x00, 0x00, 0x00, 0x00, 0x00, 0x00, 0x00, 0x00,
  0x00, 0x00, 0x00, 0x00, 0x00, 0x00, 0x00, 0x00, 0x00, 0x00, 0x00, 0x00, 0x00, 0x00, 0x00, 0x00,
  0x00, 0x00, 0x00, 0x00, 0x00, 0x00, 0x00, 0x00, 0x00, 0x00, 0x00, 0x00, 0x00, 0x00, 0x00, 0x00,
  0x00, 0x00, 0x00, 0x00, 0x00, 0x00, 0x00, 0x00, 0x00, 0x00, 0x00, 0x00, 0x00, 0x00, 0x00, 0x00,
  0x00, 0x00, 0x00, 0x00, 0x00, 0x00, 0x00, 0x00, 0x00, 0x00, 0x00, 0x00, 0x00, 0x00, 0x00, 0x00,
  0x00, 0x00, 0x00, 0x00, 0x00, 0x00, 0x00, 0x00, 0x00, 0x00, 0x00, 0x00, 0x00, 0x00, 0x00, 0x00,
  0x00, 0x00, 0x00, 0x00, 0x00, 0x00, 0x00, 0x00, 0x00, 0x00, 0x00, 0x00, 0x00, 0x00, 0x00, 0x00,
  0x00, 0x00, 0x00, 0x00, 0x00, 0x00, 0x00, 0x00, 0x00, 0x00, 0x00, 0x00, 0x00, 0x00, 0x00, 0x00,
  0x00, 0x00, 0x00, 0x00, 0x00, 0x00, 0x00, 0x00, 0x00, 0x00, 0x00, 0x00, 0x00, 0x00, 0x00, 0x00,
  0x00, 0x00, 0x00, 0x00, 0x00, 0x00, 0x00, 0x00, 0x00, 0x00, 0x00, 0x00, 0x00, 0x00, 0x00, 0x00,
  0x00, 0x00, 0x00, 0x00, 0x00, 0x00, 0x00, 0x00, 0x00, 0x00, 0x00, 0x00, 0x00, 0x00, 0x00, 0x00,
  0x00, 0x00, 0x00, 0x00, 0x00, 0x00, 0x00, 0x00, 0x00, 0x00, 0x00, 0x00, 0x01, 0x01, 0x02, 0x03,
  0x03, 0x04, 0x04, 0x04, 0x04, 0x04, 0x04, 0x04, 0x04, 0x04, 0x03, 0x03, 0x02, 0x01, 0x01, 0x00,
  0x00, 0x00, 0x00, 0x00, 0x00, 0x00, 0x00, 0x00, 0x00, 0x00, 0x00, 0x00, 0x00, 0x00, 0x00, 0x00,
  0x00, 0x00, 0x00, 0x00, 0x00, 0x00, 0x00, 0x00, 0x00, 0x00, 0x00, 0x00, 0x00, 0x00, 0x00, 0x00,
  0x00, 0x00, 0x00, 0x00, 0x00, 0x00, 0x00, 0x00, 0x00, 0x00, 0x00, 0x00, 0x00, 0x00, 0x00, 0x00,
  0x00, 0x00, 0x00, 0x00, 0x00, 0x00, 0x00, 0x00, 0x00, 0x00, 0x00, 0x00, 0x00, 0x00, 0x00, 0x00,
  0x00, 0x00, 0x00, 0x00, 0x00, 0x00, 0x00, 0x00, 0x00, 0x00, 0x00, 0x00, 0x00, 0x00, 0x00, 0x00,
  0x00, 0x00, 0x00, 0x00, 0x00, 0x00, 0x00, 0x00, 0x00, 0x00, 0x00, 0x00, 0x00, 0x00, 0x00, 0x00,
  0x00, 0x00, 0x00, 0x00, 0x00, 0x00, 0x00, 0x00, 0x00, 0x00, 0x00, 0x00, 0x00, 0x00, 0x00, 0x00,
  0x00, 0x00, 0x00, 0x00, 0x00, 0x00, 0x00, 0x00, 0x00, 0x00, 0x00, 0x00, 0x00, 0x00, 0x00, 0x00,
  0x00, 0x00, 0x00, 0x00, 0x00, 0x00, 0x00, 0x00, 0x00, 0x00, 0x00, 0x00, 0x00, 0x00, 0x00, 0x00,
  0x00, 0x00, 0x00, 0x00, 0x00, 0x00, 0x00, 0x00, 0x00, 0x00, 0x00, 0x00, 0x00, 0x00, 0x00, 0x00,
  0x00, 0x00, 0x00, 0x00, 0x00, 0x00, 0x00, 0x00, 0x00, 0x00, 0x00, 0x00, 0x00, 0x00, 0x00, 0x00,
  0x00, 0x00, 0x00, 0x00, 0x00, 0x00, 0x00, 0x00, 0x00, 0x01, 0x02, 0x03, 0x04, 0x02, 0x00, 0x00,
  0x00, 0x00, 0x00, 0x00, 0x00, 0x00, 0x00, 0x00, 0x00, 0x00, 0x00, 0x00, 0x00, 0x00, 0x00, 0x00,
  0x00, 0x02, 0x04, 0x04, 0x02, 0x01, 0x00, 0x00, 0x00, 0x00, 0x00, 0x00, 0x00, 0x00, 0x00, 0x00,
  0x00, 0x00, 0x00, 0x00, 0x00, 0x00, 0x00, 0x00, 0x00, 0x00, 0x00, 0x00, 0x00, 0x00, 0x00, 0x00,
  0x00, 0x00, 0x00, 0x00, 0x00, 0x00, 0x00, 0x00, 0x00, 0x00, 0x00, 0x00, 0x00, 0x00, 0x00, 0x00,
  0x00, 0x00, 0x00, 0x00, 0x00, 0x00, 0x00, 0x00, 0x00, 0x00, 0x00, 0x00, 0x00, 0x00, 0x00, 0x00,
  0x00, 0x00, 0x00, 0x00, 0x00, 0x00, 0x00, 0x00, 0x00, 0x00, 0x00, 0x00, 0x00, 0x00, 0x00, 0x00,
  0x00, 0x00, 0x00, 0x00, 0x00, 0x00, 0x00, 0x00, 0x00, 0x00, 0x00, 0x00, 0x00, 0x00, 0x00, 0x00,
  0x00, 0x00, 0x00, 0x00, 0x00, 0x00, 0x00, 0x00, 0x00, 0x00, 0x00, 0x00, 0x00, 0x00, 0x00, 0x00,
  0x00, 0x00, 0x00, 0x00, 0x00, 0x00, 0x00, 0x00, 0x00, 0x00, 0x00, 0x00, 0x00, 0x00, 0x00, 0x00,
  0x00, 0x00, 0x00, 0x00, 0x00, 0x00, 0x00, 0x00, 0x00, 0x00, 0x00, 0x00, 0x00, 0x00, 0x00, 0x00,
  0x00, 0x00, 0x00, 0x00, 0x00, 0x00, 0x00, 0x00, 0x00, 0x00, 0x00, 0x00, 0x00, 0x00, 0x00, 0x00,
  0x00, 0x00, 0x00, 0x00, 0x00, 0x00, 0x00, 0x00, 0x00, 0x00, 0x00, 0x00, 0x00, 0x00, 0x00, 0x00,
  0x00, 0x00, 0x00, 0x00, 0x00, 0x00, 0x00, 0x00, 0x02, 0x03, 0x03, 0x00, 0x00, 0x00, 0x00, 0x00,
  0x03, 0x16, 0x2e, 0x46, 0x5c, 0x6c, 0x7a, 0x84, 0x8a, 0x8b, 0x8a, 0x84, 0x79, 0x6c, 0x5c, 0x48,
  0x30, 0x18, 0x05, 0x00, 0x00, 0x00, 0x00, 0x00, 0x02, 0x04, 0x02, 0x01, 0x00, 0x00, 0x00, 0x00,
  0x00, 0x00, 0x00, 0x00, 0x00, 0x00, 0x00, 0x00, 0x00, 0x00, 0x00, 0x00, 0x00, 0x00, 0x00, 0x00,
  0x00, 0x00, 0x00, 0x00, 0x00, 0x00, 0x00, 0x00, 0x00, 0x00, 0x00, 0x00, 0x00, 0x00, 0x00, 0x00,
  0x00, 0x00, 0x00, 0x00, 0x00, 0x00, 0x00, 0x00, 0x00, 0x00, 0x00, 0x00, 0x00, 0x00, 0x00, 0x00,
  0x00, 0x00, 0x00, 0x00, 0x00, 0x00, 0x00, 0x00, 0x00, 0x00, 0x00, 0x00, 0x00, 0x00, 0x00, 0x00,
  0x00, 0x00, 0x00, 0x00, 0x00, 0x00, 0x00, 0x00, 0x00, 0x00, 0x00, 0x00, 0x00, 0x00, 0x00, 0x00,
  0x00, 0x00, 0x00, 0x00, 0x00, 0x00, 0x00, 0x00, 0x00, 0x00, 0x00, 0x00, 0x00, 0x00, 0x00, 0x00,
  0x00, 0x00, 0x00, 0x00, 0x00, 0x00, 0x00, 0x00, 0x00, 0x00, 0x00, 0x00, 0x00, 0x00, 0x00, 0x00,
  0x00, 0x00, 0x00, 0x00, 0x00, 0x00, 0x00, 0x00, 0x00, 0x00, 0x00, 0x00, 0x00, 0x00, 0x00, 0x00,
  0x00, 0x00, 0x00, 0x00, 0x00, 0x00, 0x00, 0x00, 0x00, 0x00, 0x00, 0x00, 0x00, 0x00, 0x00, 0x00,
  0x00, 0x00, 0x00, 0x00, 0x00, 0x00, 0x00, 0x00, 0x00, 0x00, 0x00, 0x00, 0x00, 0x00, 0x00, 0x00,
  0x00, 0x00, 0x00, 0x00, 0x00, 0x00, 0x00, 0x02, 0x04, 0x01, 0x00, 0x00, 0x00, 0x08, 0x2c, 0x58,
  0x86, 0xae, 0xd2, 0xec, 0xfd, 0xff, 0xff, 0xff, 0xff, 0xff, 0xff, 0xff, 0xff, 0xff, 0xff, 0xff,
  0xff, 0xff, 0xfe, 0xee, 0xd6, 0xb3, 0x8c, 0x62, 0x36, 0x0e, 0x00, 0x00, 0x00, 0x00, 0x04, 0x02,
  0x00, 0x00, 0x00, 0x00, 0x00, 0x00, 0x00, 0x00, 0x00, 0x00, 0x00, 0x00, 0x00, 0x00, 0x00, 0x00,
  0x00, 0x00, 0x00, 0x00, 0x00, 0x00, 0x00, 0x00, 0x00, 0x00, 0x00, 0x00, 0x00, 0x00, 0x00, 0x00,
  0x00, 0x00, 0x00, 0x00, 0x00, 0x00, 0x00, 0x00, 0x00, 0x00, 0x00, 0x00, 0x00, 0x00, 0x00, 0x00,
  0x00, 0x00, 0x00, 0x00, 0x00, 0x00, 0x00, 0x00, 0x00, 0x00, 0x00, 0x00, 0x00, 0x00, 0x00, 0x00,
  0x00, 0x00, 0x00, 0x00, 0x00, 0x00, 0x00, 0x00, 0x00, 0x00, 0x00, 0x00, 0x00, 0x00, 0x00, 0x00,
  0x00, 0x00, 0x00, 0x00, 0x00, 0x00, 0x00, 0x00, 0x00, 0x00, 0x00, 0x00, 0x00, 0x00, 0x00, 0x00,
  0x00, 0x00, 0x00, 0x00, 0x00, 0x00, 0x00, 0x00, 0x00, 0x00, 0x00, 0x00, 0x00, 0x00, 0x00, 0x00,
  0x00, 0x00, 0x00, 0x00, 0x00, 0x00, 0x00, 0x00, 0x00, 0x00, 0x00, 0x00, 0x00, 0x00, 0x00, 0x00,
  0x00, 0x00, 0x00, 0x00, 0x00, 0x00, 0x00, 0x00, 0x00, 0x00, 0x00, 0x00, 0x00, 0x00, 0x00, 0x00,
  0x00, 0x00, 0x00, 0x00, 0x00, 0x00, 0x00, 0x00, 0x00, 0x00, 0x00, 0x00, 0x00, 0x00, 0x00, 0x00,
  0x00, 0x00, 0x00, 0x00, 0x00, 0x00, 0x01, 0x03, 0x02, 0x00, 0x00, 0x00, 0x23, 0x62, 0xa5, 0xd9,
  0xfb, 0xff, 0xff, 0xff, 0xff, 0xff, 0xff, 0xfd, 0xfc, 0xfc, 0xfb, 0xfb, 0xfb, 0xfb, 0xfb, 0xfb,
  0xfb, 0xfc, 0xfc, 0xfd, 0xff, 0xff, 0xff, 0xff, 0xff, 0xff, 0xff, 0xe2, 0xb1, 0x6f, 0x2d, 0x00,
  0x00, 0x00, 0x01, 0x03, 0x01, 0x00, 0x00, 0x00, 0x00, 0x00, 0x00, 0x00, 0x00, 0x00, 0x00, 0x00,
  0x00, 0x00, 0x00, 0x00, 0x00, 0x00, 0x00, 0x00, 0x00, 0x00, 0x00, 0x00, 0x00, 0x00, 0x00, 0x00,
  0x00, 0x00, 0x00, 0x00, 0x00, 0x00, 0x00, 0x00, 0x00, 0x00, 0x00, 0x00, 0x00, 0x00, 0x00, 0x00,
  0x00, 0x00, 0x00, 0x00, 0x00, 0x00, 0x00, 0x00, 0x00, 0x00, 0x00, 0x00, 0x00, 0x00, 0x00, 0x00,
  0x00, 0x00, 0x00, 0x00, 0x00, 0x00, 0x00, 0x00, 0x00, 0x00, 0x00, 0x00, 0x00, 0x00, 0x00, 0x00,
  0x00, 0x00, 0x00, 0x00, 0x00, 0x00, 0x00, 0x00, 0x00, 0x00, 0x00, 0x00, 0x00, 0x00, 0x00, 0x00,
  0x00, 0x00, 0x00, 0x00, 0x00, 0x00, 0x00, 0x00, 0x00, 0x00, 0x00, 0x00, 0x00, 0x00, 0x00, 0x00,
  0x00, 0x00, 0x00, 0x00, 0x00, 0x00, 0x00, 0x00, 0x00, 0x00, 0x00, 0x00, 0x00, 0x00, 0x00, 0x00,
  0x00, 0x00, 0x00, 0x00, 0x00, 0x00, 0x00, 0x00, 0x00, 0x00, 0x00, 0x00, 0x00, 0x00, 0x00, 0x00,
  0x00, 0x00, 0x00, 0x00, 0x00, 0x00, 0x00, 0x00, 0x00, 0x00, 0x00, 0x00, 0x00, 0x00, 0x00, 0x00,
  0x00, 0x00, 0x00, 0x00, 0x00, 0x00, 0x01, 0x03, 0x00, 0x00, 0x00, 0x1f, 0x6d, 0xbd, 0xf5, 0xff,
  0xff, 0xff, 0xff, 0xfc, 0xfb, 0xfc, 0xfd, 0xfe, 0xfe, 0xff, 0xff, 0xff, 0xff, 0xff, 0xff, 0xff,
  0xff, 0xff, 0xff, 0xff, 0xff, 0xff, 0xfe, 0xfe, 0xfd, 0xfc, 0xfb, 0xfc, 0xff, 0xff, 0xff, 0xff,
  0xfb, 0xc9, 0x7c, 0x2d, 0x00, 0x00, 0x00, 0x03, 0x01, 0x00, 0x00, 0x00, 0x00, 0x00, 0x00, 0x00,
  0x00, 0x00, 0x00, 0x00, 0x00, 0x00, 0x00, 0x00, 0x00, 0x00, 0x00, 0x00, 0x00, 0x00, 0x00, 0x00,
  0x00, 0x00, 0x00, 0x00, 0x00, 0x00, 0x00, 0x00, 0x00, 0x00, 0x00, 0x00, 0x00, 0x00, 0x00, 0x00,
  0x00, 0x00, 0x00, 0x00, 0x00, 0x00, 0x00, 0x00, 0x00, 0x00, 0x00, 0x00, 0x00, 0x00, 0x00, 0x00,
  0x00, 0x00, 0x00, 0x00, 0x00, 0x00, 0x00, 0x00, 0x00, 0x00, 0x00, 0x00, 0x00, 0x00, 0x00, 0x00,
  0x00, 0x00, 0x00, 0x00, 0x00, 0x00, 0x00, 0x00, 0x00, 0x00, 0x00, 0x00, 0x00, 0x00, 0x00, 0x00,
  0x00, 0x00, 0x00, 0x00, 0x00, 0x00, 0x00, 0x00, 0x00, 0x00, 0x00, 0x00, 0x00, 0x00, 0x00, 0x00,
  0x00, 0x00, 0x00, 0x00, 0x00, 0x00, 0x00, 0x00, 0x00, 0x00, 0x00, 0x00, 0x00, 0x00, 0x00, 0x00,
  0x00, 0x00, 0x00, 0x00, 0x00, 0x00, 0x00, 0x00, 0x00, 0x00, 0x00, 0x00, 0x00, 0x00, 0x00, 0x00,
  0x00, 0x00, 0x00, 0x00, 0x00, 0x00, 0x00, 0x00, 0x00, 0x00, 0x00, 0x00, 0x00, 0x00, 0x00, 0x00,
  0x00, 0x00, 0x00, 0x00, 0x00, 0x00, 0x01, 0x03, 0x00, 0x00, 0x03, 0x47, 0xa7, 0xf0, 0xff, 0xff,
  0xff, 0xfc, 0xfc, 0xfd, 0xfe, 0xff, 0xff, 0xff, 0xff, 0xff, 0xff, 0xff, 0xff, 0xff, 0xff, 0xff,
  0xff, 0xff, 0xff, 0xff, 0xff, 0xff, 0xff, 0xff, 0xff, 0xff, 0xff, 0xff, 0xff, 0xff, 0xff, 0xfd,
  0xfc, 0xfc, 0xff, 0xff, 0xff, 0xfa, 0xba, 0x5d, 0x0f, 0x00, 0x00, 0x03, 0x01, 0x00, 0x00, 0x00,
  0x00, 0x00, 0x00, 0x00, 0x00, 0x00, 0x00, 0x00, 0x00, 0x00, 0x00, 0x00, 0x00, 0x00, 0x00, 0x00,
  0x00, 0x00, 0x00, 0x00, 0x00, 0x00, 0x00, 0x00, 0x00, 0x00, 0x00, 0x00, 0x00, 0x00, 0x00, 0x00,
  0x00, 0x00, 0x00, 0x00, 0x00, 0x00, 0x00, 0x00, 0x00, 0x00, 0x00, 0x00, 0x00, 0x00, 0x00, 0x00,
  0x00, 0x00, 0x00, 0x00, 0x00, 0x00, 0x00, 0x00, 0x00, 0x00, 0x00, 0x00, 0x00, 0x00, 0x00, 0x00,
  0x00, 0x00, 0x00, 0x00, 0x00, 0x00, 0x00, 0x00, 0x00, 0x00, 0x00, 0x00, 0x00, 0x00, 0x00, 0x00,
  0x00, 0x00, 0x00, 0x00, 0x00, 0x00, 0x00, 0x00, 0x00, 0x00, 0x00, 0x00, 0x00, 0x00, 0x00, 0x00,
  0x00, 0x00, 0x00, 0x00, 0x00, 0x00, 0x00, 0x00, 0x00, 0x00, 0x00, 0x00, 0x00, 0x00, 0x00, 0x00,
  0x00, 0x00, 0x00, 0x00, 0x00, 0x00, 0x00, 0x00, 0x00, 0x00, 0x00, 0x00, 0x00, 0x00, 0x00, 0x00,
  0x00, 0x00, 0x00, 0x00, 0x00, 0x00, 0x00, 0x00, 0x00, 0x00, 0x00, 0x00, 0x00, 0x00, 0x00, 0x00,
  0x00, 0x00, 0x00, 0x00, 0x00, 0x00, 0x00, 0x03, 0x00, 0x00, 0x0c, 0x65, 0xcd, 0xff, 0xff, 0xff,
  0xfc, 0xfc, 0xfe, 0xff, 0xff, 0xff, 0xff, 0xff, 0xff, 0xff, 0xff, 0xff, 0xff, 0xff, 0xff, 0xff,
  0xff, 0xff, 0xff, 0xff, 0xff, 0xff, 0xff, 0xff, 0xff, 0xff, 0xff, 0xff, 0xff, 0xff, 0xff, 0xff,
  0xff, 0xff, 0xff, 0xff, 0xfe, 0xfd, 0xfc, 0xff, 0xff, 0xff, 0xde, 0x7d, 0x19, 0x00, 0x00, 0x03,
  0x00, 0x00, 0x00, 0x00, 0x00, 0x00, 0x00, 0x00, 0x00, 0x00, 0x00, 0x00, 0x00, 0x00, 0x00, 0x00,
  0x00, 0x00, 0x00, 0x00, 0x00, 0x00, 0x00, 0x00, 0x00, 0x00, 0x00, 0x00, 0x00, 0x00, 0x00, 0x00,
  0x00, 0x00, 0x00, 0x00, 0x00, 0x00, 0x00, 0x00, 0x00, 0x00, 0x00, 0x00, 0x00, 0x00, 0x00, 0x00,
  0x00, 0x00, 0x00, 0x00, 0x00, 0x00, 0x00, 0x00, 0x00, 0x00, 0x00, 0x00, 0x00, 0x00, 0x00, 0x00,
  0x00, 0x00, 0x00, 0x00, 0x00, 0x00, 0x00, 0x00, 0x00, 0x00, 0x00, 0x00, 0x00, 0x00, 0x00, 0x00,
  0x00, 0x00, 0x00, 0x00, 0x00, 0x00, 0x00, 0x00, 0x00, 0x00, 0x00, 0x00, 0x00, 0x00, 0x00, 0x00,
  0x00, 0x00, 0x00, 0x00, 0x00, 0x00, 0x00, 0x00, 0x00, 0x00, 0x00, 0x00, 0x00, 0x00, 0x00, 0x00,
  0x00, 0x00, 0x00, 0x00, 0x00, 0x00, 0x00, 0x00, 0x00, 0x00, 0x00, 0x00, 0x00, 0x00, 0x00, 0x00,
  0x00, 0x00, 0x00, 0x00, 0x00, 0x00, 0x00, 0x00, 0x00, 0x00, 0x00, 0x00, 0x00, 0x00, 0x00, 0x00,
  0x00, 0x00, 0x00, 0x00, 0x00, 0x00, 0x00, 0x02, 0x02, 0x00, 0x09, 0x69, 0xd9, 0xff, 0xff, 0xfd,
  0xfc, 0xfe, 0xff, 0xff, 0xff, 0xff, 0xff, 0xff, 0xff, 0xff, 0xff, 0xff, 0xff, 0xff, 0xff, 0xff,
  0xff, 0xff, 0xff, 0xff, 0xff, 0xff, 0xff, 0xff, 0xff, 0xff, 0xff, 0xff, 0xff, 0xff, 0xff, 0xff,
  0xff, 0xff, 0xff, 0xff, 0xff, 0xff, 0xff, 0xff, 0xff, 0xfe, 0xfc, 0xfc, 0xff, 0xff, 0xe8, 0x7e,
  0x12, 0x00, 0x01, 0x02, 0x00, 0x00, 0x00, 0x00, 0x00, 0x00, 0x00, 0x00, 0x00, 0x00, 0x00, 0x00,
  0x00, 0x00, 0x00, 0x00, 0x00, 0x00, 0x00, 0x00, 0x00, 0x00, 0x00, 0x00, 0x00, 0x00, 0x00, 0x00,
  0x00, 0x00, 0x00, 0x00, 0x00, 0x00, 0x00, 0x00, 0x00, 0x00, 0x00, 0x00, 0x00, 0x00, 0x00, 0x00,
  0x00, 0x00, 0x00, 0x00, 0x00, 0x00, 0x00, 0x00, 0x00, 0x00, 0x00, 0x00, 0x00, 0x00, 0x00, 0x00,
  0x00, 0x00, 0x00, 0x00, 0x00, 0x00, 0x00, 0x00, 0x00, 0x00, 0x00, 0x00, 0x00, 0x00, 0x00, 0x00,
  0x00, 0x00, 0x00, 0x00, 0x00, 0x00, 0x00, 0x00, 0x00, 0x00, 0x00, 0x00, 0x00, 0x00, 0x00, 0x00,
  0x00, 0x00, 0x00, 0x00, 0x00, 0x00, 0x00, 0x00, 0x00, 0x00, 0x00, 0x00, 0x00, 0x00, 0x00, 0x00,
  0x00, 0x00, 0x00, 0x00, 0x00, 0x00, 0x00, 0x00, 0x00, 0x00, 0x00, 0x00, 0x00, 0x00, 0x00, 0x00,
  0x00, 0x00, 0x00, 0x00, 0x00, 0x00, 0x00, 0x00, 0x00, 0x00, 0x00, 0x00, 0x00, 0x00, 0x00, 0x00,
  0x00, 0x00, 0x00, 0x00, 0x00, 0x00, 0x00, 0x00, 0x03, 0x00, 0x00, 0x54, 0xd2, 0xff, 0xff, 0xfc,
  0xfd, 0xff, 0xff, 0xff, 0xff, 0xff, 0xff, 0xff, 0xff, 0xff, 0xff, 0xff, 0xff, 0xff, 0xff, 0xff,
  0xff, 0xff, 0xff, 0xff, 0xff, 0xff, 0xff, 0xff, 0xff, 0xff, 0xff, 0xff, 0xff, 0xff, 0xff, 0xff,
  0xff, 0xff, 0xff, 0xff, 0xff, 0xff, 0xff, 0xff, 0xff, 0xff, 0xff, 0xff, 0xff, 0xff, 0xfd, 0xfc,
  0xff, 0xff, 0xdf, 0x63, 0x00, 0x00, 0x04, 0x00, 0x00, 0x00, 0x01, 0x02, 0x04, 0x03, 0x02, 0x01,
  0x02, 0x03, 0x04, 0x02, 0x01, 0x00, 0x00, 0x00, 0x00, 0x00, 0x00, 0x00, 0x00, 0x00, 0x00, 0x00,
  0x00, 0x00, 0x00, 0x00, 0x00, 0x00, 0x00, 0x00, 0x00, 0x00, 0x00, 0x00, 0x00, 0x00, 0x00, 0x00,
  0x00, 0x00, 0x00, 0x00, 0x00, 0x00, 0x00, 0x00, 0x00, 0x00, 0x00, 0x00, 0x00, 0x00, 0x00, 0x00,
  0x00, 0x00, 0x00, 0x00, 0x00, 0x00, 0x00, 0x00, 0x00, 0x00, 0x00, 0x00, 0x00, 0x00, 0x00, 0x00,
  0x00, 0x00, 0x00, 0x00, 0x00, 0x00, 0x00, 0x00, 0x00, 0x00, 0x00, 0x00, 0x00, 0x00, 0x00, 0x00,
  0x00, 0x00, 0x00, 0x00, 0x00, 0x00, 0x00, 0x00, 0x00, 0x00, 0x00, 0x00, 0x00, 0x00, 0x00, 0x00,
  0x00, 0x00, 0x00, 0x00, 0x00, 0x00, 0x00, 0x00, 0x00, 0x00, 0x00, 0x00, 0x00, 0x00, 0x00, 0x00,
  0x00, 0x00, 0x00, 0x00, 0x00, 0x00, 0x00, 0x00, 0x00, 0x00, 0x00, 0x00, 0x00, 0x00, 0x00, 0x00,
  0x00, 0x00, 0x00, 0x00, 0x00, 0x00, 0x00, 0x00, 0x02, 0x01, 0x00, 0x28, 0xaf, 0xff, 0xff, 0xfc,
  0xfd, 0xff, 0xff, 0xff, 0xff, 0xff, 0xff, 0xff, 0xff, 0xff, 0xff, 0xff, 0xff, 0xff, 0xff, 0xff,
  0xff, 0xff, 0xff, 0xff, 0xff, 0xff, 0xff, 0xff, 0xff, 0xff, 0xff, 0xff, 0xff, 0xff, 0xff, 0xff,
  0xff, 0xff, 0xff, 0xff, 0xff, 0xff, 0xff, 0xff, 0xff, 0xff, 0xff, 0xff, 0xff, 0xff, 0xff, 0xff,
  0xff, 0xff, 0xfe, 0xfc, 0xff, 0xff, 0xb9, 0x2b, 0x00, 0x02, 0x03, 0x03, 0x00, 0x00, 0x00, 0x00,
  0x00, 0x00, 0x00, 0x00, 0x00, 0x00, 0x00, 0x03, 0x01, 0x00, 0x00, 0x00, 0x00, 0x00, 0x00, 0x00,
  0x00, 0x00, 0x00, 0x00, 0x00, 0x00, 0x00, 0x00, 0x00, 0x00, 0x00, 0x00, 0x00, 0x00, 0x00, 0x00,
  0x00, 0x00, 0x00, 0x00, 0x00, 0x00, 0x00, 0x00, 0x00, 0x00, 0x00, 0x00, 0x00, 0x00, 0x00, 0x00,
  0x00, 0x00, 0x00, 0x00, 0x00, 0x00, 0x00, 0x00, 0x00, 0x00, 0x00, 0x00, 0x00, 0x00, 0x00, 0x00,
  0x00, 0x00, 0x00, 0x00, 0x00, 0x00, 0x00, 0x00, 0x00, 0x00, 0x00, 0x00, 0x00, 0x00, 0x00, 0x00,
  0x00, 0x00, 0x00, 0x00, 0x00, 0x00, 0x00, 0x00, 0x00, 0x00, 0x00, 0x00, 0x00, 0x00, 0x00, 0x00,
  0x00, 0x00, 0x00, 0x00, 0x00, 0x00, 0x00, 0x00, 0x00, 0x00, 0x00, 0x00, 0x00, 0x00, 0x00, 0x00,
  0x00, 0x00, 0x00, 0x00, 0x00, 0x00, 0x00, 0x00, 0x00, 0x00, 0x00, 0x00, 0x00, 0x00, 0x00, 0x01,
  0x01, 0x02, 0x02, 0x01, 0x01, 0x00, 0x00, 0x00, 0x00, 0x03, 0x00, 0x00, 0x6f, 0xf0, 0xff, 0xfd,
  0xfd, 0xff, 0xff, 0xff, 0xff, 0xff, 0xff, 0xff, 0xff, 0xff, 0xff, 0xff, 0xff, 0xff, 0xff, 0xff,
  0xff, 0xff, 0xff, 0xff, 0xff, 0xff, 0xff, 0xff, 0xff, 0xff, 0xff, 0xff, 0xff, 0xff, 0xff, 0xff,
  0xff, 0xff, 0xff, 0xff, 0xff, 0xff, 0xff, 0xff, 0xff, 0xff, 0xff, 0xff, 0xff, 0xff, 0xff, 0xff,
  0xff, 0xff, 0xff, 0xff, 0xff, 0xff, 0xfd, 0xfc, 0xff, 0xf1, 0x6d, 0x00, 0x00, 0x00, 0x00, 0x2e,
  0x68, 0x96, 0xb0, 0xba, 0xb4, 0x9c, 0x73, 0x34, 0x00, 0x00, 0x00, 0x02, 0x00, 0x00, 0x00, 0x00,
  0x00, 0x00, 0x00, 0x00, 0x00, 0x00, 0x00, 0x00, 0x00, 0x00, 0x00, 0x00, 0x00, 0x00, 0x00, 0x00,
  0x00, 0x00, 0x00, 0x00, 0x00, 0x00, 0x00, 0x00, 0x00, 0x00, 0x00, 0x00, 0x00, 0x00, 0x00, 0x00,
  0x00, 0x00, 0x00, 0x00, 0x00, 0x00, 0x00, 0x00, 0x00, 0x00, 0x00, 0x00, 0x00, 0x00, 0x00, 0x00,
  0x00, 0x00, 0x00, 0x00, 0x00, 0x00, 0x00, 0x00, 0x00, 0x00, 0x00, 0x00, 0x00, 0x00, 0x00, 0x00,
  0x00, 0x00, 0x00, 0x00, 0x00, 0x00, 0x00, 0x00, 0x00, 0x00, 0x00, 0x00, 0x00, 0x00, 0x00, 0x00,
  0x00, 0x00, 0x00, 0x00, 0x00, 0x00, 0x00, 0x00, 0x00, 0x00, 0x00, 0x00, 0x00, 0x00, 0x00, 0x00,
  0x00, 0x00, 0x00, 0x00, 0x00, 0x00, 0x00, 0x00, 0x00, 0x00, 0x00, 0x00, 0x00, 0x00, 0x01, 0x03,
  0x03, 0x00, 0x00, 0x00, 0x00, 0x00, 0x00, 0x02, 0x04, 0x03, 0x04, 0x00, 0x1d, 0xb5, 0xff, 0xff,
  0xfc, 0xff, 0xff, 0xff, 0xff, 0xff, 0xff, 0xff, 0xff, 0xff, 0xff, 0xff, 0xff, 0xff, 0xff, 0xff,
  0xff, 0xff, 0xff, 0xff, 0xff, 0xff, 0xff, 0xff, 0xff, 0xff, 0xff, 0xff, 0xff, 0xff, 0xff, 0xff,
  0xff, 0xff, 0xff, 0xff, 0xff, 0xff, 0xff, 0xff, 0xff, 0xff, 0xff, 0xff, 0xff, 0xff, 0xff, 0xff,
  0xff, 0xff, 0xff, 0xff, 0xff, 0xff, 0xff, 0xff, 0xff, 0xff, 0xfc, 0xff, 0xff, 0xb3, 0x3f, 0x70,
  0xcb, 0xfb, 0xff, 0xff, 0xff, 0xff, 0xff, 0xff, 0xff, 0xfe, 0xc8, 0x63, 0x05, 0x00, 0x03, 0x00,
  0x00, 0x00, 0x00, 0x00, 0x00, 0x00, 0x00, 0x00, 0x00, 0x00, 0x00, 0x00, 0x00, 0x00, 0x00, 0x00,
  0x00, 0x00, 0x00, 0x00, 0x00, 0x00, 0x00, 0x00, 0x00, 0x00, 0x00, 0x00, 0x00, 0x00, 0x00, 0x00,
  0x00, 0x00, 0x00, 0x00, 0x00, 0x00, 0x00, 0x00, 0x00, 0x00, 0x00, 0x00, 0x00, 0x00, 0x00, 0x00,
  0x00, 0x00, 0x00, 0x00, 0x00, 0x00, 0x00, 0x00, 0x00, 0x00, 0x00, 0x00, 0x00, 0x00, 0x00, 0x00,
  0x00, 0x00, 0x00, 0x00, 0x00, 0x00, 0x00, 0x00, 0x00, 0x00, 0x00, 0x00, 0x00, 0x00, 0x00, 0x00,
  0x00, 0x00, 0x00, 0x00, 0x00, 0x00, 0x00, 0x00, 0x00, 0x00, 0x00, 0x00, 0x00, 0x00, 0x00, 0x00,
  0x00, 0x00, 0x00, 0x00, 0x00, 0x00, 0x00, 0x00, 0x00, 0x00, 0x00, 0x00, 0x00, 0x00, 0x00, 0x03,
  0x00, 0x00, 0x00, 0x00, 0x12, 0x1e, 0x1e, 0x14, 0x05, 0x00, 0x00, 0x00, 0x00, 0x48, 0xe3, 0xff,
  0xfc, 0xfe, 0xff, 0xff, 0xff, 0xff, 0xff, 0xff, 0xff, 0xff, 0xff, 0xff, 0xff, 0xff, 0xff, 0xff,
  0xff, 0xff, 0xff, 0xff, 0xff, 0xff, 0xff, 0xff, 0xff, 0xff, 0xff, 0xff, 0xff, 0xff, 0xff, 0xff,
  0xff, 0xff, 0xff, 0xff, 0xff, 0xff, 0xff, 0xff, 0xff, 0xff, 0xff, 0xff, 0xff, 0xff, 0xff, 0xff,
  0xff, 0xff, 0xff, 0xff, 0xff, 0xff, 0xff, 0xff, 0xff, 0xff, 0xff, 0xff, 0xff, 0xfe, 0xfd, 0xff,
  0xff, 0xff, 0xff, 0xff, 0xfc, 0xfb, 0xfc, 0xfc, 0xfc, 0xfb, 0xfc, 0xff, 0xff, 0xff, 0xcb, 0x3c,
  0x00, 0x03, 0x00, 0x00, 0x00, 0x00, 0x00, 0x00, 0x00, 0x00, 0x00, 0x00, 0x00, 0x00, 0x00, 0x00,
  0x00, 0x00, 0x00, 0x00, 0x00, 0x00, 0x00, 0x00, 0x00, 0x00, 0x00, 0x00, 0x00, 0x00, 0x00, 0x00,
  0x00, 0x00, 0x00, 0x00, 0x00, 0x00, 0x00, 0x00, 0x00, 0x00, 0x00, 0x00, 0x00, 0x00, 0x00, 0x00,
  0x00, 0x00, 0x00, 0x00, 0x00, 0x00, 0x00, 0x00, 0x00, 0x00, 0x00, 0x00, 0x00, 0x00, 0x00, 0x00,
  0x00, 0x00, 0x00, 0x00, 0x00, 0x00, 0x00, 0x00, 0x00, 0x00, 0x00, 0x00, 0x00, 0x00, 0x00, 0x00,
  0x00, 0x00, 0x00, 0x00, 0x00, 0x00, 0x00, 0x00, 0x00, 0x00, 0x00, 0x00, 0x00, 0x00, 0x00, 0x00,
  0x00, 0x00, 0x00, 0x00, 0x00, 0x00, 0x00, 0x00, 0x00, 0x00, 0x00, 0x00, 0x00, 0x00, 0x00, 0x01,
  0x01, 0x00, 0x05, 0x4b, 0x98, 0xcc, 0xe8, 0xf2, 0xf2, 0xea, 0xd6, 0xaf, 0x77, 0x3b, 0x7f, 0xfe,
  0xff, 0xfc, 0xff, 0xff, 0xff, 0xff, 0xff, 0xff, 0xff, 0xff, 0xff, 0xff, 0xff, 0xff, 0xff, 0xff,
  0xff, 0xff, 0xff, 0xff, 0xff, 0xff, 0xff, 0xff, 0xff, 0xff, 0xff, 0xff, 0xff, 0xff, 0xff, 0xff,
  0xff, 0xff, 0xff, 0xff, 0xff, 0xff, 0xff, 0xff, 0xff, 0xff, 0xff, 0xff, 0xff, 0xff, 0xff, 0xff,
  0xff, 0xff, 0xff, 0xff, 0xff, 0xff, 0xff, 0xff, 0xff, 0xff, 0xff, 0xff, 0xff, 0xff, 0xff, 0xff,
  0xff, 0xfc, 0xfe, 0xfc, 0xfd, 0xfe, 0xff, 0xff, 0xff, 0xff, 0xff, 0xff, 0xff, 0xfe, 0xfd, 0xfc,
  0xff, 0xf9, 0x62, 0x00, 0x03, 0x00, 0x00, 0x00, 0x00, 0x00, 0x00, 0x00, 0x00, 0x00, 0x00, 0x00,
  0x00, 0x00, 0x00, 0x00, 0x00, 0x00, 0x00, 0x00, 0x00, 0x00, 0x00, 0x00, 0x00, 0x00, 0x00, 0x00,
  0x00, 0x00, 0x00, 0x00, 0x00, 0x00, 0x00, 0x00, 0x00, 0x00, 0x00, 0x00, 0x00, 0x00, 0x00, 0x00,
  0x00, 0x00, 0x00, 0x00, 0x00, 0x00, 0x00, 0x00, 0x00, 0x00, 0x00, 0x00, 0x00, 0x00, 0x00, 0x00,
  0x00, 0x00, 0x00, 0x00, 0x00, 0x00, 0x00, 0x00, 0x00, 0x00, 0x00, 0x00, 0x00, 0x00, 0x00, 0x00,
  0x00, 0x00, 0x00, 0x00, 0x00, 0x00, 0x00, 0x00, 0x00, 0x00, 0x00, 0x00, 0x00, 0x00, 0x00, 0x00,
  0x00, 0x00, 0x00, 0x00, 0x00, 0x00, 0x00, 0x00, 0x00, 0x00, 0x00, 0x00, 0x00, 0x00, 0x00, 0x00,
  0x02, 0x00, 0x00, 0x5d, 0xd0, 0xff, 0xff, 0xff, 0xff, 0xff, 0xff, 0xff, 0xff, 0xff, 0xff, 0xff,
  0xff, 0xff, 0xfd, 0xff, 0xff, 0xff, 0xff, 0xff, 0xff, 0xff, 0xff, 0xff, 0xff, 0xff, 0xff, 0xff,
  0xff, 0xff, 0xff, 0xff, 0xff, 0xff, 0xff, 0xff, 0xff, 0xff, 0xff, 0xff, 0xff, 0xff, 0xff, 0xff,
  0xff, 0xff, 0xff, 0xff, 0xff, 0xff, 0xff, 0xff, 0xff, 0xff, 0xff, 0xff, 0xff, 0xff, 0xff, 0xff,
  0xff, 0xff, 0xff, 0xff, 0xff, 0xff, 0xff, 0xff, 0xff, 0xff, 0xff, 0xff, 0xff, 0xff, 0xff, 0xff,
  0xff, 0xff, 0xff, 0xff, 0xff, 0xff, 0xff, 0xff, 0xff, 0xff, 0xff, 0xff, 0xff, 0xff, 0xff, 0xff,
  0xff, 0xff, 0xfc, 0xff, 0xff, 0x64, 0x00, 0x03, 0x00, 0x00, 0x00, 0x00, 0x00, 0x00, 0x00, 0x00,
  0x00, 0x00, 0x00, 0x00, 0x00, 0x00, 0x00, 0x00, 0x00, 0x00, 0x00, 0x00, 0x00, 0x00, 0x00, 0x00,
  0x00, 0x00, 0x00, 0x00, 0x00, 0x00, 0x00, 0x00, 0x00, 0x00, 0x00, 0x00, 0x00, 0x00, 0x00, 0x00,
  0x00, 0x00, 0x00, 0x00, 0x00, 0x00, 0x00, 0x00, 0x00, 0x00, 0x00, 0x00, 0x00, 0x00, 0x00, 0x00,
  0x00, 0x00, 0x00, 0x00, 0x00, 0x00, 0x00, 0x00, 0x00, 0x00, 0x00, 0x00, 0x00, 0x00, 0x00, 0x00,
  0x00, 0x00, 0x00, 0x00, 0x00, 0x00, 0x00, 0x00, 0x00, 0x00, 0x00, 0x00, 0x00, 0x00, 0x00, 0x00,
  0x00, 0x00, 0x00, 0x00, 0x00, 0x00, 0x00, 0x00, 0x00, 0x00, 0x00, 0x00, 0x00, 0x00, 0x00, 0x00,
  0x00, 0x03, 0x00, 0x18, 0xb2, 0xff, 0xff, 0xfd, 0xfb, 0xfd, 0xfe, 0xfe, 0xfe, 0xfe, 0xfd, 0xfc,
  0xfc, 0xfe, 0xfc, 0xfe, 0xff, 0xff, 0xff, 0xff, 0xff, 0xff, 0xff, 0xff, 0xff, 0xff, 0xff, 0xff,
  0xff, 0xff, 0xff, 0xff, 0xff, 0xff, 0xff, 0xff, 0xff, 0xff, 0xff, 0xff, 0xff, 0xff, 0xff, 0xff,
  0xff, 0xff, 0xff, 0xff, 0xff, 0xff, 0xff, 0xff, 0xff, 0xff, 0xff, 0xff, 0xff, 0xff, 0xff, 0xff,
  0xff, 0xff, 0xff, 0xff, 0xff, 0xff, 0xff, 0xff, 0xff, 0xff, 0xff, 0xff, 0xff, 0xff, 0xff, 0xff,
  0xff, 0xff, 0xff, 0xff, 0xff, 0xff, 0xff, 0xff, 0xff, 0xff, 0xff, 0xff, 0xff, 0xff, 0xff, 0xff,
  0xff, 0xff, 0xff, 0xff, 0xff, 0xfd, 0xfd, 0xfc, 0x3f, 0x00, 0x03, 0x00, 0x00, 0x00, 0x00, 0x00,
  0x00, 0x00, 0x00, 0x00, 0x00, 0x00, 0x00, 0x00, 0x00, 0x00, 0x00, 0x00, 0x00, 0x00, 0x00, 0x00,
  0x00, 0x00, 0x00, 0x00, 0x00, 0x00, 0x00, 0x00, 0x00, 0x00, 0x00, 0x00, 0x00, 0x00, 0x00, 0x00,
  0x00, 0x00, 0x00, 0x00, 0x00, 0x00, 0x00, 0x00, 0x00, 0x00, 0x00, 0x00, 0x00, 0x00, 0x00, 0x00,
  0x00, 0x00, 0x00, 0x00, 0x00, 0x00, 0x00, 0x00, 0x00, 0x00, 0x00, 0x00, 0x00, 0x00, 0x00, 0x00,
  0x00, 0x00, 0x00, 0x00, 0x00, 0x00, 0x00, 0x00, 0x00, 0x00, 0x00, 0x00, 0x00, 0x00, 0x00, 0x00,
  0x00, 0x00, 0x00, 0x00, 0x00, 0x00, 0x00, 0x00, 0x00, 0x00, 0x00, 0x00, 0x00, 0x00, 0x00, 0x00,
  0x00, 0x00, 0x02, 0x00, 0x27, 0xd8, 0xff, 0xfb, 0xfd, 0xff, 0xff, 0xff, 0xff, 0xff, 0xff, 0xff,
  0xff, 0xff, 0xff, 0xff, 0xff, 0xff, 0xff, 0xff, 0xff, 0xff, 0xff, 0xff, 0xff, 0xff, 0xff, 0xff,
  0xff, 0xff, 0xff, 0xff, 0xff, 0xff, 0xff, 0xff, 0xff, 0xff, 0xff, 0xff, 0xff, 0xff, 0xff, 0xff,
  0xff, 0xff, 0xff, 0xff, 0xff, 0xff, 0xff, 0xff, 0xff, 0xff, 0xff, 0xff, 0xff, 0xff, 0xff, 0xff,
  0xff, 0xff, 0xff, 0xff, 0xff, 0xff, 0xff, 0xff, 0xff, 0xff, 0xff, 0xff, 0xff, 0xff, 0xff, 0xff,
  0xff, 0xff, 0xff, 0xff, 0xff, 0xff, 0xff, 0xff, 0xff, 0xff, 0xff, 0xff, 0xff, 0xff, 0xff, 0xff,
  0xff, 0xff, 0xff, 0xff, 0xff, 0xff, 0xff, 0xff, 0xfc, 0xff, 0xd8, 0x0c, 0x01, 0x01, 0x00, 0x00,
  0x00, 0x00, 0x00, 0x00, 0x00, 0x00, 0x00, 0x00, 0x00, 0x00, 0x00, 0x00, 0x00, 0x00, 0x00, 0x00,
  0x00, 0x00, 0x00, 0x00, 0x00, 0x00, 0x00, 0x00, 0x00, 0x00, 0x00, 0x00, 0x00, 0x00, 0x00, 0x00,
  0x00, 0x00, 0x00, 0x00, 0x00, 0x00, 0x00, 0x00, 0x00, 0x00, 0x00, 0x00, 0x00, 0x00, 0x00, 0x00,
  0x00, 0x00, 0x00, 0x00, 0x00, 0x00, 0x00, 0x00, 0x00, 0x00, 0x00, 0x00, 0x00, 0x00, 0x00, 0x00,
  0x00, 0x00, 0x00, 0x00, 0x00, 0x00, 0x00, 0x00, 0x00, 0x00, 0x00, 0x00, 0x00, 0x00, 0x00, 0x00,
  0x00, 0x00, 0x00, 0x00, 0x00, 0x00, 0x00, 0x00, 0x00, 0x00, 0x00, 0x00, 0x00, 0x00, 0x00, 0x00,
  0x00, 0x00, 0x00, 0x02, 0x01, 0x1b, 0xdd, 0xff, 0xfb, 0xff, 0xff, 0xff, 0xff, 0xff, 0xff, 0xff,
  0xff, 0xff, 0xff, 0xff, 0xff, 0xff, 0xff, 0xff, 0xff, 0xff, 0xff, 0xff, 0xff, 0xff, 0xff, 0xff,
  0xff, 0xff, 0xff, 0xff, 0xff, 0xff, 0xff, 0xff, 0xff, 0xff, 0xff, 0xff, 0xff, 0xff, 0xff, 0xff,
  0xff, 0xff, 0xff, 0xff, 0xff, 0xff, 0xff, 0xff, 0xff, 0xff, 0xff, 0xff, 0xff, 0xff, 0xff, 0xff,
  0xff, 0xff, 0xff, 0xff, 0xff, 0xff, 0xff, 0xff, 0xff, 0xff, 0xff, 0xff, 0xff, 0xff, 0xff, 0xff,
  0xff, 0xff, 0xff, 0xff, 0xff, 0xff, 0xff, 0xff, 0xff, 0xff, 0xff, 0xff, 0xff, 0xff, 0xff, 0xff,
  0xff, 0xff, 0xff, 0xff, 0xff, 0xff, 0xff, 0xff, 0xff, 0xff, 0xff, 0xfb, 0xff, 0x6f, 0x00, 0x03,
  0x00, 0x00, 0x00, 0x00, 0x00, 0x00, 0x00, 0x00, 0x00, 0x00, 0x00, 0x00, 0x00, 0x00, 0x00, 0x00,
  0x00, 0x00, 0x00, 0x00, 0x00, 0x00, 0x00, 0x00, 0x00, 0x00, 0x00, 0x00, 0x00, 0x00, 0x00, 0x00,
  0x00, 0x00, 0x00, 0x00, 0x00, 0x00, 0x00, 0x00, 0x00, 0x00, 0x00, 0x00, 0x00, 0x00, 0x00, 0x00,
  0x00, 0x00, 0x00, 0x00, 0x00, 0x00, 0x00, 0x00, 0x00, 0x00, 0x00, 0x00, 0x00, 0x00, 0x00, 0x00,
  0x00, 0x00, 0x00, 0x00, 0x00, 0x00, 0x00, 0x00, 0x00, 0x00, 0x00, 0x00, 0x00, 0x00, 0x00, 0x00,
  0x00, 0x00, 0x00, 0x00, 0x00, 0x00, 0x00, 0x00, 0x00, 0x00, 0x00, 0x00, 0x00, 0x00, 0x00, 0x00,
  0x00, 0x00, 0x00, 0x00, 0x01, 0x02, 0x03, 0xbc, 0xff, 0xfb, 0xff, 0xff, 0xff, 0xff, 0xff, 0xff,
  0xff, 0xff, 0xff, 0xff, 0xff, 0xff, 0xff, 0xff, 0xff, 0xff, 0xff, 0xff, 0xff, 0xff, 0xff, 0xff,
  0xff, 0xff, 0xff, 0xff, 0xff, 0xff, 0xff, 0xff, 0xff, 0xff, 0xff, 0xff, 0xff, 0xff, 0xff, 0xff,
  0xff, 0xff, 0xff, 0xff, 0xff, 0xff, 0xff, 0xff, 0xff, 0xff, 0xff, 0xff, 0xff, 0xff, 0xff, 0xff,
  0xff, 0xff, 0xff, 0xff, 0xff, 0xff, 0xff, 0xff, 0xff, 0xff, 0xff, 0xff, 0xff, 0xff, 0xff, 0xff,
  0xff, 0xff, 0xff, 0xff, 0xff, 0xff, 0xff, 0xff, 0xff, 0xff, 0xff, 0xff, 0xff, 0xff, 0xff, 0xff,
  0xff, 0xff, 0xff, 0xff, 0xff, 0xff, 0xff, 0xff, 0xff, 0xff, 0xff, 0xff, 0xff, 0xfd, 0xfe, 0xd5,
  0x07, 0x01, 0x01, 0x00, 0x00, 0x00, 0x00, 0x00, 0x00, 0x00, 0x00, 0x00, 0x00, 0x00, 0x00, 0x00,
  0x00, 0x00, 0x00, 0x00, 0x00, 0x00, 0x00, 0x00, 0x00, 0x00, 0x00, 0x00, 0x00, 0x00, 0x00, 0x00,
  0x00, 0x00, 0x00, 0x00, 0x00, 0x00, 0x00, 0x00, 0x00, 0x00, 0x00, 0x00, 0x00, 0x00, 0x00, 0x00,
  0x00, 0x00, 0x00, 0x00, 0x00, 0x00, 0x00, 0x00, 0x00, 0x00, 0x00, 0x00, 0x00, 0x00, 0x00, 0x00,
  0x00, 0x00, 0x00, 0x00, 0x00, 0x00, 0x00, 0x00, 0x00, 0x00, 0x00, 0x00, 0x00, 0x00, 0x00, 0x00,
  0x00, 0x00, 0x00, 0x00, 0x00, 0x00, 0x00, 0x00, 0x00, 0x00, 0x00, 0x00, 0x00, 0x00, 0x00, 0x00,
  0x00, 0x00, 0x00, 0x00, 0x00, 0x00, 0x03, 0x00, 0x63, 0xff, 0xfb, 0xff, 0xff, 0xff, 0xff, 0xff,
  0xff, 0xff, 0xff, 0xff, 0xff, 0xff, 0xff, 0xff, 0xff, 0xff, 0xff, 0xff, 0xff, 0xff, 0xff, 0xff,
  0xff, 0xff, 0xff, 0xff, 0xff, 0xff, 0xff, 0xff, 0xff, 0xff, 0xff, 0xff, 0xff, 0xff, 0xff, 0xff,
  0xff, 0xff, 0xff, 0xff, 0xff, 0xff, 0xff, 0xff, 0xff, 0xff, 0xff, 0xff, 0xff, 0xff, 0xff, 0xff,
  0xff, 0xff, 0xff, 0xff, 0xff, 0xff, 0xff, 0xff, 0xff, 0xff, 0xff, 0xff, 0xff, 0xff, 0xff, 0xff,
  0xff, 0xff, 0xff, 0xff, 0xff, 0xff, 0xff, 0xff, 0xff, 0xff, 0xff, 0xff, 0xff, 0xff, 0xff, 0xff,
  0xff, 0xff, 0xff, 0xff, 0xff, 0xff, 0xff, 0xff, 0xff, 0xff, 0xff, 0xff, 0xff, 0xff, 0xff, 0xff,
  0xfe, 0xfe, 0x3a, 0x00, 0x03, 0x00, 0x00, 0x00, 0x00, 0x00, 0x00, 0x00, 0x00, 0x00, 0x00, 0x00,
  0x00, 0x00, 0x00, 0x00, 0x00, 0x00, 0x00, 0x00, 0x00, 0x00, 0x00, 0x00, 0x00, 0x00, 0x00, 0x00,
  0x00, 0x00, 0x00, 0x00, 0x00, 0x00, 0x00, 0x00, 0x00, 0x00, 0x00, 0x00, 0x00, 0x00, 0x00, 0x00,
  0x00, 0x00, 0x00, 0x00, 0x00, 0x00, 0x00, 0x00, 0x00, 0x00, 0x00, 0x00, 0x00, 0x00, 0x00, 0x00,
  0x00, 0x00, 0x00, 0x00, 0x00, 0x00, 0x00, 0x00, 0x00, 0x00, 0x00, 0x00, 0x00, 0x00, 0x00, 0x00,
  0x00, 0x00, 0x00, 0x00, 0x00, 0x00, 0x00, 0x00, 0x00, 0x00, 0x00, 0x00, 0x00, 0x00, 0x00, 0x00,
  0x00, 0x00, 0x00, 0x00, 0x00, 0x00, 0x00, 0x01, 0x00, 0x0b, 0xdc, 0xfe, 0xfd, 0xff, 0xff, 0xff,
  0xff, 0xff, 0xff, 0xff, 0xff, 0xff, 0xff, 0xff, 0xff, 0xff, 0xff, 0xff, 0xff, 0xff, 0xff, 0xff,
  0xff, 0xff, 0xff, 0xff, 0xff, 0xff, 0xff, 0xff, 0xff, 0xff, 0xff, 0xff, 0xff, 0xff, 0xff, 0xff,
  0xff, 0xff, 0xff, 0xff, 0xff, 0xff, 0xff, 0xff, 0xff, 0xff, 0xff, 0xff, 0xff, 0xff, 0xff, 0xff,
  0xff, 0xff, 0xff, 0xff, 0xff, 0xff, 0xff, 0xff, 0xff, 0xff, 0xff, 0xff, 0xff, 0xff, 0xff, 0xff,
  0xff, 0xff, 0xff, 0xff, 0xff, 0xff, 0xff, 0xff, 0xff, 0xff, 0xff, 0xff, 0xff, 0xff, 0xff, 0xff,
  0xff, 0xff, 0xff, 0xff, 0xff, 0xff, 0xff, 0xff, 0xff, 0xff, 0xff, 0xff, 0xff, 0xff, 0xff, 0xff,
  0xff, 0xff, 0xfb, 0xff, 0x76, 0x00, 0x04, 0x00, 0x00, 0x00, 0x00, 0x00, 0x00, 0x00, 0x00, 0x00,
  0x00, 0x00, 0x00, 0x00, 0x00, 0x00, 0x00, 0x00, 0x00, 0x00, 0x00, 0x00, 0x00, 0x00, 0x00, 0x00,
  0x00, 0x00, 0x00, 0x00, 0x00, 0x00, 0x00, 0x00, 0x00, 0x00, 0x00, 0x00, 0x00, 0x00, 0x00, 0x00,
  0x00, 0x00, 0x00, 0x00, 0x00, 0x00, 0x00, 0x00, 0x00, 0x00, 0x00, 0x00, 0x00, 0x00, 0x00, 0x00,
  0x00, 0x00, 0x00, 0x00, 0x00, 0x00, 0x00, 0x00, 0x00, 0x00, 0x00, 0x00, 0x00, 0x00, 0x00, 0x00,
  0x00, 0x00, 0x00, 0x00, 0x00, 0x00, 0x00, 0x00, 0x00, 0x00, 0x00, 0x00, 0x00, 0x00, 0x00, 0x00,
  0x00, 0x00, 0x00, 0x00, 0x00, 0x00, 0x00, 0x00, 0x00, 0x04, 0x00, 0x53, 0xff, 0xfd, 0xff, 0xff,
  0xff, 0xff, 0xff, 0xff, 0xff, 0xff, 0xff, 0xff, 0xff, 0xff, 0xff, 0xff, 0xff, 0xff, 0xff, 0xff,
  0xff, 0xff, 0xff, 0xff, 0xff, 0xff, 0xff, 0xff, 0xff, 0xff, 0xff, 0xff, 0xff, 0xff, 0xff, 0xff,
  0xff, 0xff, 0xff, 0xff, 0xff, 0xff, 0xff, 0xff, 0xff, 0xff, 0xff, 0xff, 0xff, 0xff, 0xff, 0xff,
  0xff, 0xff, 0xff, 0xff, 0xff, 0xff, 0xff, 0xff, 0xff, 0xff, 0xff, 0xff, 0xff, 0xff, 0xff, 0xff,
  0xff, 0xff, 0xff, 0xff, 0xff, 0xff, 0xff, 0xff, 0xff, 0xff, 0xff, 0xff, 0xff, 0xff, 0xff, 0xff,
  0xff, 0xff, 0xff, 0xff, 0xff, 0xff, 0xff, 0xff, 0xff, 0xff, 0xff, 0xff, 0xff, 0xff, 0xff, 0xff,
  0xff, 0xff, 0xff, 0xff, 0xfb, 0xff, 0xa1, 0x00, 0x03, 0x00, 0x00, 0x00, 0x00, 0x00, 0x00, 0x00,
  0x00, 0x00, 0x00, 0x00, 0x00, 0x00, 0x00, 0x00, 0x00, 0x00, 0x00, 0x00, 0x00, 0x00, 0x00, 0x00,
  0x00, 0x00, 0x00, 0x00, 0x00, 0x00, 0x00, 0x00, 0x00, 0x00, 0x00, 0x00, 0x00, 0x00, 0x00, 0x00,
  0x00, 0x00, 0x00, 0x00, 0x00, 0x00, 0x00, 0x00, 0x00, 0x00, 0x00, 0x00, 0x00, 0x00, 0x00, 0x00,
  0x00, 0x00, 0x00, 0x00, 0x00, 0x00, 0x00, 0x00, 0x00, 0x00, 0x00, 0x00, 0x00, 0x00, 0x00, 0x00,
  0x00, 0x00, 0x00, 0x00, 0x00, 0x00, 0x00, 0x00, 0x00, 0x00, 0x00, 0x00, 0x00, 0x00, 0x00, 0x00,
  0x00, 0x00, 0x00, 0x00, 0x00, 0x00, 0x00, 0x00, 0x00, 0x00, 0x00, 0x03, 0x00, 0xa3, 0xfe, 0xfb,
  0xff, 0xff, 0xff, 0xff, 0xff, 0xff, 0xff, 0xff, 0xff, 0xff, 0xff, 0xff, 0xff, 0xff, 0xff, 0xff,
  0xff, 0xff, 0xff, 0xff, 0xff, 0xff, 0xff, 0xff, 0xff, 0xff, 0xff, 0xff, 0xff, 0xff, 0xff, 0xff,
  0xff, 0xff, 0xff, 0xff, 0xff, 0xff, 0xff, 0xff, 0xff, 0xff, 0xff, 0xff, 0xff, 0xff, 0xff, 0xff,
  0xff, 0xff, 0xff, 0xff, 0xff, 0xff, 0xff, 0xff, 0xff, 0xff, 0xff, 0xff, 0xff, 0xff, 0xff, 0xff,
  0xff, 0xff, 0xff, 0xff, 0xff, 0xff, 0xff, 0xff, 0xff, 0xff, 0xff, 0xff, 0xff, 0xff, 0xff, 0xff,
  0xff, 0xff, 0xff, 0xff, 0xff, 0xff, 0xff, 0xff, 0xff, 0xff, 0xff, 0xff, 0xff, 0xff, 0xff, 0xff,
  0xff, 0xff, 0xff, 0xff, 0xff, 0xff, 0xfc, 0xff, 0xb6, 0x00, 0x02, 0x00, 0x00, 0x00, 0x00, 0x00,
  0x00, 0x00, 0x00, 0x00, 0x00, 0x00, 0x00, 0x00, 0x00, 0x00, 0x00, 0x00, 0x00, 0x00, 0x00, 0x00,
  0x00, 0x00, 0x00, 0x00, 0x00, 0x00, 0x00, 0x00, 0x00, 0x00, 0x00, 0x00, 0x00, 0x00, 0x00, 0x00,
  0x00, 0x00, 0x00, 0x00, 0x00, 0x00, 0x00, 0x00, 0x00, 0x00, 0x00, 0x00, 0x00, 0x00, 0x00, 0x00,
  0x00, 0x00, 0x00, 0x00, 0x00, 0x00, 0x00, 0x00, 0x00, 0x00, 0x00, 0x00, 0x00, 0x00, 0x00, 0x00,
  0x00, 0x00, 0x00, 0x00, 0x00, 0x00, 0x00, 0x00, 0x00, 0x00, 0x00, 0x00, 0x00, 0x00, 0x00, 0x00,
  0x00, 0x00, 0x00, 0x00, 0x00, 0x00, 0x00, 0x00, 0x00, 0x00, 0x00, 0x00, 0x01, 0x00, 0x05, 0xd6,
  0xff, 0xfd, 0xff, 0xff, 0xff, 0xff, 0xff, 0xff, 0xff, 0xff, 0xff, 0xff, 0xff, 0xff, 0xff, 0xff,
  0xff, 0xff, 0xff, 0xff, 0xff, 0xff, 0xff, 0xff, 0xff, 0xff, 0xff, 0xff, 0xff, 0xff, 0xff, 0xff,
  0xff, 0xff, 0xff, 0xff, 0xff, 0xff, 0xff, 0xff, 0xff, 0xff, 0xff, 0xff, 0xff, 0xff, 0xff, 0xff,
  0xff, 0xff, 0xff, 0xff, 0xff, 0xff, 0xff, 0xff, 0xff, 0xff, 0xff, 0xff, 0xff, 0xff, 0xff, 0xff,
  0xff, 0xff, 0xff, 0xff, 0xff, 0xff, 0xff, 0xff, 0xff, 0xff, 0xff, 0xff, 0xff, 0xff, 0xff, 0xff,
  0xff, 0xff, 0xff, 0xff, 0xff, 0xff, 0xff, 0xff, 0xff, 0xff, 0xff, 0xff, 0xff, 0xff, 0xff, 0xff,
  0xff, 0xff, 0xff, 0xff, 0xff, 0xff, 0xff, 0xff, 0xfc, 0xff, 0xb8, 0x00, 0x02, 0x00, 0x00, 0x00,
  0x00, 0x00, 0x00, 0x00, 0x00, 0x00, 0x00, 0x00, 0x00, 0x00, 0x00, 0x00, 0x00, 0x00, 0x00, 0x00,
  0x00, 0x00, 0x00, 0x00, 0x00, 0x00, 0x00, 0x00, 0x00, 0x00, 0x00, 0x00, 0x00, 0x00, 0x00, 0x00,
  0x00, 0x00, 0x00, 0x00, 0x00, 0x00, 0x00, 0x00, 0x00, 0x00, 0x00, 0x00, 0x00, 0x00, 0x00, 0x00,
  0x00, 0x00, 0x00, 0x00, 0x00, 0x00, 0x00, 0x00, 0x00, 0x00, 0x00, 0x00, 0x00, 0x00, 0x00, 0x00,
  0x00, 0x00, 0x00, 0x00, 0x00, 0x00, 0x00, 0x00, 0x00, 0x00, 0x00, 0x00, 0x00, 0x00, 0x00, 0x00,
  0x00, 0x00, 0x00, 0x00, 0x00, 0x00, 0x00, 0x00, 0x00, 0x00, 0x00, 0x00, 0x00, 0x00, 0x02, 0x00,
  0x1a, 0xef, 0xff, 0xfe, 0xff, 0xff, 0xff, 0xff, 0xff, 0xff, 0xff, 0xff, 0xff, 0xff, 0xff, 0xff,
  0xff, 0xff, 0xff, 0xff, 0xff, 0xff, 0xff, 0xff, 0xff, 0xff, 0xff, 0xff, 0xff, 0xff, 0xff, 0xff,
  0xff, 0xff, 0xff, 0xff, 0xff, 0xff, 0xff, 0xff, 0xff, 0xff, 0xff, 0xff, 0xff, 0xff, 0xff, 0xff,
  0xff, 0xff, 0xff, 0xff, 0xff, 0xff, 0xff, 0xff, 0xff, 0xff, 0xff, 0xff, 0xff, 0xff, 0xff, 0xff,
  0xff, 0xff, 0xff, 0xff, 0xff, 0xff, 0xff, 0xff, 0xff, 0xff, 0xff, 0xff, 0xff, 0xff, 0xff, 0xff,
  0xff, 0xff, 0xff, 0xff, 0xff, 0xff, 0xff, 0xff, 0xff, 0xff, 0xff, 0xff, 0xff, 0xff, 0xff, 0xff,
  0xff, 0xff, 0xff, 0xff, 0xff, 0xff, 0xff, 0xff, 0xff, 0xff, 0xfc, 0xff, 0xa7, 0x00, 0x03, 0x00,
  0x00, 0x00, 0x00, 0x00, 0x00, 0x00, 0x00, 0x00, 0x00, 0x00, 0x00, 0x00, 0x00, 0x00, 0x00, 0x00,
  0x00, 0x00, 0x00, 0x00, 0x00, 0x00, 0x00, 0x00, 0x00, 0x00, 0x00, 0x00, 0x00, 0x00, 0x00, 0x00,
  0x00, 0x00, 0x00, 0x00, 0x00, 0x00, 0x00, 0x00, 0x00, 0x00, 0x00, 0x00, 0x00, 0x00, 0x00, 0x00,
  0x00, 0x00, 0x00, 0x00, 0x00, 0x00, 0x00, 0x00, 0x00, 0x00, 0x00, 0x00, 0x00, 0x00, 0x00, 0x00,
  0x00, 0x00, 0x00, 0x00, 0x00, 0x00, 0x00, 0x00, 0x00, 0x00, 0x00, 0x00, 0x00, 0x00, 0x00, 0x00,
  0x00, 0x00, 0x00, 0x00, 0x00, 0x00, 0x00, 0x00, 0x00, 0x00, 0x00, 0x00, 0x00, 0x00, 0x00, 0x00,
  0x02, 0x00, 0x25, 0xf8, 0xff, 0xfe, 0xff, 0xff, 0xff, 0xff, 0xff, 0xff, 0xff, 0xff, 0xff, 0xff,
  0xff, 0xff, 0xff, 0xff, 0xff, 0xff, 0xff, 0xff, 0xff, 0xff, 0xff, 0xff, 0xff, 0xff, 0xff, 0xff,
  0xff, 0xff, 0xff, 0xff, 0xff, 0xff, 0xff, 0xff, 0xff, 0xff, 0xff, 0xff, 0xff, 0xff, 0xff, 0xff,
  0xff, 0xff, 0xff, 0xff, 0xff, 0xff, 0xff, 0xff, 0xff, 0xff, 0xff, 0xff, 0xff, 0xff, 0xff, 0xff,
  0xff, 0xff, 0xff, 0xff, 0xff, 0xff, 0xff, 0xff, 0xff, 0xff, 0xff, 0xff, 0xff, 0xff, 0xff, 0xff,
  0xff, 0xff, 0xff, 0xff, 0xff, 0xff, 0xff, 0xff, 0xff, 0xff, 0xff, 0xff, 0xff, 0xff, 0xff, 0xff,
  0xff, 0xff, 0xff, 0xff, 0xff, 0xff, 0xff, 0xff, 0xff, 0xff, 0xff, 0xff, 0xfb, 0xff, 0x83, 0x00,
  0x04, 0x00, 0x00, 0x00, 0x00, 0x00, 0x00, 0x00, 0x00, 0x00, 0x00, 0x00, 0x00, 0x00, 0x00, 0x00,
  0x00, 0x00, 0x00, 0x00, 0x00, 0x00, 0x00, 0x00, 0x00, 0x00, 0x00, 0x00, 0x00, 0x00, 0x00, 0x00,
  0x00, 0x00, 0x00, 0x00, 0x00, 0x00, 0x00, 0x00, 0x00, 0x00, 0x00, 0x00, 0x00, 0x00, 0x00, 0x00,
  0x00, 0x00, 0x00, 0x00, 0x00, 0x00, 0x00, 0x00, 0x00, 0x00, 0x00, 0x00, 0x00, 0x00, 0x00, 0x00,
  0x00, 0x00, 0x00, 0x00, 0x00, 0x00, 0x00, 0x00, 0x00, 0x00, 0x00, 0x00, 0x00, 0x00, 0x00, 0x00,
  0x00, 0x00, 0x00, 0x00, 0x00, 0x00, 0x00, 0x00, 0x00, 0x00, 0x00, 0x00, 0x00, 0x00, 0x00, 0x00,
  0x00, 0x00, 0x02, 0x00, 0x23, 0xf6, 0xff, 0xfe, 0xff, 0xff, 0xff, 0xff, 0xff, 0xff, 0xff, 0xff,
  0xff, 0xff, 0xff, 0xff, 0xff, 0xff, 0xff, 0xff, 0xff, 0xff, 0xff, 0xff, 0xff, 0xff, 0xff, 0xff,
  0xff, 0xff, 0xff, 0xff, 0xff, 0xff, 0xff, 0xff, 0xff, 0xff, 0xff, 0xff, 0xff, 0xff, 0xff, 0xff,
  0xff, 0xff, 0xff, 0xff, 0xff, 0xff, 0xff, 0xff, 0xff, 0xff, 0xff, 0xff, 0xff, 0xff, 0xff, 0xff,
  0xff, 0xff, 0xff, 0xff, 0xff, 0xff, 0xff, 0xff, 0xff, 0xff, 0xff, 0xff, 0xff, 0xff, 0xff, 0xff,
  0xff, 0xff, 0xff, 0xff, 0xff, 0xff, 0xff, 0xff, 0xff, 0xff, 0xff, 0xff, 0xff, 0xff, 0xff, 0xff,
  0xff, 0xff, 0xff, 0xff, 0xff, 0xff, 0xff, 0xff, 0xff, 0xff, 0xff, 0xff, 0xff, 0xff, 0xfd, 0xff,
  0x4d, 0x00, 0x03, 0x00, 0x00, 0x00, 0x00, 0x00, 0x00, 0x00, 0x00, 0x00, 0x00, 0x00, 0x00, 0x00,
  0x00, 0x00, 0x00, 0x00, 0x00, 0x00, 0x00, 0x00, 0x00, 0x00, 0x00, 0x00, 0x00, 0x00, 0x00, 0x00,
  0x00, 0x00, 0x00, 0x00, 0x00, 0x00, 0x00, 0x00, 0x00, 0x00, 0x00, 0x00, 0x00, 0x00, 0x00, 0x00,
  0x00, 0x00, 0x00, 0x00, 0x00, 0x00, 0x00, 0x00, 0x00, 0x00, 0x00, 0x00, 0x00, 0x00, 0x00, 0x00,
  0x00, 0x00, 0x00, 0x00, 0x00, 0x00, 0x00, 0x00, 0x00, 0x00, 0x00, 0x00, 0x00, 0x00, 0x00, 0x00,
  0x00, 0x00, 0x00, 0x00, 0x00, 0x00, 0x00, 0x00, 0x00, 0x00, 0x00, 0x00, 0x00, 0x00, 0x00, 0x00,
  0x00, 0x00, 0x00, 0x00, 0x01, 0x00, 0x11, 0xe7, 0xff, 0xfe, 0xff, 0xff, 0xff, 0xff, 0xff, 0xff,
  0xff, 0xff, 0xff, 0xff, 0xff, 0xff, 0xff, 0xff, 0xff, 0xff, 0xff, 0xff, 0xff, 0xff, 0xff, 0xff,
  0xff, 0xff, 0xff, 0xff, 0xff, 0xff, 0xff, 0xff, 0xff, 0xff, 0xff, 0xff, 0xff, 0xff, 0xff, 0xff,
  0xff, 0xff, 0xff, 0xff, 0xff, 0xff, 0xff, 0xff, 0xff, 0xff, 0xff, 0xff, 0xff, 0xff, 0xff, 0xff,
  0xff, 0xff, 0xff, 0xff, 0xff, 0xff, 0xff, 0xff, 0xff, 0xff, 0xff, 0xff, 0xff, 0xff, 0xff, 0xff,
  0xff, 0xff, 0xff, 0xff, 0xff, 0xff, 0xff, 0xff, 0xff, 0xff, 0xff, 0xff, 0xff, 0xff, 0xff, 0xff,
  0xff, 0xff, 0xff, 0xff, 0xff, 0xff, 0xff, 0xff, 0xff, 0xff, 0xff, 0xff, 0xff, 0xff, 0xff, 0xfe,
  0xff, 0xeb, 0x14, 0x00, 0x01, 0x00, 0x00, 0x00, 0x00, 0x00, 0x00, 0x00, 0x00, 0x00, 0x00, 0x00,
  0x00, 0x00, 0x00, 0x00, 0x00, 0x00, 0x00, 0x00, 0x00, 0x00, 0x00, 0x00, 0x00, 0x00, 0x00, 0x00,
  0x00, 0x00, 0x00, 0x00, 0x00, 0x00, 0x00, 0x00, 0x00, 0x00, 0x00, 0x00, 0x00, 0x00, 0x00, 0x00,
  0x00, 0x00, 0x00, 0x00, 0x00, 0x00, 0x00, 0x00, 0x00, 0x00, 0x00, 0x00, 0x00, 0x00, 0x00, 0x00,
  0x00, 0x00, 0x00, 0x00, 0x00, 0x00, 0x00, 0x00, 0x00, 0x00, 0x00, 0x00, 0x00, 0x00, 0x00, 0x00,
  0x00, 0x00, 0x00, 0x00, 0x00, 0x00, 0x00, 0x00, 0x00, 0x00, 0x00, 0x00, 0x00, 0x00, 0x00, 0x00,
  0x00, 0x00, 0x00, 0x00, 0x00, 0x00, 0x00, 0x01, 0x00, 0xc4, 0xff, 0xfc, 0xff, 0xff, 0xff, 0xff,
  0xff, 0xff, 0xff, 0xff, 0xff, 0xff, 0xff, 0xff, 0xff, 0xff, 0xff, 0xff, 0xff, 0xff, 0xff, 0xff,
  0xff, 0xff, 0xff, 0xff, 0xff, 0xff, 0xff, 0xff, 0xff, 0xff, 0xff, 0xff, 0xff, 0xff, 0xff, 0xff,
  0xff, 0xff, 0xff, 0xff, 0xff, 0xff, 0xff, 0xff, 0xff, 0xff, 0xff, 0xff, 0xff, 0xff, 0xff, 0xff,
  0xff, 0xff, 0xff, 0xff, 0xff, 0xff, 0xff, 0xff, 0xff, 0xff, 0xff, 0xff, 0xff, 0xff, 0xff, 0xff,
  0xff, 0xff, 0xff, 0xff, 0xff, 0xff, 0xff, 0xff, 0xff, 0xff, 0xff, 0xff, 0xff, 0xff, 0xff, 0xff,
  0xff, 0xff, 0xff, 0xff, 0xff, 0xff, 0xff, 0xff, 0xff, 0xff, 0xff, 0xff, 0xff, 0xff, 0xff, 0xff,
  0xff, 0xfb, 0xff, 0xa1, 0x00, 0x03, 0x00, 0x00, 0x00, 0x00, 0x00, 0x00, 0x00, 0x00, 0x00, 0x00,
  0x00, 0x00, 0x00, 0x00, 0x00, 0x00, 0x00, 0x00, 0x00, 0x00, 0x00, 0x00, 0x00, 0x00, 0x00, 0x00,
  0x00, 0x00, 0x00, 0x00, 0x00, 0x00, 0x00, 0x00, 0x00, 0x00, 0x00, 0x00, 0x00, 0x00, 0x00, 0x00,
  0x00, 0x00, 0x00, 0x00, 0x00, 0x00, 0x00, 0x00, 0x00, 0x00, 0x00, 0x00, 0x00, 0x00, 0x00, 0x00,
  0x00, 0x00, 0x00, 0x00, 0x00, 0x00, 0x00, 0x00, 0x00, 0x00, 0x00, 0x00, 0x00, 0x00, 0x00, 0x00,
  0x00, 0x00, 0x00, 0x00, 0x00, 0x00, 0x00, 0x00, 0x00, 0x00, 0x00, 0x00, 0x00, 0x00, 0x00, 0x00,
  0x00, 0x00, 0x00, 0x00, 0x00, 0x00, 0x00, 0x00, 0x00, 0x04, 0x00, 0x83, 0xff, 0xfb, 0xff, 0xff,
  0xff, 0xff, 0xff, 0xff, 0xff, 0xff, 0xff, 0xff, 0xff, 0xff, 0xff, 0xff, 0xff, 0xff, 0xff, 0xff,
  0xff, 0xff, 0xff, 0xff, 0xff, 0xff, 0xff, 0xff, 0xff, 0xff, 0xff, 0xff, 0xff, 0xff, 0xff, 0xff,
  0xff, 0xff, 0xff, 0xff, 0xff, 0xff, 0xff, 0xff, 0xff, 0xff, 0xff, 0xff, 0xff, 0xff, 0xff, 0xff,
  0xff, 0xff, 0xff, 0xff, 0xff, 0xff, 0xff, 0xff, 0xff, 0xff, 0xff, 0xff, 0xff, 0xff, 0xff, 0xff,
  0xff, 0xff, 0xff, 0xff, 0xff, 0xff, 0xff, 0xff, 0xff, 0xff, 0xff, 0xff, 0xff, 0xff, 0xff, 0xff,
  0xff, 0xff, 0xff, 0xff, 0xff, 0xff, 0xff, 0xff, 0xff, 0xff, 0xff, 0xff, 0xff, 0xff, 0xff, 0xff,
  0xff, 0xff, 0xfe, 0xfd, 0xfd, 0x37, 0x00, 0x03, 0x00, 0x00, 0x00, 0x00, 0x00, 0x00, 0x00, 0x00,
  0x00, 0x00, 0x00, 0x00, 0x00, 0x00, 0x00, 0x00, 0x00, 0x00, 0x00, 0x00, 0x00, 0x00, 0x00, 0x00,
  0x00, 0x00, 0x00, 0x00, 0x00, 0x00, 0x00, 0x00, 0x00, 0x00, 0x00, 0x00, 0x00, 0x00, 0x00, 0x00,
  0x00, 0x00, 0x00, 0x00, 0x00, 0x00, 0x00, 0x00, 0x00, 0x00, 0x00, 0x00, 0x00, 0x00, 0x00, 0x00,
  0x00, 0x00, 0x00, 0x00, 0x00, 0x00, 0x00, 0x00, 0x00, 0x00, 0x00, 0x00, 0x00, 0x00, 0x00, 0x00,
  0x00, 0x00, 0x00, 0x00, 0x00, 0x00, 0x00, 0x00, 0x00, 0x00, 0x00, 0x00, 0x00, 0x00, 0x00, 0x00,
  0x00, 0x00, 0x00, 0x00, 0x00, 0x00, 0x00, 0x00, 0x00, 0x00, 0x00, 0x02, 0x00, 0x2b, 0xfa, 0xfe,
  0xfe, 0xff, 0xff, 0xff, 0xff, 0xff, 0xff, 0xff, 0xff, 0xff, 0xff, 0xff, 0xff, 0xff, 0xff, 0xff,
  0xff, 0xff, 0xff, 0xff, 0xff, 0xff, 0xff, 0xff, 0xff, 0xff, 0xff, 0xff, 0xff, 0xff, 0xff, 0xff,
  0xff, 0xff, 0xff, 0xff, 0xff, 0xff, 0xff, 0xff, 0xff, 0xff, 0xff, 0xff, 0xff, 0xff, 0xff, 0xff,
  0xff, 0xff, 0xff, 0xff, 0xff, 0xff, 0xff, 0xff, 0xff, 0xff, 0xff, 0xff, 0xff, 0xff, 0xff, 0xff,
  0xff, 0xff, 0xff, 0xff, 0xff, 0xff, 0xff, 0xff, 0xff, 0xff, 0xff, 0xff, 0xff, 0xff, 0xff, 0xff,
  0xff, 0xff, 0xff, 0xff, 0xff, 0xff, 0xff, 0xff, 0xff, 0xff, 0xff, 0xff, 0xff, 0xff, 0xff, 0xff,
  0xff, 0xff, 0xff, 0xff, 0xfc, 0xff, 0xa7, 0x00, 0x02, 0x00, 0x00, 0x00, 0x00, 0x00, 0x00, 0x00,
  0x00, 0x00, 0x00, 0x00, 0x00, 0x00, 0x00, 0x00, 0x00, 0x00, 0x00, 0x00, 0x00, 0x00, 0x00, 0x00,
  0x00, 0x00, 0x00, 0x00, 0x00, 0x00, 0x00, 0x00, 0x00, 0x00, 0x00, 0x00, 0x00, 0x00, 0x00, 0x00,
  0x00, 0x00, 0x00, 0x00, 0x00, 0x00, 0x00, 0x00, 0x00, 0x00, 0x00, 0x00, 0x00, 0x00, 0x00, 0x00,
  0x00, 0x00, 0x00, 0x00, 0x00, 0x00, 0x00, 0x00, 0x00, 0x00, 0x00, 0x00, 0x00, 0x00, 0x00, 0x00,
  0x00, 0x00, 0x00, 0x00, 0x00, 0x00, 0x00, 0x00, 0x00, 0x00, 0x00, 0x00, 0x00, 0x00, 0x00, 0x00,
  0x00, 0x00, 0x00, 0x00, 0x00, 0x00, 0x00, 0x00, 0x00, 0x00, 0x00, 0x00, 0x00, 0x00, 0x02, 0x00,
  0xaa, 0xff, 0xfc, 0xff, 0xff, 0xff, 0xff, 0xff, 0xff, 0xff, 0xff, 0xff, 0xff, 0xff, 0xff, 0xff,
  0xff, 0xff, 0xff, 0xff, 0xff, 0xff, 0xff, 0xff, 0xff, 0xff, 0xff, 0xff, 0xff, 0xff, 0xff, 0xff,
  0xff, 0xff, 0xff, 0xff, 0xff, 0xff, 0xff, 0xff, 0xff, 0xff, 0xff, 0xff, 0xff, 0xff, 0xff, 0xff,
  0xff, 0xff, 0xff, 0xff, 0xff, 0xff, 0xff, 0xff, 0xff, 0xff, 0xff, 0xff, 0xff, 0xff, 0xff, 0xff,
  0xff, 0xff, 0xff, 0xff, 0xff, 0xff, 0xff, 0xff, 0xff, 0xff, 0xff, 0xff, 0xff, 0xff, 0xff, 0xff,
  0xff, 0xff, 0xff, 0xff, 0xff, 0xff, 0xff, 0xff, 0xff, 0xff, 0xff, 0xff, 0xff, 0xff, 0xff, 0xff,
  0xff, 0xff, 0xff, 0xff, 0xff, 0xfe, 0xfe, 0xea, 0x1d, 0x01, 0x02, 0x00, 0x00, 0x00, 0x00, 0x00,
  0x00, 0x00, 0x00, 0x00, 0x00, 0x00, 0x00, 0x00, 0x00, 0x00, 0x00, 0x00, 0x00, 0x00, 0x00, 0x00,
  0x01, 0x03, 0x04, 0x04, 0x03, 0x04, 0x04, 0x02, 0x01, 0x00, 0x00, 0x00, 0x00, 0x00, 0x00, 0x00,
  0x00, 0x00, 0x00, 0x00, 0x00, 0x00, 0x00, 0x00, 0x00, 0x00, 0x00, 0x00, 0x00, 0x00, 0x00, 0x00,
  0x00, 0x00, 0x00, 0x00, 0x00, 0x00, 0x00, 0x00, 0x00, 0x00, 0x00, 0x00, 0x00, 0x00, 0x00, 0x00,
  0x00, 0x00, 0x00, 0x00, 0x00, 0x00, 0x00, 0x00, 0x00, 0x00, 0x00, 0x00, 0x00, 0x00, 0x00, 0x00,
  0x00, 0x00, 0x00, 0x00, 0x00, 0x00, 0x00, 0x00, 0x00, 0x00, 0x00, 0x00, 0x00, 0x00, 0x00, 0x00,
  0x02, 0x00, 0x29, 0xf6, 0xfd, 0xfe, 0xff, 0xff, 0xff, 0xff, 0xff, 0xff, 0xff, 0xff, 0xff, 0xff,
  0xff, 0xff, 0xff, 0xff, 0xff, 0xff, 0xff, 0xff, 0xff, 0xff, 0xff, 0xff, 0xff, 0xff, 0xff, 0xff,
  0xff, 0xff, 0xff, 0xff, 0xff, 0xff, 0xff, 0xff, 0xff, 0xff, 0xff, 0xff, 0xff, 0xff, 0xff, 0xff,
  0xff, 0xff, 0xff, 0xff, 0xff, 0xff, 0xff, 0xff, 0xff, 0xff, 0xff, 0xff, 0xff, 0xff, 0xff, 0xff,
  0xff, 0xff, 0xff, 0xff, 0xff, 0xff, 0xff, 0xff, 0xff, 0xff, 0xff, 0xff, 0xff, 0xff, 0xff, 0xff,
  0xff, 0xff, 0xff, 0xff, 0xff, 0xff, 0xff, 0xff, 0xff, 0xff, 0xff, 0xff, 0xff, 0xff, 0xff, 0xff,
  0xff, 0xff, 0xff, 0xff, 0xff, 0xff, 0xff, 0xfc, 0xff, 0x6b, 0x00, 0x03, 0x00, 0x00, 0x00, 0x00,
  0x00, 0x00, 0x00, 0x00, 0x00, 0x00, 0x00, 0x00, 0x00, 0x00, 0x00, 0x00, 0x00, 0x00, 0x00, 0x00,
  0x00, 0x03, 0x00, 0x00, 0x00, 0x00, 0x00, 0x00, 0x00, 0x00, 0x00, 0x03, 0x01, 0x00, 0x00, 0x00,
  0x00, 0x00, 0x00, 0x00, 0x00, 0x00, 0x00, 0x00, 0x00, 0x00, 0x00, 0x00, 0x00, 0x00, 0x00, 0x00,
  0x00, 0x00, 0x00, 0x00, 0x00, 0x00, 0x00, 0x00, 0x00, 0x00, 0x00, 0x00, 0x00, 0x00, 0x00, 0x00,
  0x00, 0x00, 0x00, 0x00, 0x00, 0x00, 0x00, 0x00, 0x00, 0x00, 0x00, 0x00, 0x00, 0x00, 0x00, 0x00,
  0x00, 0x00, 0x00, 0x00, 0x00, 0x00, 0x00, 0x00, 0x00, 0x00, 0x00, 0x00, 0x00, 0x00, 0x00, 0x00,
  0x00, 0x00, 0x00, 0x03, 0x00, 0x79, 0xff, 0xfc, 0xff, 0xff, 0xff, 0xff, 0xff, 0xff, 0xff, 0xff,
  0xff, 0xff, 0xff, 0xff, 0xff, 0xff, 0xff, 0xff, 0xff, 0xff, 0xff, 0xff, 0xff, 0xff, 0xff, 0xff,
  0xff, 0xff, 0xff, 0xff, 0xff, 0xff, 0xff, 0xff, 0xff, 0xff, 0xff, 0xff, 0xff, 0xff, 0xff, 0xff,
  0xff, 0xff, 0xff, 0xff, 0xff, 0xff, 0xff, 0xff, 0xff, 0xff, 0xff, 0xff, 0xff, 0xff, 0xff, 0xff,
  0xff, 0xff, 0xff, 0xff, 0xff, 0xff, 0xff, 0xff, 0xff, 0xff, 0xff, 0xff, 0xff, 0xff, 0xff, 0xff,
  0xff, 0xff, 0xff, 0xff, 0xff, 0xff, 0xff, 0xff, 0xff, 0xff, 0xff, 0xff, 0xff, 0xff, 0xff, 0xff,
  0xff, 0xff, 0xff, 0xff, 0xff, 0xff, 0xff, 0xff, 0xff, 0xfc, 0xff, 0x55, 0x02, 0x04, 0x00, 0x00,
  0x00, 0x00, 0x00, 0x00, 0x00, 0x00, 0x00, 0x00, 0x00, 0x00, 0x00, 0x00, 0x00, 0x00, 0x00, 0x00,
  0x00, 0x01, 0x01, 0x00, 0x01, 0x39, 0x6e, 0x8b, 0x93, 0x86, 0x67, 0x32, 0x02, 0x00, 0x00, 0x03,
  0x01, 0x00, 0x00, 0x00, 0x00, 0x00, 0x00, 0x00, 0x00, 0x00, 0x00, 0x00, 0x00, 0x00, 0x00, 0x00,
  0x00, 0x00, 0x00, 0x00, 0x00, 0x00, 0x00, 0x00, 0x00, 0x00, 0x00, 0x00, 0x00, 0x00, 0x00, 0x00,
  0x00, 0x00, 0x00, 0x00, 0x00, 0x00, 0x00, 0x00, 0x00, 0x00, 0x00, 0x00, 0x00, 0x00, 0x00, 0x00,
  0x00, 0x00, 0x00, 0x00, 0x00, 0x00, 0x00, 0x00, 0x00, 0x00, 0x00, 0x00, 0x00, 0x00, 0x00, 0x00,
  0x00, 0x00, 0x00, 0x00, 0x00, 0x01, 0x03, 0x04, 0xbd, 0xff, 0xfc, 0xff, 0xff, 0xff, 0xff, 0xff,
  0xff, 0xff, 0xff, 0xff, 0xff, 0xff, 0xff, 0xff, 0xff, 0xff, 0xff, 0xff, 0xff, 0xff, 0xff, 0xff,
  0xff, 0xff, 0xff, 0xff, 0xff, 0xff, 0xff, 0xff, 0xff, 0xff, 0xff, 0xff, 0xff, 0xff, 0xff, 0xff,
  0xff, 0xff, 0xff, 0xff, 0xff, 0xff, 0xff, 0xff, 0xff, 0xff, 0xff, 0xff, 0xff, 0xff, 0xff, 0xff,
  0xff, 0xff, 0xff, 0xff, 0xff, 0xff, 0xff, 0xff, 0xff, 0xff, 0xff, 0xff, 0xff, 0xff, 0xff, 0xff,
  0xff, 0xff, 0xff, 0xff, 0xff, 0xff, 0xff, 0xff, 0xff, 0xff, 0xff, 0xff, 0xff, 0xff, 0xff, 0xff,
  0xff, 0xff, 0xff, 0xff, 0xff, 0xff, 0xff, 0xff, 0xff, 0xff, 0xff, 0xfb, 0xff, 0xa0, 0x00, 0x03,
  0x00, 0x00, 0x00, 0x00, 0x00, 0x00, 0x00, 0x00, 0x00, 0x00, 0x00, 0x00, 0x00, 0x00, 0x00, 0x00,
  0x00, 0x00, 0x02, 0x00, 0x00, 0x59, 0xcb, 0xff, 0xff, 0xff, 0xff, 0xff, 0xff, 0xfd, 0xce, 0x76,
  0x1b, 0x00, 0x00, 0x02, 0x00, 0x00, 0x00, 0x00, 0x00, 0x00, 0x00, 0x00, 0x00, 0x00, 0x00, 0x00,
  0x00, 0x00, 0x00, 0x00, 0x00, 0x00, 0x00, 0x00, 0x00, 0x00, 0x00, 0x00, 0x00, 0x00, 0x00, 0x00,
  0x00, 0x00, 0x00, 0x00, 0x00, 0x00, 0x00, 0x00, 0x00, 0x00, 0x00, 0x00, 0x00, 0x00, 0x00, 0x00,
  0x00, 0x00, 0x00, 0x00, 0x00, 0x00, 0x00, 0x00, 0x00, 0x00, 0x00, 0x00, 0x00, 0x00, 0x00, 0x00,
  0x00, 0x00, 0x00, 0x00, 0x00, 0x00, 0x00, 0x00, 0x04, 0x00, 0x56, 0xff, 0xfc, 0xff, 0xff, 0xff,
  0xff, 0xff, 0xff, 0xff, 0xff, 0xff, 0xff, 0xff, 0xff, 0xff, 0xff, 0xff, 0xff, 0xff, 0xff, 0xff,
  0xff, 0xff, 0xff, 0xff, 0xff, 0xff, 0xff, 0xff, 0xff, 0xff, 0xff, 0xff, 0xff, 0xff, 0xff, 0xff,
  0xff, 0xff, 0xff, 0xff, 0xff, 0xff, 0xff, 0xff, 0xff, 0xff, 0xff, 0xff, 0xff, 0xff, 0xff, 0xff,
  0xff, 0xff, 0xff, 0xff, 0xff, 0xff, 0xff, 0xff, 0xff, 0xff, 0xff, 0xff, 0xff, 0xff, 0xff, 0xff,
  0xff, 0xff, 0xff, 0xff, 0xff, 0xff, 0xff, 0xff, 0xff, 0xff, 0xff, 0xff, 0xff, 0xff, 0xff, 0xff,
  0xff, 0xff, 0xff, 0xff, 0xff, 0xff, 0xff, 0xff, 0xff, 0xff, 0xff, 0xff, 0xff, 0xfd, 0xff, 0xdf,
  0x0a, 0x00, 0x01, 0x00, 0x00, 0x00, 0x00, 0x00, 0x00, 0x00, 0x00, 0x00, 0x00, 0x00, 0x00, 0x00,
  0x00, 0x00, 0x00, 0x03, 0x00, 0x16, 0xae, 0xff, 0xff, 0xfe, 0xfc, 0xfb, 0xfb, 0xfb, 0xfc, 0xff,
  0xff, 0xff, 0xea, 0x81, 0x0d, 0x00, 0x03, 0x00, 0x00, 0x00, 0x00, 0x00, 0x00, 0x00, 0x00, 0x00,
  0x00, 0x00, 0x00, 0x00, 0x00, 0x00, 0x00, 0x00, 0x00, 0x00, 0x00, 0x00, 0x00, 0x00, 0x00, 0x00,
  0x00, 0x00, 0x00, 0x00, 0x00, 0x00, 0x00, 0x00, 0x00, 0x00, 0x00, 0x00, 0x00, 0x00, 0x00, 0x00,
  0x00, 0x00, 0x00, 0x00, 0x00, 0x00, 0x00, 0x00, 0x00, 0x00, 0x00, 0x00, 0x00, 0x00, 0x00, 0x00,
  0x00, 0x00, 0x00, 0x00, 0x00, 0x00, 0x00, 0x00, 0x00, 0x00, 0x04, 0x01, 0x7b, 0xff, 0xfb, 0xff,
  0xff, 0xff, 0xff, 0xff, 0xff, 0xff, 0xff, 0xff, 0xff, 0xff, 0xff, 0xff, 0xff, 0xff, 0xff, 0xff,
  0xff, 0xff, 0xff, 0xff, 0xff, 0xff, 0xff, 0xff, 0xff, 0xff, 0xff, 0xff, 0xff, 0xff, 0xff, 0xff,
  0xff, 0xff, 0xff, 0xff, 0xff, 0xff, 0xff, 0xff, 0xff, 0xff, 0xff, 0xff, 0xff, 0xff, 0xff, 0xff,
  0xff, 0xff, 0xff, 0xff, 0xff, 0xff, 0xff, 0xff, 0xff, 0xff, 0xff, 0xff, 0xff, 0xff, 0xff, 0xff,
  0xff, 0xff, 0xff, 0xff, 0xff, 0xff, 0xff, 0xff, 0xff, 0xff, 0xff, 0xff, 0xff, 0xff, 0xff, 0xff,
  0xff, 0xff, 0xff, 0xff, 0xff, 0xff, 0xff, 0xff, 0xff, 0xff, 0xff, 0xff, 0xff, 0xff, 0xff, 0xff,
  0xfe, 0xfe, 0x3c, 0x00, 0x03, 0x00, 0x00, 0x00, 0x00, 0x00, 0x00, 0x00, 0x00, 0x00, 0x00, 0x00,
  0x00, 0x00, 0x00, 0x00, 0x03, 0x00, 0x24, 0xd5, 0xff, 0xfc, 0xfd, 0xff, 0xff, 0xff, 0xff, 0xff,
  0xff, 0xfe, 0xfd, 0xfc, 0xff, 0xff, 0xd3, 0x3b, 0x00, 0x03, 0x00, 0x00, 0x00, 0x00, 0x00, 0x00,
  0x00, 0x00, 0x00, 0x00, 0x00, 0x00, 0x00, 0x00, 0x00, 0x00, 0x00, 0x00, 0x00, 0x00, 0x00, 0x00,
  0x00, 0x00, 0x00, 0x00, 0x00, 0x00, 0x00, 0x00, 0x00, 0x00, 0x00, 0x00, 0x00, 0x00, 0x00, 0x00,
  0x00, 0x00, 0x00, 0x00, 0x00, 0x00, 0x00, 0x00, 0x00, 0x00, 0x00, 0x00, 0x00, 0x00, 0x00, 0x00,
  0x00, 0x00, 0x00, 0x00, 0x00, 0x00, 0x00, 0x00, 0x00, 0x00, 0x00, 0x00, 0x02, 0x00, 0xb7, 0xff,
  0xfc, 0xff, 0xff, 0xff, 0xff, 0xff, 0xff, 0xff, 0xff, 0xff, 0xff, 0xff, 0xff, 0xff, 0xff, 0xff,
  0xff, 0xff, 0xff, 0xff, 0xff, 0xff, 0xff, 0xff, 0xff, 0xff, 0xff, 0xff, 0xff, 0xff, 0xff, 0xff,
  0xff, 0xff, 0xff, 0xff, 0xff, 0xff, 0xff, 0xff, 0xff, 0xff, 0xff, 0xff, 0xff, 0xff, 0xff, 0xff,
  0xff, 0xff, 0xff, 0xff, 0xff, 0xff, 0xff, 0xff, 0xff, 0xff, 0xff, 0xff, 0xff, 0xff, 0xff, 0xff,
  0xff, 0xff, 0xff, 0xff, 0xff, 0xff, 0xff, 0xff, 0xff, 0xff, 0xff, 0xff, 0xff, 0xff, 0xff, 0xff,
  0xff, 0xff, 0xff, 0xff, 0xff, 0xff, 0xff, 0xff, 0xff, 0xff, 0xff, 0xff, 0xff, 0xff, 0xff, 0xff,
  0xff, 0xff, 0xfb, 0xff, 0x7e, 0x00, 0x04, 0x00, 0x00, 0x00, 0x00, 0x00, 0x00, 0x00, 0x00, 0x00,
  0x00, 0x00, 0x00, 0x00, 0x00, 0x03, 0x00, 0x22, 0xde, 0xff, 0xfa, 0xff, 0xff, 0xff, 0xff, 0xff,
  0xff, 0xff, 0xff, 0xff, 0xff, 0xff, 0xfe, 0xfb, 0xff, 0xf7, 0x5e, 0x00, 0x03, 0x00, 0x00, 0x00,
  0x00, 0x00, 0x00, 0x00, 0x00, 0x00, 0x00, 0x00, 0x00, 0x00, 0x00, 0x00, 0x00, 0x00, 0x00, 0x00,
  0x00, 0x00, 0x00, 0x00, 0x00, 0x00, 0x00, 0x00, 0x00, 0x00, 0x00, 0x00, 0x00, 0x00, 0x00, 0x00,
  0x00, 0x00, 0x00, 0x00, 0x00, 0x00, 0x00, 0x00, 0x00, 0x00, 0x00, 0x00, 0x00, 0x00, 0x00, 0x00,
  0x00, 0x00, 0x00, 0x00, 0x00, 0x00, 0x00, 0x00, 0x00, 0x00, 0x00, 0x00, 0x00, 0x01, 0x00, 0x12,
  0xe9, 0xff, 0xfe, 0xff, 0xff, 0xff, 0xff, 0xff, 0xff, 0xff, 0xff, 0xff, 0xff, 0xff, 0xff, 0xff,
  0xff, 0xff, 0xff, 0xff, 0xff, 0xff, 0xff, 0xff, 0xff, 0xff, 0xff, 0xff, 0xff, 0xff, 0xff, 0xff,
  0xff, 0xff, 0xff, 0xff, 0xff, 0xff, 0xff, 0xff, 0xff, 0xff, 0xff, 0xff, 0xff, 0xff, 0xff, 0xff,
  0xff, 0xff, 0xff, 0xff, 0xff, 0xff, 0xff, 0xff, 0xff, 0xff, 0xff, 0xff, 0xff, 0xff, 0xff, 0xff,
  0xff, 0xff, 0xff, 0xff, 0xff, 0xff, 0xff, 0xff, 0xff, 0xff, 0xff, 0xff, 0xff, 0xff, 0xff, 0xff,
  0xff, 0xff, 0xff, 0xff, 0xff, 0xff, 0xff, 0xff, 0xff, 0xff, 0xff, 0xff, 0xff, 0xff, 0xff, 0xff,
  0xff, 0xff, 0xff, 0xff, 0xfc, 0xff, 0xbc, 0x00, 0x01, 0x00, 0x00, 0x00, 0x00, 0x00, 0x00, 0x00,
  0x00, 0x00, 0x00, 0x00, 0x00, 0x00, 0x03, 0x00, 0x17, 0xd6, 0xff, 0xfc, 0xff, 0xff, 0xff, 0xff,
  0xff, 0xff, 0xff, 0xff, 0xff, 0xff, 0xff, 0xff, 0xff, 0xff, 0xfc, 0xff, 0xff, 0x60, 0x00, 0x03,
  0x00, 0x00, 0x00, 0x00, 0x00, 0x00, 0x00, 0x00, 0x00, 0x00, 0x00, 0x00, 0x00, 0x00, 0x00, 0x00,
  0x00, 0x00, 0x00, 0x00, 0x00, 0x00, 0x00, 0x00, 0x00, 0x00, 0x00, 0x00, 0x00, 0x00, 0x00, 0x00,
  0x00, 0x00, 0x00, 0x00, 0x00, 0x00, 0x00, 0x00, 0x00, 0x00, 0x00, 0x00, 0x00, 0x00, 0x00, 0x00,
  0x00, 0x00, 0x00, 0x00, 0x00, 0x00, 0x00, 0x00, 0x00, 0x00, 0x00, 0x00, 0x00, 0x00, 0x00, 0x03,
  0x00, 0x40, 0xff, 0xfe, 0xff, 0xff, 0xff, 0xff, 0xff, 0xff, 0xff, 0xff, 0xff, 0xff, 0xff, 0xff,
  0xff, 0xff, 0xff, 0xff, 0xff, 0xff, 0xff, 0xff, 0xff, 0xff, 0xff, 0xff, 0xff, 0xff, 0xff, 0xff,
  0xff, 0xff, 0xff, 0xff, 0xff, 0xff, 0xff, 0xff, 0xff, 0xff, 0xff, 0xff, 0xff, 0xff, 0xff, 0xff,
  0xff, 0xff, 0xff, 0xff, 0xff, 0xff, 0xff, 0xff, 0xff, 0xff, 0xff, 0xff, 0xff, 0xff, 0xff, 0xff,
  0xff, 0xff, 0xff, 0xff, 0xff, 0xff, 0xff, 0xff, 0xff, 0xff, 0xff, 0xff, 0xff, 0xff, 0xff, 0xff,
  0xff, 0xff, 0xff, 0xff, 0xff, 0xff, 0xff, 0xff, 0xff, 0xff, 0xff, 0xff, 0xff, 0xff, 0xff, 0xff,
  0xff, 0xff, 0xff, 0xff, 0xff, 0xff, 0xfe, 0xff, 0xea, 0x14, 0x00, 0x01, 0x00, 0x00, 0x00, 0x00,
  0x00, 0x00, 0x01, 0x03, 0x04, 0x04, 0x04, 0x04, 0x00, 0x11, 0xc8, 0xff, 0xfc, 0xff, 0xff, 0xff,
  0xff, 0xff, 0xff, 0xff, 0xff, 0xff, 0xff, 0xff, 0xff, 0xff, 0xff, 0xff, 0xff, 0xfd, 0xfd, 0xfb,
  0x3b, 0x00, 0x02, 0x00, 0x00, 0x00, 0x00, 0x00, 0x00, 0x00, 0x00, 0x00, 0x00, 0x00, 0x00, 0x00,
  0x00, 0x00, 0x00, 0x00, 0x00, 0x00, 0x00, 0x00, 0x00, 0x00, 0x00, 0x00, 0x00, 0x00, 0x00, 0x00,
  0x00, 0x00, 0x00, 0x00, 0x00, 0x00, 0x00, 0x00, 0x00, 0x00, 0x00, 0x00, 0x00, 0x00, 0x00, 0x00,
  0x00, 0x00, 0x00, 0x00, 0x00, 0x00, 0x00, 0x00, 0x00, 0x00, 0x00, 0x00, 0x00, 0x00, 0x00, 0x00,
  0x00, 0x04, 0x00, 0x78, 0xff, 0xfb, 0xff, 0xff, 0xff, 0xff, 0xff, 0xff, 0xff, 0xff, 0xff, 0xff,
  0xff, 0xff, 0xff, 0xff, 0xff, 0xff, 0xff, 0xff, 0xff, 0xff, 0xff, 0xff, 0xff, 0xff, 0xff, 0xff,
  0xff, 0xff, 0xff, 0xff, 0xff, 0xff, 0xff, 0xff, 0xff, 0xff, 0xff, 0xff, 0xff, 0xff, 0xff, 0xff,
  0xff, 0xff, 0xff, 0xff, 0xff, 0xff, 0xff, 0xff, 0xff, 0xff, 0xff, 0xff, 0xff, 0xff, 0xff, 0xff,
  0xff, 0xff, 0xff, 0xff, 0xff, 0xff, 0xff, 0xff, 0xff, 0xff, 0xff, 0xff, 0xff, 0xff, 0xff, 0xff,
  0xff, 0xff, 0xff, 0xff, 0xff, 0xff, 0xff, 0xff, 0xff, 0xff, 0xff, 0xff, 0xff, 0xff, 0xff, 0xff,
  0xff, 0xff, 0xff, 0xff, 0xff, 0xff, 0xff, 0xff, 0xff, 0xfe, 0xff, 0x3a, 0x00, 0x02, 0x00, 0x00,
  0x00, 0x00, 0x00, 0x01, 0x00, 0x00, 0x00, 0x00, 0x00, 0x00, 0x24, 0xc8, 0xff, 0xfc, 0xff, 0xff,
  0xff, 0xff, 0xff, 0xff, 0xff, 0xff, 0xff, 0xff, 0xff, 0xff, 0xff, 0xff, 0xff, 0xff, 0xff, 0xff,
  0xfc, 0xff, 0xd5, 0x0b, 0x01, 0x01, 0x00, 0x00, 0x00, 0x00, 0x00, 0x00, 0x00, 0x00, 0x00, 0x00,
  0x00, 0x00, 0x00, 0x00, 0x00, 0x00, 0x00, 0x00, 0x00, 0x00, 0x00, 0x00, 0x00, 0x00, 0x00, 0x00,
  0x00, 0x00, 0x00, 0x00, 0x00, 0x00, 0x00, 0x00, 0x00, 0x00, 0x00, 0x00, 0x00, 0x00, 0x00, 0x00,
  0x00, 0x00, 0x00, 0x00, 0x00, 0x00, 0x00, 0x00, 0x00, 0x00, 0x00, 0x00, 0x00, 0x00, 0x00, 0x00,
  0x00, 0x00, 0x00, 0x02, 0x00, 0xb0, 0xff, 0xfc, 0xff, 0xff, 0xff, 0xff, 0xff, 0xff, 0xff, 0xff,
  0xff, 0xff, 0xff, 0xff, 0xff, 0xff, 0xff, 0xff, 0xff, 0xff, 0xff, 0xff, 0xff, 0xff, 0xff, 0xff,
  0xff, 0xff, 0xff, 0xff, 0xff, 0xff, 0xff, 0xff, 0xff, 0xff, 0xff, 0xff, 0xff, 0xff, 0xff, 0xff,
  0xff, 0xff, 0xff, 0xff, 0xff, 0xff, 0xff, 0xff, 0xff, 0xff, 0xff, 0xff, 0xff, 0xff, 0xff, 0xff,
  0xff, 0xff, 0xff, 0xff, 0xff, 0xff, 0xff, 0xff, 0xff, 0xff, 0xff, 0xff, 0xff, 0xff, 0xff, 0xff,
  0xff, 0xff, 0xff, 0xff, 0xff, 0xff, 0xff, 0xff, 0xff, 0xff, 0xff, 0xff, 0xff, 0xff, 0xff, 0xff,
  0xff, 0xff, 0xff, 0xff, 0xff, 0xff, 0xff, 0xff, 0xff, 0xff, 0xff, 0xfc, 0xff, 0x69, 0x01, 0x04,
  0x00, 0x00, 0x00, 0x00, 0x01, 0x00, 0x00, 0x49, 0x7a, 0x84, 0x82, 0xa1, 0xee, 0xff, 0xfc, 0xff,
  0xff, 0xff, 0xff, 0xff, 0xff, 0xff, 0xff, 0xff, 0xff, 0xff, 0xff, 0xff, 0xff, 0xff, 0xff, 0xff,
  0xff, 0xff, 0xff, 0xfb, 0xff, 0x6e, 0x00, 0x04, 0x00, 0x00, 0x00, 0x00, 0x00, 0x00, 0x00, 0x00,
  0x00, 0x00, 0x00, 0x00, 0x00, 0x00, 0x00, 0x00, 0x00, 0x00, 0x00, 0x00, 0x00, 0x00, 0x00, 0x00,
  0x00, 0x00, 0x00, 0x00, 0x00, 0x00, 0x00, 0x00, 0x00, 0x00, 0x00, 0x00, 0x00, 0x00, 0x00, 0x00,
  0x00, 0x00, 0x00, 0x00, 0x00, 0x00, 0x00, 0x00, 0x00, 0x00, 0x00, 0x00, 0x00, 0x00, 0x00, 0x00,
  0x00, 0x00, 0x00, 0x00, 0x01, 0x00, 0x09, 0xdc, 0xff, 0xfd, 0xff, 0xff, 0xff, 0xff, 0xff, 0xff,
  0xff, 0xff, 0xff, 0xff, 0xff, 0xff, 0xff, 0xff, 0xff, 0xff, 0xff, 0xff, 0xff, 0xff, 0xff, 0xff,
  0xff, 0xff, 0xff, 0xff, 0xff, 0xff, 0xff, 0xff, 0xff, 0xff, 0xff, 0xff, 0xff, 0xff, 0xff, 0xff,
  0xff, 0xff, 0xff, 0xff, 0xff, 0xff, 0xff, 0xff, 0xff, 0xff, 0xff, 0xff, 0xff, 0xff, 0xff, 0xff,
  0xff, 0xff, 0xff, 0xff, 0xff, 0xff, 0xff, 0xff, 0xff, 0xff, 0xff, 0xff, 0xff, 0xff, 0xff, 0xff,
  0xff, 0xff, 0xff, 0xff, 0xff, 0xff, 0xff, 0xff, 0xff, 0xff, 0xff, 0xff, 0xff, 0xff, 0xff, 0xff,
  0xff, 0xff, 0xff, 0xff, 0xff, 0xff, 0xff, 0xff, 0xff, 0xff, 0xff, 0xff, 0xff, 0xfb, 0xff, 0x95,
  0x00, 0x07, 0x03, 0x00, 0x00, 0x01, 0x01, 0x12, 0xb6, 0xff, 0xff, 0xff, 0xff, 0xff, 0xff, 0xfd,
  0xff, 0xff, 0xff, 0xff, 0xff, 0xff, 0xff, 0xff, 0xff, 0xff, 0xff, 0xff, 0xff, 0xff, 0xff, 0xff,
  0xff, 0xff, 0xff, 0xff, 0xff, 0xfd, 0xfe, 0xd6, 0x07, 0x01, 0x01, 0x00, 0x00, 0x00, 0x00, 0x00,
  0x00, 0x00, 0x00, 0x00, 0x00, 0x00, 0x00, 0x00, 0x00, 0x00, 0x00, 0x00, 0x00, 0x00, 0x00, 0x00,
  0x00, 0x00, 0x00, 0x00, 0x00, 0x00, 0x00, 0x00, 0x00, 0x00, 0x00, 0x00, 0x00, 0x00, 0x00, 0x00,
  0x00, 0x00, 0x00, 0x00, 0x00, 0x00, 0x00, 0x00, 0x00, 0x00, 0x00, 0x00, 0x00, 0x00, 0x00, 0x00,
  0x00, 0x00, 0x00, 0x00, 0x00, 0x00, 0x02, 0x00, 0x27, 0xf9, 0xff, 0xfe, 0xff, 0xff, 0xff, 0xff,
  0xff, 0xff, 0xff, 0xff, 0xff, 0xff, 0xff, 0xff, 0xff, 0xff, 0xff, 0xff, 0xff, 0xff, 0xff, 0xff,
  0xff, 0xff, 0xff, 0xff, 0xff, 0xff, 0xff, 0xff, 0xff, 0xff, 0xff, 0xff, 0xff, 0xff, 0xff, 0xff,
  0xff, 0xff, 0xff, 0xff, 0xff, 0xff, 0xff, 0xff, 0xff, 0xff, 0xff, 0xff, 0xff, 0xff, 0xff, 0xff,
  0xff, 0xff, 0xff, 0xff, 0xff, 0xff, 0xff, 0xff, 0xff, 0xff, 0xff, 0xff, 0xff, 0xff, 0xff, 0xff,
  0xff, 0xff, 0xff, 0xff, 0xff, 0xff, 0xff, 0xff, 0xff, 0xff, 0xff, 0xff, 0xff, 0xff, 0xff, 0xff,
  0xff, 0xff, 0xff, 0xff, 0xff, 0xff, 0xff, 0xff, 0xff, 0xff, 0xff, 0xff, 0xff, 0xff, 0xff, 0xfd,
  0xff, 0xc8, 0x0a, 0x00, 0x00, 0x01, 0x01, 0x02, 0x02, 0xb4, 0xff, 0xfb, 0xfb, 0xfb, 0xfb, 0xfc,
  0xfe, 0xff, 0xff, 0xff, 0xff, 0xff, 0xff, 0xff, 0xff, 0xff, 0xff, 0xff, 0xff, 0xff, 0xff, 0xff,
  0xff, 0xff, 0xff, 0xff, 0xff, 0xff, 0xff, 0xff, 0xfe, 0xff, 0x3b, 0x00, 0x03, 0x00, 0x00, 0x00,
  0x00, 0x00, 0x00, 0x00, 0x00, 0x00, 0x00, 0x00, 0x00, 0x00, 0x00, 0x00, 0x00, 0x00, 0x00, 0x00,
  0x00, 0x00, 0x00, 0x00, 0x00, 0x00, 0x00, 0x00, 0x00, 0x00, 0x00, 0x00, 0x00, 0x00, 0x00, 0x00,
  0x00, 0x00, 0x00, 0x00, 0x00, 0x00, 0x00, 0x00, 0x00, 0x00, 0x00, 0x00, 0x00, 0x00, 0x00, 0x00,
  0x00, 0x00, 0x00, 0x00, 0x00, 0x00, 0x00, 0x00, 0x03, 0x00, 0x47, 0xff, 0xfe, 0xff, 0xff, 0xff,
  0xff, 0xff, 0xff, 0xff, 0xff, 0xff, 0xff, 0xff, 0xff, 0xff, 0xff, 0xff, 0xff, 0xff, 0xff, 0xff,
  0xff, 0xff, 0xff, 0xff, 0xff, 0xff, 0xff, 0xff, 0xff, 0xff, 0xff, 0xff, 0xff, 0xff, 0xff, 0xff,
  0xff, 0xff, 0xff, 0xff, 0xff, 0xff, 0xff, 0xff, 0xff, 0xff, 0xff, 0xff, 0xff, 0xff, 0xff, 0xff,
  0xff, 0xff, 0xff, 0xff, 0xff, 0xff, 0xff, 0xff, 0xff, 0xff, 0xff, 0xff, 0xff, 0xff, 0xff, 0xff,
  0xff, 0xff, 0xff, 0xff, 0xff, 0xff, 0xff, 0xff, 0xff, 0xff, 0xff, 0xff, 0xff, 0xff, 0xff, 0xff,
  0xff, 0xff, 0xff, 0xff, 0xff, 0xff, 0xff, 0xff, 0xff, 0xff, 0xff, 0xff, 0xff, 0xff, 0xff, 0xff,
  0xff, 0xff, 0xff, 0xff, 0xd9, 0x96, 0x41, 0x00, 0x01, 0x00, 0x52, 0xff, 0xfa, 0xff, 0xff, 0xff,
  0xff, 0xff, 0xff, 0xff, 0xff, 0xff, 0xff, 0xff, 0xff, 0xff, 0xff, 0xff, 0xff, 0xff, 0xff, 0xff,
  0xff, 0xff, 0xff, 0xff, 0xff, 0xff, 0xff, 0xff, 0xff, 0xff, 0xfb, 0xff, 0x75, 0x00, 0x04, 0x00,
  0x00, 0x00, 0x00, 0x00, 0x00, 0x00, 0x00, 0x00, 0x00, 0x00, 0x00, 0x00, 0x00, 0x00, 0x00, 0x00,
  0x00, 0x00, 0x00, 0x00, 0x00, 0x00, 0x00, 0x00, 0x00, 0x00, 0x00, 0x00, 0x00, 0x00, 0x00, 0x00,
  0x00, 0x00, 0x00, 0x00, 0x00, 0x00, 0x00, 0x00, 0x00, 0x00, 0x00, 0x00, 0x00, 0x00, 0x00, 0x00,
  0x00, 0x00, 0x00, 0x00, 0x00, 0x00, 0x00, 0x00, 0x00, 0x00, 0x04, 0x00, 0x63, 0xff, 0xfc, 0xff,
  0xff, 0xff, 0xff, 0xff, 0xff, 0xff, 0xff, 0xff, 0xff, 0xff, 0xff, 0xff, 0xff, 0xff, 0xff, 0xff,
  0xff, 0xff, 0xff, 0xff, 0xff, 0xff, 0xff, 0xff, 0xff, 0xff, 0xff, 0xff, 0xff, 0xff, 0xff, 0xff,
  0xff, 0xff, 0xff, 0xff, 0xff, 0xff, 0xff, 0xff, 0xff, 0xff, 0xff, 0xff, 0xff, 0xff, 0xff, 0xff,
  0xff, 0xff, 0xff, 0xff, 0xff, 0xff, 0xff, 0xff, 0xff, 0xff, 0xff, 0xff, 0xff, 0xff, 0xff, 0xff,
  0xff, 0xff, 0xff, 0xff, 0xff, 0xff, 0xff, 0xff, 0xff, 0xff, 0xff, 0xff, 0xff, 0xff, 0xff, 0xff,
  0xff, 0xff, 0xff, 0xff, 0xff, 0xff, 0xff, 0xff, 0xff, 0xff, 0xff, 0xff, 0xff, 0xff, 0xff, 0xff,
  0xff, 0xff, 0xff, 0xff, 0xff, 0xff, 0xff, 0xff, 0xff, 0xa4, 0x0e, 0x00, 0xb8, 0xfe, 0xfc, 0xff,
  0xff, 0xff, 0xff, 0xff, 0xff, 0xff, 0xff, 0xff, 0xff, 0xff, 0xff, 0xff, 0xff, 0xff, 0xff, 0xff,
  0xff, 0xff, 0xff, 0xff, 0xff, 0xff, 0xff, 0xff, 0xff, 0xff, 0xff, 0xff, 0xfb, 0xff, 0xa1, 0x00,
  0x03, 0x00, 0x00, 0x00, 0x00, 0x00, 0x00, 0x00, 0x00, 0x00, 0x00, 0x00, 0x00, 0x00, 0x00, 0x00,
  0x00, 0x00, 0x00, 0x00, 0x00, 0x00, 0x00, 0x00, 0x00, 0x00, 0x00, 0x00, 0x00, 0x00, 0x00, 0x00,
  0x00, 0x00, 0x00, 0x00, 0x00, 0x00, 0x00, 0x00, 0x00, 0x00, 0x00, 0x00, 0x00, 0x00, 0x00, 0x00,
  0x00, 0x00, 0x00, 0x00, 0x00, 0x00, 0x00, 0x00, 0x00, 0x00, 0x00, 0x00, 0x06, 0x03, 0x74, 0xff,
  0xfb, 0xff, 0xff, 0xff, 0xff, 0xff, 0xff, 0xff, 0xff, 0xff, 0xff, 0xff, 0xff, 0xff, 0xff, 0xff,
  0xff, 0xff, 0xff, 0xff, 0xff, 0xff, 0xff, 0xff, 0xff, 0xff, 0xff, 0xff, 0xff, 0xff, 0xff, 0xff,
  0xff, 0xff, 0xff, 0xff, 0xff, 0xff, 0xff, 0xff, 0xff, 0xff, 0xff, 0xff, 0xff, 0xff, 0xff, 0xff,
  0xff, 0xff, 0xff, 0xff, 0xff, 0xff, 0xff, 0xff, 0xff, 0xff, 0xff, 0xff, 0xff, 0xff, 0xff, 0xff,
  0xff, 0xff, 0xff, 0xff, 0xff, 0xff, 0xff, 0xff, 0xff, 0xff, 0xff, 0xff, 0xff, 0xff, 0xff, 0xff,
  0xff, 0xff, 0xff, 0xff, 0xff, 0xff, 0xff, 0xff, 0xff, 0xff, 0xff, 0xff, 0xff, 0xff, 0xff, 0xff,
  0xff, 0xff, 0xff, 0xff, 0xff, 0xff, 0xff, 0xfa, 0xef, 0xff, 0xff, 0xff, 0x2d, 0x0f, 0xf1, 0xff,
  0xfe, 0xff, 0xff, 0xff, 0xff, 0xff, 0xff, 0xff, 0xff, 0xff, 0xff, 0xff, 0xff, 0xff, 0xff, 0xff,
  0xff, 0xff, 0xff, 0xff, 0xff, 0xff, 0xff, 0xff, 0xff, 0xff, 0xff, 0xff, 0xff, 0xff, 0xfc, 0xff,
  0xb8, 0x00, 0x02, 0x00, 0x00, 0x00, 0x00, 0x00, 0x00, 0x00, 0x00, 0x00, 0x00, 0x00, 0x00, 0x00,
  0x00, 0x00, 0x00, 0x00, 0x00, 0x00, 0x00, 0x00, 0x00, 0x00, 0x00, 0x00, 0x00, 0x00, 0x00, 0x00,
  0x00, 0x00, 0x00, 0x00, 0x00, 0x00, 0x00, 0x00, 0x00, 0x00, 0x00, 0x00, 0x00, 0x00, 0x00, 0x00,
  0x00, 0x00, 0x00, 0x00, 0x00, 0x00, 0x00, 0x00, 0x00, 0x00, 0x00, 0x00, 0x02, 0x03, 0x00, 0x00,
  0x89, 0xff, 0xfb, 0xff, 0xff, 0xff, 0xff, 0xff, 0xff, 0xff, 0xff, 0xff, 0xff, 0xff, 0xff, 0xff,
  0xff, 0xff, 0xff, 0xff, 0xff, 0xff, 0xff, 0xff, 0xff, 0xff, 0xff, 0xff, 0xff, 0xff, 0xff, 0xff,
  0xff, 0xff, 0xff, 0xff, 0xff, 0xff, 0xff, 0xff, 0xff, 0xff, 0xff, 0xff, 0xff, 0xff, 0xff, 0xff,
  0xff, 0xff, 0xff, 0xff, 0xff, 0xff, 0xff, 0xff, 0xff, 0xff, 0xff, 0xff, 0xff, 0xff, 0xff, 0xff,
  0xff, 0xff, 0xff, 0xff, 0xff, 0xff, 0xff, 0xff, 0xff, 0xff, 0xff, 0xff, 0xff, 0xff, 0xff, 0xff,
  0xff, 0xff, 0xff, 0xff, 0xff, 0xff, 0xff, 0xff, 0xff, 0xff, 0xff, 0xff, 0xff, 0xff, 0xff, 0xff,
  0xff, 0xff, 0xff, 0xff, 0xff, 0xff, 0xff, 0xfe, 0xff, 0xf0, 0x38, 0x5a, 0xaa, 0x82, 0x02, 0x43,
  0xff, 0xfe, 0xff, 0xff, 0xff, 0xff, 0xff, 0xff, 0xff, 0xff, 0xff, 0xff, 0xff, 0xff, 0xff, 0xff,
  0xff, 0xff, 0xff, 0xff, 0xff, 0xff, 0xff, 0xff, 0xff, 0xff, 0xff, 0xff, 0xff, 0xff, 0xff, 0xff,
  0xfc, 0xff, 0xbf, 0x00, 0x01, 0x00, 0x00, 0x00, 0x00, 0x00, 0x00, 0x00, 0x00, 0x00, 0x00, 0x00,
  0x00, 0x00, 0x00, 0x00, 0x00, 0x00, 0x00, 0x00, 0x00, 0x00, 0x00, 0x00, 0x00, 0x00, 0x00, 0x00,
  0x00, 0x00, 0x00, 0x00, 0x00, 0x00, 0x00, 0x00, 0x00, 0x00, 0x00, 0x00, 0x00, 0x00, 0x00, 0x00,
  0x00, 0x00, 0x00, 0x00, 0x00, 0x00, 0x00, 0x00, 0x00, 0x00, 0x00, 0x00, 0x00, 0x02, 0x00, 0x00,
  0x1e, 0x70, 0xe6, 0xfe, 0xfe, 0xff, 0xff, 0xff, 0xff, 0xff, 0xff, 0xff, 0xff, 0xff, 0xff, 0xff,
  0xff, 0xff, 0xff, 0xff, 0xff, 0xff, 0xff, 0xff, 0xff, 0xff, 0xff, 0xff, 0xff, 0xff, 0xff, 0xff,
  0xff, 0xff, 0xff, 0xff, 0xff, 0xff, 0xff, 0xff, 0xff, 0xff, 0xff, 0xff, 0xff, 0xff, 0xff, 0xff,
  0xff, 0xff, 0xff, 0xff, 0xff, 0xff, 0xff, 0xff, 0xff, 0xff, 0xff, 0xff, 0xff, 0xff, 0xff, 0xff,
  0xff, 0xff, 0xff, 0xff, 0xff, 0xff, 0xff, 0xff, 0xff, 0xff, 0xff, 0xff, 0xff, 0xff, 0xff, 0xff,
  0xff, 0xff, 0xff, 0xff, 0xff, 0xff, 0xff, 0xff, 0xff, 0xff, 0xff, 0xff, 0xff, 0xff, 0xff, 0xff,
  0xff, 0xff, 0xff, 0xff, 0xff, 0xff, 0xff, 0xff, 0xff, 0xfe, 0xff, 0xf6, 0x1e, 0x00, 0x00, 0x00,
  0x00, 0x64, 0xff, 0xfc, 0xff, 0xff, 0xff, 0xff, 0xff, 0xff, 0xff, 0xff, 0xff, 0xff, 0xff, 0xff,
  0xff, 0xff, 0xff, 0xff, 0xff, 0xff, 0xff, 0xff, 0xff, 0xff, 0xff, 0xff, 0xff, 0xff, 0xff, 0xff,
  0xff, 0xff, 0xfc, 0xff, 0xbb, 0x00, 0x01, 0x00, 0x00, 0x00, 0x00, 0x00, 0x00, 0x00, 0x00, 0x00,
  0x00, 0x00, 0x00, 0x00, 0x00, 0x00, 0x00, 0x00, 0x00, 0x00, 0x00, 0x00, 0x00, 0x00, 0x00, 0x00,
  0x00, 0x00, 0x00, 0x00, 0x00, 0x00, 0x00, 0x00, 0x00, 0x00, 0x00, 0x00, 0x00, 0x00, 0x00, 0x00,
  0x00, 0x00, 0x00, 0x00, 0x00, 0x00, 0x00, 0x00, 0x00, 0x00, 0x00, 0x00, 0x00, 0x00, 0x01, 0x00,
  0x24, 0x93, 0xeb, 0xff, 0xff, 0xff, 0xff, 0xff, 0xff, 0xff, 0xff, 0xff, 0xff, 0xff, 0xff, 0xff,
  0xff, 0xff, 0xff, 0xff, 0xff, 0xff, 0xff, 0xff, 0xff, 0xff, 0xff, 0xff, 0xff, 0xff, 0xff, 0xff,
  0xff, 0xff, 0xff, 0xff, 0xff, 0xff, 0xff, 0xff, 0xff, 0xff, 0xff, 0xff, 0xff, 0xff, 0xff, 0xff,
  0xff, 0xff, 0xff, 0xff, 0xff, 0xff, 0xff, 0xff, 0xff, 0xff, 0xff, 0xff, 0xff, 0xff, 0xff, 0xff,
  0xff, 0xff, 0xff, 0xff, 0xff, 0xff, 0xff, 0xff, 0xff, 0xff, 0xff, 0xff, 0xff, 0xff, 0xff, 0xff,
  0xff, 0xff, 0xff, 0xff, 0xff, 0xff, 0xff, 0xff, 0xff, 0xff, 0xff, 0xff, 0xff, 0xff, 0xff, 0xff,
  0xff, 0xff, 0xff, 0xff, 0xff, 0xff, 0xff, 0xff, 0xff, 0xff, 0xff, 0xfe, 0xff, 0xf6, 0x26, 0x03,
  0x05, 0x07, 0x00, 0x7b, 0xff, 0xfb, 0xff, 0xff, 0xff, 0xff, 0xff, 0xff, 0xff, 0xff, 0xff, 0xff,
  0xff, 0xff, 0xff, 0xff, 0xff, 0xff, 0xff, 0xff, 0xff, 0xff, 0xff, 0xff, 0xff, 0xff, 0xff, 0xff,
  0xff, 0xff, 0xff, 0xff, 0xfc, 0xff, 0xac, 0x00, 0x02, 0x00, 0x00, 0x00, 0x00, 0x00, 0x00, 0x00,
  0x00, 0x00, 0x00, 0x00, 0x00, 0x00, 0x00, 0x00, 0x00, 0x00, 0x00, 0x00, 0x00, 0x00, 0x00, 0x00,
  0x00, 0x00, 0x00, 0x00, 0x00, 0x00, 0x00, 0x00, 0x00, 0x00, 0x00, 0x00, 0x00, 0x00, 0x00, 0x00,
  0x00, 0x00, 0x00, 0x00, 0x00, 0x00, 0x00, 0x00, 0x00, 0x00, 0x00, 0x00, 0x00, 0x00, 0x00, 0x02,
  0x01, 0x64, 0xef, 0xff, 0xff, 0xf9, 0xf6, 0xff, 0xff, 0xff, 0xff, 0xff, 0xff, 0xff, 0xff, 0xff,
  0xff, 0xff, 0xff, 0xff, 0xff, 0xff, 0xff, 0xff, 0xff, 0xff, 0xff, 0xff, 0xff, 0xff, 0xff, 0xff,
  0xff, 0xff, 0xff, 0xff, 0xff, 0xff, 0xff, 0xff, 0xff, 0xff, 0xff, 0xff, 0xff, 0xff, 0xff, 0xff,
  0xff, 0xff, 0xff, 0xff, 0xff, 0xff, 0xff, 0xff, 0xff, 0xff, 0xff, 0xff, 0xff, 0xff, 0xff, 0xff,
  0xff, 0xff, 0xff, 0xff, 0xff, 0xff, 0xff, 0xff, 0xff, 0xff, 0xff, 0xff, 0xff, 0xff, 0xff, 0xff,
  0xff, 0xff, 0xff, 0xff, 0xff, 0xff, 0xff, 0xff, 0xff, 0xff, 0xff, 0xff, 0xff, 0xff, 0xff, 0xff,
  0xff, 0xff, 0xff, 0xff, 0xff, 0xff, 0xff, 0xff, 0xff, 0xff, 0xff, 0xff, 0xff, 0xfe, 0xff, 0xf4,
  0x21, 0x00, 0x02, 0x03, 0x00, 0x8e, 0xff, 0xfb, 0xff, 0xff, 0xff, 0xff, 0xff, 0xff, 0xff, 0xff,
  0xff, 0xff, 0xff, 0xff, 0xff, 0xff, 0xff, 0xff, 0xff, 0xff, 0xff, 0xff, 0xff, 0xff, 0xff, 0xff,
  0xff, 0xff, 0xff, 0xff, 0xff, 0xff, 0xfb, 0xff, 0x91, 0x00, 0x03, 0x00, 0x00, 0x00, 0x00, 0x00,
  0x00, 0x00, 0x00, 0x00, 0x00, 0x00, 0x00, 0x00, 0x00, 0x00, 0x00, 0x00, 0x00, 0x00, 0x00, 0x00,
  0x00, 0x00, 0x00, 0x00, 0x00, 0x00, 0x00, 0x00, 0x00, 0x00, 0x00, 0x00, 0x00, 0x00, 0x00, 0x00,
  0x00, 0x00, 0x00, 0x00, 0x00, 0x00, 0x00, 0x00, 0x00, 0x00, 0x00, 0x00, 0x00, 0x00, 0x00, 0x00,
  0x01, 0x00, 0x06, 0xe4, 0xff, 0xd8, 0x81, 0x2f, 0x9e, 0xff, 0xfc, 0xff, 0xff, 0xff, 0xff, 0xff,
  0xff, 0xff, 0xff, 0xff, 0xff, 0xff, 0xff, 0xff, 0xff, 0xff, 0xff, 0xff, 0xff, 0xff, 0xff, 0xff,
  0xff, 0xff, 0xff, 0xff, 0xff, 0xff, 0xff, 0xff, 0xff, 0xff, 0xff, 0xff, 0xff, 0xff, 0xff, 0xff,
  0xff, 0xff, 0xff, 0xff, 0xff, 0xff, 0xff, 0xff, 0xff, 0xff, 0xff, 0xff, 0xff, 0xff, 0xff, 0xff,
  0xff, 0xff, 0xff, 0xff, 0xff, 0xff, 0xff, 0xff, 0xff, 0xff, 0xff, 0xff, 0xff, 0xff, 0xff, 0xff,
  0xff, 0xff, 0xff, 0xff, 0xff, 0xff, 0xff, 0xff, 0xff, 0xff, 0xff, 0xff, 0xff, 0xff, 0xff, 0xff,
  0xff, 0xff, 0xff, 0xff, 0xff, 0xff, 0xff, 0xff, 0xff, 0xff, 0xff, 0xff, 0xff, 0xff, 0xff, 0xfe,
  0xff, 0xee, 0x1a, 0x00, 0x02, 0x03, 0x00, 0x9d, 0xff, 0xfb, 0xff, 0xff, 0xff, 0xff, 0xff, 0xff,
  0xff, 0xff, 0xff, 0xff, 0xff, 0xff, 0xff, 0xff, 0xff, 0xff, 0xff, 0xff, 0xff, 0xff, 0xff, 0xff,
  0xff, 0xff, 0xff, 0xff, 0xff, 0xff, 0xff, 0xff, 0xfc, 0xff, 0x67, 0x00, 0x04, 0x00, 0x00, 0x00,
  0x00, 0x00, 0x00, 0x00, 0x00, 0x00, 0x00, 0x00, 0x00, 0x00, 0x00, 0x00, 0x00, 0x00, 0x00, 0x00,
  0x00, 0x00, 0x00, 0x00, 0x00, 0x00, 0x00, 0x00, 0x00, 0x00, 0x00, 0x00, 0x00, 0x00, 0x00, 0x00,
  0x00, 0x00, 0x00, 0x00, 0x00, 0x00, 0x00, 0x00, 0x00, 0x00, 0x00, 0x00, 0x00, 0x00, 0x00, 0x00,
  0x00, 0x00, 0x00, 0x01, 0x00, 0x3c, 0x54, 0x0c, 0x00, 0x00, 0x8b, 0xff, 0xfb, 0xff, 0xff, 0xff,
  0xff, 0xff, 0xff, 0xff, 0xff, 0xff, 0xff, 0xff, 0xff, 0xff, 0xff, 0xff, 0xff, 0xff, 0xff, 0xff,
  0xff, 0xff, 0xff, 0xff, 0xff, 0xff, 0xff, 0xff, 0xff, 0xff, 0xff, 0xff, 0xff, 0xff, 0xff, 0xff,
  0xff, 0xff, 0xff, 0xff, 0xff, 0xff, 0xff, 0xff, 0xff, 0xff, 0xff, 0xff, 0xff, 0xff, 0xff, 0xff,
  0xff, 0xff, 0xff, 0xff, 0xff, 0xff, 0xff, 0xff, 0xff, 0xff, 0xff, 0xff, 0xff, 0xff, 0xff, 0xff,
  0xff, 0xff, 0xff, 0xff, 0xff, 0xff, 0xff, 0xff, 0xff, 0xff, 0xff, 0xff, 0xff, 0xff, 0xff, 0xff,
  0xff, 0xff, 0xff, 0xff, 0xff, 0xff, 0xff, 0xff, 0xff, 0xff, 0xff, 0xff, 0xff, 0xff, 0xff, 0xff,
  0xff, 0xfe, 0xff, 0xe6, 0x14, 0x01, 0x01, 0x02, 0x00, 0xaf, 0xff, 0xfc, 0xff, 0xff, 0xff, 0xff,
  0xff, 0xff, 0xff, 0xff, 0xff, 0xff, 0xff, 0xff, 0xff, 0xff, 0xff, 0xff, 0xff, 0xff, 0xff, 0xff,
  0xff, 0xff, 0xff, 0xff, 0xff, 0xff, 0xff, 0xff, 0xff, 0xff, 0xfe, 0xfe, 0x39, 0x00, 0x02, 0x00,
  0x00, 0x00, 0x00, 0x00, 0x00, 0x00, 0x00, 0x00, 0x00, 0x00, 0x00, 0x00, 0x00, 0x00, 0x00, 0x00,
  0x00, 0x00, 0x00, 0x00, 0x00, 0x00, 0x00, 0x00, 0x00, 0x00, 0x00, 0x00, 0x00, 0x00, 0x00, 0x00,
  0x00, 0x00, 0x00, 0x00, 0x00, 0x00, 0x00, 0x00, 0x00, 0x00, 0x00, 0x00, 0x00, 0x00, 0x00, 0x00,
  0x00, 0x00, 0x00, 0x00, 0x00, 0x00, 0x00, 0x00, 0x00, 0x00, 0x08, 0x02, 0x7a, 0xff, 0xfb, 0xff,
  0xff, 0xff, 0xff, 0xff, 0xff, 0xff, 0xff, 0xff, 0xff, 0xff, 0xff, 0xff, 0xff, 0xff, 0xff, 0xff,
  0xff, 0xff, 0xff, 0xff, 0xff, 0xff, 0xff, 0xff, 0xff, 0xff, 0xff, 0xff, 0xff, 0xff, 0xff, 0xff,
  0xff, 0xff, 0xff, 0xff, 0xff, 0xff, 0xff, 0xff, 0xff, 0xff, 0xff, 0xff, 0xff, 0xff, 0xff, 0xff,
  0xff, 0xff, 0xff, 0xff, 0xff, 0xff, 0xff, 0xff, 0xff, 0xff, 0xff, 0xff, 0xff, 0xff, 0xff, 0xff,
  0xff, 0xff, 0xff, 0xff, 0xff, 0xff, 0xff, 0xff, 0xff, 0xff, 0xff, 0xff, 0xff, 0xff, 0xff, 0xff,
  0xff, 0xff, 0xff, 0xff, 0xff, 0xff, 0xff, 0xff, 0xff, 0xff, 0xff, 0xff, 0xff, 0xff, 0xff, 0xff,
  0xff, 0xff, 0xff, 0xfd, 0xff, 0xd5, 0x00, 0x00, 0x04, 0x01, 0x00, 0xc4, 0xff, 0xfc, 0xff, 0xff,
  0xff, 0xff, 0xff, 0xff, 0xff, 0xff, 0xff, 0xff, 0xff, 0xff, 0xff, 0xff, 0xff, 0xff, 0xff, 0xff,
  0xff, 0xff, 0xff, 0xff, 0xff, 0xff, 0xff, 0xff, 0xff, 0xff, 0xff, 0xfd, 0xff, 0xe4, 0x0e, 0x00,
  0x01, 0x00, 0x00, 0x00, 0x00, 0x00, 0x00, 0x00, 0x00, 0x00, 0x00, 0x00, 0x00, 0x00, 0x00, 0x00,
  0x00, 0x00, 0x00, 0x00, 0x00, 0x00, 0x00, 0x00, 0x00, 0x00, 0x00, 0x00, 0x00, 0x00, 0x00, 0x00,
  0x00, 0x00, 0x00, 0x00, 0x00, 0x00, 0x00, 0x00, 0x00, 0x00, 0x00, 0x00, 0x00, 0x00, 0x00, 0x00,
  0x00, 0x00, 0x00, 0x00, 0x00, 0x00, 0x00, 0x00, 0x00, 0x02, 0x03, 0x01, 0x04, 0x00, 0x5f, 0xff,
  0xfc, 0xff, 0xff, 0xff, 0xff, 0xff, 0xff, 0xff, 0xff, 0xff, 0xff, 0xff, 0xff, 0xff, 0xff, 0xff,
  0xff, 0xff, 0xff, 0xff, 0xff, 0xff, 0xff, 0xff, 0xff, 0xff, 0xff, 0xff, 0xff, 0xff, 0xff, 0xff,
  0xff, 0xff, 0xff, 0xff, 0xff, 0xff, 0xff, 0xff, 0xff, 0xff, 0xff, 0xff, 0xff, 0xff, 0xff, 0xff,
  0xff, 0xff, 0xff, 0xff, 0xff, 0xff, 0xff, 0xff, 0xff, 0xff, 0xff, 0xff, 0xff, 0xff, 0xff, 0xff,
  0xff, 0xff, 0xff, 0xff, 0xff, 0xff, 0xff, 0xff, 0xff, 0xff, 0xff, 0xff, 0xff, 0xff, 0xff, 0xff,
  0xff, 0xff, 0xff, 0xff, 0xff, 0xff, 0xff, 0xff, 0xff, 0xff, 0xff, 0xff, 0xff, 0xff, 0xff, 0xff,
  0xff, 0xff, 0xff, 0xff, 0xff, 0xfe, 0xfe, 0xf2, 0x6f, 0x06, 0x00, 0x02, 0x08, 0xd8, 0xff, 0xfd,
  0xff, 0xff, 0xff, 0xff, 0xff, 0xff, 0xff, 0xff, 0xff, 0xff, 0xff, 0xff, 0xff, 0xff, 0xff, 0xff,
  0xff, 0xff, 0xff, 0xff, 0xff, 0xff, 0xff, 0xff, 0xff, 0xff, 0xff, 0xff, 0xff, 0xfc, 0xfe, 0xab,
  0x00, 0x02, 0x00, 0x00, 0x00, 0x00, 0x00, 0x00, 0x00, 0x00, 0x00, 0x00, 0x00, 0x00, 0x00, 0x00,
  0x00, 0x00, 0x00, 0x00, 0x00, 0x00, 0x00, 0x00, 0x00, 0x00, 0x00, 0x00, 0x00, 0x00, 0x00, 0x00,
  0x00, 0x00, 0x00, 0x00, 0x00, 0x00, 0x00, 0x00, 0x00, 0x00, 0x00, 0x00, 0x00, 0x00, 0x00, 0x00,
  0x00, 0x00, 0x00, 0x00, 0x00, 0x00, 0x00, 0x00, 0x00, 0x00, 0x00, 0x00, 0x00, 0x00, 0x03, 0x00,
  0x3e, 0xff, 0xfe, 0xff, 0xff, 0xff, 0xff, 0xff, 0xff, 0xff, 0xff, 0xff, 0xff, 0xff, 0xff, 0xff,
  0xff, 0xff, 0xff, 0xff, 0xff, 0xff, 0xff, 0xff, 0xff, 0xff, 0xff, 0xff, 0xff, 0xff, 0xff, 0xff,
  0xff, 0xff, 0xff, 0xff, 0xff, 0xff, 0xff, 0xff, 0xff, 0xff, 0xff, 0xff, 0xff, 0xff, 0xff, 0xff,
  0xff, 0xff, 0xff, 0xff, 0xff, 0xff, 0xff, 0xff, 0xff, 0xff, 0xff, 0xff, 0xff, 0xff, 0xff, 0xff,
  0xff, 0xff, 0xff, 0xff, 0xff, 0xff, 0xff, 0xff, 0xff, 0xff, 0xff, 0xff, 0xff, 0xff, 0xff, 0xff,
  0xff, 0xff, 0xff, 0xff, 0xff, 0xff, 0xff, 0xff, 0xff, 0xff, 0xff, 0xff, 0xff, 0xff, 0xff, 0xff,
  0xff, 0xff, 0xff, 0xff, 0xff, 0xff, 0xff, 0xff, 0xff, 0xff, 0xff, 0xca, 0x46, 0x00, 0x16, 0xec,
  0xff, 0xfe, 0xff, 0xff, 0xff, 0xff, 0xff, 0xff, 0xff, 0xff, 0xff, 0xff, 0xff, 0xff, 0xff, 0xff,
  0xff, 0xff, 0xff, 0xff, 0xff, 0xff, 0xff, 0xff, 0xff, 0xff, 0xff, 0xff, 0xff, 0xff, 0xff, 0xfc,
  0xff, 0x61, 0x00, 0x04, 0x00, 0x00, 0x00, 0x00, 0x00, 0x00, 0x00, 0x00, 0x00, 0x00, 0x00, 0x00,
  0x00, 0x00, 0x00, 0x00, 0x00, 0x00, 0x00, 0x00, 0x00, 0x00, 0x00, 0x00, 0x00, 0x00, 0x00, 0x00,
  0x00, 0x00, 0x00, 0x00, 0x00, 0x00, 0x00, 0x00, 0x00, 0x00, 0x00, 0x00, 0x00, 0x00, 0x00, 0x00,
  0x00, 0x00, 0x00, 0x00, 0x00, 0x00, 0x00, 0x00, 0x00, 0x00, 0x00, 0x00, 0x00, 0x00, 0x00, 0x00,
  0x02, 0x00, 0x1e, 0xf3, 0xff, 0xfe, 0xff, 0xff, 0xff, 0xff, 0xff, 0xff, 0xff, 0xff, 0xff, 0xff,
  0xff, 0xff, 0xff, 0xff, 0xff, 0xff, 0xff, 0xff, 0xff, 0xff, 0xff, 0xff, 0xff, 0xff, 0xff, 0xff,
  0xff, 0xff, 0xff, 0xff, 0xff, 0xff, 0xff, 0xff, 0xff, 0xff, 0xff, 0xff, 0xff, 0xff, 0xff, 0xff,
  0xff, 0xff, 0xff, 0xff, 0xff, 0xff, 0xff, 0xff, 0xff, 0xff, 0xff, 0xff, 0xff, 0xff, 0xff, 0xff,
  0xff, 0xff, 0xff, 0xff, 0xff, 0xff, 0xff, 0xff, 0xff, 0xff, 0xff, 0xff, 0xff, 0xff, 0xff, 0xff,
  0xff, 0xff, 0xff, 0xff, 0xff, 0xff, 0xff, 0xff, 0xff, 0xff, 0xff, 0xff, 0xff, 0xff, 0xff, 0xff,
  0xff, 0xff, 0xff, 0xff, 0xff, 0xff, 0xff, 0xff, 0xff, 0xff, 0xfe, 0xfe, 0xff, 0xff, 0xfe, 0x80,
  0x22, 0xf5, 0xff, 0xfe, 0xff, 0xff, 0xff, 0xff, 0xff, 0xff, 0xff, 0xff, 0xff, 0xff, 0xff, 0xff,
  0xff, 0xff, 0xff, 0xff, 0xff, 0xff, 0xff, 0xff, 0xff, 0xff, 0xff, 0xff, 0xff, 0xff, 0xff, 0xff,
  0xfe, 0xff, 0xef, 0x19, 0x00, 0x02, 0x00, 0x00, 0x00, 0x00, 0x00, 0x00, 0x00, 0x00, 0x00, 0x00,
  0x00, 0x00, 0x00, 0x00, 0x00, 0x00, 0x00, 0x00, 0x00, 0x00, 0x00, 0x00, 0x00, 0x00, 0x00, 0x00,
  0x00, 0x00, 0x00, 0x00, 0x00, 0x00, 0x00, 0x00, 0x00, 0x00, 0x00, 0x00, 0x00, 0x00, 0x00, 0x00,
  0x00, 0x00, 0x00, 0x00, 0x00, 0x00, 0x00, 0x00, 0x00, 0x00, 0x00, 0x00, 0x00, 0x00, 0x00, 0x00,
  0x00, 0x00, 0x01, 0x00, 0x05, 0xcf, 0xff, 0xfd, 0xff, 0xff, 0xff, 0xff, 0xff, 0xff, 0xff, 0xff,
  0xff, 0xff, 0xff, 0xff, 0xff, 0xff, 0xff, 0xff, 0xff, 0xff, 0xff, 0xff, 0xff, 0xff, 0xff, 0xff,
  0xff, 0xff, 0xff, 0xff, 0xff, 0xff, 0xff, 0xff, 0xff, 0xff, 0xff, 0xff, 0xff, 0xff, 0xff, 0xff,
  0xff, 0xff, 0xff, 0xff, 0xff, 0xff, 0xff, 0xff, 0xff, 0xff, 0xff, 0xff, 0xff, 0xff, 0xff, 0xff,
  0xff, 0xff, 0xff, 0xff, 0xff, 0xff, 0xff, 0xff, 0xff, 0xff, 0xff, 0xff, 0xff, 0xff, 0xff, 0xff,
  0xff, 0xff, 0xff, 0xff, 0xff, 0xff, 0xff, 0xff, 0xff, 0xff, 0xff, 0xff, 0xff, 0xff, 0xff, 0xff,
  0xff, 0xff, 0xff, 0xff, 0xff, 0xff, 0xff, 0xff, 0xff, 0xff, 0xff, 0xfe, 0xff, 0x65, 0x79, 0xec,
  0xff, 0xff, 0xce, 0xf8, 0xff, 0xff, 0xff, 0xff, 0xff, 0xff, 0xff, 0xff, 0xff, 0xff, 0xff, 0xff,
  0xff, 0xff, 0xff, 0xff, 0xff, 0xff, 0xff, 0xff, 0xff, 0xff, 0xff, 0xff, 0xff, 0xff, 0xff, 0xff,
  0xff, 0xff, 0xfb, 0xff, 0xaa, 0x00, 0x02, 0x00, 0x00, 0x00, 0x00, 0x00, 0x00, 0x00, 0x00, 0x00,
  0x00, 0x00, 0x00, 0x00, 0x00, 0x00, 0x00, 0x00, 0x00, 0x00, 0x00, 0x00, 0x00, 0x00, 0x00, 0x00,
  0x00, 0x00, 0x00, 0x00, 0x00, 0x00, 0x00, 0x00, 0x00, 0x00, 0x00, 0x00, 0x00, 0x00, 0x00, 0x00,
  0x00, 0x00, 0x00, 0x00, 0x00, 0x00, 0x00, 0x00, 0x00, 0x00, 0x00, 0x00, 0x00, 0x00, 0x00, 0x00,
  0x00, 0x00, 0x00, 0x00, 0x00, 0x05, 0x00, 0x94, 0xff, 0xfb, 0xff, 0xff, 0xff, 0xff, 0xff, 0xff,
  0xff, 0xff, 0xff, 0xff, 0xff, 0xff, 0xff, 0xff, 0xff, 0xff, 0xff, 0xff, 0xff, 0xff, 0xff, 0xff,
  0xff, 0xff, 0xff, 0xff, 0xff, 0xff, 0xff, 0xff, 0xff, 0xff, 0xff, 0xff, 0xff, 0xff, 0xff, 0xff,
  0xff, 0xff, 0xff, 0xff, 0xff, 0xff, 0xff, 0xff, 0xff, 0xff, 0xff, 0xff, 0xff, 0xff, 0xff, 0xff,
  0xff, 0xff, 0xff, 0xff, 0xff, 0xff, 0xff, 0xff, 0xff, 0xff, 0xff, 0xff, 0xff, 0xff, 0xff, 0xff,
  0xff, 0xff, 0xff, 0xff, 0xff, 0xff, 0xff, 0xff, 0xff, 0xff, 0xff, 0xff, 0xff, 0xff, 0xff, 0xff,
  0xff, 0xff, 0xff, 0xff, 0xff, 0xff, 0xff, 0xff, 0xff, 0xff, 0xff, 0xff, 0xfe, 0xff, 0xf4, 0x1b,
  0x00, 0x22, 0x9e, 0xfa, 0xff, 0xff, 0xff, 0xff, 0xff, 0xff, 0xff, 0xff, 0xff, 0xff, 0xff, 0xff,
  0xff, 0xff, 0xff, 0xff, 0xff, 0xff, 0xff, 0xff, 0xff, 0xff, 0xff, 0xff, 0xff, 0xff, 0xff, 0xff,
  0xff, 0xff, 0xff, 0xff, 0xfd, 0xff, 0x4a, 0x00, 0x03, 0x00, 0x00, 0x00, 0x00, 0x00, 0x00, 0x00,
  0x00, 0x00, 0x00, 0x00, 0x00, 0x00, 0x00, 0x00, 0x00, 0x00, 0x00, 0x00, 0x00, 0x00, 0x00, 0x00,
  0x00, 0x00, 0x00, 0x00, 0x00, 0x00, 0x00, 0x00, 0x00, 0x00, 0x00, 0x00, 0x00, 0x00, 0x00, 0x00,
  0x00, 0x00, 0x00, 0x00, 0x00, 0x00, 0x00, 0x00, 0x00, 0x00, 0x00, 0x00, 0x00, 0x00, 0x00, 0x00,
  0x00, 0x00, 0x00, 0x00, 0x00, 0x01, 0x03, 0x00, 0x3e, 0xda, 0xfd, 0xfd, 0xff, 0xff, 0xff, 0xff,
  0xff, 0xff, 0xff, 0xff, 0xff, 0xff, 0xff, 0xff, 0xff, 0xff, 0xff, 0xff, 0xff, 0xff, 0xff, 0xff,
  0xff, 0xff, 0xff, 0xff, 0xff, 0xff, 0xff, 0xff, 0xff, 0xff, 0xff, 0xff, 0xff, 0xff, 0xff, 0xff,
  0xff, 0xff, 0xff, 0xff, 0xff, 0xff, 0xff, 0xff, 0xff, 0xff, 0xff, 0xff, 0xff, 0xff, 0xff, 0xff,
  0xff, 0xff, 0xff, 0xff, 0xff, 0xff, 0xff, 0xff, 0xff, 0xff, 0xff, 0xff, 0xff, 0xff, 0xff, 0xff,
  0xff, 0xff, 0xff, 0xff, 0xff, 0xff, 0xff, 0xff, 0xff, 0xff, 0xff, 0xff, 0xff, 0xff, 0xff, 0xff,
  0xff, 0xff, 0xff, 0xff, 0xff, 0xff, 0xff, 0xff, 0xff, 0xff, 0xff, 0xff, 0xff, 0xff, 0xfc, 0xff,
  0xc8, 0x03, 0x04, 0x00, 0x00, 0x45, 0xf3, 0xfe, 0xfe, 0xff, 0xff, 0xff, 0xff, 0xff, 0xff, 0xff,
  0xff, 0xff, 0xff, 0xff, 0xff, 0xff, 0xff, 0xff, 0xff, 0xff, 0xff, 0xff, 0xff, 0xff, 0xff, 0xff,
  0xff, 0xff, 0xff, 0xff, 0xff, 0xfd, 0xfe, 0xd4, 0x06, 0x01, 0x01, 0x00, 0x00, 0x00, 0x00, 0x00,
  0x00, 0x00, 0x00, 0x00, 0x00, 0x00, 0x00, 0x00, 0x00, 0x00, 0x00, 0x00, 0x00, 0x00, 0x00, 0x00,
  0x00, 0x00, 0x00, 0x00, 0x00, 0x00, 0x00, 0x00, 0x00, 0x00, 0x00, 0x00, 0x00, 0x00, 0x00, 0x00,
  0x00, 0x00, 0x00, 0x00, 0x00, 0x00, 0x00, 0x00, 0x00, 0x00, 0x00, 0x00, 0x00, 0x00, 0x00, 0x00,
  0x00, 0x00, 0x00, 0x00, 0x00, 0x00, 0x00, 0x02, 0x00, 0x6a, 0xf7, 0xff, 0xff, 0xff, 0xff, 0xff,
  0xff, 0xff, 0xff, 0xff, 0xff, 0xff, 0xff, 0xff, 0xff, 0xff, 0xff, 0xff, 0xff, 0xff, 0xff, 0xff,
  0xff, 0xff, 0xff, 0xff, 0xff, 0xff, 0xff, 0xff, 0xff, 0xff, 0xff, 0xff, 0xff, 0xff, 0xff, 0xff,
  0xff, 0xff, 0xff, 0xff, 0xff, 0xff, 0xff, 0xff, 0xff, 0xff, 0xff, 0xff, 0xff, 0xff, 0xff, 0xff,
  0xff, 0xff, 0xff, 0xff, 0xff, 0xff, 0xff, 0xff, 0xff, 0xff, 0xff, 0xff, 0xff, 0xff, 0xff, 0xff,
  0xff, 0xff, 0xff, 0xff, 0xff, 0xff, 0xff, 0xff, 0xff, 0xff, 0xff, 0xff, 0xff, 0xff, 0xff, 0xff,
  0xff, 0xff, 0xff, 0xff, 0xff, 0xff, 0xff, 0xff, 0xff, 0xff, 0xff, 0xff, 0xff, 0xff, 0xff, 0xff,
  0xfb, 0xff, 0x84, 0x00, 0x04, 0x05, 0x02, 0x4d, 0xfd, 0xfd, 0xff, 0xff, 0xff, 0xff, 0xff, 0xff,
  0xff, 0xff, 0xff, 0xff, 0xff, 0xff, 0xff, 0xff, 0xff, 0xff, 0xff, 0xff, 0xff, 0xff, 0xff, 0xff,
  0xff, 0xff, 0xff, 0xff, 0xff, 0xff, 0xff, 0xfc, 0xff, 0x6d, 0x00, 0x04, 0x00, 0x00, 0x00, 0x00,
  0x00, 0x00, 0x00, 0x00, 0x00, 0x00, 0x00, 0x00, 0x00, 0x00, 0x00, 0x00, 0x00, 0x00, 0x00, 0x00,
  0x00, 0x00, 0x00, 0x00, 0x00, 0x00, 0x00, 0x00, 0x00, 0x00, 0x00, 0x00, 0x00, 0x00, 0x00, 0x00,
  0x00, 0x00, 0x00, 0x00, 0x00, 0x00, 0x00, 0x00, 0x00, 0x00, 0x00, 0x00, 0x00, 0x00, 0x00, 0x00,
  0x00, 0x00, 0x00, 0x00, 0x00, 0x00, 0x00, 0x01, 0x01, 0x00, 0x86, 0xff, 0xff, 0xf3, 0xe3, 0xfe,
  0xfe, 0xff, 0xff, 0xff, 0xff, 0xff, 0xff, 0xff, 0xff, 0xff, 0xff, 0xff, 0xff, 0xff, 0xff, 0xff,
  0xff, 0xff, 0xff, 0xff, 0xff, 0xff, 0xff, 0xff, 0xff, 0xff, 0xff, 0xff, 0xff, 0xff, 0xff, 0xff,
  0xff, 0xff, 0xff, 0xff, 0xff, 0xff, 0xff, 0xff, 0xff, 0xff, 0xff, 0xff, 0xff, 0xff, 0xff, 0xff,
  0xff, 0xff, 0xff, 0xff, 0xff, 0xff, 0xff, 0xff, 0xff, 0xff, 0xff, 0xff, 0xff, 0xff, 0xff, 0xff,
  0xff, 0xff, 0xff, 0xff, 0xff, 0xff, 0xff, 0xff, 0xff, 0xff, 0xff, 0xff, 0xff, 0xff, 0xff, 0xff,
  0xff, 0xff, 0xff, 0xff, 0xff, 0xff, 0xff, 0xff, 0xff, 0xff, 0xff, 0xff, 0xff, 0xff, 0xff, 0xff,
  0xff, 0xff, 0xfe, 0xfd, 0x38, 0x00, 0x03, 0x02, 0x04, 0xce, 0xff, 0xfc, 0xff, 0xff, 0xff, 0xff,
  0xff, 0xff, 0xff, 0xff, 0xff, 0xff, 0xff, 0xff, 0xff, 0xff, 0xff, 0xff, 0xff, 0xff, 0xff, 0xff,
  0xff, 0xff, 0xff, 0xff, 0xff, 0xff, 0xff, 0xff, 0xfd, 0xfe, 0xe4, 0x11, 0x01, 0x01, 0x00, 0x00,
  0x00, 0x00, 0x00, 0x00, 0x00, 0x00, 0x00, 0x00, 0x00, 0x00, 0x00, 0x00, 0x00, 0x00, 0x00, 0x00,
  0x00, 0x00, 0x00, 0x00, 0x00, 0x00, 0x00, 0x00, 0x00, 0x00, 0x00, 0x00, 0x00, 0x00, 0x00, 0x00,
  0x00, 0x00, 0x00, 0x00, 0x00, 0x00, 0x00, 0x00, 0x00, 0x00, 0x00, 0x00, 0x00, 0x00, 0x00, 0x00,
  0x00, 0x00, 0x00, 0x00, 0x00, 0x00, 0x00, 0x00, 0x00, 0x02, 0x03, 0x8d, 0xff, 0xff, 0xcd, 0x2f,
  0x5a, 0xff, 0xfd, 0xff, 0xff, 0xff, 0xff, 0xff, 0xff, 0xff, 0xff, 0xff, 0xff, 0xff, 0xff, 0xff,
  0xff, 0xff, 0xff, 0xff, 0xff, 0xff, 0xff, 0xff, 0xff, 0xff, 0xff, 0xff, 0xff, 0xff, 0xff, 0xff,
  0xff, 0xff, 0xff, 0xff, 0xff, 0xff, 0xff, 0xff, 0xff, 0xff, 0xff, 0xff, 0xff, 0xff, 0xff, 0xff,
  0xff, 0xff, 0xff, 0xff, 0xff, 0xff, 0xff, 0xff, 0xff, 0xff, 0xff, 0xff, 0xff, 0xff, 0xff, 0xff,
  0xff, 0xff, 0xff, 0xff, 0xff, 0xff, 0xff, 0xff, 0xff, 0xff, 0xff, 0xff, 0xff, 0xff, 0xff, 0xff,
  0xff, 0xff, 0xff, 0xff, 0xff, 0xff, 0xff, 0xff, 0xff, 0xff, 0xff, 0xff, 0xff, 0xff, 0xff, 0xff,
  0xff, 0xff, 0xff, 0xfd, 0xfe, 0xce, 0x04, 0x01, 0x05, 0x00, 0x65, 0xff, 0xfd, 0xff, 0xff, 0xff,
  0xff, 0xff, 0xff, 0xff, 0xff, 0xff, 0xff, 0xff, 0xff, 0xff, 0xff, 0xff, 0xff, 0xff, 0xff, 0xff,
  0xff, 0xff, 0xff, 0xff, 0xff, 0xff, 0xff, 0xff, 0xff, 0xff, 0xfc, 0xff, 0x7a, 0x00, 0x03, 0x00,
  0x00, 0x00, 0x00, 0x00, 0x00, 0x00, 0x00, 0x00, 0x00, 0x00, 0x00, 0x00, 0x00, 0x00, 0x00, 0x00,
  0x00, 0x00, 0x00, 0x00, 0x00, 0x00, 0x00, 0x00, 0x00, 0x00, 0x00, 0x00, 0x00, 0x00, 0x00, 0x00,
  0x00, 0x00, 0x00, 0x00, 0x00, 0x00, 0x00, 0x00, 0x00, 0x00, 0x00, 0x00, 0x00, 0x00, 0x00, 0x00,
  0x00, 0x00, 0x00, 0x00, 0x00, 0x00, 0x00, 0x00, 0x00, 0x00, 0x02, 0x00, 0x1f, 0xff, 0xff, 0x99,
  0x0c, 0x00, 0x16, 0xea, 0xff, 0xfe, 0xff, 0xff, 0xff, 0xff, 0xff, 0xff, 0xff, 0xff, 0xff, 0xff,
  0xff, 0xff, 0xff, 0xff, 0xff, 0xff, 0xff, 0xff, 0xff, 0xff, 0xff, 0xff, 0xff, 0xff, 0xff, 0xff,
  0xff, 0xff, 0xff, 0xff, 0xff, 0xff, 0xff, 0xff, 0xff, 0xff, 0xff, 0xff, 0xff, 0xff, 0xff, 0xff,
  0xff, 0xff, 0xff, 0xff, 0xff, 0xff, 0xff, 0xff, 0xff, 0xff, 0xff, 0xff, 0xff, 0xff, 0xff, 0xff,
  0xff, 0xff, 0xff, 0xff, 0xff, 0xff, 0xff, 0xff, 0xff, 0xff, 0xff, 0xff, 0xff, 0xff, 0xff, 0xff,
  0xff, 0xff, 0xff, 0xff, 0xff, 0xff, 0xff, 0xff, 0xff, 0xff, 0xff, 0xff, 0xff, 0xff, 0xff, 0xff,
  0xff, 0xff, 0xff, 0xff, 0xff, 0xfc, 0xff, 0x6c, 0x00, 0x06, 0x00, 0x21, 0xec, 0xfd, 0xfe, 0xff,
  0xff, 0xff, 0xff, 0xff, 0xff, 0xff, 0xff, 0xff, 0xff, 0xff, 0xff, 0xff, 0xff, 0xff, 0xff, 0xff,
  0xff, 0xff, 0xff, 0xff, 0xff, 0xff, 0xff, 0xff, 0xff, 0xff, 0xff, 0xfd, 0xfe, 0xe6, 0x12, 0x01,
  0x01, 0x00, 0x00, 0x00, 0x00, 0x00, 0x00, 0x00, 0x00, 0x00, 0x00, 0x00, 0x00, 0x00, 0x00, 0x00,
  0x00, 0x00, 0x00, 0x00, 0x00, 0x00, 0x00, 0x00, 0x00, 0x00, 0x00, 0x00, 0x00, 0x00, 0x00, 0x00,
  0x00, 0x00, 0x00, 0x00, 0x00, 0x00, 0x00, 0x00, 0x00, 0x00, 0x00, 0x00, 0x00, 0x00, 0x00, 0x00,
  0x00, 0x00, 0x00, 0x00, 0x00, 0x00, 0x00, 0x00, 0x00, 0x00, 0x00, 0x00, 0x00, 0x00, 0x04, 0x58,
  0x4d, 0x00, 0x00, 0x05, 0x00, 0x96, 0xff, 0xfc, 0xff, 0xff, 0xff, 0xff, 0xff, 0xff, 0xff, 0xff,
  0xff, 0xff, 0xff, 0xff, 0xff, 0xff, 0xff, 0xff, 0xff, 0xff, 0xff, 0xff, 0xff, 0xff, 0xff, 0xff,
  0xff, 0xff, 0xff, 0xff, 0xff, 0xff, 0xff, 0xff, 0xff, 0xff, 0xff, 0xff, 0xff, 0xff, 0xff, 0xff,
  0xff, 0xff, 0xff, 0xff, 0xff, 0xff, 0xff, 0xff, 0xff, 0xff, 0xff, 0xff, 0xff, 0xff, 0xff, 0xff,
  0xff, 0xff, 0xff, 0xff, 0xff, 0xff, 0xff, 0xff, 0xff, 0xff, 0xff, 0xff, 0xff, 0xff, 0xff, 0xff,
  0xff, 0xff, 0xff, 0xff, 0xff, 0xff, 0xff, 0xff, 0xff, 0xff, 0xff, 0xff, 0xff, 0xff, 0xff, 0xff,
  0xff, 0xff, 0xff, 0xff, 0xff, 0xff, 0xfd, 0xfe, 0xe4, 0x11, 0x03, 0x01, 0x0b, 0xc8, 0xff, 0xfd,
  0xff, 0xff, 0xff, 0xff, 0xff, 0xff, 0xff, 0xff, 0xff, 0xff, 0xff, 0xff, 0xff, 0xff, 0xff, 0xff,
  0xff, 0xff, 0xff, 0xff, 0xff, 0xff, 0xff, 0xff, 0xff, 0xff, 0xff, 0xff, 0xff, 0xfc, 0xff, 0x72,
  0x00, 0x03, 0x00, 0x00, 0x00, 0x00, 0x00, 0x00, 0x00, 0x00, 0x00, 0x00, 0x00, 0x00, 0x00, 0x00,
  0x00, 0x00, 0x00, 0x00, 0x00, 0x00, 0x00, 0x00, 0x00, 0x00, 0x00, 0x00, 0x00, 0x00, 0x00, 0x00,
  0x00, 0x00, 0x00, 0x00, 0x00, 0x00, 0x00, 0x00, 0x00, 0x00, 0x00, 0x00, 0x00, 0x00, 0x00, 0x00,
  0x01, 0x04, 0x03, 0x02, 0x02, 0x03, 0x04, 0x02, 0x00, 0x00, 0x00, 0x00, 0x00, 0x00, 0x00, 0x00,
  0x00, 0x00, 0x00, 0x02, 0x01, 0x02, 0x00, 0x2e, 0xfa, 0xfe, 0xfe, 0xff, 0xff, 0xff, 0xff, 0xff,
  0xff, 0xff, 0xff, 0xff, 0xff, 0xff, 0xff, 0xff, 0xff, 0xff, 0xff, 0xff, 0xff, 0xff, 0xff, 0xff,
  0xff, 0xff, 0xff, 0xff, 0xff, 0xff, 0xff, 0xff, 0xff, 0xff, 0xff, 0xff, 0xff, 0xff, 0xff, 0xff,
  0xff, 0xff, 0xff, 0xff, 0xff, 0xff, 0xff, 0xff, 0xff, 0xff, 0xff, 0xff, 0xff, 0xff, 0xff, 0xff,
  0xff, 0xff, 0xff, 0xff, 0xff, 0xff, 0xff, 0xff, 0xff, 0xff, 0xff, 0xff, 0xff, 0xff, 0xff, 0xff,
  0xff, 0xff, 0xff, 0xff, 0xff, 0xff, 0xff, 0xff, 0xff, 0xff, 0xff, 0xff, 0xff, 0xff, 0xff, 0xff,
  0xff, 0xff, 0xff, 0xff, 0xff, 0xff, 0xff, 0xff, 0xfc, 0xff, 0x6f, 0x00, 0x02, 0x04, 0xaf, 0xff,
  0xfc, 0xff, 0xff, 0xff, 0xff, 0xff, 0xff, 0xff, 0xff, 0xff, 0xff, 0xff, 0xff, 0xff, 0xff, 0xff,
  0xff, 0xff, 0xff, 0xff, 0xff, 0xff, 0xff, 0xff, 0xff, 0xff, 0xff, 0xff, 0xff, 0xff, 0xfd, 0xfe,
  0xda, 0x0b, 0x02, 0x01, 0x00, 0x00, 0x00, 0x00, 0x00, 0x00, 0x00, 0x00, 0x00, 0x00, 0x00, 0x00,
  0x00, 0x00, 0x00, 0x00, 0x00, 0x00, 0x00, 0x00, 0x00, 0x00, 0x00, 0x00, 0x00, 0x00, 0x00, 0x00,
  0x00, 0x00, 0x00, 0x00, 0x00, 0x00, 0x00, 0x00, 0x00, 0x00, 0x00, 0x00, 0x00, 0x00, 0x00, 0x00,
  0x01, 0x03, 0x00, 0x00, 0x00, 0x00, 0x00, 0x00, 0x00, 0x00, 0x01, 0x03, 0x00, 0x00, 0x00, 0x00,
  0x00, 0x00, 0x00, 0x03, 0x03, 0x00, 0x00, 0x00, 0x02, 0x00, 0xa5, 0xff, 0xfc, 0xff, 0xff, 0xff,
  0xff, 0xff, 0xff, 0xff, 0xff, 0xff, 0xff, 0xff, 0xff, 0xff, 0xff, 0xff, 0xff, 0xff, 0xff, 0xff,
  0xff, 0xff, 0xff, 0xff, 0xff, 0xff, 0xff, 0xff, 0xff, 0xff, 0xff, 0xff, 0xff, 0xff, 0xff, 0xff,
  0xff, 0xff, 0xff, 0xff, 0xff, 0xff, 0xff, 0xff, 0xff, 0xff, 0xff, 0xff, 0xff, 0xff, 0xff, 0xff,
  0xff, 0xff, 0xff, 0xff, 0xff, 0xff, 0xff, 0xff, 0xff, 0xff, 0xff, 0xff, 0xff, 0xff, 0xff, 0xff,
  0xff, 0xff, 0xff, 0xff, 0xff, 0xff, 0xff, 0xff, 0xff, 0xff, 0xff, 0xff, 0xff, 0xff, 0xff, 0xff,
  0xff, 0xff, 0xff, 0xff, 0xff, 0xff, 0xff, 0xff, 0xff, 0xfd, 0xff, 0xd4, 0x0b, 0x00, 0x08, 0xac,
  0xff, 0xfc, 0xff, 0xff, 0xff, 0xff, 0xff, 0xff, 0xff, 0xff, 0xff, 0xff, 0xff, 0xff, 0xff, 0xff,
  0xff, 0xff, 0xff, 0xff, 0xff, 0xff, 0xff, 0xff, 0xff, 0xff, 0xff, 0xff, 0xff, 0xff, 0xff, 0xff,
  0xfc, 0xff, 0x56, 0x00, 0x03, 0x00, 0x00, 0x00, 0x00, 0x00, 0x00, 0x00, 0x00, 0x00, 0x00, 0x00,
  0x00, 0x00, 0x00, 0x00, 0x00, 0x00, 0x00, 0x00, 0x00, 0x00, 0x00, 0x00, 0x00, 0x00, 0x00, 0x00,
  0x00, 0x00, 0x00, 0x00, 0x00, 0x00, 0x00, 0x00, 0x00, 0x00, 0x00, 0x00, 0x00, 0x00, 0x00, 0x00,
  0x00, 0x02, 0x00, 0x00, 0x1a, 0x60, 0x95, 0xb0, 0xb2, 0x9c, 0x6e, 0x2d, 0x00, 0x00, 0x01, 0x02,
  0x00, 0x00, 0x00, 0x00, 0x00, 0x00, 0x00, 0x00, 0x00, 0x00, 0x02, 0x01, 0x26, 0xf5, 0xfd, 0xfe,
  0xff, 0xff, 0xff, 0xff, 0xff, 0xff, 0xff, 0xff, 0xff, 0xff, 0xff, 0xff, 0xff, 0xff, 0xff, 0xff,
  0xff, 0xff, 0xff, 0xff, 0xff, 0xff, 0xff, 0xff, 0xff, 0xff, 0xff, 0xff, 0xff, 0xff, 0xff, 0xff,
  0xff, 0xff, 0xff, 0xff, 0xff, 0xff, 0xff, 0xff, 0xff, 0xff, 0xff, 0xff, 0xff, 0xff, 0xff, 0xff,
  0xff, 0xff, 0xff, 0xff, 0xff, 0xff, 0xff, 0xff, 0xff, 0xff, 0xff, 0xff, 0xff, 0xff, 0xff, 0xff,
  0xff, 0xff, 0xff, 0xff, 0xff, 0xff, 0xff, 0xff, 0xff, 0xff, 0xff, 0xff, 0xff, 0xff, 0xff, 0xff,
  0xff, 0xff, 0xff, 0xff, 0xff, 0xff, 0xff, 0xff, 0xff, 0xff, 0xfe, 0xfc, 0xfd, 0x46, 0x00, 0x19,
  0xbe, 0xff, 0xfb, 0xff, 0xff, 0xff, 0xff, 0xff, 0xff, 0xff, 0xff, 0xff, 0xff, 0xff, 0xff, 0xff,
  0xff, 0xff, 0xff, 0xff, 0xff, 0xff, 0xff, 0xff, 0xff, 0xff, 0xff, 0xff, 0xff, 0xff, 0xff, 0xff,
  0xff, 0xfc, 0xff, 0xbd, 0x01, 0x02, 0x00, 0x00, 0x00, 0x00, 0x00, 0x00, 0x00, 0x00, 0x00, 0x00,
  0x00, 0x00, 0x00, 0x00, 0x00, 0x00, 0x00, 0x00, 0x00, 0x00, 0x00, 0x00, 0x00, 0x00, 0x00, 0x00,
  0x00, 0x00, 0x00, 0x00, 0x00, 0x00, 0x00, 0x00, 0x00, 0x00, 0x00, 0x00, 0x00, 0x00, 0x00, 0x00,
  0x00, 0x00, 0x03, 0x00, 0x0f, 0x8b, 0xeb, 0xff, 0xff, 0xff, 0xff, 0xff, 0xff, 0xfb, 0xba, 0x4e,
  0x00, 0x00, 0x03, 0x00, 0x00, 0x00, 0x00, 0x00, 0x00, 0x00, 0x00, 0x00, 0x00, 0x03, 0x00, 0x7e,
  0xff, 0xfc, 0xff, 0xff, 0xff, 0xff, 0xff, 0xff, 0xff, 0xff, 0xff, 0xff, 0xff, 0xff, 0xff, 0xff,
  0xff, 0xff, 0xff, 0xff, 0xff, 0xff, 0xff, 0xff, 0xff, 0xff, 0xff, 0xff, 0xff, 0xff, 0xff, 0xff,
  0xff, 0xff, 0xff, 0xff, 0xff, 0xff, 0xff, 0xff, 0xff, 0xff, 0xff, 0xff, 0xff, 0xff, 0xff, 0xff,
  0xff, 0xff, 0xff, 0xff, 0xff, 0xff, 0xff, 0xff, 0xff, 0xff, 0xff, 0xff, 0xff, 0xff, 0xff, 0xff,
  0xff, 0xff, 0xff, 0xff, 0xff, 0xff, 0xff, 0xff, 0xff, 0xff, 0xff, 0xff, 0xff, 0xff, 0xff, 0xff,
  0xff, 0xff, 0xff, 0xff, 0xff, 0xff, 0xff, 0xff, 0xff, 0xff, 0xff, 0xff, 0xfc, 0xff, 0x94, 0x00,
  0x35, 0xd9, 0xff, 0xfb, 0xff, 0xff, 0xff, 0xff, 0xff, 0xff, 0xff, 0xff, 0xff, 0xff, 0xff, 0xff,
  0xff, 0xff, 0xff, 0xff, 0xff, 0xff, 0xff, 0xff, 0xff, 0xff, 0xff, 0xff, 0xff, 0xff, 0xff, 0xff,
  0xff, 0xff, 0xfe, 0xfd, 0xf9, 0x31, 0x00, 0x03, 0x00, 0x00, 0x00, 0x00, 0x00, 0x00, 0x00, 0x00,
  0x00, 0x00, 0x00, 0x00, 0x00, 0x00, 0x00, 0x00, 0x00, 0x00, 0x00, 0x00, 0x00, 0x00, 0x00, 0x00,
  0x00, 0x00, 0x00, 0x00, 0x00, 0x00, 0x00, 0x00, 0x00, 0x00, 0x00, 0x00, 0x00, 0x00, 0x00, 0x00,
  0x00, 0x00, 0x00, 0x03, 0x00, 0x2b, 0xd2, 0xff, 0xff, 0xfc, 0xfb, 0xfc, 0xfc, 0xfc, 0xfc, 0xff,
  0xff, 0xff, 0xb0, 0x25, 0x00, 0x03, 0x00, 0x00, 0x00, 0x00, 0x00, 0x00, 0x00, 0x00, 0x00, 0x01,
  0x02, 0x08, 0xcd, 0xff, 0xfc, 0xff, 0xff, 0xff, 0xff, 0xff, 0xff, 0xff, 0xff, 0xff, 0xff, 0xff,
  0xff, 0xff, 0xff, 0xff, 0xff, 0xff, 0xff, 0xff, 0xff, 0xff, 0xff, 0xff, 0xff, 0xff, 0xff, 0xff,
  0xff, 0xff, 0xff, 0xff, 0xff, 0xff, 0xff, 0xff, 0xff, 0xff, 0xff, 0xff, 0xff, 0xff, 0xff, 0xff,
  0xff, 0xff, 0xff, 0xff, 0xff, 0xff, 0xff, 0xff, 0xff, 0xff, 0xff, 0xff, 0xff, 0xff, 0xff, 0xff,
  0xff, 0xff, 0xff, 0xff, 0xff, 0xff, 0xff, 0xff, 0xff, 0xff, 0xff, 0xff, 0xff, 0xff, 0xff, 0xff,
  0xff, 0xff, 0xff, 0xff, 0xff, 0xff, 0xff, 0xff, 0xff, 0xff, 0xff, 0xff, 0xff, 0xfd, 0xff, 0xd5,
  0x00, 0x57, 0xf0, 0xff, 0xfc, 0xff, 0xff, 0xff, 0xff, 0xff, 0xff, 0xff, 0xff, 0xff, 0xff, 0xff,
  0xff, 0xff, 0xff, 0xff, 0xff, 0xff, 0xff, 0xff, 0xff, 0xff, 0xff, 0xff, 0xff, 0xff, 0xff, 0xff,
  0xff, 0xff, 0xff, 0xff, 0xfc, 0xff, 0x8f, 0x00, 0x03, 0x00, 0x00, 0x00, 0x00, 0x00, 0x00, 0x00,
  0x00, 0x00, 0x00, 0x00, 0x00, 0x00, 0x00, 0x00, 0x00, 0x00, 0x00, 0x00, 0x00, 0x00, 0x00, 0x00,
  0x00, 0x00, 0x00, 0x00, 0x00, 0x00, 0x00, 0x00, 0x00, 0x00, 0x00, 0x00, 0x00, 0x00, 0x00, 0x00,
  0x00, 0x00, 0x00, 0x00, 0x02, 0x00, 0x2b, 0xe6, 0xff, 0xfb, 0xfe, 0xff, 0xff, 0xff, 0xff, 0xff,
  0xff, 0xfe, 0xfc, 0xfd, 0xff, 0xec, 0x58, 0x00, 0x03, 0x01, 0x00, 0x00, 0x00, 0x00, 0x00, 0x00,
  0x00, 0x00, 0x02, 0x00, 0x31, 0xf6, 0xfd, 0xfe, 0xff, 0xff, 0xff, 0xff, 0xff, 0xff, 0xff, 0xff,
  0xff, 0xff, 0xff, 0xff, 0xff, 0xff, 0xff, 0xff, 0xff, 0xff, 0xff, 0xff, 0xff, 0xff, 0xff, 0xff,
  0xff, 0xff, 0xff, 0xff, 0xff, 0xff, 0xff, 0xff, 0xff, 0xff, 0xff, 0xff, 0xff, 0xff, 0xff, 0xff,
  0xff, 0xff, 0xff, 0xff, 0xff, 0xff, 0xff, 0xff, 0xff, 0xff, 0xff, 0xff, 0xff, 0xff, 0xff, 0xff,
  0xff, 0xff, 0xff, 0xff, 0xff, 0xff, 0xff, 0xff, 0xff, 0xff, 0xff, 0xff, 0xff, 0xff, 0xff, 0xff,
  0xff, 0xff, 0xff, 0xff, 0xff, 0xff, 0xff, 0xff, 0xff, 0xff, 0xff, 0xff, 0xff, 0xff, 0xff, 0xfd,
  0xfd, 0x6d, 0x85, 0xff, 0xff, 0xfd, 0xff, 0xff, 0xff, 0xff, 0xff, 0xff, 0xff, 0xff, 0xff, 0xff,
  0xff, 0xff, 0xff, 0xff, 0xff, 0xff, 0xff, 0xff, 0xff, 0xff, 0xff, 0xff, 0xff, 0xff, 0xff, 0xff,
  0xff, 0xff, 0xff, 0xff, 0xff, 0xfd, 0xfe, 0xe0, 0x11, 0x02, 0x01, 0x00, 0x00, 0x00, 0x00, 0x00,
  0x00, 0x00, 0x00, 0x00, 0x00, 0x00, 0x00, 0x00, 0x00, 0x00, 0x00, 0x00, 0x00, 0x00, 0x00, 0x00,
  0x00, 0x00, 0x00, 0x00, 0x00, 0x00, 0x00, 0x00, 0x00, 0x00, 0x00, 0x00, 0x00, 0x00, 0x00, 0x00,
  0x00, 0x00, 0x00, 0x00, 0x00, 0x01, 0x02, 0x11, 0xd9, 0xff, 0xfb, 0xff, 0xff, 0xff, 0xff, 0xff,
  0xff, 0xff, 0xff, 0xff, 0xff, 0xff, 0xfc, 0xff, 0xff, 0x7a, 0x00, 0x03, 0x01, 0x00, 0x00, 0x00,
  0x00, 0x00, 0x00, 0x00, 0x00, 0x03, 0x00, 0x64, 0xff, 0xfc, 0xfe, 0xff, 0xff, 0xff, 0xff, 0xff,
  0xff, 0xff, 0xff, 0xff, 0xff, 0xff, 0xff, 0xff, 0xff, 0xff, 0xff, 0xff, 0xff, 0xff, 0xff, 0xff,
  0xff, 0xff, 0xff, 0xff, 0xff, 0xff, 0xff, 0xff, 0xff, 0xff, 0xff, 0xff, 0xff, 0xff, 0xff, 0xff,
  0xff, 0xff, 0xff, 0xff, 0xff, 0xff, 0xff, 0xff, 0xff, 0xff, 0xff, 0xff, 0xff, 0xff, 0xff, 0xff,
  0xff, 0xff, 0xff, 0xff, 0xff, 0xff, 0xff, 0xff, 0xff, 0xff, 0xff, 0xff, 0xff, 0xff, 0xff, 0xff,
  0xff, 0xff, 0xff, 0xff, 0xff, 0xff, 0xff, 0xff, 0xff, 0xff, 0xff, 0xff, 0xff, 0xff, 0xff, 0xff,
  0xff, 0xff, 0xfb, 0xed, 0xff, 0xfe, 0xfe, 0xff, 0xff, 0xff, 0xff, 0xff, 0xff, 0xff, 0xff, 0xff,
  0xff, 0xff, 0xff, 0xff, 0xff, 0xff, 0xff, 0xff, 0xff, 0xff, 0xff, 0xff, 0xff, 0xff, 0xff, 0xff,
  0xff, 0xff, 0xff, 0xff, 0xff, 0xff, 0xff, 0xfc, 0xff, 0x52, 0x00, 0x03, 0x00, 0x00, 0x00, 0x00,
  0x00, 0x00, 0x00, 0x00, 0x00, 0x00, 0x00, 0x00, 0x00, 0x00, 0x00, 0x00, 0x00, 0x00, 0x00, 0x00,
  0x00, 0x00, 0x00, 0x00, 0x00, 0x00, 0x00, 0x00, 0x00, 0x00, 0x00, 0x00, 0x00, 0x00, 0x00, 0x00,
  0x00, 0x00, 0x00, 0x00, 0x00, 0x00, 0x00, 0x02, 0x00, 0x9a, 0xff, 0xfb, 0xff, 0xff, 0xff, 0xff,
  0xff, 0xff, 0xff, 0xff, 0xff, 0xff, 0xff, 0xff, 0xff, 0xfd, 0xfd, 0xff, 0x8c, 0x00, 0x03, 0x01,
  0x00, 0x00, 0x00, 0x00, 0x00, 0x00, 0x00, 0x00, 0x04, 0x00, 0x98, 0xff, 0xfc, 0xff, 0xff, 0xff,
  0xff, 0xff, 0xff, 0xff, 0xff, 0xff, 0xff, 0xff, 0xff, 0xff, 0xff, 0xff, 0xff, 0xff, 0xff, 0xff,
  0xff, 0xff, 0xff, 0xff, 0xff, 0xff, 0xff, 0xff, 0xff, 0xff, 0xff, 0xff, 0xff, 0xff, 0xff, 0xff,
  0xff, 0xff, 0xff, 0xff, 0xff, 0xff, 0xff, 0xff, 0xff, 0xff, 0xff, 0xff, 0xff, 0xff, 0xff, 0xff,
  0xff, 0xff, 0xff, 0xff, 0xff, 0xff, 0xff, 0xff, 0xff, 0xff, 0xff, 0xff, 0xff, 0xff, 0xff, 0xff,
  0xff, 0xff, 0xff, 0xff, 0xff, 0xff, 0xff, 0xff, 0xff, 0xff, 0xff, 0xff, 0xff, 0xff, 0xff, 0xff,
  0xff, 0xff, 0xff, 0xff, 0xff, 0xff, 0xfc, 0xff, 0xff, 0xff, 0xff, 0xff, 0xff, 0xff, 0xff, 0xff,
  0xff, 0xff, 0xff, 0xff, 0xff, 0xff, 0xff, 0xff, 0xff, 0xff, 0xff, 0xff, 0xff, 0xff, 0xff, 0xff,
  0xff, 0xff, 0xff, 0xff, 0xff, 0xff, 0xff, 0xff, 0xfc, 0xff, 0xab, 0x00, 0x03, 0x00, 0x00, 0x00,
  0x00, 0x00, 0x00, 0x00, 0x00, 0x00, 0x00, 0x00, 0x00, 0x00, 0x00, 0x00, 0x00, 0x00, 0x00, 0x00,
  0x00, 0x00, 0x00, 0x00, 0x00, 0x00, 0x00, 0x00, 0x00, 0x00, 0x00, 0x00, 0x00, 0x00, 0x00, 0x00,
  0x00, 0x00, 0x00, 0x00, 0x00, 0x00, 0x00, 0x00, 0x03, 0x00, 0x33, 0xfc, 0xfc, 0xfe, 0xff, 0xff,
  0xff, 0xff, 0xff, 0xff, 0xff, 0xff, 0xff, 0xff, 0xff, 0xff, 0xff, 0xff, 0xfe, 0xfb, 0xff, 0x8c,
  0x00, 0x03, 0x01, 0x00, 0x00, 0x00, 0x00, 0x00, 0x00, 0x00, 0x01, 0x02, 0x09, 0xca, 0xff, 0xfd,
  0xff, 0xff, 0xff, 0xff, 0xff, 0xff, 0xff, 0xff, 0xff, 0xff, 0xff, 0xff, 0xff, 0xff, 0xff, 0xff,
  0xff, 0xff, 0xff, 0xff, 0xff, 0xff, 0xff, 0xff, 0xff, 0xff, 0xff, 0xff, 0xff, 0xff, 0xff, 0xff,
  0xff, 0xff, 0xff, 0xff, 0xff, 0xff, 0xff, 0xff, 0xff, 0xff, 0xff, 0xff, 0xff, 0xff, 0xff, 0xff,
  0xff, 0xff, 0xff, 0xff, 0xff, 0xff, 0xff, 0xff, 0xff, 0xff, 0xff, 0xff, 0xff, 0xff, 0xff, 0xff,
  0xff, 0xff, 0xff, 0xff, 0xff, 0xff, 0xff, 0xff, 0xff, 0xff, 0xff, 0xff, 0xff, 0xff, 0xff, 0xff,
  0xff, 0xff, 0xff, 0xff, 0xff, 0xff, 0xff, 0xfe, 0xff, 0xff, 0xff, 0xff, 0xff, 0xff, 0xff, 0xff,
  0xff, 0xff, 0xff, 0xff, 0xff, 0xff, 0xff, 0xff, 0xff, 0xff, 0xff, 0xff, 0xff, 0xff, 0xff, 0xff,
  0xff, 0xff, 0xff, 0xff, 0xff, 0xff, 0xff, 0xff, 0xff, 0xfd, 0xfd, 0xea, 0x1b, 0x01, 0x02, 0x00,
  0x00, 0x00, 0x00, 0x00, 0x00, 0x00, 0x00, 0x00, 0x00, 0x00, 0x00, 0x00, 0x00, 0x00, 0x00, 0x00,
  0x00, 0x00, 0x00, 0x00, 0x00, 0x00, 0x00, 0x00, 0x00, 0x00, 0x00, 0x00, 0x00, 0x00, 0x00, 0x00,
  0x00, 0x00, 0x00, 0x00, 0x00, 0x00, 0x00, 0x00, 0x00, 0x00, 0x03, 0x00, 0xa3, 0xff, 0xfc, 0xff,
  0xff, 0xff, 0xff, 0xff, 0xff, 0xff, 0xff, 0xff, 0xff, 0xff, 0xff, 0xff, 0xff, 0xff, 0xff, 0xfe,
  0xfb, 0xff, 0x83, 0x00, 0x04, 0x00, 0x00, 0x00, 0x00, 0x00, 0x00, 0x00, 0x00, 0x03, 0x00, 0x31,
  0xfa, 0xfe, 0xfe, 0xff, 0xff, 0xff, 0xff, 0xff, 0xff, 0xff, 0xff, 0xff, 0xff, 0xff, 0xff, 0xff,
  0xff, 0xff, 0xff, 0xff, 0xff, 0xff, 0xff, 0xff, 0xff, 0xff, 0xff, 0xff, 0xff, 0xff, 0xff, 0xff,
  0xff, 0xff, 0xff, 0xff, 0xff, 0xff, 0xff, 0xff, 0xff, 0xff, 0xff, 0xff, 0xff, 0xff, 0xff, 0xff,
  0xff, 0xff, 0xff, 0xff, 0xff, 0xff, 0xff, 0xff, 0xff, 0xff, 0xff, 0xff, 0xff, 0xff, 0xff, 0xff,
  0xff, 0xff, 0xff, 0xff, 0xff, 0xff, 0xff, 0xff, 0xff, 0xff, 0xff, 0xff, 0xff, 0xff, 0xff, 0xff,
  0xff, 0xff, 0xff, 0xff, 0xff, 0xff, 0xff, 0xff, 0xff, 0xff, 0xff, 0xff, 0xff, 0xff, 0xff, 0xff,
  0xff, 0xff, 0xff, 0xff, 0xff, 0xff, 0xff, 0xff, 0xff, 0xff, 0xff, 0xff, 0xff, 0xff, 0xff, 0xff,
  0xff, 0xff, 0xff, 0xff, 0xff, 0xff, 0xff, 0xff, 0xff, 0xff, 0xff, 0xfc, 0xff, 0x5d, 0x00, 0x03,
  0x00, 0x00, 0x00, 0x00, 0x00, 0x00, 0x00, 0x00, 0x00, 0x00, 0x00, 0x00, 0x00, 0x00, 0x00, 0x00,
  0x00, 0x00, 0x00, 0x00, 0x00, 0x00, 0x00, 0x00, 0x00, 0x00, 0x00, 0x00, 0x00, 0x00, 0x00, 0x00,
  0x00, 0x00, 0x00, 0x00, 0x00, 0x00, 0x00, 0x00, 0x00, 0x00, 0x00, 0x01, 0x00, 0x17, 0xee, 0xff,
  0xfe, 0xff, 0xff, 0xff, 0xff, 0xff, 0xff, 0xff, 0xff, 0xff, 0xff, 0xff, 0xff, 0xff, 0xff, 0xff,
  0xff, 0xff, 0xfe, 0xfb, 0xff, 0x6d, 0x00, 0x04, 0x00, 0x00, 0x00, 0x00, 0x00, 0x00, 0x00, 0x03,
  0x00, 0x3e, 0xfc, 0xfe, 0xfe, 0xff, 0xff, 0xff, 0xff, 0xff, 0xff, 0xff, 0xff, 0xff, 0xff, 0xff,
  0xff, 0xff, 0xff, 0xff, 0xff, 0xff, 0xff, 0xff, 0xff, 0xff, 0xff, 0xff, 0xff, 0xff, 0xff, 0xff,
  0xff, 0xff, 0xff, 0xff, 0xff, 0xff, 0xff, 0xff, 0xff, 0xff, 0xff, 0xff, 0xff, 0xff, 0xff, 0xff,
  0xff, 0xff, 0xff, 0xff, 0xff, 0xff, 0xff, 0xff, 0xff, 0xff, 0xff, 0xff, 0xff, 0xff, 0xff, 0xff,
  0xff, 0xff, 0xff, 0xff, 0xff, 0xff, 0xff, 0xff, 0xff, 0xff, 0xff, 0xff, 0xff, 0xff, 0xff, 0xff,
  0xff, 0xff, 0xff, 0xff, 0xff, 0xff, 0xff, 0xff, 0xff, 0xff, 0xff, 0xff, 0xff, 0xff, 0xff, 0xff,
  0xff, 0xff, 0xff, 0xff, 0xff, 0xff, 0xff, 0xff, 0xff, 0xff, 0xff, 0xff, 0xff, 0xff, 0xff, 0xff,
  0xff, 0xff, 0xff, 0xff, 0xff, 0xff, 0xff, 0xff, 0xff, 0xff, 0xff, 0xff, 0xfc, 0xff, 0xad, 0x00,
  0x03, 0x00, 0x00, 0x00, 0x00, 0x00, 0x00, 0x00, 0x00, 0x00, 0x00, 0x00, 0x00, 0x00, 0x00, 0x00,
  0x00, 0x00, 0x00, 0x00, 0x00, 0x00, 0x00, 0x00, 0x00, 0x00, 0x00, 0x00, 0x00, 0x00, 0x00, 0x00,
  0x00, 0x00, 0x00, 0x00, 0x00, 0x00, 0x00, 0x00, 0x00, 0x00, 0x00, 0x00, 0x00, 0x03, 0x00, 0x57,
  0xff, 0xfd, 0xff, 0xff, 0xff, 0xff, 0xff, 0xff, 0xff, 0xff, 0xff, 0xff, 0xff, 0xff, 0xff, 0xff,
  0xff, 0xff, 0xff, 0xff, 0xff, 0xfe, 0xfc, 0xfe, 0x4f, 0x00, 0x03, 0x00, 0x00, 0x00, 0x00, 0x00,
  0x02, 0x01, 0x0c, 0xd2, 0xff, 0xfd, 0xff, 0xff, 0xff, 0xff, 0xff, 0xff, 0xff, 0xff, 0xff, 0xff,
  0xff, 0xff, 0xff, 0xff, 0xff, 0xff, 0xff, 0xff, 0xff, 0xff, 0xff, 0xff, 0xff, 0xff, 0xff, 0xff,
  0xff, 0xff, 0xff, 0xff, 0xff, 0xff, 0xff, 0xff, 0xff, 0xff, 0xff, 0xff, 0xff, 0xff, 0xff, 0xff,
  0xff, 0xff, 0xff, 0xff, 0xff, 0xff, 0xff, 0xff, 0xff, 0xff, 0xff, 0xff, 0xff, 0xff, 0xff, 0xff,
  0xff, 0xff, 0xff, 0xff, 0xff, 0xff, 0xff, 0xff, 0xff, 0xff, 0xff, 0xff, 0xff, 0xff, 0xff, 0xff,
  0xff, 0xff, 0xff, 0xff, 0xff, 0xff, 0xff, 0xff, 0xff, 0xff, 0xff, 0xff, 0xff, 0xff, 0xff, 0xff,
  0xff, 0xff, 0xff, 0xff, 0xff, 0xff, 0xff, 0xff, 0xff, 0xff, 0xff, 0xff, 0xff, 0xff, 0xff, 0xff,
  0xff, 0xff, 0xff, 0xff, 0xff, 0xff, 0xff, 0xff, 0xff, 0xff, 0xff, 0xff, 0xff, 0xfd, 0xfe, 0xe6,
  0x19, 0x01, 0x02, 0x00, 0x00, 0x00, 0x00, 0x00, 0x00, 0x00, 0x00, 0x00, 0x00, 0x00, 0x00, 0x00,
  0x00, 0x00, 0x00, 0x00, 0x00, 0x00, 0x00, 0x00, 0x00, 0x00, 0x00, 0x00, 0x00, 0x00, 0x00, 0x00,
  0x00, 0x00, 0x00, 0x00, 0x00, 0x00, 0x00, 0x00, 0x00, 0x00, 0x00, 0x00, 0x00, 0x00, 0x00, 0x03,
  0x00, 0x95, 0xfe, 0xfb, 0xff, 0xff, 0xff, 0xff, 0xff, 0xff, 0xff, 0xff, 0xff, 0xff, 0xff, 0xff,
  0xff, 0xff, 0xff, 0xff, 0xff, 0xff, 0xff, 0xff, 0xfd, 0xfe, 0xef, 0x2b, 0x00, 0x03, 0x00, 0x00,
  0x00, 0x01, 0x03, 0x00, 0xab, 0xff, 0xfd, 0xff, 0xff, 0xff, 0xff, 0xff, 0xff, 0xff, 0xff, 0xff,
  0xff, 0xff, 0xff, 0xff, 0xff, 0xff, 0xff, 0xff, 0xff, 0xff, 0xff, 0xff, 0xff, 0xff, 0xff, 0xff,
  0xff, 0xff, 0xff, 0xff, 0xff, 0xff, 0xff, 0xff, 0xff, 0xff, 0xff, 0xff, 0xff, 0xff, 0xff, 0xff,
  0xff, 0xff, 0xff, 0xff, 0xff, 0xff, 0xff, 0xff, 0xff, 0xff, 0xff, 0xff, 0xff, 0xff, 0xff, 0xff,
  0xff, 0xff, 0xff, 0xff, 0xff, 0xff, 0xff, 0xff, 0xff, 0xff, 0xff, 0xff, 0xff, 0xff, 0xff, 0xff,
  0xff, 0xff, 0xff, 0xff, 0xff, 0xff, 0xff, 0xff, 0xff, 0xff, 0xff, 0xff, 0xff, 0xff, 0xff, 0xff,
  0xff, 0xff, 0xff, 0xff, 0xff, 0xff, 0xff, 0xff, 0xff, 0xff, 0xff, 0xff, 0xff, 0xff, 0xff, 0xff,
  0xff, 0xff, 0xff, 0xff, 0xff, 0xff, 0xff, 0xff, 0xff, 0xff, 0xff, 0xff, 0xff, 0xff, 0xff, 0xfc,
  0xff, 0x4f, 0x00, 0x03, 0x00, 0x00, 0x00, 0x00, 0x00, 0x00, 0x00, 0x00, 0x00, 0x00, 0x00, 0x00,
  0x00, 0x00, 0x00, 0x00, 0x00, 0x00, 0x00, 0x00, 0x00, 0x00, 0x00, 0x00, 0x00, 0x00, 0x00, 0x00,
  0x00, 0x00, 0x00, 0x00, 0x00, 0x00, 0x00, 0x00, 0x00, 0x00, 0x00, 0x00, 0x00, 0x00, 0x00, 0x00,
  0x00, 0x01, 0x00, 0xc6, 0xff, 0xfd, 0xff, 0xff, 0xff, 0xff, 0xff, 0xff, 0xff, 0xff, 0xff, 0xff,
  0xff, 0xff, 0xff, 0xff, 0xff, 0xff, 0xff, 0xff, 0xff, 0xff, 0xff, 0xfc, 0xff, 0xd4, 0x0f, 0x02,
  0x01, 0x00, 0x01, 0x04, 0x00, 0x93, 0xff, 0xfc, 0xff, 0xff, 0xff, 0xff, 0xff, 0xff, 0xff, 0xff,
  0xff, 0xff, 0xff, 0xff, 0xff, 0xff, 0xff, 0xff, 0xff, 0xff, 0xff, 0xff, 0xff, 0xff, 0xff, 0xff,
  0xff, 0xff, 0xff, 0xff, 0xff, 0xff, 0xff, 0xff, 0xff, 0xff, 0xff, 0xff, 0xff, 0xff, 0xff, 0xff,
  0xff, 0xff, 0xff, 0xff, 0xff, 0xff, 0xff, 0xff, 0xff, 0xff, 0xff, 0xff, 0xff, 0xff, 0xff, 0xff,
  0xff, 0xff, 0xff, 0xff, 0xff, 0xff, 0xff, 0xff, 0xff, 0xff, 0xff, 0xff, 0xff, 0xff, 0xff, 0xff,
  0xff, 0xff, 0xff, 0xff, 0xff, 0xff, 0xff, 0xff, 0xff, 0xff, 0xff, 0xff, 0xff, 0xff, 0xff, 0xff,
  0xff, 0xff, 0xff, 0xff, 0xff, 0xff, 0xff, 0xff, 0xff, 0xff, 0xff, 0xff, 0xff, 0xff, 0xff, 0xff,
  0xff, 0xff, 0xff, 0xff, 0xff, 0xff, 0xff, 0xff, 0xff, 0xff, 0xff, 0xff, 0xff, 0xff, 0xff, 0xff,
  0xfb, 0xff, 0x94, 0x00, 0x03, 0x00, 0x00, 0x00, 0x00, 0x00, 0x00, 0x00, 0x00, 0x00, 0x00, 0x00,
  0x00, 0x00, 0x00, 0x00, 0x00, 0x00, 0x00, 0x00, 0x00, 0x00, 0x00, 0x00, 0x00, 0x00, 0x00, 0x00,
  0x00, 0x00, 0x00, 0x00, 0x00, 0x00, 0x00, 0x00, 0x00, 0x00, 0x00, 0x00, 0x00, 0x00, 0x00, 0x00,
  0x00, 0x00, 0x01, 0x00, 0x12, 0xe7, 0xff, 0xfe, 0xff, 0xff, 0xff, 0xff, 0xff, 0xff, 0xff, 0xff,
  0xff, 0xff, 0xff, 0xff, 0xff, 0xff, 0xff, 0xff, 0xff, 0xff, 0xff, 0xff, 0xff, 0xff, 0xfc, 0xff,
  0xa7, 0x00, 0x03, 0x01, 0x04, 0x00, 0x7d, 0xff, 0xfb, 0xff, 0xff, 0xff, 0xff, 0xff, 0xff, 0xff,
  0xff, 0xff, 0xff, 0xff, 0xff, 0xff, 0xff, 0xff, 0xff, 0xff, 0xff, 0xff, 0xff, 0xff, 0xff, 0xff,
  0xff, 0xff, 0xff, 0xff, 0xff, 0xff, 0xff, 0xff, 0xff, 0xff, 0xff, 0xff, 0xff, 0xff, 0xff, 0xff,
  0xff, 0xff, 0xff, 0xff, 0xff, 0xff, 0xff, 0xff, 0xff, 0xff, 0xff, 0xff, 0xff, 0xff, 0xff, 0xff,
  0xff, 0xff, 0xff, 0xff, 0xff, 0xff, 0xff, 0xff, 0xff, 0xff, 0xff, 0xff, 0xff, 0xff, 0xff, 0xff,
  0xff, 0xff, 0xff, 0xff, 0xff, 0xff, 0xff, 0xff, 0xff, 0xff, 0xff, 0xff, 0xff, 0xff, 0xff, 0xff,
  0xff, 0xff, 0xff, 0xff, 0xff, 0xff, 0xff, 0xff, 0xff, 0xff, 0xff, 0xff, 0xff, 0xff, 0xff, 0xff,
  0xff, 0xff, 0xff, 0xff, 0xff, 0xff, 0xff, 0xff, 0xff, 0xff, 0xff, 0xff, 0xff, 0xff, 0xff, 0xff,
  0xff, 0xfc, 0xff, 0xce, 0x0a, 0x02, 0x01, 0x00, 0x00, 0x00, 0x00, 0x00, 0x00, 0x00, 0x00, 0x00,
  0x00, 0x00, 0x00, 0x00, 0x00, 0x00, 0x00, 0x00, 0x00, 0x00, 0x00, 0x00, 0x00, 0x00, 0x00, 0x00,
  0x00, 0x00, 0x00, 0x00, 0x00, 0x00, 0x00, 0x00, 0x00, 0x00, 0x00, 0x00, 0x00, 0x00, 0x00, 0x00,
  0x00, 0x00, 0x00, 0x00, 0x02, 0x00, 0x29, 0xfa, 0xff, 0xfe, 0xff, 0xff, 0xff, 0xff, 0xff, 0xff,
  0xff, 0xff, 0xff, 0xff, 0xff, 0xff, 0xff, 0xff, 0xff, 0xff, 0xff, 0xff, 0xff, 0xff, 0xff, 0xff,
  0xff, 0xfb, 0xff, 0x6a, 0x00, 0x07, 0x00, 0x63, 0xff, 0xfc, 0xfe, 0xff, 0xff, 0xff, 0xff, 0xff,
  0xff, 0xff, 0xff, 0xff, 0xff, 0xff, 0xff, 0xff, 0xff, 0xff, 0xff, 0xff, 0xff, 0xff, 0xff, 0xff,
  0xff, 0xff, 0xff, 0xff, 0xff, 0xff, 0xff, 0xff, 0xff, 0xff, 0xff, 0xff, 0xff, 0xff, 0xff, 0xff,
  0xff, 0xff, 0xff, 0xff, 0xff, 0xff, 0xff, 0xff, 0xff, 0xff, 0xff, 0xff, 0xff, 0xff, 0xff, 0xff,
  0xff, 0xff, 0xff, 0xff, 0xff, 0xff, 0xff, 0xff, 0xff, 0xff, 0xff, 0xff, 0xff, 0xff, 0xff, 0xff,
  0xff, 0xff, 0xff, 0xff, 0xff, 0xff, 0xff, 0xff, 0xff, 0xff, 0xff, 0xff, 0xff, 0xff, 0xff, 0xff,
  0xff, 0xff, 0xff, 0xff, 0xff, 0xff, 0xff, 0xff, 0xff, 0xff, 0xff, 0xff, 0xff, 0xff, 0xff, 0xff,
  0xff, 0xff, 0xff, 0xff, 0xff, 0xff, 0xff, 0xff, 0xff, 0xff, 0xff, 0xff, 0xff, 0xff, 0xff, 0xff,
  0xff, 0xff, 0xfe, 0xfd, 0xf1, 0x2a, 0x00, 0x02, 0x00, 0x00, 0x00, 0x00, 0x00, 0x00, 0x00, 0x00,
  0x00, 0x00, 0x00, 0x00, 0x00, 0x00, 0x00, 0x00, 0x00, 0x00, 0x00, 0x00, 0x00, 0x00, 0x00, 0x00,
  0x00, 0x00, 0x00, 0x00, 0x00, 0x00, 0x00, 0x00, 0x00, 0x00, 0x00, 0x00, 0x00, 0x00, 0x00, 0x00,
  0x00, 0x00, 0x00, 0x00, 0x00, 0x00, 0x03, 0x00, 0x40, 0xff, 0xfe, 0xff, 0xff, 0xff, 0xff, 0xff,
  0xff, 0xff, 0xff, 0xff, 0xff, 0xff, 0xff, 0xff, 0xff, 0xff, 0xff, 0xff, 0xff, 0xff, 0xff, 0xff,
  0xff, 0xff, 0xff, 0xfe, 0xfd, 0xf5, 0x31, 0x00, 0x4f, 0xfb, 0xfd, 0xfe, 0xff, 0xff, 0xff, 0xff,
  0xff, 0xff, 0xff, 0xff, 0xff, 0xff, 0xff, 0xff, 0xff, 0xff, 0xff, 0xff, 0xff, 0xff, 0xff, 0xff,
  0xff, 0xff, 0xff, 0xff, 0xff, 0xff, 0xff, 0xff, 0xff, 0xff, 0xff, 0xff, 0xff, 0xff, 0xff, 0xff,
  0xff, 0xff, 0xff, 0xff, 0xff, 0xff, 0xff, 0xff, 0xff, 0xff, 0xff, 0xff, 0xff, 0xff, 0xff, 0xff,
  0xff, 0xff, 0xff, 0xff, 0xff, 0xff, 0xff, 0xff, 0xff, 0xff, 0xff, 0xff, 0xff, 0xff, 0xff, 0xff,
  0xff, 0xff, 0xff, 0xff, 0xff, 0xff, 0xff, 0xff, 0xff, 0xff, 0xff, 0xff, 0xff, 0xff, 0xff, 0xff,
  0xff, 0xff, 0xff, 0xff, 0xff, 0xff, 0xff, 0xff, 0xff, 0xff, 0xff, 0xff, 0xff, 0xff, 0xff, 0xff,
  0xff, 0xff, 0xff, 0xff, 0xff, 0xff, 0xff, 0xff, 0xff, 0xff, 0xff, 0xff, 0xff, 0xff, 0xff, 0xff,
  0xff, 0xff, 0xff, 0xfe, 0xfc, 0xff, 0x57, 0x00, 0x03, 0x00, 0x00, 0x00, 0x00, 0x00, 0x00, 0x00,
  0x00, 0x00, 0x00, 0x00, 0x00, 0x00, 0x00, 0x00, 0x00, 0x00, 0x00, 0x00, 0x00, 0x00, 0x00, 0x00,
  0x00, 0x00, 0x00, 0x00, 0x00, 0x00, 0x00, 0x00, 0x00, 0x00, 0x00, 0x00, 0x00, 0x00, 0x00, 0x00,
  0x00, 0x00, 0x00, 0x00, 0x00, 0x00, 0x00, 0x00, 0x03, 0x00, 0x55, 0xff, 0xfc, 0xff, 0xff, 0xff,
  0xff, 0xff, 0xff, 0xff, 0xff, 0xff, 0xff, 0xff, 0xff, 0xff, 0xff, 0xff, 0xff, 0xff, 0xff, 0xff,
  0xff, 0xff, 0xff, 0xff, 0xff, 0xff, 0xfc, 0xff, 0xbe, 0x44, 0xf4, 0xff, 0xfd, 0xff, 0xff, 0xff,
  0xff, 0xff, 0xff, 0xff, 0xff, 0xff, 0xff, 0xff, 0xff, 0xff, 0xff, 0xff, 0xff, 0xff, 0xff, 0xff,
  0xff, 0xff, 0xff, 0xff, 0xff, 0xff, 0xff, 0xff, 0xff, 0xff, 0xff, 0xff, 0xff, 0xff, 0xff, 0xff,
  0xff, 0xff, 0xff, 0xff, 0xff, 0xff, 0xff, 0xff, 0xff, 0xff, 0xff, 0xff, 0xff, 0xff, 0xff, 0xff,
  0xff, 0xff, 0xff, 0xff, 0xff, 0xff, 0xff, 0xff, 0xff, 0xff, 0xff, 0xff, 0xff, 0xff, 0xff, 0xff,
  0xff, 0xff, 0xff, 0xff, 0xff, 0xff, 0xff, 0xff, 0xff, 0xff, 0xff, 0xff, 0xff, 0xff, 0xff, 0xff,
  0xff, 0xff, 0xff, 0xff, 0xff, 0xff, 0xff, 0xff, 0xff, 0xff, 0xff, 0xff, 0xff, 0xff, 0xff, 0xff,
  0xff, 0xff, 0xff, 0xff, 0xff, 0xff, 0xff, 0xff, 0xff, 0xff, 0xff, 0xff, 0xff, 0xff, 0xff, 0xff,
  0xff, 0xff, 0xff, 0xff, 0xff, 0xfb, 0xff, 0x85, 0x00, 0x04, 0x00, 0x00, 0x00, 0x00, 0x00, 0x00,
  0x00, 0x00, 0x00, 0x00, 0x00, 0x00, 0x00, 0x00, 0x00, 0x00, 0x00, 0x00, 0x00, 0x00, 0x00, 0x00,
  0x00, 0x00, 0x00, 0x00, 0x00, 0x00, 0x00, 0x00, 0x00, 0x00, 0x00, 0x00, 0x00, 0x00, 0x00, 0x00,
  0x00, 0x00, 0x00, 0x00, 0x00, 0x00, 0x00, 0x00, 0x00, 0x00, 0x04, 0x00, 0x62, 0xff, 0xfc, 0xff,
  0xff, 0xff, 0xff, 0xff, 0xff, 0xff, 0xff, 0xff, 0xff, 0xff, 0xff, 0xff, 0xff, 0xff, 0xff, 0xff,
  0xff, 0xff, 0xff, 0xff, 0xff, 0xff, 0xff, 0xff, 0xff, 0xfe, 0xff, 0xfe, 0xff, 0xfe, 0xff, 0xff,
  0xff, 0xff, 0xff, 0xff, 0xff, 0xff, 0xff, 0xff, 0xff, 0xff, 0xff, 0xff, 0xff, 0xff, 0xff, 0xff,
  0xff, 0xff, 0xff, 0xff, 0xff, 0xff, 0xff, 0xff, 0xff, 0xff, 0xff, 0xff, 0xff, 0xff, 0xff, 0xff,
  0xff, 0xff, 0xff, 0xff, 0xff, 0xff, 0xff, 0xff, 0xff, 0xff, 0xff, 0xff, 0xff, 0xff, 0xff, 0xff,
  0xff, 0xff, 0xff, 0xff, 0xff, 0xff, 0xff, 0xff, 0xff, 0xff, 0xff, 0xff, 0xff, 0xff, 0xff, 0xff,
  0xff, 0xff, 0xff, 0xff, 0xff, 0xff, 0xff, 0xff, 0xff, 0xff, 0xff, 0xff, 0xff, 0xff, 0xff, 0xff,
  0xff, 0xff, 0xff, 0xff, 0xff, 0xff, 0xff, 0xff, 0xff, 0xff, 0xff, 0xff, 0xff, 0xff, 0xff, 0xff,
  0xff, 0xff, 0xff, 0xff, 0xff, 0xff, 0xff, 0xff, 0xff, 0xff, 0xff, 0xff, 0xff, 0xff, 0xff, 0xff,
  0xff, 0xff, 0xff, 0xff, 0xff, 0xff, 0xfb, 0xff, 0xa9, 0x00, 0x03, 0x01, 0x00, 0x00, 0x00, 0x00,
  0x00, 0x00, 0x00, 0x00, 0x00, 0x00, 0x00, 0x00, 0x00, 0x00, 0x00, 0x00, 0x00, 0x00, 0x00, 0x00,
  0x00, 0x00, 0x00, 0x00, 0x00, 0x00, 0x00, 0x00, 0x00, 0x00, 0x00, 0x00, 0x00, 0x00, 0x00, 0x00,
  0x00, 0x00, 0x00, 0x00, 0x00, 0x00, 0x00, 0x00, 0x00, 0x00, 0x00, 0x00, 0x04, 0x00, 0x6b, 0xff,
  0xfc, 0xff, 0xff, 0xff, 0xff, 0xff, 0xff, 0xff, 0xff, 0xff, 0xff, 0xff, 0xff, 0xff, 0xff, 0xff,
  0xff, 0xff, 0xff, 0xff, 0xff, 0xff, 0xff, 0xff, 0xff, 0xff, 0xff, 0xff, 0xff, 0xff, 0xfe, 0xff,
  0xff, 0xff, 0xff, 0xff, 0xff, 0xff, 0xff, 0xff, 0xff, 0xff, 0xff, 0xff, 0xff, 0xff, 0xff, 0xff,
  0xff, 0xff, 0xff, 0xff, 0xff, 0xff, 0xff, 0xff, 0xff, 0xff, 0xff, 0xff, 0xff, 0xff, 0xff, 0xff,
  0xff, 0xff, 0xff, 0xff, 0xff, 0xff, 0xff, 0xff, 0xff, 0xff, 0xff, 0xff, 0xff, 0xff, 0xff, 0xff,
  0xff, 0xff, 0xff, 0xff, 0xff, 0xff, 0xff, 0xff, 0xff, 0xff, 0xff, 0xff, 0xff, 0xff, 0xff, 0xff,
  0xff, 0xff, 0xff, 0xff, 0xff, 0xff, 0xff, 0xff, 0xff, 0xff, 0xff, 0xff, 0xff, 0xff, 0xff, 0xff,
  0xff, 0xff, 0xff, 0xff, 0xff, 0xff, 0xff, 0xff, 0xff, 0xff, 0xff, 0xff, 0xff, 0xff, 0xff, 0xff,
  0xff, 0xff, 0xff, 0xff, 0xff, 0xff, 0xff, 0xff, 0xff, 0xff, 0xff, 0xff, 0xff, 0xff, 0xff, 0xff,
  0xff, 0xff, 0xff, 0xff, 0xff, 0xff, 0xff, 0xfb, 0xff, 0xbe, 0x09, 0x01, 0x01, 0x00, 0x00, 0x00,
  0x00, 0x00, 0x00, 0x00, 0x00, 0x00, 0x00, 0x00, 0x00, 0x00, 0x00, 0x00, 0x00, 0x00, 0x00, 0x00,
  0x00, 0x00, 0x00, 0x00, 0x00, 0x00, 0x00, 0x00, 0x00, 0x00, 0x00, 0x00, 0x00, 0x00, 0x00, 0x00,
  0x00, 0x00, 0x00, 0x00, 0x00, 0x00, 0x00, 0x00, 0x00, 0x00, 0x00, 0x00, 0x00, 0x00, 0x04, 0x00,
  0x6e, 0xff, 0xfc, 0xff, 0xff, 0xff, 0xff, 0xff, 0xff, 0xff, 0xff, 0xff, 0xff, 0xff, 0xff, 0xff,
  0xff, 0xff, 0xff, 0xff, 0xff, 0xff, 0xff, 0xff, 0xff, 0xff, 0xff, 0xff, 0xff, 0xff, 0xff, 0xfe,
  0xff, 0xff, 0xff, 0xff, 0xff, 0xff, 0xff, 0xff, 0xff, 0xff, 0xff, 0xff, 0xff, 0xff, 0xff, 0xff,
  0xff, 0xff, 0xff, 0xff, 0xff, 0xff, 0xff, 0xff, 0xff, 0xff, 0xff, 0xff, 0xff, 0xff, 0xff, 0xff,
  0xff, 0xff, 0xff, 0xff, 0xff, 0xff, 0xff, 0xff, 0xff, 0xff, 0xff, 0xff, 0xff, 0xff, 0xff, 0xff,
  0xff, 0xff, 0xff, 0xff, 0xff, 0xff, 0xff, 0xff, 0xff, 0xff, 0xff, 0xff, 0xff, 0xff, 0xff, 0xff,
  0xff, 0xff, 0xff, 0xff, 0xff, 0xff, 0xff, 0xff, 0xff, 0xff, 0xff, 0xff, 0xff, 0xff, 0xff, 0xff,
  0xff, 0xff, 0xff, 0xff, 0xff, 0xff, 0xff, 0xff, 0xff, 0xff, 0xff, 0xff, 0xff, 0xff, 0xff, 0xff,
  0xff, 0xff, 0xff, 0xff, 0xff, 0xff, 0xff, 0xff, 0xff, 0xff, 0xff, 0xff, 0xff, 0xff, 0xff, 0xff,
  0xff, 0xff, 0xff, 0xff, 0xff, 0xff, 0xff, 0xff, 0xfb, 0xff, 0xc7, 0x10, 0x00, 0x02, 0x00, 0x00,
  0x00, 0x00, 0x00, 0x00, 0x00, 0x00, 0x00, 0x00, 0x00, 0x00, 0x00, 0x00, 0x00, 0x00, 0x00, 0x00,
  0x00, 0x00, 0x00, 0x00, 0x00, 0x00, 0x00, 0x00, 0x00, 0x00, 0x00, 0x00, 0x00, 0x00, 0x00, 0x00,
  0x00, 0x00, 0x00, 0x00, 0x00, 0x00, 0x00, 0x00, 0x00, 0x00, 0x00, 0x00, 0x00, 0x00, 0x00, 0x00,
  0x04, 0x00, 0x6c, 0xff, 0xfc, 0xff, 0xff, 0xff, 0xff, 0xff, 0xff, 0xff, 0xff, 0xff, 0xff, 0xff,
  0xff, 0xff, 0xff, 0xff, 0xff, 0xff, 0xff, 0xff, 0xff, 0xff, 0xff, 0xff, 0xff, 0xff, 0xff, 0xff,
  0xff, 0xff, 0xff, 0xff, 0xff, 0xff, 0xff, 0xff, 0xff, 0xff, 0xff, 0xff, 0xff, 0xff, 0xff, 0xff,
  0xff, 0xff, 0xff, 0xff, 0xff, 0xff, 0xff, 0xff, 0xff, 0xff, 0xff, 0xff, 0xff, 0xff, 0xff, 0xff,
  0xff, 0xff, 0xff, 0xff, 0xff, 0xff, 0xff, 0xff, 0xff, 0xff, 0xff, 0xff, 0xff, 0xff, 0xff, 0xff,
  0xff, 0xff, 0xff, 0xff, 0xff, 0xff, 0xff, 0xff, 0xff, 0xff, 0xff, 0xff, 0xff, 0xff, 0xff, 0xff,
  0xff, 0xff, 0xff, 0xff, 0xff, 0xff, 0xff, 0xff, 0xff, 0xff, 0xff, 0xff, 0xff, 0xff, 0xff, 0xff,
  0xff, 0xff, 0xff, 0xff, 0xff, 0xff, 0xff, 0xff, 0xff, 0xff, 0xff, 0xff, 0xff, 0xff, 0xff, 0xff,
  0xff, 0xff, 0xff, 0xff, 0xff, 0xff, 0xff, 0xff, 0xff, 0xff, 0xff, 0xff, 0xff, 0xff, 0xff, 0xff,
  0xff, 0xff, 0xff, 0xff, 0xff, 0xff, 0xff, 0xff, 0xff, 0xfb, 0xff, 0xca, 0x14, 0x00, 0x02, 0x00,
  0x00, 0x00, 0x00, 0x00, 0x00, 0x00, 0x00, 0x00, 0x00, 0x00, 0x00, 0x00, 0x00, 0x00, 0x00, 0x00,
  0x00, 0x00, 0x00, 0x00, 0x00, 0x00, 0x00, 0x00, 0x00, 0x00, 0x00, 0x00, 0x00, 0x00, 0x00, 0x00,
  0x00, 0x00, 0x00, 0x00, 0x00, 0x00, 0x00, 0x00, 0x00, 0x00, 0x00, 0x00, 0x00, 0x00, 0x00, 0x00,
  0x00, 0x00, 0x04, 0x00, 0x62, 0xff, 0xfc, 0xff, 0xff, 0xff, 0xff, 0xff, 0xff, 0xff, 0xff, 0xff,
  0xff, 0xff, 0xff, 0xff, 0xff, 0xff, 0xff, 0xff, 0xff, 0xff, 0xff, 0xff, 0xff, 0xff, 0xff, 0xff,
  0xff, 0xff, 0xff, 0xff, 0xff, 0xff, 0xff, 0xff, 0xff, 0xff, 0xff, 0xff, 0xff, 0xff, 0xff, 0xff,
  0xff, 0xff, 0xff, 0xff, 0xff, 0xff, 0xff, 0xff, 0xff, 0xff, 0xff, 0xff, 0xff, 0xff, 0xff, 0xff,
  0xff, 0xff, 0xff, 0xff, 0xff, 0xff, 0xff, 0xff, 0xff, 0xff, 0xff, 0xff, 0xff, 0xff, 0xff, 0xff,
  0xff, 0xff, 0xff, 0xff, 0xff, 0xff, 0xff, 0xff, 0xff, 0xff, 0xff, 0xff, 0xff, 0xff, 0xff, 0xff,
  0xff, 0xff, 0xff, 0xff, 0xff, 0xff, 0xff, 0xff, 0xff, 0xff, 0xff, 0xff, 0xff, 0xff, 0xff, 0xff,
  0xff, 0xff, 0xff, 0xff, 0xff, 0xff, 0xff, 0xff, 0xff, 0xff, 0xff, 0xff, 0xff, 0xff, 0xff, 0xff,
  0xff, 0xff, 0xff, 0xff, 0xff, 0xff, 0xff, 0xff, 0xff, 0xff, 0xff, 0xff, 0xff, 0xff, 0xff, 0xff,
  0xff, 0xff, 0xff, 0xff, 0xff, 0xff, 0xff, 0xff, 0xff, 0xfe, 0xfb, 0xff, 0xc1, 0x14, 0x00, 0x02,
  0x00, 0x00, 0x00, 0x00, 0x00, 0x00, 0x00, 0x00, 0x00, 0x00, 0x00, 0x00, 0x00, 0x00, 0x00, 0x00,
  0x00, 0x00, 0x00, 0x00, 0x00, 0x00, 0x00, 0x00, 0x00, 0x00, 0x00, 0x00, 0x00, 0x00, 0x00, 0x00,
  0x00, 0x00, 0x00, 0x00, 0x00, 0x00, 0x00, 0x00, 0x00, 0x00, 0x00, 0x00, 0x00, 0x00, 0x00, 0x00,
  0x00, 0x00, 0x00, 0x00, 0x03, 0x00, 0x55, 0xff, 0xfc, 0xff, 0xff, 0xff, 0xff, 0xff, 0xff, 0xff,
  0xff, 0xff, 0xff, 0xff, 0xff, 0xff, 0xff, 0xff, 0xff, 0xff, 0xff, 0xff, 0xff, 0xff, 0xff, 0xff,
  0xff, 0xff, 0xff, 0xff, 0xff, 0xff, 0xff, 0xff, 0xff, 0xff, 0xff, 0xff, 0xff, 0xff, 0xff, 0xff,
  0xff, 0xff, 0xff, 0xff, 0xff, 0xff, 0xff, 0xff, 0xff, 0xff, 0xff, 0xff, 0xff, 0xff, 0xff, 0xff,
  0xff, 0xff, 0xff, 0xff, 0xff, 0xff, 0xff, 0xff, 0xff, 0xff, 0xff, 0xff, 0xff, 0xff, 0xff, 0xff,
  0xff, 0xff, 0xff, 0xff, 0xff, 0xff, 0xff, 0xff, 0xff, 0xff, 0xff, 0xff, 0xff, 0xff, 0xff, 0xff,
  0xff, 0xff, 0xff, 0xff, 0xff, 0xff, 0xff, 0xff, 0xff, 0xff, 0xff, 0xff, 0xff, 0xff, 0xff, 0xff,
  0xff, 0xff, 0xff, 0xff, 0xff, 0xff, 0xff, 0xff, 0xff, 0xff, 0xff, 0xff, 0xff, 0xff, 0xff, 0xff,
  0xff, 0xff, 0xff, 0xff, 0xff, 0xff, 0xff, 0xff, 0xff, 0xff, 0xff, 0xff, 0xff, 0xff, 0xff, 0xff,
  0xff, 0xff, 0xff, 0xff, 0xff, 0xff, 0xff, 0xff, 0xff, 0xff, 0xfd, 0xfd, 0xff, 0xa9, 0x0b, 0x00,
  0x02, 0x00, 0x00, 0x00, 0x00, 0x00, 0x00, 0x00, 0x00, 0x00, 0x00, 0x00, 0x00, 0x00, 0x00, 0x00,
  0x00, 0x00, 0x00, 0x00, 0x00, 0x00, 0x00, 0x00, 0x00, 0x00, 0x00, 0x00, 0x00, 0x00, 0x00, 0x00,
  0x00, 0x00, 0x00, 0x00, 0x00, 0x00, 0x00, 0x00, 0x00, 0x00, 0x00, 0x00, 0x00, 0x00, 0x00, 0x00,
  0x00, 0x00, 0x00, 0x00, 0x00, 0x00, 0x03, 0x00, 0x45, 0xff, 0xfe, 0xff, 0xff, 0xff, 0xff, 0xff,
  0xff, 0xff, 0xff, 0xff, 0xff, 0xff, 0xff, 0xff, 0xff, 0xff, 0xff, 0xff, 0xff, 0xff, 0xff, 0xff,
  0xff, 0xff, 0xff, 0xff, 0xff, 0xff, 0xff, 0xff, 0xff, 0xff, 0xff, 0xff, 0xff, 0xff, 0xff, 0xff,
  0xff, 0xff, 0xff, 0xff, 0xff, 0xff, 0xff, 0xff, 0xff, 0xff, 0xff, 0xff, 0xff, 0xff, 0xff, 0xff,
  0xff, 0xff, 0xff, 0xff, 0xff, 0xff, 0xff, 0xff, 0xff, 0xff, 0xff, 0xff, 0xff, 0xff, 0xff, 0xff,
  0xff, 0xff, 0xff, 0xff, 0xff, 0xff, 0xff, 0xff, 0xff, 0xff, 0xff, 0xff, 0xff, 0xff, 0xff, 0xff,
  0xff, 0xff, 0xff, 0xff, 0xff, 0xff, 0xff, 0xff, 0xff, 0xff, 0xff, 0xff, 0xff, 0xff, 0xff, 0xff,
  0xff, 0xff, 0xff, 0xff, 0xff, 0xff, 0xff, 0xff, 0xff, 0xff, 0xff, 0xff, 0xff, 0xff, 0xff, 0xff,
  0xff, 0xff, 0xff, 0xff, 0xff, 0xff, 0xff, 0xff, 0xff, 0xff, 0xff, 0xff, 0xff, 0xff, 0xff, 0xff,
  0xff, 0xff, 0xff, 0xff, 0xff, 0xff, 0xff, 0xff, 0xff, 0xff, 0xff, 0xfc, 0xff, 0xff, 0x83, 0x00,
  0x00, 0x02, 0x00, 0x00, 0x00, 0x00, 0x00, 0x00, 0x00, 0x00, 0x00, 0x00, 0x00, 0x00, 0x00, 0x00,
  0x00, 0x00, 0x00, 0x00, 0x00, 0x00, 0x00, 0x00, 0x00, 0x00, 0x00, 0x00, 0x00, 0x00, 0x00, 0x00,
  0x00, 0x00, 0x00, 0x00, 0x00, 0x00, 0x00, 0x00, 0x00, 0x00, 0x00, 0x00, 0x00, 0x00, 0x00, 0x00,
  0x00, 0x00, 0x00, 0x00, 0x00, 0x00, 0x00, 0x00, 0x02, 0x00, 0x2e, 0xfd, 0xff, 0xfe, 0xff, 0xff,
  0xff, 0xff, 0xff, 0xff, 0xff, 0xff, 0xff, 0xff, 0xff, 0xff, 0xff, 0xff, 0xff, 0xff, 0xff, 0xff,
  0xff, 0xff, 0xff, 0xff, 0xff, 0xff, 0xff, 0xff, 0xff, 0xff, 0xff, 0xff, 0xff, 0xff, 0xff, 0xff,
  0xff, 0xff, 0xff, 0xff, 0xff, 0xff, 0xff, 0xff, 0xff, 0xff, 0xff, 0xff, 0xff, 0xff, 0xff, 0xff,
  0xff, 0xff, 0xff, 0xff, 0xff, 0xff, 0xff, 0xff, 0xff, 0xff, 0xff, 0xff, 0xff, 0xff, 0xff, 0xff,
  0xff, 0xff, 0xff, 0xff, 0xff, 0xff, 0xff, 0xff, 0xff, 0xff, 0xff, 0xff, 0xff, 0xff, 0xff, 0xff,
  0xff, 0xff, 0xff, 0xff, 0xff, 0xff, 0xff, 0xff, 0xff, 0xff, 0xff, 0xff, 0xff, 0xff, 0xff, 0xff,
  0xff, 0xff, 0xff, 0xff, 0xff, 0xff, 0xff, 0xff, 0xff, 0xff, 0xff, 0xff, 0xff, 0xff, 0xff, 0xff,
  0xff, 0xff, 0xff, 0xff, 0xff, 0xff, 0xff, 0xff, 0xff, 0xff, 0xff, 0xff, 0xff, 0xff, 0xff, 0xff,
  0xff, 0xff, 0xff, 0xff, 0xff, 0xff, 0xff, 0xff, 0xff, 0xff, 0xff, 0xfe, 0xfb, 0xff, 0xec, 0x56,
  0x00, 0x01, 0x01, 0x00, 0x00, 0x00, 0x00, 0x00, 0x00, 0x00, 0x00, 0x00, 0x00, 0x00, 0x00, 0x00,
  0x00, 0x00, 0x00, 0x00, 0x00, 0x00, 0x00, 0x00, 0x00, 0x00, 0x00, 0x00, 0x00, 0x00, 0x00, 0x00,
  0x00, 0x00, 0x00, 0x00, 0x00, 0x00, 0x00, 0x00, 0x00, 0x00, 0x00, 0x00, 0x00, 0x00, 0x00, 0x00,
  0x00, 0x00, 0x00, 0x00, 0x00, 0x00, 0x00, 0x00, 0x00, 0x00, 0x02, 0x00, 0x1c, 0xf1, 0xff, 0xfe,
  0xff, 0xff, 0xff, 0xff, 0xff, 0xff, 0xff, 0xff, 0xff, 0xff, 0xff, 0xff, 0xff, 0xff, 0xff, 0xff,
  0xff, 0xff, 0xff, 0xff, 0xff, 0xff, 0xff, 0xff, 0xff, 0xff, 0xff, 0xff, 0xff, 0xff, 0xff, 0xff,
  0xff, 0xff, 0xff, 0xff, 0xff, 0xff, 0xff, 0xff, 0xff, 0xff, 0xff, 0xff, 0xff, 0xff, 0xff, 0xff,
  0xff, 0xff, 0xff, 0xff, 0xff, 0xff, 0xff, 0xff, 0xff, 0xff, 0xff, 0xff, 0xff, 0xff, 0xff, 0xff,
  0xff, 0xff, 0xff, 0xff, 0xff, 0xff, 0xff, 0xff, 0xff, 0xff, 0xff, 0xff, 0xff, 0xff, 0xff, 0xff,
  0xff, 0xff, 0xff, 0xff, 0xff, 0xff, 0xff, 0xff, 0xff, 0xff, 0xff, 0xff, 0xff, 0xff, 0xff, 0xff,
  0xff, 0xff, 0xff, 0xff, 0xff, 0xff, 0xff, 0xff, 0xff, 0xff, 0xff, 0xff, 0xff, 0xff, 0xff, 0xff,
  0xff, 0xff, 0xff, 0xff, 0xff, 0xff, 0xff, 0xff, 0xff, 0xff, 0xff, 0xff, 0xff, 0xff, 0xff, 0xff,
  0xff, 0xff, 0xff, 0xff, 0xff, 0xff, 0xff, 0xff, 0xff, 0xff, 0xff, 0xff, 0xfd, 0xfe, 0xff, 0xc5,
  0x28, 0x00, 0x03, 0x01, 0x00, 0x00, 0x00, 0x00, 0x00, 0x00, 0x00, 0x00, 0x00, 0x00, 0x00, 0x00,
  0x00, 0x00, 0x00, 0x00, 0x00, 0x00, 0x00, 0x00, 0x00, 0x00, 0x00, 0x00, 0x00, 0x00, 0x00, 0x00,
  0x00, 0x00, 0x00, 0x00, 0x00, 0x00, 0x00, 0x00, 0x00, 0x00, 0x00, 0x00, 0x00, 0x00, 0x00, 0x00,
  0x00, 0x00, 0x00, 0x00, 0x00, 0x00, 0x00, 0x00, 0x00, 0x00, 0x00, 0x00, 0x01, 0x00, 0x09, 0xdc,
  0xff, 0xfd, 0xff, 0xff, 0xff, 0xff, 0xff, 0xff, 0xff, 0xff, 0xff, 0xff, 0xff, 0xff, 0xff, 0xff,
  0xff, 0xff, 0xff, 0xff, 0xff, 0xff, 0xff, 0xff, 0xff, 0xff, 0xff, 0xff, 0xff, 0xff, 0xff, 0xff,
  0xff, 0xff, 0xff, 0xff, 0xff, 0xff, 0xff, 0xff, 0xff, 0xff, 0xff, 0xff, 0xff, 0xff, 0xff, 0xff,
  0xff, 0xff, 0xff, 0xff, 0xff, 0xff, 0xff, 0xff, 0xff, 0xff, 0xff, 0xff, 0xff, 0xff, 0xff, 0xff,
  0xff, 0xff, 0xff, 0xff, 0xff, 0xff, 0xff, 0xff, 0xff, 0xff, 0xff, 0xff, 0xff, 0xff, 0xff, 0xff,
  0xff, 0xff, 0xff, 0xff, 0xff, 0xff, 0xff, 0xff, 0xff, 0xff, 0xff, 0xff, 0xff, 0xff, 0xff, 0xff,
  0xff, 0xff, 0xff, 0xff, 0xff, 0xff, 0xff, 0xff, 0xff, 0xff, 0xff, 0xff, 0xff, 0xff, 0xff, 0xff,
  0xff, 0xff, 0xff, 0xff, 0xff, 0xff, 0xff, 0xff, 0xff, 0xff, 0xff, 0xff, 0xff, 0xff, 0xff, 0xff,
  0xff, 0xff, 0xff, 0xff, 0xff, 0xff, 0xff, 0xff, 0xff, 0xff, 0xff, 0xff, 0xfe, 0xfc, 0xff, 0xfd,
  0x87, 0x07, 0x00, 0x03, 0x00, 0x00, 0x00, 0x00, 0x00, 0x00, 0x00, 0x00, 0x00, 0x00, 0x00, 0x00,
  0x00, 0x00, 0x00, 0x00, 0x00, 0x00, 0x00, 0x00, 0x00, 0x00, 0x00, 0x00, 0x00, 0x00, 0x00, 0x00,
  0x00, 0x00, 0x00, 0x00, 0x00, 0x00, 0x00, 0x00, 0x00, 0x00, 0x00, 0x00, 0x00, 0x00, 0x00, 0x00,
  0x00, 0x00, 0x00, 0x00, 0x00, 0x00, 0x00, 0x00, 0x00, 0x00, 0x00, 0x00, 0x00, 0x00, 0x00, 0x01,
  0x00, 0xbf, 0xff, 0xfc, 0xff, 0xff, 0xff, 0xff, 0xff, 0xff, 0xff, 0xff, 0xff, 0xff, 0xff, 0xff,
  0xff, 0xff, 0xff, 0xff, 0xff, 0xff, 0xff, 0xff, 0xff, 0xff, 0xff, 0xff, 0xff, 0xff, 0xff, 0xff,
  0xff, 0xff, 0xff, 0xff, 0xff, 0xff, 0xff, 0xff, 0xff, 0xff, 0xff, 0xff, 0xff, 0xff, 0xff, 0xff,
  0xff, 0xff, 0xff, 0xff, 0xff, 0xff, 0xff, 0xff, 0xff, 0xff, 0xff, 0xff, 0xff, 0xff, 0xff, 0xff,
  0xff, 0xff, 0xff, 0xff, 0xff, 0xff, 0xff, 0xff, 0xff, 0xff, 0xff, 0xff, 0xff, 0xff, 0xff, 0xff,
  0xff, 0xff, 0xff, 0xff, 0xff, 0xff, 0xff, 0xff, 0xff, 0xff, 0xff, 0xff, 0xff, 0xff, 0xff, 0xff,
  0xff, 0xff, 0xff, 0xff, 0xff, 0xff, 0xff, 0xff, 0xff, 0xff, 0xff, 0xff, 0xff, 0xff, 0xff, 0xff,
  0xff, 0xff, 0xff, 0xff, 0xff, 0xff, 0xff, 0xff, 0xff, 0xff, 0xff, 0xff, 0xff, 0xff, 0xff, 0xff,
  0xff, 0xff, 0xff, 0xff, 0xff, 0xff, 0xff, 0xff, 0xff, 0xff, 0xff, 0xff, 0xff, 0xfc, 0xff, 0xff,
  0xcf, 0x41, 0x00, 0x00, 0x02, 0x00, 0x00, 0x00, 0x00, 0x00, 0x00, 0x00, 0x00, 0x00, 0x00, 0x00,
  0x00, 0x00, 0x00, 0x00, 0x00, 0x00, 0x00, 0x00, 0x00, 0x00, 0x00, 0x00, 0x00, 0x00, 0x00, 0x00,
  0x00, 0x00, 0x00, 0x00, 0x00, 0x00, 0x00, 0x00, 0x00, 0x00, 0x00, 0x00, 0x00, 0x00, 0x00, 0x00,
  0x00, 0x00, 0x00, 0x00, 0x00, 0x00, 0x00, 0x00, 0x00, 0x00, 0x00, 0x00, 0x00, 0x00, 0x00, 0x00,
  0x00, 0x03, 0x00, 0x9b, 0xff, 0xfb, 0xff, 0xff, 0xff, 0xff, 0xff, 0xff, 0xff, 0xff, 0xff, 0xff,
  0xff, 0xff, 0xff, 0xff, 0xff, 0xff, 0xff, 0xff, 0xff, 0xff, 0xff, 0xff, 0xff, 0xff, 0xff, 0xff,
  0xff, 0xff, 0xff, 0xff, 0xff, 0xff, 0xff, 0xff, 0xff, 0xff, 0xff, 0xff, 0xff, 0xff, 0xff, 0xff,
  0xff, 0xff, 0xff, 0xff, 0xff, 0xff, 0xff, 0xff, 0xff, 0xff, 0xff, 0xff, 0xff, 0xff, 0xff, 0xff,
  0xff, 0xff, 0xff, 0xff, 0xff, 0xff, 0xff, 0xff, 0xff, 0xff, 0xff, 0xff, 0xff, 0xff, 0xff, 0xff,
  0xff, 0xff, 0xff, 0xff, 0xff, 0xff, 0xff, 0xff, 0xff, 0xff, 0xff, 0xff, 0xff, 0xff, 0xff, 0xff,
  0xff, 0xff, 0xff, 0xff, 0xff, 0xff, 0xff, 0xff, 0xff, 0xff, 0xff, 0xff, 0xff, 0xff, 0xff, 0xff,
  0xff, 0xff, 0xff, 0xff, 0xff, 0xff, 0xff, 0xff, 0xff, 0xff, 0xff, 0xff, 0xff, 0xff, 0xff, 0xff,
  0xff, 0xff, 0xff, 0xff, 0xff, 0xff, 0xff, 0xff, 0xff, 0xff, 0xff, 0xff, 0xff, 0xfe, 0xfc, 0xff,
  0xf7, 0x83, 0x0b, 0x00, 0x03, 0x01, 0x00, 0x00, 0x00, 0x00, 0x00, 0x00, 0x00, 0x00, 0x00, 0x00,
  0x00, 0x00, 0x00, 0x00, 0x00, 0x00, 0x00, 0x00, 0x00, 0x00, 0x00, 0x00, 0x00, 0x00, 0x00, 0x00,
  0x00, 0x00, 0x00, 0x00, 0x00, 0x00, 0x00, 0x00, 0x00, 0x00, 0x00, 0x00, 0x00, 0x00, 0x00, 0x00,
  0x00, 0x00, 0x00, 0x00, 0x00, 0x00, 0x00, 0x00, 0x00, 0x00, 0x00, 0x00, 0x00, 0x00, 0x00, 0x00,
  0x00, 0x00, 0x00, 0x04, 0x00, 0x71, 0xff, 0xfb, 0xff, 0xff, 0xff, 0xff, 0xff, 0xff, 0xff, 0xff,
  0xff, 0xff, 0xff, 0xff, 0xff, 0xff, 0xff, 0xff, 0xff, 0xff, 0xff, 0xff, 0xff, 0xff, 0xff, 0xff,
  0xff, 0xff, 0xff, 0xff, 0xff, 0xff, 0xff, 0xff, 0xff, 0xff, 0xff, 0xff, 0xff, 0xff, 0xff, 0xff,
  0xff, 0xff, 0xff, 0xff, 0xff, 0xff, 0xff, 0xff, 0xff, 0xff, 0xff, 0xff, 0xff, 0xff, 0xff, 0xff,
  0xff, 0xff, 0xff, 0xff, 0xff, 0xff, 0xff, 0xff, 0xff, 0xff, 0xff, 0xff, 0xff, 0xff, 0xff, 0xff,
  0xff, 0xff, 0xff, 0xff, 0xff, 0xff, 0xff, 0xff, 0xff, 0xff, 0xff, 0xff, 0xff, 0xff, 0xff, 0xff,
  0xff, 0xff, 0xff, 0xff, 0xff, 0xff, 0xff, 0xff, 0xff, 0xff, 0xff, 0xff, 0xff, 0xff, 0xff, 0xff,
  0xff, 0xff, 0xff, 0xff, 0xff, 0xff, 0xff, 0xff, 0xff, 0xff, 0xff, 0xff, 0xff, 0xff, 0xff, 0xff,
  0xff, 0xff, 0xff, 0xff, 0xff, 0xff, 0xff, 0xff, 0xff, 0xff, 0xff, 0xff, 0xff, 0xff, 0xfc, 0xff,
  0xff, 0xbc, 0x33, 0x00, 0x00, 0x03, 0x00, 0x00, 0x00, 0x00, 0x00, 0x00, 0x00, 0x00, 0x00, 0x00,
  0x00, 0x00, 0x00, 0x00, 0x00, 0x00, 0x00, 0x00, 0x00, 0x00, 0x00, 0x00, 0x00, 0x00, 0x00, 0x00,
  0x00, 0x00, 0x00, 0x00, 0x00, 0x00, 0x00, 0x00, 0x00, 0x00, 0x00, 0x00, 0x00, 0x00, 0x00, 0x00,
  0x00, 0x00, 0x00, 0x00, 0x00, 0x00, 0x00, 0x00, 0x00, 0x00, 0x00, 0x00, 0x00, 0x00, 0x00, 0x00,
  0x00, 0x00, 0x00, 0x00, 0x00, 0x03, 0x00, 0x46, 0xff, 0xfe, 0xff, 0xff, 0xff, 0xff, 0xff, 0xff,
  0xff, 0xff, 0xff, 0xff, 0xff, 0xff, 0xff, 0xff, 0xff, 0xff, 0xff, 0xff, 0xff, 0xff, 0xff, 0xff,
  0xff, 0xff, 0xff, 0xff, 0xff, 0xff, 0xff, 0xff, 0xff, 0xff, 0xff, 0xff, 0xff, 0xff, 0xff, 0xff,
  0xff, 0xff, 0xff, 0xff, 0xff, 0xff, 0xff, 0xff, 0xff, 0xff, 0xff, 0xff, 0xff, 0xff, 0xff, 0xff,
  0xff, 0xff, 0xff, 0xff, 0xff, 0xff, 0xff, 0xff, 0xff, 0xff, 0xff, 0xff, 0xff, 0xff, 0xff, 0xff,
  0xff, 0xff, 0xff, 0xff, 0xff, 0xff, 0xff, 0xff, 0xff, 0xff, 0xff, 0xff, 0xff, 0xff, 0xff, 0xff,
  0xff, 0xff, 0xff, 0xff, 0xff, 0xff, 0xff, 0xff, 0xff, 0xff, 0xff, 0xff, 0xff, 0xff, 0xff, 0xff,
  0xff, 0xff, 0xff, 0xff, 0xff, 0xff, 0xff, 0xff, 0xff, 0xff, 0xff, 0xff, 0xff, 0xff, 0xff, 0xff,
  0xff, 0xff, 0xff, 0xff, 0xff, 0xff, 0xff, 0xff, 0xff, 0xff, 0xff, 0xff, 0xff, 0xff, 0xfd, 0xfd,
  0xff, 0xe6, 0x66, 0x00, 0x00, 0x03, 0x01, 0x00, 0x00, 0x00, 0x00, 0x00, 0x00, 0x00, 0x00, 0x00,
  0x00, 0x00, 0x00, 0x00, 0x00, 0x00, 0x00, 0x00, 0x00, 0x00, 0x00, 0x00, 0x00, 0x00, 0x00, 0x00,
  0x00, 0x00, 0x00, 0x00, 0x00, 0x00, 0x00, 0x00, 0x00, 0x00, 0x00, 0x00, 0x00, 0x00, 0x00, 0x00,
  0x00, 0x00, 0x00, 0x00, 0x00, 0x00, 0x00, 0x00, 0x00, 0x00, 0x00, 0x00, 0x00, 0x00, 0x00, 0x00,
  0x00, 0x00, 0x00, 0x00, 0x00, 0x00, 0x00, 0x01, 0x00, 0x1b, 0xf1, 0xff, 0xfe, 0xff, 0xff, 0xff,
  0xff, 0xff, 0xff, 0xff, 0xff, 0xff, 0xff, 0xff, 0xff, 0xff, 0xff, 0xff, 0xff, 0xff, 0xff, 0xff,
  0xff, 0xff, 0xff, 0xff, 0xff, 0xff, 0xff, 0xff, 0xff, 0xff, 0xff, 0xff, 0xff, 0xff, 0xff, 0xff,
  0xff, 0xff, 0xff, 0xff, 0xff, 0xff, 0xff, 0xff, 0xff, 0xff, 0xff, 0xff, 0xff, 0xff, 0xff, 0xff,
  0xff, 0xff, 0xff, 0xff, 0xff, 0xff, 0xff, 0xff, 0xff, 0xff, 0xff, 0xff, 0xff, 0xff, 0xff, 0xff,
  0xff, 0xff, 0xff, 0xff, 0xff, 0xff, 0xff, 0xff, 0xff, 0xff, 0xff, 0xff, 0xff, 0xff, 0xff, 0xff,
  0xff, 0xff, 0xff, 0xff, 0xff, 0xff, 0xff, 0xff, 0xff, 0xff, 0xff, 0xff, 0xff, 0xff, 0xff, 0xff,
  0xff, 0xff, 0xff, 0xff, 0xff, 0xff, 0xff, 0xff, 0xff, 0xff, 0xff, 0xff, 0xff, 0xff, 0xff, 0xff,
  0xff, 0xff, 0xff, 0xff, 0xff, 0xff, 0xff, 0xff, 0xff, 0xff, 0xff, 0xff, 0xff, 0xff, 0xff, 0xfb,
  0xff, 0xff, 0xa1, 0x1c, 0x00, 0x01, 0x02, 0x00, 0x00, 0x00, 0x00, 0x00, 0x00, 0x00, 0x00, 0x00,
  0x00, 0x00, 0x00, 0x00, 0x00, 0x00, 0x00, 0x00, 0x00, 0x00, 0x00, 0x00, 0x00, 0x00, 0x00, 0x00,
  0x00, 0x00, 0x00, 0x00, 0x00, 0x00, 0x00, 0x00, 0x00, 0x00, 0x00, 0x00, 0x00, 0x00, 0x00, 0x00,
  0x00, 0x00, 0x00, 0x00, 0x00, 0x00, 0x00, 0x00, 0x00, 0x00, 0x00, 0x00, 0x00, 0x00, 0x00, 0x00,
  0x00, 0x00, 0x00, 0x00, 0x00, 0x00, 0x00, 0x00, 0x00, 0x01, 0x01, 0x02, 0xcb, 0xff, 0xfd, 0xff,
  0xff, 0xff, 0xff, 0xff, 0xff, 0xff, 0xff, 0xff, 0xff, 0xff, 0xff, 0xff, 0xff, 0xff, 0xff, 0xff,
  0xff, 0xff, 0xff, 0xff, 0xff, 0xff, 0xff, 0xff, 0xff, 0xff, 0xff, 0xff, 0xff, 0xff, 0xff, 0xff,
  0xff, 0xff, 0xff, 0xff, 0xff, 0xff, 0xff, 0xff, 0xff, 0xff, 0xff, 0xff, 0xff, 0xff, 0xff, 0xff,
  0xff, 0xff, 0xff, 0xff, 0xff, 0xff, 0xff, 0xff, 0xff, 0xff, 0xff, 0xff, 0xff, 0xff, 0xff, 0xff,
  0xff, 0xff, 0xff, 0xff, 0xff, 0xff, 0xff, 0xff, 0xff, 0xff, 0xff, 0xff, 0xff, 0xff, 0xff, 0xff,
  0xff, 0xff, 0xff, 0xff, 0xff, 0xff, 0xff, 0xff, 0xff, 0xff, 0xff, 0xff, 0xff, 0xff, 0xff, 0xff,
  0xff, 0xff, 0xff, 0xff, 0xff, 0xff, 0xff, 0xff, 0xff, 0xff, 0xff, 0xff, 0xff, 0xff, 0xff, 0xff,
  0xff, 0xff, 0xff, 0xff, 0xff, 0xff, 0xff, 0xff, 0xff, 0xff, 0xff, 0xff, 0xff, 0xff, 0xff, 0xfd,
  0xfe, 0xff, 0xd9, 0x4e, 0x00, 0x00, 0x03, 0x00, 0x00, 0x00, 0x00, 0x00, 0x00, 0x00, 0x00, 0x00,
  0x00, 0x00, 0x00, 0x00, 0x00, 0x00, 0x00, 0x00, 0x00, 0x00, 0x00, 0x00, 0x00, 0x00, 0x00, 0x00,
  0x00, 0x00, 0x00, 0x00, 0x00, 0x00, 0x00, 0x00, 0x00, 0x00, 0x00, 0x00, 0x00, 0x00, 0x00, 0x00,
  0x00, 0x00, 0x00, 0x00, 0x00, 0x00, 0x00, 0x00, 0x00, 0x00, 0x00, 0x00, 0x00, 0x00, 0x00, 0x00,
  0x00, 0x00, 0x00, 0x00, 0x00, 0x00, 0x00, 0x00, 0x00, 0x00, 0x00, 0x00, 0x04, 0x00, 0x91, 0xff,
  0xfb, 0xff, 0xff, 0xff, 0xff, 0xff, 0xff, 0xff, 0xff, 0xff, 0xff, 0xff, 0xff, 0xff, 0xff, 0xff,
  0xff, 0xff, 0xff, 0xff, 0xff, 0xff, 0xff, 0xff, 0xff, 0xff, 0xff, 0xff, 0xff, 0xff, 0xff, 0xff,
  0xff, 0xff, 0xff, 0xff, 0xff, 0xff, 0xff, 0xff, 0xff, 0xff, 0xff, 0xff, 0xff, 0xff, 0xff, 0xff,
  0xff, 0xff, 0xff, 0xff, 0xff, 0xff, 0xff, 0xff, 0xff, 0xff, 0xff, 0xff, 0xff, 0xff, 0xff, 0xff,
  0xff, 0xff, 0xff, 0xff, 0xff, 0xff, 0xff, 0xff, 0xff, 0xff, 0xff, 0xff, 0xff, 0xff, 0xff, 0xff,
  0xff, 0xff, 0xff, 0xff, 0xff, 0xff, 0xff, 0xff, 0xff, 0xff, 0xff, 0xff, 0xff, 0xff, 0xff, 0xff,
  0xff, 0xff, 0xff, 0xff, 0xff, 0xff, 0xff, 0xff, 0xff, 0xff, 0xff, 0xff, 0xff, 0xff, 0xff, 0xff,
  0xff, 0xff, 0xff, 0xff, 0xff, 0xff, 0xff, 0xff, 0xff, 0xff, 0xff, 0xff, 0xff, 0xff, 0xff, 0xff,
  0xfc, 0xff, 0xff, 0x95, 0x11, 0x00, 0x03, 0x02, 0x00, 0x00, 0x00, 0x00, 0x00, 0x00, 0x00, 0x00,
  0x00, 0x00, 0x00, 0x00, 0x00, 0x00, 0x00, 0x00, 0x00, 0x00, 0x00, 0x00, 0x00, 0x00, 0x00, 0x00,
  0x00, 0x00, 0x00, 0x00, 0x00, 0x00, 0x00, 0x00, 0x00, 0x00, 0x00, 0x00, 0x00, 0x00, 0x00, 0x00,
  0x00, 0x00, 0x00, 0x00, 0x00, 0x00, 0x00, 0x00, 0x00, 0x00, 0x00, 0x00, 0x00, 0x00, 0x00, 0x00,
  0x00, 0x00, 0x00, 0x00, 0x00, 0x00, 0x00, 0x00, 0x00, 0x00, 0x00, 0x00, 0x00, 0x00, 0x03, 0x00,
  0x52, 0xff, 0xfd, 0xff, 0xff, 0xff, 0xff, 0xff, 0xff, 0xff, 0xff, 0xff, 0xff, 0xff, 0xff, 0xff,
  0xff, 0xff, 0xff, 0xff, 0xff, 0xff, 0xff, 0xff, 0xff, 0xff, 0xff, 0xff, 0xff, 0xff, 0xff, 0xff,
  0xff, 0xff, 0xff, 0xff, 0xff, 0xff, 0xff, 0xff, 0xff, 0xff, 0xff, 0xff, 0xff, 0xff, 0xff, 0xff,
  0xff, 0xff, 0xff, 0xff, 0xff, 0xff, 0xff, 0xff, 0xff, 0xff, 0xff, 0xff, 0xff, 0xff, 0xff, 0xff,
  0xff, 0xff, 0xff, 0xff, 0xff, 0xff, 0xff, 0xff, 0xff, 0xff, 0xff, 0xff, 0xff, 0xff, 0xff, 0xff,
  0xff, 0xff, 0xff, 0xff, 0xff, 0xff, 0xff, 0xff, 0xff, 0xff, 0xff, 0xff, 0xff, 0xff, 0xff, 0xff,
  0xff, 0xff, 0xff, 0xff, 0xff, 0xff, 0xff, 0xff, 0xff, 0xff, 0xff, 0xff, 0xff, 0xff, 0xff, 0xff,
  0xff, 0xff, 0xff, 0xff, 0xff, 0xff, 0xff, 0xff, 0xff, 0xff, 0xff, 0xff, 0xff, 0xff, 0xff, 0xff,
  0xff, 0xfc, 0xff, 0xdb, 0x49, 0x00, 0x00, 0x03, 0x00, 0x00, 0x00, 0x00, 0x00, 0x00, 0x00, 0x00,
  0x00, 0x00, 0x00, 0x00, 0x00, 0x00, 0x00, 0x00, 0x00, 0x00, 0x00, 0x00, 0x00, 0x00, 0x00, 0x00,
  0x00, 0x00, 0x00, 0x00, 0x00, 0x00, 0x00, 0x00, 0x00, 0x00, 0x00, 0x00, 0x00, 0x00, 0x00, 0x00,
  0x00, 0x00, 0x00, 0x00, 0x00, 0x00, 0x00, 0x00, 0x00, 0x00, 0x00, 0x00, 0x00, 0x00, 0x00, 0x00,
  0x00, 0x00, 0x00, 0x00, 0x00, 0x00, 0x00, 0x00, 0x00, 0x00, 0x00, 0x00, 0x00, 0x00, 0x00, 0x00,
  0x01, 0x00, 0x18, 0xef, 0xff, 0xfe, 0xff, 0xff, 0xff, 0xff, 0xff, 0xff, 0xff, 0xff, 0xff, 0xff,
  0xff, 0xff, 0xff, 0xff, 0xff, 0xff, 0xff, 0xff, 0xff, 0xff, 0xff, 0xff, 0xff, 0xff, 0xff, 0xff,
  0xff, 0xff, 0xff, 0xff, 0xff, 0xff, 0xff, 0xff, 0xff, 0xff, 0xff, 0xff, 0xff, 0xff, 0xff, 0xff,
  0xff, 0xff, 0xff, 0xff, 0xff, 0xff, 0xff, 0xff, 0xff, 0xff, 0xff, 0xff, 0xff, 0xff, 0xff, 0xff,
  0xff, 0xff, 0xff, 0xff, 0xff, 0xff, 0xff, 0xff, 0xff, 0xff, 0xff, 0xff, 0xff, 0xff, 0xff, 0xff,
  0xff, 0xff, 0xff, 0xff, 0xff, 0xff, 0xff, 0xff, 0xff, 0xff, 0xff, 0xff, 0xff, 0xff, 0xff, 0xff,
  0xff, 0xff, 0xff, 0xff, 0xff, 0xff, 0xff, 0xff, 0xff, 0xff, 0xff, 0xff, 0xff, 0xff, 0xff, 0xff,
  0xff, 0xff, 0xff, 0xff, 0xff, 0xff, 0xff, 0xff, 0xff, 0xff, 0xff, 0xff, 0xff, 0xff, 0xff, 0xff,
  0xff, 0xff, 0xfc, 0xff, 0xa9, 0x14, 0x00, 0x03, 0x01, 0x00, 0x00, 0x00, 0x00, 0x00, 0x00, 0x00,
  0x00, 0x00, 0x00, 0x00, 0x00, 0x00, 0x00, 0x00, 0x00, 0x00, 0x00, 0x00, 0x00, 0x00, 0x00, 0x00,
  0x00, 0x00, 0x00, 0x00, 0x00, 0x00, 0x00, 0x00, 0x00, 0x00, 0x00, 0x00, 0x00, 0x00, 0x00, 0x00,
  0x00, 0x00, 0x00, 0x00, 0x00, 0x00, 0x00, 0x00, 0x00, 0x00, 0x00, 0x00, 0x00, 0x00, 0x00, 0x00,
  0x00, 0x00, 0x00, 0x00, 0x00, 0x00, 0x00, 0x00, 0x00, 0x00, 0x00, 0x00, 0x00, 0x00, 0x00, 0x00,
  0x00, 0x00, 0x00, 0x02, 0x00, 0xb5, 0xfe, 0xfc, 0xff, 0xff, 0xff, 0xff, 0xff, 0xff, 0xff, 0xff,
  0xff, 0xff, 0xff, 0xff, 0xff, 0xff, 0xff, 0xff, 0xff, 0xff, 0xff, 0xff, 0xff, 0xff, 0xff, 0xff,
  0xff, 0xff, 0xff, 0xff, 0xff, 0xff, 0xff, 0xff, 0xff, 0xff, 0xff, 0xff, 0xff, 0xff, 0xff, 0xff,
  0xff, 0xff, 0xff, 0xff, 0xff, 0xff, 0xff, 0xff, 0xff, 0xff, 0xff, 0xff, 0xff, 0xff, 0xff, 0xff,
  0xff, 0xff, 0xff, 0xff, 0xff, 0xff, 0xff, 0xff, 0xff, 0xff, 0xff, 0xff, 0xff, 0xff, 0xff, 0xff,
  0xff, 0xff, 0xff, 0xff, 0xff, 0xff, 0xff, 0xff, 0xff, 0xff, 0xff, 0xff, 0xff, 0xff, 0xff, 0xff,
  0xff, 0xff, 0xff, 0xff, 0xff, 0xff, 0xff, 0xff, 0xff, 0xff, 0xff, 0xff, 0xff, 0xff, 0xff, 0xff,
  0xff, 0xff, 0xff, 0xff, 0xff, 0xff, 0xff, 0xff, 0xff, 0xff, 0xff, 0xff, 0xff, 0xff, 0xff, 0xff,
  0xff, 0xff, 0xff, 0xfd, 0xff, 0x91, 0x00, 0x00, 0x03, 0x00, 0x00, 0x00, 0x00, 0x00, 0x00, 0x00,
  0x00, 0x00, 0x00, 0x00, 0x00, 0x00, 0x00, 0x00, 0x00, 0x00, 0x00, 0x00, 0x00, 0x00, 0x00, 0x00,
  0x00, 0x00, 0x00, 0x00, 0x00, 0x00, 0x00, 0x00, 0x00, 0x00, 0x00, 0x00, 0x00, 0x00, 0x00, 0x00,
  0x00, 0x00, 0x00, 0x00, 0x00, 0x00, 0x00, 0x00, 0x00, 0x00, 0x00, 0x00, 0x00, 0x00, 0x00, 0x00,
  0x00, 0x00, 0x00, 0x00, 0x00, 0x00, 0x00, 0x00, 0x00, 0x00, 0x00, 0x00, 0x00, 0x00, 0x00, 0x00,
  0x00, 0x00, 0x00, 0x00, 0x00, 0x04, 0x00, 0x64, 0xff, 0xfc, 0xff, 0xff, 0xff, 0xff, 0xff, 0xff,
  0xff, 0xff, 0xff, 0xff, 0xff, 0xff, 0xff, 0xff, 0xff, 0xff, 0xff, 0xff, 0xff, 0xff, 0xff, 0xff,
  0xff, 0xff, 0xff, 0xff, 0xff, 0xff, 0xff, 0xff, 0xff, 0xff, 0xff, 0xff, 0xff, 0xff, 0xff, 0xff,
  0xff, 0xff, 0xff, 0xff, 0xff, 0xff, 0xff, 0xff, 0xff, 0xff, 0xff, 0xff, 0xff, 0xff, 0xff, 0xff,
  0xff, 0xff, 0xff, 0xff, 0xff, 0xff, 0xff, 0xff, 0xff, 0xff, 0xff, 0xff, 0xff, 0xff, 0xff, 0xff,
  0xff, 0xff, 0xff, 0xff, 0xff, 0xff, 0xff, 0xff, 0xff, 0xff, 0xff, 0xff, 0xff, 0xff, 0xff, 0xff,
  0xff, 0xff, 0xff, 0xff, 0xff, 0xff, 0xff, 0xff, 0xff, 0xff, 0xff, 0xff, 0xff, 0xff, 0xff, 0xff,
  0xff, 0xff, 0xff, 0xff, 0xff, 0xff, 0xff, 0xff, 0xff, 0xff, 0xff, 0xff, 0xff, 0xff, 0xff, 0xff,
  0xff, 0xff, 0xff, 0xff, 0xfc, 0xff, 0xb1, 0x00, 0x02, 0x02, 0x00, 0x00, 0x00, 0x00, 0x00, 0x00,
  0x00, 0x00, 0x00, 0x00, 0x00, 0x00, 0x00, 0x00, 0x00, 0x00, 0x00, 0x00, 0x00, 0x00, 0x00, 0x00,
  0x00, 0x00, 0x00, 0x00, 0x00, 0x00, 0x00, 0x00, 0x00, 0x00, 0x00, 0x00, 0x00, 0x00, 0x00, 0x00,
  0x00, 0x00, 0x00, 0x00, 0x00, 0x00, 0x00, 0x00, 0x00, 0x00, 0x00, 0x00, 0x00, 0x00, 0x00, 0x00,
  0x00, 0x00, 0x00, 0x00, 0x00, 0x00, 0x00, 0x00, 0x00, 0x00, 0x00, 0x00, 0x00, 0x00, 0x00, 0x00,
  0x00, 0x00, 0x00, 0x00, 0x00, 0x00, 0x00, 0x01, 0x00, 0x19, 0xf0, 0xff, 0xfe, 0xff, 0xff, 0xff,
  0xff, 0xff, 0xff, 0xff, 0xff, 0xff, 0xff, 0xff, 0xff, 0xff, 0xff, 0xff, 0xff, 0xff, 0xff, 0xff,
  0xff, 0xff, 0xff, 0xff, 0xff, 0xff, 0xff, 0xff, 0xff, 0xff, 0xff, 0xff, 0xff, 0xff, 0xff, 0xff,
  0xff, 0xff, 0xff, 0xff, 0xff, 0xff, 0xff, 0xff, 0xff, 0xff, 0xff, 0xff, 0xff, 0xff, 0xff, 0xff,
  0xff, 0xff, 0xff, 0xff, 0xff, 0xff, 0xff, 0xff, 0xff, 0xff, 0xff, 0xff, 0xff, 0xff, 0xff, 0xff,
  0xff, 0xff, 0xff, 0xff, 0xff, 0xff, 0xff, 0xff, 0xff, 0xff, 0xff, 0xff, 0xff, 0xff, 0xff, 0xff,
  0xff, 0xff, 0xff, 0xff, 0xff, 0xff, 0xff, 0xff, 0xff, 0xff, 0xff, 0xff, 0xff, 0xff, 0xff, 0xff,
  0xff, 0xff, 0xff, 0xff, 0xff, 0xff, 0xff, 0xff, 0xff, 0xff, 0xff, 0xff, 0xff, 0xff, 0xff, 0xff,
  0xff, 0xff, 0xff, 0xff, 0xff, 0xfe, 0xfe, 0xf9, 0x2f, 0x01, 0x03, 0x00, 0x00, 0x00, 0x00, 0x00,
  0x00, 0x00, 0x00, 0x00, 0x00, 0x00, 0x00, 0x00, 0x00, 0x00, 0x00, 0x00, 0x00, 0x00, 0x00, 0x00,
  0x00, 0x00, 0x00, 0x00, 0x00, 0x00, 0x00, 0x00, 0x00, 0x00, 0x00, 0x00, 0x00, 0x00, 0x00, 0x00,
  0x00, 0x00, 0x00, 0x00, 0x00, 0x00, 0x00, 0x00, 0x00, 0x00, 0x00, 0x00, 0x00, 0x00, 0x00, 0x00,
  0x00, 0x00, 0x00, 0x00, 0x00, 0x00, 0x00, 0x00, 0x00, 0x00, 0x00, 0x00, 0x00, 0x00, 0x00, 0x00,
  0x00, 0x00, 0x00, 0x00, 0x00, 0x00, 0x00, 0x00, 0x00, 0x00, 0x02, 0x00, 0xa9, 0xfe, 0xfc, 0xff,
  0xff, 0xff, 0xff, 0xff, 0xff, 0xff, 0xff, 0xff, 0xff, 0xff, 0xff, 0xff, 0xff, 0xff, 0xff, 0xff,
  0xff, 0xff, 0xff, 0xff, 0xff, 0xff, 0xff, 0xff, 0xff, 0xff, 0xff, 0xff, 0xff, 0xff, 0xff, 0xff,
  0xff, 0xff, 0xff, 0xff, 0xff, 0xff, 0xff, 0xff, 0xff, 0xff, 0xff, 0xff, 0xff, 0xff, 0xff, 0xff,
  0xff, 0xff, 0xff, 0xff, 0xff, 0xff, 0xff, 0xff, 0xff, 0xff, 0xff, 0xff, 0xff, 0xff, 0xff, 0xff,
  0xff, 0xff, 0xff, 0xff, 0xff, 0xff, 0xff, 0xff, 0xff, 0xff, 0xff, 0xff, 0xff, 0xff, 0xff, 0xff,
  0xff, 0xff, 0xff, 0xff, 0xff, 0xff, 0xff, 0xff, 0xff, 0xff, 0xff, 0xff, 0xff, 0xff, 0xff, 0xff,
  0xff, 0xff, 0xff, 0xff, 0xff, 0xff, 0xff, 0xff, 0xff, 0xff, 0xff, 0xff, 0xff, 0xff, 0xff, 0xff,
  0xff, 0xff, 0xff, 0xff, 0xff, 0xff, 0xff, 0xfd, 0xff, 0xd8, 0x05, 0x00, 0x01, 0x00, 0x00, 0x00,
  0x00, 0x00, 0x00, 0x00, 0x00, 0x00, 0x00, 0x00, 0x00, 0x00, 0x00, 0x00, 0x00, 0x00, 0x00, 0x00,
  0x00, 0x00, 0x00, 0x00, 0x00, 0x00, 0x00, 0x00, 0x00, 0x00, 0x00, 0x00, 0x00, 0x00, 0x00, 0x00,
  0x00, 0x00, 0x00, 0x00, 0x00, 0x00, 0x00, 0x00, 0x00, 0x00, 0x00, 0x00, 0x00, 0x00, 0x00, 0x00,
  0x00, 0x00, 0x00, 0x00, 0x00, 0x00, 0x00, 0x00, 0x00, 0x00, 0x00, 0x00, 0x00, 0x00, 0x00, 0x00,
  0x00, 0x00, 0x00, 0x00, 0x00, 0x00, 0x00, 0x00, 0x00, 0x00, 0x00, 0x00, 0x03, 0x01, 0x4f, 0xff,
  0xfd, 0xff, 0xff, 0xff, 0xff, 0xff, 0xff, 0xff, 0xff, 0xff, 0xff, 0xff, 0xff, 0xff, 0xff, 0xff,
  0xff, 0xff, 0xff, 0xff, 0xff, 0xff, 0xff, 0xff, 0xff, 0xff, 0xff, 0xff, 0xff, 0xff, 0xff, 0xff,
  0xff, 0xff, 0xff, 0xff, 0xff, 0xff, 0xff, 0xff, 0xff, 0xff, 0xff, 0xff, 0xff, 0xff, 0xff, 0xff,
  0xff, 0xff, 0xff, 0xff, 0xff, 0xff, 0xff, 0xff, 0xff, 0xff, 0xff, 0xff, 0xff, 0xff, 0xff, 0xff,
  0xff, 0xff, 0xff, 0xff, 0xff, 0xff, 0xff, 0xff, 0xff, 0xff, 0xff, 0xff, 0xff, 0xff, 0xff, 0xff,
  0xff, 0xff, 0xff, 0xff, 0xff, 0xff, 0xff, 0xff, 0xff, 0xff, 0xff, 0xff, 0xff, 0xff, 0xff, 0xff,
  0xff, 0xff, 0xff, 0xff, 0xff, 0xff, 0xff, 0xff, 0xff, 0xff, 0xff, 0xff, 0xff, 0xff, 0xff, 0xff,
  0xff, 0xff, 0xff, 0xff, 0xff, 0xff, 0xff, 0xff, 0xff, 0xfd, 0xff, 0xcd, 0x00, 0x00, 0x01, 0x00,
  0x00, 0x00, 0x00, 0x00, 0x00, 0x00, 0x00, 0x00, 0x00, 0x00, 0x00, 0x00, 0x00, 0x00, 0x00, 0x00,
  0x00, 0x00, 0x00, 0x00, 0x00, 0x00, 0x00, 0x00, 0x00, 0x00, 0x00, 0x00, 0x00, 0x00, 0x00, 0x00,
  0x00, 0x00, 0x00, 0x00, 0x00, 0x00, 0x00, 0x00, 0x00, 0x00, 0x00, 0x00, 0x00, 0x00, 0x00, 0x00,
  0x00, 0x00, 0x00, 0x00, 0x00, 0x00, 0x00, 0x00, 0x00, 0x00, 0x00, 0x00, 0x00, 0x00, 0x00, 0x00,
  0x00, 0x00, 0x00, 0x00, 0x00, 0x00, 0x00, 0x00, 0x00, 0x00, 0x00, 0x00, 0x00, 0x00, 0x01, 0x00,
  0x0b, 0xde, 0xff, 0xfd, 0xff, 0xff, 0xff, 0xff, 0xff, 0xff, 0xff, 0xff, 0xff, 0xff, 0xff, 0xff,
  0xff, 0xff, 0xff, 0xff, 0xff, 0xff, 0xff, 0xff, 0xff, 0xff, 0xff, 0xff, 0xff, 0xff, 0xff, 0xff,
  0xff, 0xff, 0xff, 0xff, 0xff, 0xff, 0xff, 0xff, 0xff, 0xff, 0xff, 0xff, 0xff, 0xff, 0xff, 0xff,
  0xff, 0xff, 0xff, 0xff, 0xff, 0xff, 0xff, 0xff, 0xff, 0xff, 0xff, 0xff, 0xff, 0xff, 0xff, 0xff,
  0xff, 0xff, 0xff, 0xff, 0xff, 0xff, 0xff, 0xff, 0xff, 0xff, 0xff, 0xff, 0xff, 0xff, 0xff, 0xff,
  0xff, 0xff, 0xff, 0xff, 0xff, 0xff, 0xff, 0xff, 0xff, 0xff, 0xff, 0xff, 0xff, 0xff, 0xff, 0xff,
  0xff, 0xff, 0xff, 0xff, 0xff, 0xff, 0xff, 0xff, 0xff, 0xff, 0xff, 0xff, 0xff, 0xff, 0xff, 0xff,
  0xff, 0xff, 0xff, 0xff, 0xff, 0xff, 0xff, 0xff, 0xff, 0xff, 0xff, 0xfd, 0xff, 0xd6, 0x05, 0x00,
  0x01, 0x00, 0x00, 0x00, 0x00, 0x00, 0x00, 0x00, 0x00, 0x00, 0x00, 0x00, 0x00, 0x00, 0x00, 0x00,
  0x00, 0x00, 0x00, 0x00, 0x00, 0x00, 0x00, 0x00, 0x00, 0x00, 0x00, 0x00, 0x00, 0x00, 0x00, 0x00,
  0x00, 0x00, 0x00, 0x00, 0x00, 0x00, 0x00, 0x00, 0x00, 0x00, 0x00, 0x00, 0x00, 0x00, 0x00, 0x00,
  0x00, 0x00, 0x00, 0x00, 0x00, 0x00, 0x00, 0x00, 0x00, 0x00, 0x00, 0x00, 0x00, 0x00, 0x00, 0x00,
  0x00, 0x00, 0x00, 0x00, 0x00, 0x00, 0x00, 0x00, 0x00, 0x00, 0x00, 0x00, 0x00, 0x00, 0x00, 0x00,
  0x00, 0x03, 0x00, 0x84, 0xff, 0xfb, 0xff, 0xff, 0xff, 0xff, 0xff, 0xff, 0xff, 0xff, 0xff, 0xff,
  0xff, 0xff, 0xff, 0xff, 0xff, 0xff, 0xff, 0xff, 0xff, 0xff, 0xff, 0xff, 0xff, 0xff, 0xff, 0xff,
  0xff, 0xff, 0xff, 0xff, 0xff, 0xff, 0xff, 0xff, 0xff, 0xff, 0xff, 0xff, 0xff, 0xff, 0xff, 0xff,
  0xff, 0xff, 0xff, 0xff, 0xff, 0xff, 0xff, 0xff, 0xff, 0xff, 0xff, 0xff, 0xff, 0xff, 0xff, 0xff,
  0xff, 0xff, 0xff, 0xff, 0xff, 0xff, 0xff, 0xff, 0xff, 0xff, 0xff, 0xff, 0xff, 0xff, 0xff, 0xff,
  0xff, 0xff, 0xff, 0xff, 0xff, 0xff, 0xff, 0xff, 0xff, 0xff, 0xff, 0xff, 0xff, 0xff, 0xff, 0xff,
  0xff, 0xff, 0xff, 0xff, 0xff, 0xff, 0xff, 0xff, 0xff, 0xff, 0xff, 0xff, 0xff, 0xff, 0xff, 0xff,
  0xff, 0xff, 0xff, 0xff, 0xff, 0xff, 0xff, 0xff, 0xff, 0xff, 0xff, 0xff, 0xff, 0xfd, 0xff, 0xe4,
  0x0f, 0x00, 0x01, 0x00, 0x00, 0x00, 0x00, 0x00, 0x00, 0x00, 0x00, 0x00, 0x00, 0x00, 0x00, 0x00,
  0x00, 0x00, 0x00, 0x00, 0x00, 0x00, 0x00, 0x00, 0x00, 0x00, 0x00, 0x00, 0x00, 0x00, 0x00, 0x00,
  0x00, 0x00, 0x00, 0x00, 0x00, 0x00, 0x00, 0x00, 0x00, 0x00, 0x00, 0x00, 0x00, 0x00, 0x00, 0x00,
  0x00, 0x00, 0x00, 0x00, 0x00, 0x00, 0x00, 0x00, 0x00, 0x00, 0x00, 0x00, 0x00, 0x00, 0x00, 0x00,
  0x00, 0x00, 0x00, 0x00, 0x00, 0x00, 0x00, 0x00, 0x00, 0x00, 0x00, 0x00, 0x00, 0x00, 0x00, 0x00,
  0x00, 0x00, 0x00, 0x02, 0x00, 0x25, 0xf6, 0xfe, 0xfe, 0xff, 0xff, 0xff, 0xff, 0xff, 0xff, 0xff,
  0xff, 0xff, 0xff, 0xff, 0xff, 0xff, 0xff, 0xff, 0xff, 0xff, 0xff, 0xff, 0xff, 0xff, 0xff, 0xff,
  0xff, 0xff, 0xff, 0xff, 0xff, 0xff, 0xff, 0xff, 0xff, 0xff, 0xff, 0xff, 0xff, 0xff, 0xff, 0xff,
  0xff, 0xff, 0xff, 0xff, 0xff, 0xff, 0xff, 0xff, 0xff, 0xff, 0xff, 0xff, 0xff, 0xff, 0xff, 0xff,
  0xff, 0xff, 0xff, 0xff, 0xff, 0xff, 0xff, 0xff, 0xff, 0xff, 0xff, 0xff, 0xff, 0xff, 0xff, 0xff,
  0xff, 0xff, 0xff, 0xff, 0xff, 0xff, 0xff, 0xff, 0xff, 0xff, 0xff, 0xff, 0xff, 0xff, 0xff, 0xff,
  0xff, 0xff, 0xff, 0xff, 0xff, 0xff, 0xff, 0xff, 0xff, 0xff, 0xff, 0xff, 0xff, 0xff, 0xff, 0xff,
  0xff, 0xff, 0xff, 0xff, 0xff, 0xff, 0xff, 0xff, 0xff, 0xff, 0xff, 0xff, 0xff, 0xff, 0xff, 0xfe,
  0xff, 0xf3, 0x1e, 0x00, 0x02, 0x00, 0x00, 0x00, 0x00, 0x00, 0x00, 0x00, 0x00, 0x00, 0x00, 0x00,
  0x00, 0x00, 0x00, 0x00, 0x00, 0x00, 0x00, 0x00, 0x00, 0x00, 0x00, 0x00, 0x00, 0x00, 0x00, 0x00,
  0x00, 0x00, 0x00, 0x00, 0x00, 0x00, 0x00, 0x00, 0x00, 0x00, 0x00, 0x00, 0x00, 0x00, 0x00, 0x00,
  0x00, 0x00, 0x00, 0x00, 0x00, 0x00, 0x00, 0x00, 0x00, 0x00, 0x00, 0x00, 0x00, 0x00, 0x00, 0x00,
  0x00, 0x00, 0x00, 0x00, 0x00, 0x00, 0x00, 0x00, 0x00, 0x00, 0x00, 0x00, 0x00, 0x00, 0x00, 0x00,
  0x00, 0x00, 0x00, 0x00, 0x00, 0x00, 0x02, 0x00, 0xa9, 0xff, 0xfc, 0xff, 0xff, 0xff, 0xff, 0xff,
  0xff, 0xff, 0xff, 0xff, 0xff, 0xff, 0xff, 0xff, 0xff, 0xff, 0xff, 0xff, 0xff, 0xff, 0xff, 0xff,
  0xff, 0xff, 0xff, 0xff, 0xff, 0xff, 0xff, 0xff, 0xff, 0xff, 0xff, 0xff, 0xff, 0xff, 0xff, 0xff,
  0xff, 0xff, 0xff, 0xff, 0xff, 0xff, 0xff, 0xff, 0xff, 0xff, 0xff, 0xff, 0xff, 0xff, 0xff, 0xff,
  0xff, 0xff, 0xff, 0xff, 0xff, 0xff, 0xff, 0xff, 0xff, 0xff, 0xff, 0xff, 0xff, 0xff, 0xff, 0xff,
  0xff, 0xff, 0xff, 0xff, 0xff, 0xff, 0xff, 0xff, 0xff, 0xff, 0xff, 0xff, 0xff, 0xff, 0xff, 0xff,
  0xff, 0xff, 0xff, 0xff, 0xff, 0xff, 0xff, 0xff, 0xff, 0xff, 0xff, 0xff, 0xff, 0xff, 0xff, 0xff,
  0xff, 0xff, 0xff, 0xff, 0xff, 0xff, 0xff, 0xff, 0xff, 0xff, 0xff, 0xff, 0xff, 0xff, 0xff, 0xff,
  0xff, 0xff, 0xff, 0xff, 0x36, 0x00, 0x02, 0x00, 0x00, 0x00, 0x00, 0x00, 0x00, 0x00, 0x00, 0x00,
  0x00, 0x00, 0x00, 0x00, 0x00, 0x00, 0x00, 0x00, 0x00, 0x00, 0x00, 0x00, 0x00, 0x00, 0x00, 0x00,
  0x00, 0x00, 0x00, 0x00, 0x00, 0x00, 0x00, 0x00, 0x00, 0x00, 0x00, 0x00, 0x00, 0x00, 0x00, 0x00,
  0x00, 0x00, 0x00, 0x00, 0x00, 0x00, 0x00, 0x00, 0x00, 0x00, 0x00, 0x00, 0x00, 0x00, 0x00, 0x00,
  0x00, 0x00, 0x00, 0x00, 0x00, 0x00, 0x00, 0x00, 0x00, 0x00, 0x00, 0x00, 0x00, 0x00, 0x00, 0x00,
  0x00, 0x00, 0x00, 0x00, 0x00, 0x00, 0x00, 0x00, 0x03, 0x00, 0x3b, 0xfe, 0xfd, 0xff, 0xff, 0xff,
  0xff, 0xff, 0xff, 0xff, 0xff, 0xff, 0xff, 0xff, 0xff, 0xff, 0xff, 0xff, 0xff, 0xff, 0xff, 0xff,
  0xff, 0xff, 0xff, 0xff, 0xff, 0xff, 0xff, 0xff, 0xff, 0xff, 0xff, 0xff, 0xff, 0xff, 0xff, 0xff,
  0xff, 0xff, 0xff, 0xff, 0xff, 0xff, 0xff, 0xff, 0xff, 0xff, 0xff, 0xff, 0xff, 0xff, 0xff, 0xff,
  0xff, 0xff, 0xff, 0xff, 0xff, 0xff, 0xff, 0xff, 0xff, 0xff, 0xff, 0xff, 0xff, 0xff, 0xff, 0xff,
  0xff, 0xff, 0xff, 0xff, 0xff, 0xff, 0xff, 0xff, 0xff, 0xff, 0xff, 0xff, 0xff, 0xff, 0xff, 0xff,
  0xff, 0xff, 0xff, 0xff, 0xff, 0xff, 0xff, 0xff, 0xff, 0xff, 0xff, 0xff, 0xff, 0xff, 0xff, 0xff,
  0xff, 0xff, 0xff, 0xff, 0xff, 0xff, 0xff, 0xff, 0xff, 0xff, 0xff, 0xff, 0xff, 0xff, 0xff, 0xff,
  0xff, 0xff, 0xff, 0xff, 0xfc, 0xff, 0x58, 0x00, 0x03, 0x00, 0x00, 0x00, 0x00, 0x00, 0x00, 0x00,
  0x00, 0x00, 0x00, 0x00, 0x00, 0x00, 0x00, 0x00, 0x00, 0x00, 0x00, 0x00, 0x00, 0x00, 0x00, 0x00,
  0x00, 0x00, 0x00, 0x00, 0x00, 0x00, 0x00, 0x00, 0x00, 0x00, 0x00, 0x00, 0x00, 0x00, 0x00, 0x00,
  0x00, 0x00, 0x00, 0x00, 0x00, 0x00, 0x00, 0x00, 0x00, 0x00, 0x00, 0x00, 0x00, 0x00, 0x00, 0x00,
  0x00, 0x00, 0x00, 0x00, 0x00, 0x00, 0x00, 0x00, 0x00, 0x00, 0x00, 0x00, 0x00, 0x00, 0x00, 0x00,
  0x00, 0x00, 0x00, 0x00, 0x00, 0x00, 0x00, 0x00, 0x00, 0x00, 0x00, 0x02, 0x01, 0xbf, 0xff, 0xfc,
  0xff, 0xff, 0xff, 0xff, 0xff, 0xff, 0xff, 0xff, 0xff, 0xff, 0xff, 0xff, 0xff, 0xff, 0xff, 0xff,
  0xff, 0xff, 0xff, 0xff, 0xff, 0xff, 0xff, 0xff, 0xff, 0xff, 0xff, 0xff, 0xff, 0xff, 0xff, 0xff,
  0xff, 0xff, 0xff, 0xff, 0xff, 0xff, 0xff, 0xff, 0xff, 0xff, 0xff, 0xff, 0xff, 0xff, 0xff, 0xff,
  0xff, 0xff, 0xff, 0xff, 0xff, 0xff, 0xff, 0xff, 0xff, 0xff, 0xff, 0xff, 0xff, 0xff, 0xff, 0xff,
  0xff, 0xff, 0xff, 0xff, 0xff, 0xff, 0xff, 0xff, 0xff, 0xff, 0xff, 0xff, 0xff, 0xff, 0xff, 0xff,
  0xff, 0xff, 0xff, 0xff, 0xff, 0xff, 0xff, 0xff, 0xff, 0xff, 0xff, 0xff, 0xff, 0xff, 0xff, 0xff,
  0xff, 0xff, 0xff, 0xff, 0xff, 0xff, 0xff, 0xff, 0xff, 0xff, 0xff, 0xff, 0xff, 0xff, 0xff, 0xff,
  0xff, 0xff, 0xff, 0xff, 0xff, 0xff, 0xfb, 0xff, 0x7f, 0x00, 0x04, 0x00, 0x00, 0x00, 0x00, 0x00,
  0x00, 0x00, 0x00, 0x00, 0x00, 0x00, 0x00, 0x00, 0x00, 0x00, 0x00, 0x00, 0x00, 0x00, 0x00, 0x00,
  0x00, 0x00, 0x00, 0x00, 0x00, 0x00, 0x00, 0x00, 0x00, 0x00, 0x00, 0x00, 0x00, 0x00, 0x00, 0x00,
  0x00, 0x00, 0x00, 0x00, 0x00, 0x00, 0x00, 0x00, 0x00, 0x00, 0x00, 0x00, 0x00, 0x00, 0x00, 0x00,
  0x00, 0x00, 0x00, 0x00, 0x00, 0x00, 0x00, 0x00, 0x00, 0x00, 0x00, 0x00, 0x00, 0x00, 0x00, 0x00,
  0x00, 0x00, 0x00, 0x00, 0x00, 0x00, 0x00, 0x00, 0x00, 0x00, 0x00, 0x00, 0x00, 0x03, 0x00, 0x4a,
  0xff, 0xfd, 0xff, 0xff, 0xff, 0xff, 0xff, 0xff, 0xff, 0xff, 0xff, 0xff, 0xff, 0xff, 0xff, 0xff,
  0xff, 0xff, 0xff, 0xff, 0xff, 0xff, 0xff, 0xff, 0xff, 0xff, 0xff, 0xff, 0xff, 0xff, 0xff, 0xff,
  0xff, 0xff, 0xff, 0xff, 0xff, 0xff, 0xff, 0xff, 0xff, 0xff, 0xff, 0xff, 0xff, 0xff, 0xff, 0xff,
  0xff, 0xff, 0xff, 0xff, 0xff, 0xff, 0xff, 0xff, 0xff, 0xff, 0xff, 0xff, 0xff, 0xff, 0xff, 0xff,
  0xff, 0xff, 0xff, 0xff, 0xff, 0xff, 0xff, 0xff, 0xff, 0xff, 0xff, 0xff, 0xff, 0xff, 0xff, 0xff,
  0xff, 0xff, 0xff, 0xff, 0xff, 0xff, 0xff, 0xff, 0xff, 0xff, 0xff, 0xff, 0xff, 0xff, 0xff, 0xff,
  0xff, 0xff, 0xff, 0xff, 0xff, 0xff, 0xff, 0xff, 0xff, 0xff, 0xff, 0xff, 0xff, 0xff, 0xff, 0xff,
  0xff, 0xff, 0xff, 0xff, 0xff, 0xff, 0xff, 0xff, 0xfc, 0xff, 0xac, 0x00, 0x02, 0x00, 0x00, 0x00,
  0x00, 0x00, 0x00, 0x00, 0x00, 0x00, 0x00, 0x00, 0x00, 0x00, 0x00, 0x00, 0x00, 0x00, 0x00, 0x00,
  0x00, 0x00, 0x00, 0x00, 0x00, 0x00, 0x00, 0x00, 0x00, 0x00, 0x00, 0x00, 0x00, 0x00, 0x00, 0x00,
  0x00, 0x00, 0x00, 0x00, 0x00, 0x00, 0x00, 0x00, 0x00, 0x00, 0x00, 0x00, 0x00, 0x00, 0x00, 0x00,
  0x00, 0x00, 0x00, 0x00, 0x00, 0x00, 0x00, 0x00, 0x00, 0x00, 0x00, 0x00, 0x00, 0x00, 0x00, 0x00,
  0x00, 0x00, 0x00, 0x00, 0x00, 0x00, 0x00, 0x00, 0x00, 0x00, 0x00, 0x00, 0x00, 0x00, 0x00, 0x00,
  0x02, 0x03, 0xc6, 0xff, 0xfc, 0xff, 0xff, 0xff, 0xff, 0xff, 0xff, 0xff, 0xff, 0xff, 0xff, 0xff,
  0xff, 0xff, 0xff, 0xff, 0xff, 0xff, 0xff, 0xff, 0xff, 0xff, 0xff, 0xff, 0xff, 0xff, 0xff, 0xff,
  0xff, 0xff, 0xff, 0xff, 0xff, 0xff, 0xff, 0xff, 0xff, 0xff, 0xff, 0xff, 0xff, 0xff, 0xff, 0xff,
  0xff, 0xff, 0xff, 0xff, 0xff, 0xff, 0xff, 0xff, 0xff, 0xff, 0xff, 0xff, 0xff, 0xff, 0xff, 0xff,
  0xff, 0xff, 0xff, 0xff, 0xff, 0xff, 0xff, 0xff, 0xff, 0xff, 0xff, 0xff, 0xff, 0xff, 0xff, 0xff,
  0xff, 0xff, 0xff, 0xff, 0xff, 0xff, 0xff, 0xff, 0xff, 0xff, 0xff, 0xff, 0xff, 0xff, 0xff, 0xff,
  0xff, 0xff, 0xff, 0xff, 0xff, 0xff, 0xff, 0xff, 0xff, 0xff, 0xff, 0xff, 0xff, 0xff, 0xff, 0xff,
  0xff, 0xff, 0xff, 0xff, 0xff, 0xff, 0xff, 0xff, 0xff, 0xff, 0xfd, 0xff, 0xd3, 0x04, 0x00, 0x01,
  0x00, 0x00, 0x00, 0x00, 0x00, 0x00, 0x00, 0x00, 0x00, 0x00, 0x00, 0x00, 0x00, 0x00, 0x00, 0x00,
  0x00, 0x00, 0x00, 0x00, 0x00, 0x00, 0x00, 0x00, 0x00, 0x00, 0x00, 0x00, 0x00, 0x00, 0x00, 0x00,
  0x00, 0x00, 0x00, 0x00, 0x00, 0x00, 0x00, 0x00, 0x00, 0x00, 0x00, 0x00, 0x00, 0x00, 0x00, 0x00,
  0x00, 0x00, 0x00, 0x00, 0x00, 0x00, 0x00, 0x00, 0x00, 0x00, 0x00, 0x00, 0x00, 0x00, 0x00, 0x00,
  0x00, 0x00, 0x00, 0x00, 0x00, 0x00, 0x00, 0x00, 0x00, 0x00, 0x00, 0x00, 0x00, 0x00, 0x00, 0x00,
  0x00, 0x00, 0x03, 0x00, 0x47, 0xff, 0xfd, 0xff, 0xff, 0xff, 0xff, 0xff, 0xff, 0xff, 0xff, 0xff,
  0xff, 0xff, 0xff, 0xff, 0xff, 0xff, 0xff, 0xff, 0xff, 0xff, 0xff, 0xff, 0xff, 0xff, 0xff, 0xff,
  0xff, 0xff, 0xff, 0xff, 0xff, 0xff, 0xff, 0xff, 0xff, 0xff, 0xff, 0xff, 0xff, 0xff, 0xff, 0xff,
  0xff, 0xff, 0xff, 0xff, 0xff, 0xff, 0xff, 0xff, 0xff, 0xff, 0xff, 0xff, 0xff, 0xff, 0xff, 0xff,
  0xff, 0xff, 0xff, 0xff, 0xff, 0xff, 0xff, 0xff, 0xff, 0xff, 0xff, 0xff, 0xff, 0xff, 0xff, 0xff,
  0xff, 0xff, 0xff, 0xff, 0xff, 0xff, 0xff, 0xff, 0xff, 0xff, 0xff, 0xff, 0xff, 0xff, 0xff, 0xff,
  0xff, 0xff, 0xff, 0xff, 0xff, 0xff, 0xff, 0xff, 0xff, 0xff, 0xff, 0xff, 0xff, 0xff, 0xff, 0xff,
  0xff, 0xff, 0xff, 0xff, 0xff, 0xff, 0xff, 0xff, 0xff, 0xff, 0xff, 0xff, 0xfe, 0xff, 0xf2, 0x1d,
  0x00, 0x02, 0x00, 0x00, 0x00, 0x00, 0x00, 0x00, 0x00, 0x00, 0x00, 0x00, 0x00, 0x00, 0x00, 0x00,
  0x00, 0x00, 0x00, 0x00, 0x00, 0x00, 0x00, 0x00, 0x00, 0x00, 0x00, 0x00, 0x00, 0x00, 0x00, 0x00,
  0x00, 0x00, 0x00, 0x00, 0x00, 0x00, 0x00, 0x00, 0x00, 0x00, 0x00, 0x00, 0x00, 0x00, 0x00, 0x00,
  0x00, 0x00, 0x00, 0x00, 0x00, 0x00, 0x00, 0x00, 0x00, 0x00, 0x00, 0x00, 0x00, 0x00, 0x00, 0x00,
  0x00, 0x00, 0x00, 0x00, 0x00, 0x00, 0x00, 0x00, 0x00, 0x00, 0x00, 0x00, 0x00, 0x00, 0x00, 0x00,
  0x00, 0x00, 0x00, 0x00, 0x00, 0x02, 0x00, 0xb4, 0xff, 0xfc, 0xff, 0xff, 0xff, 0xff, 0xff, 0xff,
  0xff, 0xff, 0xff, 0xff, 0xff, 0xff, 0xff, 0xff, 0xff, 0xff, 0xff, 0xff, 0xff, 0xff, 0xff, 0xff,
  0xff, 0xff, 0xff, 0xff, 0xff, 0xff, 0xff, 0xff, 0xff, 0xff, 0xff, 0xff, 0xff, 0xff, 0xff, 0xff,
  0xff, 0xff, 0xff, 0xff, 0xff, 0xff, 0xff, 0xff, 0xff, 0xff, 0xff, 0xff, 0xff, 0xff, 0xff, 0xff,
  0xff, 0xff, 0xff, 0xff, 0xff, 0xff, 0xff, 0xff, 0xff, 0xff, 0xff, 0xff, 0xff, 0xff, 0xff, 0xff,
  0xff, 0xff, 0xff, 0xff, 0xff, 0xff, 0xff, 0xff, 0xff, 0xff, 0xff, 0xff, 0xff, 0xff, 0xff, 0xff,
  0xff, 0xff, 0xff, 0xff, 0xff, 0xff, 0xff, 0xff, 0xff, 0xff, 0xff, 0xff, 0xff, 0xff, 0xff, 0xff,
  0xff, 0xff, 0xff, 0xff, 0xff, 0xff, 0xff, 0xff, 0xff, 0xff, 0xff, 0xff, 0xff, 0xff, 0xff, 0xfe,
  0xff, 0x43, 0x00, 0x03, 0x00, 0x00, 0x00, 0x00, 0x00, 0x00, 0x00, 0x00, 0x00, 0x00, 0x00, 0x00,
  0x00, 0x00, 0x00, 0x00, 0x00, 0x00, 0x00, 0x00, 0x00, 0x00, 0x00, 0x00, 0x00, 0x00, 0x00, 0x00,
  0x00, 0x00, 0x00, 0x00, 0x00, 0x00, 0x00, 0x00, 0x00, 0x00, 0x00, 0x00, 0x00, 0x00, 0x00, 0x00,
  0x00, 0x00, 0x00, 0x00, 0x00, 0x00, 0x00, 0x00, 0x00, 0x00, 0x00, 0x00, 0x00, 0x00, 0x00, 0x00,
  0x00, 0x00, 0x00, 0x00, 0x00, 0x00, 0x00, 0x00, 0x00, 0x00, 0x00, 0x00, 0x00, 0x00, 0x00, 0x00,
  0x00, 0x00, 0x00, 0x00, 0x00, 0x00, 0x00, 0x02, 0x00, 0x2c, 0xf7, 0xfd, 0xfe, 0xff, 0xff, 0xff,
  0xff, 0xff, 0xff, 0xff, 0xff, 0xff, 0xff, 0xff, 0xff, 0xff, 0xff, 0xff, 0xff, 0xff, 0xff, 0xff,
  0xff, 0xff, 0xff, 0xff, 0xff, 0xff, 0xff, 0xff, 0xff, 0xff, 0xff, 0xff, 0xff, 0xff, 0xff, 0xff,
  0xff, 0xff, 0xff, 0xff, 0xff, 0xff, 0xff, 0xff, 0xff, 0xff, 0xff, 0xff, 0xff, 0xff, 0xff, 0xff,
  0xff, 0xff, 0xff, 0xff, 0xff, 0xff, 0xff, 0xff, 0xff, 0xff, 0xff, 0xff, 0xff, 0xff, 0xff, 0xff,
  0xff, 0xff, 0xff, 0xff, 0xff, 0xff, 0xff, 0xff, 0xff, 0xff, 0xff, 0xff, 0xff, 0xff, 0xff, 0xff,
  0xff, 0xff, 0xff, 0xff, 0xff, 0xff, 0xff, 0xff, 0xff, 0xff, 0xff, 0xff, 0xff, 0xff, 0xff, 0xff,
  0xff, 0xff, 0xff, 0xff, 0xff, 0xff, 0xff, 0xff, 0xff, 0xff, 0xff, 0xff, 0xff, 0xff, 0xff, 0xff,
  0xff, 0xfb, 0xff, 0x73, 0x00, 0x04, 0x00, 0x00, 0x00, 0x00, 0x00, 0x00, 0x00, 0x00, 0x00, 0x00,
  0x00, 0x00, 0x00, 0x00, 0x00, 0x00, 0x00, 0x00, 0x00, 0x00, 0x00, 0x00, 0x00, 0x00, 0x00, 0x00,
  0x00, 0x00, 0x00, 0x00, 0x00, 0x00, 0x00, 0x00, 0x00, 0x00, 0x00, 0x00, 0x00, 0x00, 0x00, 0x00,
  0x00, 0x00, 0x00, 0x00, 0x00, 0x00, 0x00, 0x00, 0x00, 0x00, 0x00, 0x00, 0x00, 0x00, 0x00, 0x00,
  0x00, 0x00, 0x00, 0x00, 0x00, 0x00, 0x00, 0x00, 0x00, 0x00, 0x00, 0x00, 0x00, 0x00, 0x00, 0x00,
  0x00, 0x00, 0x00, 0x00, 0x00, 0x00, 0x00, 0x00, 0x00, 0x00, 0x03, 0x00, 0x84, 0xff, 0xfc, 0xff,
  0xff, 0xff, 0xff, 0xff, 0xff, 0xff, 0xff, 0xff, 0xff, 0xff, 0xff, 0xff, 0xff, 0xff, 0xff, 0xff,
  0xff, 0xff, 0xff, 0xff, 0xff, 0xff, 0xff, 0xff, 0xff, 0xff, 0xff, 0xff, 0xff, 0xff, 0xff, 0xff,
  0xff, 0xff, 0xff, 0xff, 0xff, 0xff, 0xff, 0xff, 0xff, 0xff, 0xff, 0xff, 0xff, 0xff, 0xff, 0xff,
  0xff, 0xff, 0xff, 0xff, 0xff, 0xff, 0xff, 0xff, 0xff, 0xff, 0xff, 0xff, 0xff, 0xff, 0xff, 0xff,
  0xff, 0xff, 0xff, 0xff, 0xff, 0xff, 0xff, 0xff, 0xff, 0xff, 0xff, 0xff, 0xff, 0xff, 0xff, 0xff,
  0xff, 0xff, 0xff, 0xff, 0xff, 0xff, 0xff, 0xff, 0xff, 0xff, 0xff, 0xff, 0xff, 0xff, 0xff, 0xff,
  0xff, 0xff, 0xff, 0xff, 0xff, 0xff, 0xff, 0xff, 0xff, 0xff, 0xff, 0xff, 0xff, 0xff, 0xff, 0xff,
  0xff, 0xff, 0xff, 0xfb, 0xff, 0xa5, 0x00, 0x03, 0x00, 0x00, 0x00, 0x00, 0x00, 0x00, 0x00, 0x00,
  0x00, 0x00, 0x00, 0x00, 0x00, 0x00, 0x00, 0x00, 0x00, 0x00, 0x00, 0x00, 0x00, 0x00, 0x00, 0x00,
  0x00, 0x00, 0x00, 0x00, 0x00, 0x00, 0x00, 0x00, 0x00, 0x00, 0x00, 0x00, 0x00, 0x00, 0x00, 0x00,
  0x00, 0x00, 0x00, 0x00, 0x00, 0x00, 0x00, 0x00, 0x00, 0x00, 0x00, 0x00, 0x00, 0x00, 0x00, 0x00,
  0x00, 0x00, 0x00, 0x00, 0x00, 0x00, 0x00, 0x00, 0x00, 0x00, 0x00, 0x00, 0x00, 0x00, 0x00, 0x00,
  0x00, 0x00, 0x00, 0x00, 0x00, 0x00, 0x00, 0x00, 0x00, 0x00, 0x00, 0x00, 0x01, 0x02, 0x0b, 0xd6,
  0xff, 0xfd, 0xff, 0xff, 0xff, 0xff, 0xff, 0xff, 0xff, 0xff, 0xff, 0xff, 0xff, 0xff, 0xff, 0xff,
  0xff, 0xff, 0xff, 0xff, 0xff, 0xff, 0xff, 0xff, 0xff, 0xff, 0xff, 0xff, 0xff, 0xff, 0xff, 0xff,
  0xff, 0xff, 0xff, 0xff, 0xff, 0xff, 0xff, 0xff, 0xff, 0xff, 0xff, 0xff, 0xff, 0xff, 0xff, 0xff,
  0xff, 0xff, 0xff, 0xff, 0xff, 0xff, 0xff, 0xff, 0xff, 0xff, 0xff, 0xff, 0xff, 0xff, 0xff, 0xff,
  0xff, 0xff, 0xff, 0xff, 0xff, 0xff, 0xff, 0xff, 0xff, 0xff, 0xff, 0xff, 0xff, 0xff, 0xff, 0xff,
  0xff, 0xff, 0xff, 0xff, 0xff, 0xff, 0xff, 0xff, 0xff, 0xff, 0xff, 0xff, 0xff, 0xff, 0xff, 0xff,
  0xff, 0xff, 0xff, 0xff, 0xff, 0xff, 0xff, 0xff, 0xff, 0xff, 0xff, 0xff, 0xff, 0xff, 0xff, 0xff,
  0xff, 0xff, 0xff, 0xff, 0xff, 0xfd, 0xff, 0xd0, 0x03, 0x00, 0x01, 0x00, 0x00, 0x00, 0x00, 0x00,
  0x00, 0x00, 0x00, 0x00, 0x00, 0x00, 0x00, 0x00, 0x00, 0x00, 0x00, 0x00, 0x00, 0x00, 0x00, 0x00,
  0x00, 0x00, 0x00, 0x00, 0x00, 0x00, 0x00, 0x00, 0x00, 0x00, 0x00, 0x00, 0x00, 0x00, 0x00, 0x00,
  0x00, 0x00, 0x00, 0x00, 0x00, 0x00, 0x00, 0x00, 0x00, 0x00, 0x00, 0x00, 0x00, 0x00, 0x00, 0x00,
  0x00, 0x00, 0x00, 0x00, 0x00, 0x00, 0x00, 0x00, 0x00, 0x00, 0x00, 0x00, 0x00, 0x00, 0x00, 0x00,
  0x00, 0x00, 0x00, 0x00, 0x00, 0x00, 0x00, 0x00, 0x00, 0x00, 0x00, 0x00, 0x00, 0x00, 0x00, 0x03,
  0x00, 0x3f, 0xfd, 0xfc, 0xfe, 0xff, 0xff, 0xff, 0xff, 0xff, 0xff, 0xff, 0xff, 0xff, 0xff, 0xff,
  0xff, 0xff, 0xff, 0xff, 0xff, 0xff, 0xff, 0xff, 0xff, 0xff, 0xff, 0xff, 0xff, 0xff, 0xff, 0xff,
  0xff, 0xff, 0xff, 0xff, 0xff, 0xff, 0xff, 0xff, 0xff, 0xff, 0xff, 0xff, 0xff, 0xff, 0xff, 0xff,
  0xff, 0xff, 0xff, 0xff, 0xff, 0xff, 0xff, 0xff, 0xff, 0xff, 0xff, 0xff, 0xff, 0xff, 0xff, 0xff,
  0xff, 0xff, 0xff, 0xff, 0xff, 0xff, 0xff, 0xff, 0xff, 0xff, 0xff, 0xff, 0xff, 0xff, 0xff, 0xff,
  0xff, 0xff, 0xff, 0xff, 0xff, 0xff, 0xff, 0xff, 0xff, 0xff, 0xff, 0xff, 0xff, 0xff, 0xff, 0xff,
  0xff, 0xff, 0xff, 0xff, 0xff, 0xff, 0xff, 0xff, 0xff, 0xff, 0xff, 0xff, 0xff, 0xff, 0xff, 0xff,
  0xff, 0xff, 0xff, 0xff, 0xff, 0xff, 0xff, 0xfe, 0xff, 0xf1, 0x1a, 0x00, 0x02, 0x00, 0x00, 0x00,
  0x00, 0x00, 0x00, 0x00, 0x00, 0x00, 0x00, 0x00, 0x00, 0x00, 0x00, 0x00, 0x00, 0x00, 0x00, 0x00,
  0x00, 0x00, 0x00, 0x00, 0x00, 0x00, 0x00, 0x00, 0x00, 0x00, 0x00, 0x00, 0x00, 0x00, 0x00, 0x00,
  0x00, 0x00, 0x00, 0x00, 0x00, 0x00, 0x00, 0x00, 0x00, 0x00, 0x00, 0x00, 0x00, 0x00, 0x00, 0x00,
  0x00, 0x00, 0x00, 0x00, 0x00, 0x00, 0x00, 0x00, 0x00, 0x00, 0x00, 0x00, 0x00, 0x00, 0x00, 0x00,
  0x00, 0x00, 0x00, 0x00, 0x00, 0x00, 0x00, 0x00, 0x00, 0x00, 0x00, 0x00, 0x00, 0x00, 0x00, 0x00,
  0x00, 0x00, 0x03, 0x00, 0x88, 0xff, 0xfb, 0xff, 0xff, 0xff, 0xff, 0xff, 0xff, 0xff, 0xff, 0xff,
  0xff, 0xff, 0xff, 0xff, 0xff, 0xff, 0xff, 0xff, 0xff, 0xff, 0xff, 0xff, 0xff, 0xff, 0xff, 0xff,
  0xff, 0xff, 0xff, 0xff, 0xff, 0xff, 0xff, 0xff, 0xff, 0xff, 0xff, 0xff, 0xff, 0xff, 0xff, 0xff,
  0xff, 0xff, 0xff, 0xff, 0xff, 0xff, 0xff, 0xff, 0xff, 0xff, 0xff, 0xff, 0xff, 0xff, 0xff, 0xff,
  0xff, 0xff, 0xff, 0xff, 0xff, 0xff, 0xff, 0xff, 0xff, 0xff, 0xff, 0xff, 0xff, 0xff, 0xff, 0xff,
  0xff, 0xff, 0xff, 0xff, 0xff, 0xff, 0xff, 0xff, 0xff, 0xff, 0xff, 0xff, 0xff, 0xff, 0xff, 0xff,
  0xff, 0xff, 0xff, 0xff, 0xff, 0xff, 0xff, 0xff, 0xff, 0xff, 0xff, 0xff, 0xff, 0xff, 0xff, 0xff,
  0xff, 0xff, 0xff, 0xff, 0xff, 0xff, 0xff, 0xff, 0xff, 0xff, 0xfe, 0xff, 0x3d, 0x00, 0x03, 0x00,
  0x00, 0x00, 0x00, 0x00, 0x00, 0x00, 0x00, 0x00, 0x00, 0x00, 0x00, 0x00, 0x00, 0x00, 0x00, 0x00,
  0x00, 0x00, 0x00, 0x00, 0x00, 0x00, 0x00, 0x00, 0x00, 0x00, 0x00, 0x00, 0x00, 0x00, 0x00, 0x00,
  0x00, 0x00, 0x00, 0x00, 0x00, 0x00, 0x00, 0x00, 0x00, 0x00, 0x00, 0x00, 0x00, 0x00, 0x00, 0x00,
  0x00, 0x00, 0x00, 0x00, 0x00, 0x00, 0x00, 0x00, 0x00, 0x00, 0x00, 0x00, 0x00, 0x00, 0x00, 0x00,
  0x00, 0x00, 0x00, 0x00, 0x00, 0x00, 0x00, 0x00, 0x00, 0x00, 0x00, 0x00, 0x00, 0x00, 0x00, 0x00,
  0x00, 0x00, 0x00, 0x00, 0x01, 0x03, 0x06, 0xc6, 0xff, 0xfc, 0xff, 0xff, 0xff, 0xff, 0xff, 0xff,
  0xff, 0xff, 0xff, 0xff, 0xff, 0xff, 0xff, 0xff, 0xff, 0xff, 0xff, 0xff, 0xff, 0xff, 0xff, 0xff,
  0xff, 0xff, 0xff, 0xff, 0xff, 0xff, 0xff, 0xff, 0xff, 0xff, 0xff, 0xff, 0xff, 0xff, 0xff, 0xff,
  0xff, 0xff, 0xff, 0xff, 0xff, 0xff, 0xff, 0xff, 0xff, 0xff, 0xff, 0xff, 0xff, 0xff, 0xff, 0xff,
  0xff, 0xff, 0xff, 0xff, 0xff, 0xff, 0xff, 0xff, 0xff, 0xff, 0xff, 0xff, 0xff, 0xff, 0xff, 0xff,
  0xff, 0xff, 0xff, 0xff, 0xff, 0xff, 0xff, 0xff, 0xff, 0xff, 0xff, 0xff, 0xff, 0xff, 0xff, 0xff,
  0xff, 0xff, 0xff, 0xff, 0xff, 0xff, 0xff, 0xff, 0xff, 0xff, 0xff, 0xff, 0xff, 0xff, 0xff, 0xff,
  0xff, 0xff, 0xff, 0xff, 0xff, 0xff, 0xff, 0xff, 0xff, 0xff, 0xff, 0xff, 0xfc, 0xff, 0x66, 0x00,
  0x04, 0x00, 0x00, 0x00, 0x00, 0x00, 0x00, 0x00, 0x00, 0x00, 0x00, 0x00, 0x00, 0x00, 0x00, 0x00,
  0x00, 0x00, 0x00, 0x00, 0x00, 0x00, 0x00, 0x00, 0x00, 0x00, 0x00, 0x00, 0x00, 0x00, 0x00, 0x00,
  0x00, 0x00, 0x00, 0x00, 0x00, 0x00, 0x00, 0x00, 0x00, 0x00, 0x00, 0x00, 0x00, 0x00, 0x00, 0x00,
  0x00, 0x00, 0x00, 0x00, 0x00, 0x00, 0x00, 0x00, 0x00, 0x00, 0x00, 0x00, 0x00, 0x00, 0x00, 0x00,
  0x00, 0x00, 0x00, 0x00, 0x00, 0x00, 0x00, 0x00, 0x00, 0x00, 0x00, 0x00, 0x00, 0x00, 0x00, 0x00,
  0x00, 0x00, 0x00, 0x00, 0x00, 0x00, 0x00, 0x02, 0x00, 0x26, 0xee, 0xfe, 0xfe, 0xff, 0xff, 0xff,
  0xff, 0xff, 0xff, 0xff, 0xff, 0xff, 0xff, 0xff, 0xff, 0xff, 0xff, 0xff, 0xff, 0xff, 0xff, 0xff,
  0xff, 0xff, 0xff, 0xff, 0xff, 0xff, 0xff, 0xff, 0xff, 0xff, 0xff, 0xff, 0xff, 0xff, 0xff, 0xff,
  0xff, 0xff, 0xff, 0xff, 0xff, 0xff, 0xff, 0xff, 0xff, 0xff, 0xff, 0xff, 0xff, 0xff, 0xff, 0xff,
  0xff, 0xff, 0xff, 0xff, 0xff, 0xff, 0xff, 0xff, 0xff, 0xff, 0xff, 0xff, 0xff, 0xff, 0xff, 0xff,
  0xff, 0xff, 0xff, 0xff, 0xff, 0xff, 0xff, 0xff, 0xff, 0xff, 0xff, 0xff, 0xff, 0xff, 0xff, 0xff,
  0xff, 0xff, 0xff, 0xff, 0xff, 0xff, 0xff, 0xff, 0xff, 0xff, 0xff, 0xff, 0xff, 0xff, 0xff, 0xff,
  0xff, 0xff, 0xff, 0xff, 0xff, 0xff, 0xff, 0xff, 0xff, 0xff, 0xff, 0xff, 0xff, 0xff, 0xfb, 0xff,
  0x8c, 0x00, 0x04, 0x00, 0x00, 0x00, 0x00, 0x00, 0x00, 0x00, 0x00, 0x00, 0x00, 0x00, 0x00, 0x00,
  0x00, 0x00, 0x00, 0x00, 0x00, 0x00, 0x00, 0x00, 0x00, 0x00, 0x00, 0x00, 0x00, 0x00, 0x00, 0x00,
  0x00, 0x00, 0x00, 0x00, 0x00, 0x00, 0x00, 0x00, 0x00, 0x00, 0x00, 0x00, 0x00, 0x00, 0x00, 0x00,
  0x00, 0x00, 0x00, 0x00, 0x00, 0x00, 0x00, 0x00, 0x00, 0x00, 0x00, 0x00, 0x00, 0x00, 0x00, 0x00,
  0x00, 0x00, 0x00, 0x00, 0x00, 0x00, 0x00, 0x00, 0x00, 0x00, 0x00, 0x00, 0x00, 0x00, 0x00, 0x00,
  0x00, 0x00, 0x00, 0x00, 0x00, 0x00, 0x00, 0x00, 0x00, 0x00, 0x03, 0x00, 0x53, 0xff, 0xfc, 0xfe,
  0xff, 0xff, 0xff, 0xff, 0xff, 0xff, 0xff, 0xff, 0xff, 0xff, 0xff, 0xff, 0xff, 0xff, 0xff, 0xff,
  0xff, 0xff, 0xff, 0xff, 0xff, 0xff, 0xff, 0xff, 0xff, 0xff, 0xff, 0xff, 0xff, 0xff, 0xff, 0xff,
  0xff, 0xff, 0xff, 0xff, 0xff, 0xff, 0xff, 0xff, 0xff, 0xff, 0xff, 0xff, 0xff, 0xff, 0xff, 0xff,
  0xff, 0xff, 0xff, 0xff, 0xff, 0xff, 0xff, 0xff, 0xff, 0xff, 0xff, 0xff, 0xff, 0xff, 0xff, 0xff,
  0xff, 0xff, 0xff, 0xff, 0xff, 0xff, 0xff, 0xff, 0xff, 0xff, 0xff, 0xff, 0xff, 0xff, 0xff, 0xff,
  0xff, 0xff, 0xff, 0xff, 0xff, 0xff, 0xff, 0xff, 0xff, 0xff, 0xff, 0xff, 0xff, 0xff, 0xff, 0xff,
  0xff, 0xff, 0xff, 0xff, 0xff, 0xff, 0xff, 0xff, 0xff, 0xff, 0xff, 0xff, 0xff, 0xff, 0xff, 0xff,
  0xfc, 0xff, 0xb2, 0x00, 0x02, 0x00, 0x00, 0x00, 0x00, 0x00, 0x00, 0x00, 0x00, 0x00, 0x00, 0x00,
  0x00, 0x00, 0x00, 0x00, 0x00, 0x00, 0x00, 0x00, 0x00, 0x00, 0x00, 0x00, 0x00, 0x00, 0x00, 0x00,
  0x00, 0x00, 0x00, 0x00, 0x00, 0x00, 0x00, 0x00, 0x00, 0x00, 0x00, 0x00, 0x00, 0x00, 0x00, 0x00,
  0x00, 0x00, 0x00, 0x00, 0x00, 0x00, 0x00, 0x00, 0x00, 0x00, 0x00, 0x00, 0x00, 0x00, 0x00, 0x00,
  0x00, 0x00, 0x00, 0x00, 0x00, 0x00, 0x00, 0x00, 0x00, 0x00, 0x00, 0x00, 0x00, 0x00, 0x00, 0x00,
  0x00, 0x00, 0x00, 0x00, 0x00, 0x00, 0x00, 0x00, 0x00, 0x00, 0x00, 0x00, 0x00, 0x04, 0x00, 0x7e,
  0xff, 0xfb, 0xff, 0xff, 0xff, 0xff, 0xff, 0xff, 0xff, 0xff, 0xff, 0xff, 0xff, 0xff, 0xff, 0xff,
  0xff, 0xff, 0xff, 0xff, 0xff, 0xff, 0xff, 0xff, 0xff, 0xff, 0xff, 0xff, 0xff, 0xff, 0xff, 0xff,
  0xff, 0xff, 0xff, 0xff, 0xff, 0xff, 0xff, 0xff, 0xff, 0xff, 0xff, 0xff, 0xff, 0xff, 0xff, 0xff,
  0xff, 0xff, 0xff, 0xff, 0xff, 0xff, 0xff, 0xff, 0xff, 0xff, 0xff, 0xff, 0xff, 0xff, 0xff, 0xff,
  0xff, 0xff, 0xff, 0xff, 0xff, 0xff, 0xff, 0xff, 0xff, 0xff, 0xff, 0xff, 0xff, 0xff, 0xff, 0xff,
  0xff, 0xff, 0xff, 0xff, 0xff, 0xff, 0xff, 0xff, 0xff, 0xff, 0xff, 0xff, 0xff, 0xff, 0xff, 0xff,
  0xff, 0xff, 0xff, 0xff, 0xff, 0xff, 0xff, 0xff, 0xff, 0xff, 0xff, 0xff, 0xff, 0xff, 0xff, 0xff,
  0xff, 0xff, 0xfd, 0xff, 0xd2, 0x03, 0x00, 0x01, 0x00, 0x00, 0x00, 0x00, 0x00, 0x00, 0x00, 0x00,
  0x00, 0x00, 0x00, 0x00, 0x00, 0x00, 0x00, 0x00, 0x00, 0x00, 0x00, 0x00, 0x00, 0x00, 0x00, 0x00,
  0x00, 0x00, 0x00, 0x00, 0x00, 0x00, 0x00, 0x00, 0x00, 0x00, 0x00, 0x00, 0x00, 0x00, 0x00, 0x00,
  0x00, 0x00, 0x00, 0x00, 0x00, 0x00, 0x00, 0x00, 0x00, 0x00, 0x00, 0x00, 0x00, 0x00, 0x00, 0x00,
  0x00, 0x00, 0x00, 0x00, 0x00, 0x00, 0x00, 0x00, 0x00, 0x00, 0x00, 0x00, 0x00, 0x00, 0x00, 0x00,
  0x00, 0x00, 0x00, 0x00, 0x00, 0x00, 0x00, 0x00, 0x00, 0x00, 0x00, 0x00, 0x00, 0x00, 0x00, 0x01,
  0x04, 0x00, 0x9d, 0xff, 0xfb, 0xff, 0xff, 0xff, 0xff, 0xff, 0xff, 0xff, 0xff, 0xff, 0xff, 0xff,
  0xff, 0xff, 0xff, 0xff, 0xff, 0xff, 0xff, 0xff, 0xff, 0xff, 0xff, 0xff, 0xff, 0xff, 0xff, 0xff,
  0xff, 0xff, 0xff, 0xff, 0xff, 0xff, 0xff, 0xff, 0xff, 0xff, 0xff, 0xff, 0xff, 0xff, 0xff, 0xff,
  0xff, 0xff, 0xff, 0xff, 0xff, 0xff, 0xff, 0xff, 0xff, 0xff, 0xff, 0xff, 0xff, 0xff, 0xff, 0xff,
  0xff, 0xff, 0xff, 0xff, 0xff, 0xff, 0xff, 0xff, 0xff, 0xff, 0xff, 0xff, 0xff, 0xff, 0xff, 0xff,
  0xff, 0xff, 0xff, 0xff, 0xff, 0xff, 0xff, 0xff, 0xff, 0xff, 0xff, 0xff, 0xff, 0xff, 0xff, 0xff,
  0xff, 0xff, 0xff, 0xff, 0xff, 0xff, 0xff, 0xff, 0xff, 0xff, 0xff, 0xff, 0xff, 0xff, 0xff, 0xff,
  0xff, 0xff, 0xff, 0xff, 0xfe, 0xff, 0xe9, 0x14, 0x00, 0x01, 0x00, 0x00, 0x00, 0x00, 0x00, 0x00,
  0x00, 0x00, 0x00, 0x00, 0x00, 0x00, 0x00, 0x00, 0x00, 0x00, 0x00, 0x00, 0x00, 0x00, 0x00, 0x00,
  0x00, 0x00, 0x00, 0x00, 0x00, 0x00, 0x00, 0x00, 0x00, 0x00, 0x00, 0x00, 0x00, 0x00, 0x00, 0x00,
  0x00, 0x00, 0x00, 0x00, 0x00, 0x00, 0x00, 0x00, 0x00, 0x00, 0x00, 0x00, 0x00, 0x00, 0x00, 0x00,
  0x00, 0x00, 0x00, 0x00, 0x00, 0x00, 0x00, 0x00, 0x00, 0x00, 0x00, 0x00, 0x00, 0x00, 0x00, 0x00,
  0x00, 0x00, 0x00, 0x00, 0x00, 0x00, 0x00, 0x00, 0x00, 0x00, 0x00, 0x00, 0x00, 0x00, 0x00, 0x00,
  0x00, 0x00, 0x01, 0x02, 0x04, 0xb8, 0xff, 0xfd, 0xff, 0xff, 0xff, 0xff, 0xff, 0xff, 0xff, 0xff,
  0xff, 0xff, 0xff, 0xff, 0xff, 0xff, 0xff, 0xff, 0xff, 0xff, 0xff, 0xff, 0xff, 0xff, 0xff, 0xff,
  0xff, 0xff, 0xff, 0xff, 0xff, 0xff, 0xff, 0xff, 0xff, 0xff, 0xff, 0xff, 0xff, 0xff, 0xff, 0xff,
  0xff, 0xff, 0xff, 0xff, 0xff, 0xff, 0xff, 0xff, 0xff, 0xff, 0xff, 0xff, 0xff, 0xff, 0xff, 0xff,
  0xff, 0xff, 0xff, 0xff, 0xff, 0xff, 0xff, 0xff, 0xff, 0xff, 0xff, 0xff, 0xff, 0xff, 0xff, 0xff,
  0xff, 0xff, 0xff, 0xff, 0xff, 0xff, 0xff, 0xff, 0xff, 0xff, 0xff, 0xff, 0xff, 0xff, 0xff, 0xff,
  0xff, 0xff, 0xff, 0xff, 0xff, 0xff, 0xff, 0xff, 0xff, 0xff, 0xff, 0xff, 0xff, 0xff, 0xff, 0xff,
  0xff, 0xff, 0xff, 0xff, 0xff, 0xff, 0xfe, 0xff, 0xfa, 0x28, 0x00, 0x02, 0x00, 0x00, 0x00, 0x00,
  0x00, 0x00, 0x00, 0x00, 0x00, 0x00, 0x00, 0x00, 0x00, 0x00, 0x00, 0x00, 0x00, 0x00, 0x00, 0x00,
  0x00, 0x00, 0x00, 0x00, 0x00, 0x00, 0x00, 0x00, 0x00, 0x00, 0x00, 0x00, 0x00, 0x00, 0x00, 0x00,
  0x00, 0x00, 0x00, 0x00, 0x00, 0x00, 0x00, 0x00, 0x00, 0x00, 0x00, 0x00, 0x00, 0x00, 0x00, 0x00,
  0x00, 0x00, 0x00, 0x00, 0x00, 0x00, 0x00, 0x00, 0x00, 0x00, 0x00, 0x00, 0x00, 0x00, 0x00, 0x00,
  0x00, 0x00, 0x00, 0x00, 0x00, 0x00, 0x00, 0x00, 0x00, 0x00, 0x00, 0x00, 0x00, 0x00, 0x00, 0x00,
  0x00, 0x00, 0x00, 0x00, 0x00, 0x02, 0x00, 0x14, 0xd4, 0xfe, 0xfd, 0xff, 0xff, 0xff, 0xff, 0xff,
  0xff, 0xff, 0xff, 0xff, 0xff, 0xff, 0xff, 0xff, 0xff, 0xff, 0xff, 0xff, 0xff, 0xff, 0xff, 0xff,
  0xff, 0xff, 0xff, 0xff, 0xff, 0xff, 0xff, 0xff, 0xff, 0xff, 0xff, 0xff, 0xff, 0xff, 0xff, 0xff,
  0xff, 0xff, 0xff, 0xff, 0xff, 0xff, 0xff, 0xff, 0xff, 0xff, 0xff, 0xff, 0xff, 0xff, 0xff, 0xff,
  0xff, 0xff, 0xff, 0xff, 0xff, 0xff, 0xff, 0xff, 0xff, 0xff, 0xff, 0xff, 0xff, 0xff, 0xff, 0xff,
  0xff, 0xff, 0xff, 0xff, 0xff, 0xff, 0xff, 0xff, 0xff, 0xff, 0xff, 0xff, 0xff, 0xff, 0xff, 0xff,
  0xff, 0xff, 0xff, 0xff, 0xff, 0xff, 0xff, 0xff, 0xff, 0xff, 0xff, 0xff, 0xff, 0xff, 0xff, 0xff,
  0xff, 0xff, 0xff, 0xff, 0xff, 0xff, 0xff, 0xff, 0xff, 0xfe, 0xff, 0x3c, 0x00, 0x03, 0x00, 0x00,
  0x00, 0x00, 0x00, 0x00, 0x00, 0x00, 0x00, 0x00, 0x00, 0x00, 0x00, 0x00, 0x00, 0x00, 0x00, 0x00,
  0x00, 0x00, 0x00, 0x00, 0x00, 0x00, 0x00, 0x00, 0x00, 0x00, 0x00, 0x00, 0x00, 0x00, 0x00, 0x00,
  0x00, 0x00, 0x00, 0x00, 0x00, 0x00, 0x00, 0x00, 0x00, 0x00, 0x00, 0x00, 0x00, 0x00, 0x00, 0x00,
  0x00, 0x00, 0x00, 0x00, 0x00, 0x00, 0x00, 0x00, 0x00, 0x00, 0x00, 0x00, 0x00, 0x00, 0x00, 0x00,
  0x00, 0x00, 0x00, 0x00, 0x00, 0x00, 0x00, 0x00, 0x00, 0x00, 0x00, 0x00, 0x00, 0x00, 0x00, 0x00,
  0x00, 0x00, 0x00, 0x00, 0x00, 0x00, 0x00, 0x00, 0x04, 0x00, 0x42, 0xfe, 0xfd, 0xff, 0xff, 0xff,
  0xff, 0xff, 0xff, 0xff, 0xff, 0xff, 0xff, 0xff, 0xff, 0xff, 0xff, 0xff, 0xff, 0xff, 0xff, 0xff,
  0xff, 0xff, 0xff, 0xff, 0xff, 0xff, 0xff, 0xff, 0xff, 0xff, 0xff, 0xff, 0xff, 0xff, 0xff, 0xff,
  0xff, 0xff, 0xff, 0xff, 0xff, 0xff, 0xff, 0xff, 0xff, 0xff, 0xff, 0xff, 0xff, 0xff, 0xff, 0xff,
  0xff, 0xff, 0xff, 0xff, 0xff, 0xff, 0xff, 0xff, 0xff, 0xff, 0xff, 0xff, 0xff, 0xff, 0xff, 0xff,
  0xff, 0xff, 0xff, 0xff, 0xff, 0xff, 0xff, 0xff, 0xff, 0xff, 0xff, 0xff, 0xff, 0xff, 0xff, 0xff,
  0xff, 0xff, 0xff, 0xff, 0xff, 0xff, 0xff, 0xff, 0xff, 0xff, 0xff, 0xff, 0xff, 0xff, 0xff, 0xff,
  0xff, 0xff, 0xff, 0xff, 0xff, 0xff, 0xff, 0xff, 0xff, 0xff, 0xff, 0xfd, 0xff, 0x4f, 0x00, 0x03,
  0x00, 0x00, 0x00, 0x00, 0x00, 0x00, 0x00, 0x00, 0x00, 0x00, 0x00, 0x00, 0x00, 0x00, 0x00, 0x00,
  0x00, 0x00, 0x00, 0x00, 0x00, 0x00, 0x00, 0x00, 0x00, 0x00, 0x00, 0x00, 0x00, 0x00, 0x00, 0x00,
  0x00, 0x00, 0x00, 0x00, 0x00, 0x00, 0x00, 0x00, 0x00, 0x00, 0x00, 0x00, 0x00, 0x00, 0x00, 0x00,
  0x00, 0x00, 0x00, 0x00, 0x00, 0x00, 0x00, 0x00, 0x00, 0x00, 0x00, 0x00, 0x00, 0x00, 0x00, 0x00,
  0x00, 0x00, 0x00, 0x00, 0x00, 0x00, 0x00, 0x00, 0x00, 0x00, 0x00, 0x00, 0x00, 0x00, 0x00, 0x00,
  0x00, 0x00, 0x00, 0x00, 0x00, 0x00, 0x00, 0x00, 0x00, 0x00, 0x01, 0x02, 0x06, 0xd8, 0xff, 0xfd,
  0xff, 0xff, 0xff, 0xff, 0xff, 0xff, 0xff, 0xff, 0xff, 0xff, 0xff, 0xff, 0xff, 0xff, 0xff, 0xff,
  0xff, 0xff, 0xff, 0xff, 0xff, 0xff, 0xff, 0xff, 0xff, 0xff, 0xff, 0xff, 0xff, 0xff, 0xff, 0xff,
  0xff, 0xff, 0xff, 0xff, 0xff, 0xff, 0xff, 0xff, 0xff, 0xff, 0xff, 0xff, 0xff, 0xff, 0xff, 0xff,
  0xff, 0xff, 0xff, 0xff, 0xff, 0xff, 0xff, 0xff, 0xff, 0xff, 0xff, 0xff, 0xff, 0xff, 0xff, 0xff,
  0xff, 0xff, 0xff, 0xff, 0xff, 0xff, 0xff, 0xff, 0xff, 0xff, 0xff, 0xff, 0xff, 0xff, 0xff, 0xff,
  0xff, 0xff, 0xff, 0xff, 0xff, 0xff, 0xff, 0xff, 0xff, 0xff, 0xff, 0xff, 0xff, 0xff, 0xff, 0xff,
  0xff, 0xff, 0xff, 0xff, 0xff, 0xff, 0xff, 0xff, 0xff, 0xff, 0xff, 0xff, 0xff, 0xfc, 0xff, 0x60,
  0x00, 0x04, 0x00, 0x00, 0x00, 0x00, 0x00, 0x00, 0x00, 0x00, 0x00, 0x00, 0x00, 0x00, 0x00, 0x00,
  0x00, 0x00, 0x00, 0x00, 0x00, 0x00, 0x00, 0x00, 0x00, 0x00, 0x00, 0x00, 0x00, 0x00, 0x00, 0x00,
  0x00, 0x00, 0x00, 0x00, 0x00, 0x00, 0x00, 0x00, 0x00, 0x00, 0x00, 0x00, 0x00, 0x00, 0x00, 0x00,
  0x00, 0x00, 0x00, 0x00, 0x00, 0x00, 0x00, 0x00, 0x00, 0x00, 0x00, 0x00, 0x00, 0x00, 0x00, 0x00,
  0x00, 0x00, 0x00, 0x00, 0x00, 0x00, 0x00, 0x00, 0x00, 0x00, 0x00, 0x00, 0x00, 0x00, 0x00, 0x00,
  0x00, 0x00, 0x00, 0x00, 0x00, 0x00, 0x00, 0x00, 0x00, 0x00, 0x00, 0x00, 0x00, 0x03, 0x00, 0x90,
  0xff, 0xfb, 0xff, 0xff, 0xff, 0xff, 0xff, 0xff, 0xff, 0xff, 0xff, 0xff, 0xff, 0xff, 0xff, 0xff,
  0xff, 0xff, 0xff, 0xff, 0xff, 0xff, 0xff, 0xff, 0xff, 0xff, 0xff, 0xff, 0xff, 0xff, 0xff, 0xff,
  0xff, 0xff, 0xff, 0xff, 0xff, 0xff, 0xff, 0xff, 0xff, 0xff, 0xff, 0xff, 0xff, 0xff, 0xff, 0xff,
  0xff, 0xff, 0xff, 0xff, 0xff, 0xff, 0xff, 0xff, 0xff, 0xff, 0xff, 0xff, 0xff, 0xff, 0xff, 0xff,
  0xff, 0xff, 0xff, 0xff, 0xff, 0xff, 0xff, 0xff, 0xff, 0xff, 0xff, 0xff, 0xff, 0xff, 0xff, 0xff,
  0xff, 0xff, 0xff, 0xff, 0xff, 0xff, 0xff, 0xff, 0xff, 0xff, 0xff, 0xff, 0xff, 0xff, 0xff, 0xff,
  0xff, 0xff, 0xff, 0xff, 0xff, 0xff, 0xff, 0xff, 0xff, 0xff, 0xff, 0xff, 0xff, 0xff, 0xff, 0xfc,
  0xff, 0x6a, 0x00, 0x04, 0x00, 0x00, 0x00, 0x00, 0x00, 0x00, 0x00, 0x00, 0x00, 0x00, 0x00, 0x00,
  0x00, 0x00, 0x00, 0x00, 0x00, 0x00, 0x00, 0x00, 0x00, 0x00, 0x00, 0x00, 0x00, 0x00, 0x00, 0x00,
  0x00, 0x00, 0x00, 0x00, 0x00, 0x00, 0x00, 0x00, 0x00, 0x00, 0x00, 0x00, 0x00, 0x00, 0x00, 0x00,
  0x00, 0x00, 0x00, 0x00, 0x00, 0x00, 0x00, 0x00, 0x00, 0x00, 0x00, 0x00, 0x00, 0x00, 0x00, 0x00,
  0x00, 0x00, 0x00, 0x00, 0x00, 0x00, 0x00, 0x00, 0x00, 0x00, 0x00, 0x00, 0x00, 0x00, 0x00, 0x00,
  0x00, 0x00, 0x00, 0x00, 0x00, 0x00, 0x00, 0x00, 0x00, 0x00, 0x00, 0x00, 0x00, 0x00, 0x00, 0x03,
  0x00, 0x41, 0xff, 0xfe, 0xff, 0xff, 0xff, 0xff, 0xff, 0xff, 0xff, 0xff, 0xff, 0xff, 0xff, 0xff,
  0xff, 0xff, 0xff, 0xff, 0xff, 0xff, 0xff, 0xff, 0xff, 0xff, 0xff, 0xff, 0xff, 0xff, 0xff, 0xff,
  0xff, 0xff, 0xff, 0xff, 0xff, 0xff, 0xff, 0xff, 0xff, 0xff, 0xff, 0xff, 0xff, 0xff, 0xff, 0xff,
  0xff, 0xff, 0xff, 0xff, 0xff, 0xff, 0xff, 0xff, 0xff, 0xff, 0xff, 0xff, 0xff, 0xff, 0xff, 0xff,
  0xff, 0xff, 0xff, 0xff, 0xff, 0xff, 0xff, 0xff, 0xff, 0xff, 0xff, 0xff, 0xff, 0xff, 0xff, 0xff,
  0xff, 0xff, 0xff, 0xff, 0xff, 0xff, 0xff, 0xff, 0xff, 0xff, 0xff, 0xff, 0xff, 0xff, 0xff, 0xff,
  0xff, 0xff, 0xff, 0xff, 0xff, 0xff, 0xff, 0xff, 0xff, 0xff, 0xff, 0xff, 0xff, 0xff, 0xff, 0xff,
  0xff, 0xfc, 0xff, 0x6c, 0x00, 0x04, 0x00, 0x00, 0x00, 0x00, 0x00, 0x00, 0x00, 0x00, 0x00, 0x00,
  0x00, 0x00, 0x00, 0x00, 0x00, 0x00, 0x00, 0x00, 0x00, 0x00, 0x00, 0x00, 0x00, 0x00, 0x00, 0x00,
  0x00, 0x00, 0x00, 0x00, 0x00, 0x00, 0x00, 0x00, 0x00, 0x00, 0x00, 0x00, 0x00, 0x00, 0x00, 0x00,
  0x00, 0x00, 0x00, 0x00, 0x00, 0x00, 0x00, 0x00, 0x00, 0x00, 0x00, 0x00, 0x00, 0x00, 0x00, 0x00,
  0x00, 0x00, 0x00, 0x00, 0x00, 0x00, 0x00, 0x00, 0x00, 0x00, 0x00, 0x00, 0x00, 0x00, 0x00, 0x00,
  0x00, 0x00, 0x00, 0x00, 0x00, 0x00, 0x00, 0x00, 0x00, 0x00, 0x00, 0x00, 0x00, 0x00, 0x00, 0x00,
  0x00, 0x01, 0x01, 0x07, 0xd8, 0xff, 0xfd, 0xff, 0xff, 0xff, 0xff, 0xff, 0xff, 0xff, 0xff, 0xff,
  0xff, 0xff, 0xff, 0xff, 0xff, 0xff, 0xff, 0xff, 0xff, 0xff, 0xff, 0xff, 0xff, 0xff, 0xff, 0xff,
  0xff, 0xff, 0xff, 0xff, 0xff, 0xff, 0xff, 0xff, 0xff, 0xff, 0xff, 0xff, 0xff, 0xff, 0xff, 0xff,
  0xff, 0xff, 0xff, 0xff, 0xff, 0xff, 0xff, 0xff, 0xff, 0xff, 0xff, 0xff, 0xff, 0xff, 0xff, 0xff,
  0xff, 0xff, 0xff, 0xff, 0xff, 0xff, 0xff, 0xff, 0xff, 0xff, 0xff, 0xff, 0xff, 0xff, 0xff, 0xff,
  0xff, 0xff, 0xff, 0xff, 0xff, 0xff, 0xff, 0xff, 0xff, 0xff, 0xff, 0xff, 0xff, 0xff, 0xff, 0xff,
  0xff, 0xff, 0xff, 0xff, 0xff, 0xff, 0xff, 0xff, 0xff, 0xff, 0xff, 0xff, 0xff, 0xff, 0xff, 0xff,
  0xff, 0xff, 0xff, 0xfc, 0xff, 0x67, 0x00, 0x04, 0x00, 0x00, 0x00, 0x00, 0x00, 0x00, 0x00, 0x00,
  0x00, 0x00, 0x00, 0x00, 0x00, 0x00, 0x00, 0x00, 0x00, 0x00, 0x00, 0x00, 0x00, 0x00, 0x00, 0x00,
  0x00, 0x00, 0x00, 0x00, 0x00, 0x00, 0x00, 0x00, 0x00, 0x00, 0x00, 0x00, 0x00, 0x00, 0x00, 0x00,
  0x00, 0x00, 0x00, 0x00, 0x00, 0x00, 0x00, 0x00, 0x00, 0x00, 0x00, 0x00, 0x00, 0x00, 0x00, 0x00,
  0x00, 0x00, 0x00, 0x00, 0x00, 0x00, 0x00, 0x00, 0x00, 0x00, 0x00, 0x00, 0x00, 0x00, 0x00, 0x00,
  0x00, 0x00, 0x00, 0x00, 0x00, 0x00, 0x00, 0x00, 0x00, 0x00, 0x00, 0x00, 0x00, 0x00, 0x00, 0x00,
  0x00, 0x00, 0x00, 0x00, 0x04, 0x00, 0x7d, 0xff, 0xfc, 0xff, 0xff, 0xff, 0xff, 0xff, 0xff, 0xff,
  0xff, 0xff, 0xff, 0xff, 0xff, 0xff, 0xff, 0xff, 0xff, 0xff, 0xff, 0xff, 0xff, 0xff, 0xff, 0xff,
  0xff, 0xff, 0xff, 0xff, 0xff, 0xff, 0xff, 0xff, 0xff, 0xff, 0xff, 0xff, 0xff, 0xff, 0xff, 0xff,
  0xff, 0xff, 0xff, 0xff, 0xff, 0xff, 0xff, 0xff, 0xff, 0xff, 0xff, 0xff, 0xff, 0xff, 0xff, 0xff,
  0xff, 0xff, 0xff, 0xff, 0xff, 0xff, 0xff, 0xff, 0xff, 0xff, 0xff, 0xff, 0xff, 0xff, 0xff, 0xff,
  0xff, 0xff, 0xff, 0xff, 0xff, 0xff, 0xff, 0xff, 0xff, 0xff, 0xff, 0xff, 0xff, 0xff, 0xff, 0xff,
  0xff, 0xff, 0xff, 0xff, 0xff, 0xff, 0xff, 0xff, 0xff, 0xff, 0xff, 0xff, 0xff, 0xff, 0xff, 0xff,
  0xff, 0xff, 0xff, 0xff, 0xff, 0xfc, 0xff, 0x5b, 0x00, 0x03, 0x00, 0x00, 0x00, 0x00, 0x00, 0x00,
  0x00, 0x00, 0x00, 0x00, 0x00, 0x00, 0x00, 0x00, 0x00, 0x00, 0x00, 0x00, 0x00, 0x00, 0x00, 0x00,
  0x00, 0x00, 0x00, 0x00, 0x00, 0x00, 0x00, 0x00, 0x00, 0x00, 0x00, 0x00, 0x00, 0x00, 0x00, 0x00,
  0x00, 0x00, 0x00, 0x00, 0x00, 0x00, 0x00, 0x00, 0x00, 0x00, 0x00, 0x00, 0x00, 0x00, 0x00, 0x00,
  0x00, 0x00, 0x00, 0x00, 0x00, 0x00, 0x00, 0x00, 0x00, 0x00, 0x00, 0x00, 0x00, 0x00, 0x00, 0x00,
  0x00, 0x00, 0x00, 0x00, 0x00, 0x00, 0x00, 0x00, 0x00, 0x00, 0x00, 0x00, 0x00, 0x00, 0x00, 0x00,
  0x00, 0x00, 0x00, 0x00, 0x00, 0x00, 0x02, 0x00, 0x1d, 0xf1, 0xfe, 0xfe, 0xff, 0xff, 0xff, 0xff,
  0xff, 0xff, 0xff, 0xff, 0xff, 0xff, 0xff, 0xff, 0xff, 0xff, 0xff, 0xff, 0xff, 0xff, 0xff, 0xff,
  0xff, 0xff, 0xff, 0xff, 0xff, 0xff, 0xff, 0xff, 0xff, 0xff, 0xff, 0xff, 0xff, 0xff, 0xff, 0xff,
  0xff, 0xff, 0xff, 0xff, 0xff, 0xff, 0xff, 0xff, 0xff, 0xff, 0xff, 0xff, 0xff, 0xff, 0xff, 0xff,
  0xff, 0xff, 0xff, 0xff, 0xff, 0xff, 0xff, 0xff, 0xff, 0xff, 0xff, 0xff, 0xff, 0xff, 0xff, 0xff,
  0xff, 0xff, 0xff, 0xff, 0xff, 0xff, 0xff, 0xff, 0xff, 0xff, 0xff, 0xff, 0xff, 0xff, 0xff, 0xff,
  0xff, 0xff, 0xff, 0xff, 0xff, 0xff, 0xff, 0xff, 0xff, 0xff, 0xff, 0xff, 0xff, 0xff, 0xff, 0xff,
  0xff, 0xff, 0xff, 0xff, 0xff, 0xff, 0xff, 0xfd, 0xff, 0x4a, 0x00, 0x03, 0x00, 0x00, 0x00, 0x00,
  0x00, 0x00, 0x00, 0x00, 0x00, 0x00, 0x00, 0x00, 0x00, 0x00, 0x00, 0x00, 0x00, 0x00, 0x00, 0x00,
  0x00, 0x00, 0x00, 0x00, 0x00, 0x00, 0x00, 0x00, 0x00, 0x00, 0x00, 0x00, 0x00, 0x00, 0x00, 0x00,
  0x00, 0x00, 0x00, 0x00, 0x00, 0x00, 0x00, 0x00, 0x00, 0x00, 0x00, 0x00, 0x00, 0x00, 0x00, 0x00,
  0x00, 0x00, 0x00, 0x00, 0x00, 0x00, 0x00, 0x00, 0x00, 0x00, 0x00, 0x00, 0x00, 0x00, 0x00, 0x00,
  0x00, 0x00, 0x00, 0x00, 0x00, 0x00, 0x00, 0x00, 0x00, 0x00, 0x00, 0x00, 0x00, 0x00, 0x00, 0x00,
  0x00, 0x00, 0x00, 0x00, 0x00, 0x00, 0x00, 0x00, 0x00, 0x03, 0x00, 0x90, 0xff, 0xfb, 0xff, 0xff,
  0xff, 0xff, 0xff, 0xff, 0xff, 0xff, 0xff, 0xff, 0xff, 0xff, 0xff, 0xff, 0xff, 0xff, 0xff, 0xff,
  0xff, 0xff, 0xff, 0xff, 0xff, 0xff, 0xff, 0xff, 0xff, 0xff, 0xff, 0xff, 0xff, 0xff, 0xff, 0xff,
  0xff, 0xff, 0xff, 0xff, 0xff, 0xff, 0xff, 0xff, 0xff, 0xff, 0xff, 0xff, 0xff, 0xff, 0xff, 0xff,
  0xff, 0xff, 0xff, 0xff, 0xff, 0xff, 0xff, 0xff, 0xff, 0xff, 0xff, 0xff, 0xff, 0xff, 0xff, 0xff,
  0xff, 0xff, 0xff, 0xff, 0xff, 0xff, 0xff, 0xff, 0xff, 0xff, 0xff, 0xff, 0xff, 0xff, 0xff, 0xff,
  0xff, 0xff, 0xff, 0xff, 0xff, 0xff, 0xff, 0xff, 0xff, 0xff, 0xff, 0xff, 0xff, 0xff, 0xff, 0xff,
  0xff, 0xff, 0xff, 0xff, 0xff, 0xff, 0xff, 0xff, 0xff, 0xff, 0xfe, 0x34, 0x00, 0x02, 0x00, 0x00,
  0x00, 0x00, 0x00, 0x00, 0x00, 0x00, 0x00, 0x00, 0x00, 0x00, 0x00, 0x00, 0x00, 0x00, 0x00, 0x00,
  0x00, 0x00, 0x00, 0x00, 0x00, 0x00, 0x00, 0x00, 0x00, 0x00, 0x00, 0x00, 0x00, 0x00, 0x00, 0x00,
  0x00, 0x00, 0x00, 0x00, 0x00, 0x00, 0x00, 0x00, 0x00, 0x00, 0x00, 0x00, 0x00, 0x00, 0x00, 0x00,
  0x00, 0x00, 0x00, 0x00, 0x00, 0x00, 0x00, 0x00, 0x00, 0x00, 0x00, 0x00, 0x00, 0x00, 0x00, 0x00,
  0x00, 0x00, 0x00, 0x00, 0x00, 0x00, 0x00, 0x00, 0x00, 0x00, 0x00, 0x00, 0x00, 0x00, 0x00, 0x00,
  0x00, 0x00, 0x00, 0x00, 0x00, 0x00, 0x00, 0x00, 0x00, 0x00, 0x00, 0x02, 0x01, 0x19, 0xeb, 0xfd,
  0xfe, 0xff, 0xff, 0xff, 0xff, 0xff, 0xff, 0xff, 0xff, 0xff, 0xff, 0xff, 0xff, 0xff, 0xff, 0xff,
  0xff, 0xff, 0xff, 0xff, 0xff, 0xff, 0xff, 0xff, 0xff, 0xff, 0xff, 0xff, 0xff, 0xff, 0xff, 0xff,
  0xff, 0xff, 0xff, 0xff, 0xff, 0xff, 0xff, 0xff, 0xff, 0xff, 0xff, 0xff, 0xff, 0xff, 0xff, 0xff,
  0xff, 0xff, 0xff, 0xff, 0xff, 0xff, 0xff, 0xff, 0xff, 0xff, 0xff, 0xff, 0xff, 0xff, 0xff, 0xff,
  0xff, 0xff, 0xff, 0xff, 0xff, 0xff, 0xff, 0xff, 0xff, 0xff, 0xff, 0xff, 0xff, 0xff, 0xff, 0xff,
  0xff, 0xff, 0xff, 0xff, 0xff, 0xff, 0xff, 0xff, 0xff, 0xff, 0xff, 0xff, 0xff, 0xff, 0xff, 0xff,
  0xff, 0xff, 0xff, 0xff, 0xff, 0xff, 0xff, 0xff, 0xff, 0xff, 0xfe, 0xff, 0xef, 0x19, 0x00, 0x01,
  0x00, 0x00, 0x00, 0x00, 0x00, 0x00, 0x00, 0x00, 0x00, 0x00, 0x00, 0x00, 0x00, 0x00, 0x00, 0x00,
  0x00, 0x00, 0x00, 0x00, 0x00, 0x00, 0x00, 0x00, 0x00, 0x00, 0x00, 0x00, 0x00, 0x00, 0x00, 0x00,
  0x00, 0x00, 0x00, 0x00, 0x00, 0x00, 0x00, 0x00, 0x00, 0x00, 0x00, 0x00, 0x00, 0x00, 0x00, 0x00,
  0x00, 0x00, 0x00, 0x00, 0x00, 0x00, 0x00, 0x00, 0x00, 0x00, 0x00, 0x00, 0x00, 0x00, 0x00, 0x00,
  0x00, 0x00, 0x00, 0x00, 0x00, 0x00, 0x00, 0x00, 0x00, 0x00, 0x00, 0x00, 0x00, 0x00, 0x00, 0x00,
  0x00, 0x00, 0x00, 0x00, 0x00, 0x00, 0x00, 0x00, 0x00, 0x00, 0x00, 0x00, 0x00, 0x00, 0x03, 0x00,
  0x62, 0xff, 0xfb, 0xff, 0xff, 0xff, 0xff, 0xff, 0xff, 0xff, 0xff, 0xff, 0xfc, 0xfe, 0xff, 0xff,
  0xff, 0xff, 0xff, 0xff, 0xff, 0xff, 0xff, 0xff, 0xff, 0xff, 0xff, 0xff, 0xff, 0xff, 0xff, 0xff,
  0xff, 0xff, 0xff, 0xff, 0xff, 0xff, 0xff, 0xff, 0xff, 0xff, 0xff, 0xff, 0xff, 0xff, 0xff, 0xff,
  0xff, 0xff, 0xff, 0xff, 0xff, 0xff, 0xff, 0xff, 0xff, 0xff, 0xff, 0xff, 0xff, 0xff, 0xff, 0xff,
  0xff, 0xff, 0xff, 0xff, 0xff, 0xff, 0xff, 0xff, 0xff, 0xff, 0xff, 0xff, 0xff, 0xff, 0xff, 0xff,
  0xff, 0xff, 0xff, 0xff, 0xff, 0xff, 0xff, 0xff, 0xff, 0xff, 0xff, 0xff, 0xff, 0xff, 0xff, 0xff,
  0xff, 0xff, 0xff, 0xff, 0xff, 0xff, 0xff, 0xff, 0xff, 0xff, 0xff, 0xff, 0xfd, 0xff, 0xcc, 0x02,
  0x01, 0x01, 0x00, 0x00, 0x00, 0x00, 0x00, 0x00, 0x00, 0x00, 0x00, 0x00, 0x00, 0x00, 0x00, 0x00,
  0x00, 0x00, 0x00, 0x00, 0x00, 0x00, 0x00, 0x00, 0x00, 0x00, 0x00, 0x00, 0x00, 0x00, 0x00, 0x00,
  0x00, 0x00, 0x00, 0x00, 0x00, 0x00, 0x00, 0x00, 0x00, 0x00, 0x00, 0x00, 0x00, 0x00, 0x00, 0x00,
  0x00, 0x00, 0x00, 0x00, 0x00, 0x00, 0x00, 0x00, 0x00, 0x00, 0x00, 0x00, 0x00, 0x00, 0x00, 0x00,
  0x00, 0x00, 0x00, 0x00, 0x00, 0x00, 0x00, 0x00, 0x00, 0x00, 0x00, 0x00, 0x00, 0x00, 0x00, 0x00,
  0x00, 0x00, 0x00, 0x00, 0x00, 0x00, 0x00, 0x00, 0x00, 0x00, 0x00, 0x00, 0x00, 0x00, 0x00, 0x00,
  0x00, 0x03, 0x00, 0x9e, 0xff, 0xfa, 0xfe, 0xff, 0xff, 0xff, 0xff, 0xff, 0xff, 0xfd, 0xff, 0xff,
  0xfe, 0xff, 0xff, 0xff, 0xff, 0xff, 0xff, 0xff, 0xff, 0xff, 0xff, 0xff, 0xff, 0xff, 0xff, 0xff,
  0xff, 0xff, 0xff, 0xff, 0xff, 0xff, 0xff, 0xff, 0xff, 0xff, 0xff, 0xff, 0xff, 0xff, 0xff, 0xff,
  0xff, 0xff, 0xff, 0xff, 0xff, 0xff, 0xff, 0xff, 0xff, 0xff, 0xff, 0xff, 0xff, 0xff, 0xff, 0xff,
  0xff, 0xff, 0xff, 0xff, 0xff, 0xff, 0xff, 0xff, 0xff, 0xff, 0xff, 0xff, 0xff, 0xff, 0xff, 0xff,
  0xff, 0xff, 0xff, 0xff, 0xff, 0xff, 0xff, 0xff, 0xff, 0xff, 0xff, 0xff, 0xff, 0xff, 0xff, 0xff,
  0xff, 0xff, 0xff, 0xff, 0xff, 0xff, 0xff, 0xff, 0xff, 0xff, 0xff, 0xff, 0xff, 0xff, 0xfb, 0xff,
  0x8f, 0x00, 0x04, 0x00, 0x00, 0x00, 0x00, 0x00, 0x00, 0x00, 0x00, 0x00, 0x00, 0x00, 0x00, 0x00,
  0x00, 0x00, 0x00, 0x00, 0x00, 0x00, 0x00, 0x00, 0x00, 0x00, 0x00, 0x00, 0x00, 0x00, 0x00, 0x00,
  0x00, 0x00, 0x00, 0x00, 0x00, 0x00, 0x00, 0x00, 0x00, 0x00, 0x00, 0x00, 0x00, 0x00, 0x00, 0x00,
  0x00, 0x00, 0x00, 0x00, 0x00, 0x00, 0x00, 0x00, 0x00, 0x00, 0x00, 0x00, 0x00, 0x00, 0x00, 0x00,
  0x00, 0x00, 0x00, 0x00, 0x00, 0x00, 0x00, 0x00, 0x00, 0x00, 0x00, 0x00, 0x00, 0x00, 0x00, 0x00,
  0x00, 0x00, 0x00, 0x00, 0x00, 0x00, 0x00, 0x00, 0x00, 0x00, 0x00, 0x00, 0x00, 0x00, 0x00, 0x00,
  0x00, 0x00, 0x00, 0x01, 0x02, 0x06, 0xaf, 0xff, 0xfd, 0xfc, 0xfe, 0xfe, 0xfe, 0xfd, 0xfc, 0xff,
  0xc1, 0xea, 0xff, 0xfe, 0xff, 0xff, 0xff, 0xff, 0xff, 0xff, 0xff, 0xff, 0xff, 0xff, 0xff, 0xff,
  0xff, 0xff, 0xff, 0xff, 0xff, 0xff, 0xff, 0xff, 0xff, 0xff, 0xff, 0xff, 0xff, 0xff, 0xff, 0xff,
  0xff, 0xff, 0xff, 0xff, 0xff, 0xff, 0xff, 0xff, 0xff, 0xff, 0xff, 0xff, 0xff, 0xff, 0xff, 0xff,
  0xff, 0xff, 0xff, 0xff, 0xff, 0xff, 0xff, 0xff, 0xff, 0xff, 0xff, 0xff, 0xff, 0xff, 0xff, 0xff,
  0xff, 0xff, 0xff, 0xff, 0xff, 0xff, 0xff, 0xff, 0xff, 0xff, 0xff, 0xff, 0xff, 0xff, 0xff, 0xff,
  0xff, 0xff, 0xff, 0xff, 0xff, 0xff, 0xff, 0xff, 0xff, 0xff, 0xff, 0xff, 0xff, 0xff, 0xff, 0xff,
  0xfe, 0xff, 0x40, 0x00, 0x03, 0x00, 0x00, 0x00, 0x00, 0x00, 0x00, 0x00, 0x00, 0x00, 0x00, 0x00,
  0x00, 0x00, 0x00, 0x00, 0x00, 0x00, 0x00, 0x00, 0x00, 0x00, 0x00, 0x00, 0x00, 0x00, 0x00, 0x00,
  0x00, 0x00, 0x00, 0x00, 0x00, 0x00, 0x00, 0x00, 0x00, 0x00, 0x00, 0x00, 0x00, 0x00, 0x00, 0x00,
  0x00, 0x00, 0x00, 0x00, 0x00, 0x00, 0x00, 0x00, 0x00, 0x00, 0x00, 0x00, 0x00, 0x00, 0x00, 0x00,
  0x00, 0x00, 0x00, 0x00, 0x00, 0x00, 0x00, 0x00, 0x00, 0x00, 0x00, 0x00, 0x00, 0x00, 0x00, 0x00,
  0x00, 0x00, 0x00, 0x00, 0x00, 0x00, 0x00, 0x00, 0x00, 0x00, 0x00, 0x00, 0x00, 0x00, 0x00, 0x00,
  0x00, 0x00, 0x00, 0x00, 0x00, 0x00, 0x01, 0x00, 0x04, 0x90, 0xff, 0xff, 0xff, 0xff, 0xff, 0xff,
  0xff, 0x9f, 0x00, 0x2d, 0xe0, 0xfe, 0xfd, 0xff, 0xff, 0xff, 0xff, 0xff, 0xff, 0xff, 0xff, 0xff,
  0xff, 0xff, 0xff, 0xff, 0xff, 0xff, 0xff, 0xff, 0xff, 0xff, 0xff, 0xff, 0xff, 0xff, 0xff, 0xff,
  0xff, 0xff, 0xff, 0xff, 0xff, 0xff, 0xff, 0xff, 0xff, 0xff, 0xff, 0xff, 0xff, 0xff, 0xff, 0xff,
  0xff, 0xff, 0xff, 0xff, 0xff, 0xff, 0xff, 0xff, 0xff, 0xff, 0xff, 0xff, 0xff, 0xff, 0xff, 0xff,
  0xff, 0xff, 0xff, 0xff, 0xff, 0xff, 0xff, 0xff, 0xff, 0xff, 0xff, 0xff, 0xff, 0xff, 0xff, 0xff,
  0xff, 0xff, 0xff, 0xff, 0xff, 0xff, 0xff, 0xff, 0xff, 0xff, 0xff, 0xff, 0xff, 0xff, 0xff, 0xff,
  0xff, 0xfd, 0xff, 0xd1, 0x05, 0x01, 0x01, 0x00, 0x00, 0x00, 0x00, 0x00, 0x00, 0x00, 0x00, 0x00,
  0x00, 0x00, 0x00, 0x00, 0x00, 0x00, 0x00, 0x00, 0x00, 0x00, 0x00, 0x00, 0x00, 0x00, 0x00, 0x00,
  0x00, 0x00, 0x00, 0x00, 0x00, 0x00, 0x00, 0x00, 0x00, 0x00, 0x00, 0x00, 0x00, 0x00, 0x00, 0x00,
  0x00, 0x00, 0x00, 0x00, 0x00, 0x00, 0x00, 0x00, 0x00, 0x00, 0x00, 0x00, 0x00, 0x00, 0x00, 0x00,
  0x00, 0x00, 0x00, 0x00, 0x00, 0x00, 0x00, 0x00, 0x00, 0x00, 0x00, 0x00, 0x00, 0x00, 0x00, 0x00,
  0x00, 0x00, 0x00, 0x00, 0x00, 0x00, 0x00, 0x00, 0x00, 0x00, 0x00, 0x00, 0x00, 0x00, 0x00, 0x00,
  0x00, 0x00, 0x00, 0x00, 0x00, 0x00, 0x00, 0x00, 0x00, 0x01, 0x00, 0x00, 0x3d, 0xa7, 0xe4, 0xfb,
  0xf9, 0xd5, 0x6c, 0x00, 0x04, 0x00, 0x7c, 0xff, 0xfb, 0xff, 0xff, 0xff, 0xff, 0xff, 0xff, 0xff,
  0xff, 0xff, 0xff, 0xff, 0xff, 0xff, 0xff, 0xff, 0xff, 0xff, 0xff, 0xff, 0xff, 0xff, 0xff, 0xff,
  0xff, 0xff, 0xff, 0xff, 0xff, 0xff, 0xff, 0xff, 0xff, 0xff, 0xff, 0xff, 0xff, 0xff, 0xff, 0xff,
  0xff, 0xff, 0xff, 0xff, 0xff, 0xff, 0xff, 0xff, 0xff, 0xff, 0xff, 0xff, 0xff, 0xff, 0xff, 0xff,
  0xff, 0xff, 0xff, 0xff, 0xff, 0xff, 0xff, 0xff, 0xff, 0xff, 0xff, 0xff, 0xff, 0xff, 0xff, 0xff,
  0xff, 0xff, 0xff, 0xff, 0xff, 0xff, 0xff, 0xff, 0xff, 0xff, 0xff, 0xff, 0xff, 0xff, 0xff, 0xff,
  0xff, 0xff, 0xff, 0xfc, 0xff, 0x6d, 0x00, 0x04, 0x00, 0x00, 0x00, 0x00, 0x00, 0x00, 0x00, 0x00,
  0x00, 0x00, 0x00, 0x00, 0x00, 0x00, 0x00, 0x00, 0x00, 0x00, 0x00, 0x00, 0x00, 0x00, 0x00, 0x00,
  0x00, 0x00, 0x00, 0x00, 0x00, 0x00, 0x00, 0x00, 0x00, 0x00, 0x00, 0x00, 0x00, 0x00, 0x00, 0x00,
  0x00, 0x00, 0x00, 0x00, 0x00, 0x00, 0x00, 0x00, 0x00, 0x00, 0x00, 0x00, 0x00, 0x00, 0x00, 0x00,
  0x00, 0x00, 0x00, 0x00, 0x00, 0x00, 0x00, 0x00, 0x00, 0x00, 0x00, 0x00, 0x00, 0x00, 0x00, 0x00,
  0x00, 0x00, 0x00, 0x00, 0x00, 0x00, 0x00, 0x00, 0x00, 0x00, 0x00, 0x00, 0x00, 0x00, 0x00, 0x00,
  0x00, 0x00, 0x00, 0x00, 0x00, 0x00, 0x00, 0x00, 0x00, 0x00, 0x00, 0x00, 0x01, 0x02, 0x00, 0x00,
  0x11, 0x2d, 0x29, 0x06, 0x00, 0x01, 0x05, 0x05, 0x40, 0xff, 0xfe, 0xff, 0xff, 0xff, 0xff, 0xff,
  0xff, 0xff, 0xff, 0xff, 0xff, 0xff, 0xff, 0xff, 0xff, 0xff, 0xff, 0xff, 0xff, 0xff, 0xff, 0xff,
  0xff, 0xff, 0xff, 0xff, 0xff, 0xff, 0xff, 0xff, 0xff, 0xff, 0xff, 0xff, 0xff, 0xff, 0xff, 0xff,
  0xff, 0xff, 0xff, 0xff, 0xff, 0xff, 0xff, 0xff, 0xff, 0xff, 0xff, 0xff, 0xff, 0xff, 0xff, 0xff,
  0xff, 0xff, 0xff, 0xff, 0xff, 0xff, 0xff, 0xff, 0xff, 0xff, 0xff, 0xff, 0xff, 0xff, 0xff, 0xff,
  0xff, 0xff, 0xff, 0xff, 0xff, 0xff, 0xff, 0xff, 0xff, 0xff, 0xff, 0xff, 0xff, 0xff, 0xff, 0xff,
  0xff, 0xff, 0xff, 0xff, 0xfe, 0xff, 0xea, 0x14, 0x00, 0x01, 0x00, 0x00, 0x00, 0x00, 0x00, 0x00,
  0x00, 0x00, 0x00, 0x00, 0x00, 0x00, 0x00, 0x00, 0x00, 0x00, 0x00, 0x00, 0x00, 0x00, 0x00, 0x00,
  0x00, 0x00, 0x00, 0x00, 0x00, 0x00, 0x00, 0x00, 0x00, 0x00, 0x00, 0x00, 0x00, 0x00, 0x00, 0x00,
  0x00, 0x00, 0x00, 0x00, 0x00, 0x00, 0x00, 0x00, 0x00, 0x00, 0x00, 0x00, 0x00, 0x00, 0x00, 0x00,
  0x00, 0x00, 0x00, 0x00, 0x00, 0x00, 0x00, 0x00, 0x00, 0x00, 0x00, 0x00, 0x00, 0x00, 0x00, 0x00,
  0x00, 0x00, 0x00, 0x00, 0x00, 0x00, 0x00, 0x00, 0x00, 0x00, 0x00, 0x00, 0x00, 0x00, 0x00, 0x00,
  0x00, 0x00, 0x00, 0x00, 0x00, 0x00, 0x00, 0x00, 0x00, 0x00, 0x00, 0x00, 0x00, 0x00, 0x00, 0x00,
  0x03, 0x02, 0x00, 0x00, 0x00, 0x00, 0x04, 0x04, 0x01, 0x00, 0x5a, 0xff, 0xfd, 0xff, 0xff, 0xff,
  0xff, 0xff, 0xff, 0xff, 0xff, 0xff, 0xff, 0xff, 0xff, 0xff, 0xff, 0xff, 0xff, 0xff, 0xff, 0xff,
  0xff, 0xff, 0xff, 0xff, 0xff, 0xff, 0xff, 0xff, 0xff, 0xff, 0xff, 0xff, 0xff, 0xff, 0xff, 0xff,
  0xff, 0xff, 0xff, 0xff, 0xff, 0xff, 0xff, 0xff, 0xff, 0xff, 0xff, 0xff, 0xff, 0xff, 0xff, 0xff,
  0xff, 0xff, 0xff, 0xff, 0xff, 0xff, 0xff, 0xff, 0xff, 0xff, 0xff, 0xff, 0xff, 0xff, 0xff, 0xff,
  0xff, 0xff, 0xff, 0xff, 0xff, 0xff, 0xff, 0xff, 0xff, 0xff, 0xff, 0xff, 0xff, 0xff, 0xff, 0xff,
  0xff, 0xff, 0xff, 0xff, 0xff, 0xff, 0xfc, 0xff, 0x95, 0x01, 0x04, 0x00, 0x00, 0x00, 0x00, 0x00,
  0x00, 0x00, 0x00, 0x00, 0x00, 0x00, 0x00, 0x00, 0x00, 0x00, 0x00, 0x00, 0x00, 0x00, 0x00, 0x00,
  0x00, 0x00, 0x00, 0x00, 0x00, 0x00, 0x00, 0x00, 0x00, 0x00, 0x00, 0x00, 0x00, 0x00, 0x00, 0x00,
  0x00, 0x00, 0x00, 0x00, 0x00, 0x00, 0x00, 0x00, 0x00, 0x00, 0x00, 0x00, 0x00, 0x00, 0x00, 0x00,
  0x00, 0x00, 0x00, 0x00, 0x00, 0x00, 0x00, 0x00, 0x00, 0x00, 0x00, 0x00, 0x00, 0x00, 0x00, 0x00,
  0x00, 0x00, 0x00, 0x00, 0x00, 0x00, 0x00, 0x00, 0x00, 0x00, 0x00, 0x00, 0x00, 0x00, 0x00, 0x00,
  0x00, 0x00, 0x00, 0x00, 0x00, 0x00, 0x00, 0x00, 0x00, 0x00, 0x00, 0x00, 0x00, 0x00, 0x00, 0x00,
  0x00, 0x00, 0x00, 0x00, 0x01, 0x02, 0x02, 0x03, 0x00, 0x00, 0x06, 0x6f, 0xef, 0xfe, 0xfe, 0xff,
  0xff, 0xff, 0xff, 0xff, 0xff, 0xff, 0xff, 0xff, 0xff, 0xff, 0xff, 0xff, 0xff, 0xff, 0xff, 0xff,
  0xff, 0xff, 0xff, 0xff, 0xff, 0xff, 0xff, 0xff, 0xff, 0xff, 0xff, 0xff, 0xff, 0xff, 0xff, 0xff,
  0xff, 0xff, 0xff, 0xff, 0xff, 0xff, 0xff, 0xff, 0xff, 0xff, 0xff, 0xff, 0xff, 0xff, 0xff, 0xff,
  0xff, 0xff, 0xff, 0xff, 0xff, 0xff, 0xff, 0xff, 0xff, 0xff, 0xff, 0xff, 0xff, 0xff, 0xff, 0xff,
  0xff, 0xff, 0xff, 0xff, 0xff, 0xff, 0xff, 0xff, 0xff, 0xff, 0xff, 0xff, 0xff, 0xff, 0xff, 0xff,
  0xff, 0xff, 0xff, 0xff, 0xff, 0xff, 0xff, 0xff, 0xfc, 0xff, 0x58, 0x00, 0x00, 0x03, 0x01, 0x00,
  0x00, 0x00, 0x00, 0x00, 0x00, 0x00, 0x00, 0x00, 0x00, 0x00, 0x00, 0x00, 0x00, 0x00, 0x00, 0x00,
  0x00, 0x00, 0x00, 0x00, 0x00, 0x00, 0x00, 0x00, 0x00, 0x00, 0x00, 0x00, 0x00, 0x00, 0x00, 0x00,
  0x00, 0x00, 0x00, 0x00, 0x00, 0x00, 0x00, 0x00, 0x00, 0x00, 0x00, 0x00, 0x00, 0x00, 0x00, 0x00,
  0x00, 0x00, 0x00, 0x00, 0x00, 0x00, 0x00, 0x00, 0x00, 0x00, 0x00, 0x00, 0x00, 0x00, 0x00, 0x00,
  0x00, 0x00, 0x00, 0x00, 0x00, 0x00, 0x00, 0x00, 0x00, 0x00, 0x00, 0x00, 0x00, 0x00, 0x00, 0x00,
  0x00, 0x00, 0x00, 0x00, 0x00, 0x00, 0x00, 0x00, 0x00, 0x00, 0x00, 0x00, 0x00, 0x00, 0x00, 0x00,
  0x00, 0x00, 0x00, 0x00, 0x00, 0x00, 0x00, 0x01, 0x03, 0x00, 0x03, 0x5a, 0xce, 0xff, 0xff, 0xff,
  0xff, 0xff, 0xff, 0xff, 0xff, 0xff, 0xff, 0xff, 0xff, 0xff, 0xff, 0xff, 0xff, 0xff, 0xff, 0xff,
  0xff, 0xff, 0xff, 0xff, 0xff, 0xff, 0xff, 0xff, 0xff, 0xff, 0xff, 0xff, 0xff, 0xff, 0xff, 0xff,
  0xff, 0xff, 0xff, 0xff, 0xff, 0xff, 0xff, 0xff, 0xff, 0xff, 0xff, 0xff, 0xff, 0xff, 0xff, 0xff,
  0xff, 0xff, 0xff, 0xff, 0xff, 0xff, 0xff, 0xff, 0xff, 0xff, 0xff, 0xff, 0xff, 0xff, 0xff, 0xff,
  0xff, 0xff, 0xff, 0xff, 0xff, 0xff, 0xff, 0xff, 0xff, 0xff, 0xff, 0xff, 0xff, 0xff, 0xff, 0xff,
  0xff, 0xff, 0xff, 0xff, 0xff, 0xff, 0xff, 0xff, 0xff, 0xff, 0xfe, 0xfe, 0xd7, 0x65, 0x10, 0x00,
  0x00, 0x02, 0x00, 0x00, 0x00, 0x00, 0x00, 0x00, 0x00, 0x00, 0x00, 0x00, 0x00, 0x00, 0x00, 0x00,
  0x00, 0x00, 0x00, 0x00, 0x00, 0x00, 0x00, 0x00, 0x00, 0x00, 0x00, 0x00, 0x00, 0x00, 0x00, 0x00,
  0x00, 0x00, 0x00, 0x00, 0x00, 0x00, 0x00, 0x00, 0x00, 0x00, 0x00, 0x00, 0x00, 0x00, 0x00, 0x00,
  0x00, 0x00, 0x00, 0x00, 0x00, 0x00, 0x00, 0x00, 0x00, 0x00, 0x00, 0x00, 0x00, 0x00, 0x00, 0x00,
  0x00, 0x00, 0x00, 0x00, 0x00, 0x00, 0x00, 0x00, 0x00, 0x00, 0x00, 0x00, 0x00, 0x00, 0x00, 0x00,
  0x00, 0x00, 0x00, 0x00, 0x00, 0x00, 0x00, 0x00, 0x00, 0x00, 0x00, 0x00, 0x00, 0x00, 0x00, 0x00,
  0x00, 0x00, 0x00, 0x00, 0x00, 0x00, 0x00, 0x00, 0x01, 0x00, 0x00, 0x44, 0xc6, 0xff, 0xff, 0xfc,
  0xfe, 0xff, 0xff, 0xff, 0xff, 0xff, 0xff, 0xff, 0xff, 0xff, 0xff, 0xff, 0xff, 0xff, 0xff, 0xff,
  0xff, 0xff, 0xff, 0xff, 0xff, 0xff, 0xff, 0xff, 0xff, 0xff, 0xff, 0xff, 0xff, 0xff, 0xff, 0xff,
  0xff, 0xff, 0xff, 0xff, 0xff, 0xff, 0xff, 0xff, 0xff, 0xff, 0xff, 0xff, 0xff, 0xff, 0xff, 0xff,
  0xff, 0xff, 0xff, 0xff, 0xff, 0xff, 0xff, 0xff, 0xff, 0xff, 0xff, 0xff, 0xff, 0xff, 0xff, 0xff,
  0xff, 0xff, 0xff, 0xff, 0xff, 0xff, 0xff, 0xff, 0xff, 0xff, 0xff, 0xff, 0xff, 0xff, 0xff, 0xff,
  0xff, 0xff, 0xff, 0xff, 0xff, 0xff, 0xff, 0xff, 0xff, 0xff, 0xff, 0xff, 0xff, 0xff, 0xff, 0xff,
  0xde, 0x6e, 0x04, 0x00, 0x03, 0x00, 0x00, 0x00, 0x00, 0x00, 0x00, 0x00, 0x00, 0x00, 0x00, 0x00,
  0x00, 0x00, 0x00, 0x00, 0x00, 0x00, 0x00, 0x00, 0x00, 0x00, 0x00, 0x00, 0x00, 0x00, 0x00, 0x00,
  0x00, 0x00, 0x00, 0x00, 0x00, 0x00, 0x00, 0x00, 0x00, 0x00, 0x00, 0x00, 0x00, 0x00, 0x00, 0x00,
  0x00, 0x00, 0x00, 0x00, 0x00, 0x00, 0x00, 0x00, 0x00, 0x00, 0x00, 0x00, 0x00, 0x00, 0x00, 0x00,
  0x00, 0x00, 0x00, 0x00, 0x00, 0x00, 0x00, 0x00, 0x00, 0x00, 0x00, 0x00, 0x00, 0x00, 0x00, 0x00,
  0x00, 0x00, 0x00, 0x00, 0x00, 0x00, 0x00, 0x00, 0x00, 0x00, 0x00, 0x00, 0x00, 0x00, 0x00, 0x00,
  0x00, 0x00, 0x00, 0x00, 0x00, 0x00, 0x00, 0x00, 0x00, 0x01, 0x00, 0x03, 0x8c, 0xff, 0xff, 0xfc,
  0xfd, 0xff, 0xff, 0xff, 0xff, 0xff, 0xff, 0xff, 0xff, 0xff, 0xff, 0xff, 0xff, 0xff, 0xff, 0xff,
  0xff, 0xff, 0xff, 0xff, 0xff, 0xff, 0xff, 0xff, 0xff, 0xff, 0xff, 0xff, 0xff, 0xff, 0xff, 0xff,
  0xff, 0xff, 0xff, 0xff, 0xff, 0xff, 0xff, 0xff, 0xff, 0xff, 0xff, 0xff, 0xff, 0xff, 0xff, 0xff,
  0xff, 0xff, 0xff, 0xff, 0xff, 0xff, 0xff, 0xff, 0xff, 0xff, 0xff, 0xff, 0xff, 0xff, 0xff, 0xff,
  0xff, 0xff, 0xff, 0xff, 0xff, 0xff, 0xff, 0xff, 0xff, 0xff, 0xff, 0xff, 0xff, 0xff, 0xff, 0xff,
  0xff, 0xff, 0xff, 0xff, 0xff, 0xff, 0xff, 0xff, 0xff, 0xff, 0xff, 0xff, 0xff, 0xff, 0xff, 0xff,
  0xfd, 0xfc, 0xff, 0xff, 0xc4, 0x27, 0x00, 0x03, 0x00, 0x00, 0x00, 0x00, 0x00, 0x00, 0x00, 0x00,
  0x00, 0x00, 0x00, 0x00, 0x00, 0x00, 0x00, 0x00, 0x00, 0x00, 0x00, 0x00, 0x00, 0x00, 0x00, 0x00,
  0x00, 0x00, 0x00, 0x00, 0x00, 0x00, 0x00, 0x00, 0x00, 0x00, 0x00, 0x00, 0x00, 0x00, 0x00, 0x00,
  0x00, 0x00, 0x00, 0x00, 0x00, 0x00, 0x00, 0x00, 0x00, 0x00, 0x00, 0x00, 0x00, 0x00, 0x00, 0x00,
  0x00, 0x00, 0x00, 0x00, 0x00, 0x00, 0x00, 0x00, 0x00, 0x00, 0x00, 0x00, 0x00, 0x00, 0x00, 0x00,
  0x00, 0x00, 0x00, 0x00, 0x00, 0x00, 0x00, 0x00, 0x00, 0x00, 0x00, 0x00, 0x00, 0x00, 0x00, 0x00,
  0x00, 0x00, 0x00, 0x00, 0x00, 0x00, 0x00, 0x00, 0x00, 0x00, 0x01, 0x00, 0x0b, 0xb2, 0xff, 0xfd,
  0xfc, 0xff, 0xff, 0xff, 0xff, 0xff, 0xff, 0xff, 0xff, 0xff, 0xff, 0xff, 0xff, 0xff, 0xff, 0xff,
  0xff, 0xff, 0xff, 0xff, 0xff, 0xff, 0xff, 0xff, 0xff, 0xff, 0xff, 0xff, 0xff, 0xff, 0xff, 0xff,
  0xff, 0xff, 0xff, 0xff, 0xff, 0xff, 0xff, 0xff, 0xff, 0xff, 0xff, 0xff, 0xff, 0xff, 0xff, 0xff,
  0xff, 0xff, 0xff, 0xff, 0xff, 0xff, 0xff, 0xff, 0xff, 0xff, 0xff, 0xff, 0xff, 0xff, 0xff, 0xff,
  0xff, 0xff, 0xff, 0xff, 0xff, 0xff, 0xff, 0xff, 0xff, 0xff, 0xff, 0xff, 0xff, 0xff, 0xff, 0xff,
  0xff, 0xff, 0xff, 0xff, 0xff, 0xff, 0xff, 0xff, 0xff, 0xff, 0xff, 0xff, 0xff, 0xff, 0xff, 0xff,
  0xff, 0xff, 0xff, 0xff, 0xfd, 0xfb, 0xff, 0xe9, 0x37, 0x00, 0x02, 0x00, 0x00, 0x00, 0x00, 0x00,
  0x00, 0x00, 0x00, 0x00, 0x00, 0x00, 0x00, 0x00, 0x00, 0x00, 0x00, 0x00, 0x00, 0x00, 0x00, 0x00,
  0x00, 0x00, 0x00, 0x00, 0x00, 0x00, 0x00, 0x00, 0x00, 0x00, 0x00, 0x00, 0x00, 0x00, 0x00, 0x00,
  0x00, 0x00, 0x00, 0x00, 0x00, 0x00, 0x00, 0x00, 0x00, 0x00, 0x00, 0x00, 0x00, 0x00, 0x00, 0x00,
  0x00, 0x00, 0x00, 0x00, 0x00, 0x00, 0x00, 0x00, 0x00, 0x00, 0x00, 0x00, 0x00, 0x00, 0x00, 0x00,
  0x00, 0x00, 0x00, 0x00, 0x00, 0x00, 0x00, 0x00, 0x00, 0x00, 0x00, 0x00, 0x00, 0x00, 0x00, 0x00,
  0x00, 0x00, 0x00, 0x00, 0x00, 0x00, 0x00, 0x00, 0x00, 0x00, 0x00, 0x01, 0x03, 0x05, 0xb5, 0xff,
  0xfa, 0xff, 0xff, 0xff, 0xff, 0xff, 0xff, 0xff, 0xff, 0xff, 0xff, 0xff, 0xff, 0xff, 0xff, 0xff,
  0xff, 0xff, 0xff, 0xff, 0xff, 0xff, 0xff, 0xff, 0xff, 0xff, 0xff, 0xff, 0xff, 0xff, 0xff, 0xff,
  0xff, 0xff, 0xff, 0xff, 0xff, 0xff, 0xff, 0xff, 0xff, 0xff, 0xff, 0xff, 0xff, 0xff, 0xff, 0xff,
  0xff, 0xff, 0xff, 0xff, 0xff, 0xff, 0xff, 0xff, 0xff, 0xff, 0xff, 0xff, 0xff, 0xff, 0xff, 0xff,
  0xff, 0xff, 0xff, 0xff, 0xff, 0xff, 0xff, 0xff, 0xff, 0xff, 0xff, 0xff, 0xff, 0xff, 0xff, 0xff,
  0xff, 0xff, 0xff, 0xff, 0xff, 0xff, 0xff, 0xff, 0xff, 0xff, 0xff, 0xff, 0xff, 0xff, 0xff, 0xff,
  0xff, 0xff, 0xff, 0xff, 0xff, 0xff, 0xff, 0xff, 0xfb, 0xff, 0xe8, 0x21, 0x01, 0x02, 0x00, 0x00,
  0x00, 0x00, 0x00, 0x00, 0x00, 0x00, 0x00, 0x00, 0x00, 0x00, 0x00, 0x00, 0x00, 0x00, 0x00, 0x00,
  0x00, 0x00, 0x00, 0x00, 0x00, 0x00, 0x00, 0x00, 0x00, 0x00, 0x00, 0x00, 0x00, 0x00, 0x00, 0x00,
  0x00, 0x00, 0x00, 0x00, 0x00, 0x00, 0x00, 0x00, 0x00, 0x00, 0x00, 0x00, 0x00, 0x00, 0x00, 0x00,
  0x00, 0x00, 0x00, 0x00, 0x00, 0x00, 0x00, 0x00, 0x00, 0x00, 0x00, 0x00, 0x00, 0x00, 0x00, 0x00,
  0x00, 0x00, 0x00, 0x00, 0x00, 0x00, 0x00, 0x00, 0x00, 0x00, 0x00, 0x00, 0x00, 0x00, 0x00, 0x00,
  0x00, 0x00, 0x00, 0x00, 0x00, 0x00, 0x00, 0x00, 0x00, 0x00, 0x00, 0x00, 0x00, 0x03, 0x00, 0x84,
  0xff, 0xfa, 0xff, 0xff, 0xff, 0xff, 0xff, 0xff, 0xff, 0xff, 0xff, 0xff, 0xff, 0xff, 0xff, 0xff,
  0xff, 0xff, 0xff, 0xff, 0xff, 0xff, 0xff, 0xff, 0xff, 0xff, 0xff, 0xff, 0xff, 0xff, 0xff, 0xff,
  0xff, 0xff, 0xff, 0xff, 0xff, 0xff, 0xff, 0xff, 0xff, 0xff, 0xff, 0xff, 0xff, 0xff, 0xff, 0xff,
  0xff, 0xff, 0xff, 0xff, 0xff, 0xff, 0xff, 0xff, 0xff, 0xff, 0xff, 0xff, 0xff, 0xff, 0xff, 0xff,
  0xff, 0xff, 0xff, 0xff, 0xff, 0xff, 0xff, 0xff, 0xff, 0xff, 0xff, 0xff, 0xff, 0xff, 0xff, 0xff,
  0xff, 0xff, 0xff, 0xff, 0xff, 0xff, 0xff, 0xff, 0xff, 0xff, 0xff, 0xff, 0xff, 0xff, 0xff, 0xff,
  0xff, 0xff, 0xff, 0xff, 0xff, 0xff, 0xff, 0xff, 0xff, 0xff, 0xff, 0xfb, 0xff, 0xb9, 0x01, 0x02,
  0x00, 0x00, 0x00, 0x00, 0x00, 0x00, 0x00, 0x00, 0x00, 0x00, 0x00, 0x00, 0x00, 0x00, 0x00, 0x00,
  0x00, 0x00, 0x00, 0x00, 0x00, 0x00, 0x00, 0x00, 0x00, 0x00, 0x00, 0x00, 0x00, 0x00, 0x00, 0x00,
  0x00, 0x00, 0x00, 0x00, 0x00, 0x00, 0x00, 0x00, 0x00, 0x00, 0x00, 0x00, 0x00, 0x00, 0x00, 0x00,
  0x00, 0x00, 0x00, 0x00, 0x00, 0x00, 0x00, 0x00, 0x00, 0x00, 0x00, 0x00, 0x00, 0x00, 0x00, 0x00,
  0x00, 0x00, 0x00, 0x00, 0x00, 0x00, 0x00, 0x00, 0x00, 0x00, 0x00, 0x00, 0x00, 0x00, 0x00, 0x00,
  0x00, 0x00, 0x00, 0x00, 0x00, 0x00, 0x00, 0x00, 0x00, 0x00, 0x00, 0x00, 0x00, 0x00, 0x02, 0x00,
  0x2b, 0xfa, 0xfc, 0xfe, 0xff, 0xff, 0xff, 0xff, 0xff, 0xff, 0xff, 0xff, 0xff, 0xff, 0xff, 0xff,
  0xff, 0xff, 0xff, 0xff, 0xff, 0xff, 0xff, 0xff, 0xff, 0xff, 0xff, 0xff, 0xff, 0xff, 0xff, 0xff,
  0xff, 0xff, 0xff, 0xff, 0xff, 0xff, 0xff, 0xff, 0xff, 0xff, 0xff, 0xff, 0xff, 0xff, 0xff, 0xff,
  0xff, 0xff, 0xff, 0xff, 0xff, 0xff, 0xff, 0xff, 0xff, 0xff, 0xff, 0xff, 0xff, 0xff, 0xff, 0xff,
  0xff, 0xff, 0xff, 0xff, 0xff, 0xff, 0xff, 0xff, 0xff, 0xff, 0xff, 0xff, 0xff, 0xff, 0xff, 0xff,
  0xff, 0xff, 0xff, 0xff, 0xff, 0xff, 0xff, 0xff, 0xff, 0xff, 0xff, 0xff, 0xff, 0xff, 0xff, 0xff,
  0xff, 0xff, 0xff, 0xff, 0xff, 0xff, 0xff, 0xff, 0xff, 0xff, 0xff, 0xff, 0xff, 0xff, 0xfc, 0xff,
  0x4c, 0x00, 0x03, 0x00, 0x00, 0x00, 0x00, 0x00, 0x00, 0x00, 0x00, 0x00, 0x00, 0x00, 0x00, 0x00,
  0x00, 0x00, 0x00, 0x00, 0x00, 0x00, 0x00, 0x00, 0x00, 0x00, 0x00, 0x00, 0x00, 0x00, 0x00, 0x00,
  0x00, 0x00, 0x00, 0x00, 0x00, 0x00, 0x00, 0x00, 0x00, 0x00, 0x00, 0x00, 0x00, 0x00, 0x00, 0x00,
  0x00, 0x00, 0x00, 0x00, 0x00, 0x00, 0x00, 0x00, 0x00, 0x00, 0x00, 0x00, 0x00, 0x00, 0x00, 0x00,
  0x00, 0x00, 0x00, 0x00, 0x00, 0x00, 0x00, 0x00, 0x00, 0x00, 0x00, 0x00, 0x00, 0x00, 0x00, 0x00,
  0x00, 0x00, 0x00, 0x00, 0x00, 0x00, 0x00, 0x00, 0x00, 0x00, 0x00, 0x00, 0x00, 0x00, 0x00, 0x00,
  0x03, 0x00, 0x96, 0xff, 0xfb, 0xff, 0xff, 0xff, 0xff, 0xff, 0xff, 0xff, 0xff, 0xff, 0xff, 0xff,
  0xff, 0xff, 0xff, 0xff, 0xff, 0xff, 0xff, 0xff, 0xff, 0xff, 0xff, 0xff, 0xff, 0xff, 0xff, 0xff,
  0xff, 0xff, 0xff, 0xff, 0xff, 0xff, 0xff, 0xff, 0xff, 0xff, 0xff, 0xff, 0xff, 0xff, 0xff, 0xff,
  0xff, 0xff, 0xff, 0xff, 0xff, 0xff, 0xff, 0xff, 0xff, 0xff, 0xff, 0xff, 0xff, 0xff, 0xff, 0xff,
  0xff, 0xff, 0xff, 0xff, 0xff, 0xff, 0xff, 0xff, 0xff, 0xff, 0xff, 0xff, 0xff, 0xff, 0xff, 0xff,
  0xff, 0xff, 0xff, 0xff, 0xff, 0xff, 0xff, 0xff, 0xff, 0xff, 0xff, 0xff, 0xff, 0xff, 0xff, 0xff,
  0xff, 0xff, 0xff, 0xff, 0xff, 0xff, 0xff, 0xff, 0xff, 0xff, 0xff, 0xff, 0xff, 0xff, 0xff, 0xff,
  0xfc, 0xfe, 0xb1, 0x00, 0x02, 0x00, 0x00, 0x00, 0x00, 0x00, 0x00, 0x00, 0x00, 0x00, 0x00, 0x00,
  0x00, 0x00, 0x00, 0x00, 0x00, 0x00, 0x00, 0x00, 0x00, 0x00, 0x00, 0x00, 0x00, 0x00, 0x00, 0x00,
  0x00, 0x00, 0x00, 0x00, 0x00, 0x00, 0x00, 0x00, 0x00, 0x00, 0x00, 0x00, 0x00, 0x00, 0x00, 0x00,
  0x00, 0x00, 0x00, 0x00, 0x00, 0x00, 0x00, 0x00, 0x00, 0x00, 0x00, 0x00, 0x00, 0x00, 0x00, 0x00,
  0x00, 0x00, 0x00, 0x00, 0x00, 0x00, 0x00, 0x00, 0x00, 0x00, 0x00, 0x00, 0x00, 0x00, 0x00, 0x00,
  0x00, 0x00, 0x00, 0x00, 0x00, 0x00, 0x00, 0x00, 0x00, 0x00, 0x00, 0x00, 0x00, 0x00, 0x00, 0x00,
  0x00, 0x01, 0x00, 0x0b, 0xdf, 0xfe, 0xfd, 0xff, 0xff, 0xff, 0xff, 0xff, 0xff, 0xff, 0xff, 0xff,
  0xff, 0xff, 0xff, 0xff, 0xff, 0xff, 0xff, 0xff, 0xff, 0xff, 0xff, 0xff, 0xff, 0xff, 0xff, 0xff,
  0xff, 0xff, 0xff, 0xff, 0xff, 0xff, 0xff, 0xff, 0xff, 0xff, 0xff, 0xff, 0xff, 0xff, 0xff, 0xfd,
  0xfd, 0xfe, 0xff, 0xff, 0xff, 0xff, 0xff, 0xff, 0xff, 0xff, 0xff, 0xff, 0xff, 0xff, 0xff, 0xff,
  0xff, 0xff, 0xff, 0xff, 0xff, 0xff, 0xff, 0xff, 0xff, 0xfe, 0xfe, 0xff, 0xff, 0xff, 0xff, 0xff,
  0xff, 0xff, 0xff, 0xff, 0xff, 0xff, 0xff, 0xff, 0xff, 0xff, 0xff, 0xff, 0xff, 0xff, 0xff, 0xff,
  0xff, 0xff, 0xff, 0xff, 0xff, 0xff, 0xff, 0xff, 0xff, 0xff, 0xff, 0xff, 0xff, 0xff, 0xff, 0xff,
  0xff, 0xff, 0xfe, 0xff, 0xe6, 0x10, 0x00, 0x01, 0x00, 0x00, 0x00, 0x00, 0x00, 0x00, 0x00, 0x00,
  0x00, 0x00, 0x00, 0x00, 0x00, 0x00, 0x00, 0x00, 0x00, 0x00, 0x00, 0x00, 0x00, 0x00, 0x00, 0x00,
  0x00, 0x00, 0x00, 0x00, 0x00, 0x00, 0x00, 0x00, 0x00, 0x00, 0x00, 0x00, 0x00, 0x00, 0x00, 0x00,
  0x00, 0x00, 0x00, 0x00, 0x00, 0x00, 0x00, 0x00, 0x00, 0x00, 0x00, 0x00, 0x00, 0x00, 0x00, 0x00,
  0x00, 0x00, 0x00, 0x00, 0x00, 0x00, 0x00, 0x00, 0x00, 0x00, 0x00, 0x00, 0x00, 0x00, 0x00, 0x00,
  0x00, 0x00, 0x00, 0x00, 0x00, 0x00, 0x00, 0x00, 0x00, 0x00, 0x00, 0x00, 0x00, 0x00, 0x00, 0x00,
  0x00, 0x00, 0x00, 0x02, 0x00, 0x27, 0xf9, 0xff, 0xfe, 0xff, 0xff, 0xff, 0xff, 0xff, 0xff, 0xff,
  0xff, 0xff, 0xff, 0xff, 0xff, 0xff, 0xff, 0xff, 0xff, 0xff, 0xff, 0xff, 0xff, 0xff, 0xff, 0xff,
  0xff, 0xff, 0xff, 0xff, 0xff, 0xff, 0xff, 0xff, 0xff, 0xff, 0xff, 0xff, 0xff, 0xff, 0xff, 0xff,
  0xfd, 0xff, 0xff, 0xff, 0xfd, 0xfc, 0xfb, 0xfb, 0xfc, 0xfc, 0xfd, 0xfd, 0xfe, 0xfe, 0xfe, 0xfe,
  0xfe, 0xfe, 0xfd, 0xfd, 0xfd, 0xfd, 0xfc, 0xfc, 0xfb, 0xfc, 0xfd, 0xff, 0xff, 0xfd, 0xff, 0xff,
  0xff, 0xff, 0xff, 0xff, 0xff, 0xff, 0xff, 0xff, 0xff, 0xff, 0xff, 0xff, 0xff, 0xff, 0xff, 0xff,
  0xff, 0xff, 0xff, 0xff, 0xff, 0xff, 0xff, 0xff, 0xff, 0xff, 0xff, 0xff, 0xff, 0xff, 0xff, 0xff,
  0xff, 0xff, 0xff, 0xff, 0xfe, 0xff, 0xfb, 0x2b, 0x00, 0x02, 0x00, 0x00, 0x00, 0x00, 0x00, 0x00,
  0x00, 0x00, 0x00, 0x00, 0x00, 0x00, 0x00, 0x00, 0x00, 0x00, 0x00, 0x00, 0x00, 0x00, 0x00, 0x00,
  0x00, 0x00, 0x00, 0x00, 0x00, 0x00, 0x00, 0x00, 0x00, 0x00, 0x00, 0x00, 0x00, 0x00, 0x00, 0x00,
  0x00, 0x00, 0x00, 0x00, 0x00, 0x00, 0x00, 0x00, 0x00, 0x00, 0x00, 0x00, 0x00, 0x00, 0x00, 0x00,
  0x00, 0x00, 0x00, 0x00, 0x00, 0x00, 0x00, 0x00, 0x00, 0x00, 0x00, 0x00, 0x00, 0x00, 0x00, 0x00,
  0x00, 0x00, 0x00, 0x00, 0x00, 0x00, 0x00, 0x00, 0x00, 0x00, 0x00, 0x00, 0x00, 0x00, 0x00, 0x00,
  0x00, 0x00, 0x00, 0x00, 0x00, 0x02, 0x00, 0x33, 0xff, 0xff, 0xfe, 0xff, 0xff, 0xff, 0xff, 0xff,
  0xff, 0xff, 0xff, 0xff, 0xff, 0xff, 0xff, 0xff, 0xff, 0xff, 0xff, 0xff, 0xff, 0xff, 0xff, 0xff,
  0xff, 0xff, 0xff, 0xff, 0xff, 0xff, 0xff, 0xff, 0xff, 0xff, 0xff, 0xff, 0xff, 0xff, 0xff, 0xff,
  0xff, 0xfd, 0xff, 0xd9, 0xe1, 0xfc, 0xff, 0xff, 0xff, 0xff, 0xff, 0xff, 0xff, 0xff, 0xff, 0xff,
  0xff, 0xff, 0xff, 0xff, 0xff, 0xff, 0xff, 0xff, 0xff, 0xff, 0xff, 0xff, 0xff, 0xf3, 0xf0, 0xff,
  0xfd, 0xff, 0xff, 0xff, 0xff, 0xff, 0xff, 0xff, 0xff, 0xff, 0xff, 0xff, 0xff, 0xff, 0xff, 0xff,
  0xff, 0xff, 0xff, 0xff, 0xff, 0xff, 0xff, 0xff, 0xff, 0xff, 0xff, 0xff, 0xff, 0xff, 0xff, 0xff,
  0xff, 0xff, 0xff, 0xff, 0xff, 0xff, 0xfe, 0xff, 0xfc, 0x2c, 0x00, 0x02, 0x00, 0x00, 0x00, 0x00,
  0x00, 0x00, 0x00, 0x00, 0x00, 0x00, 0x00, 0x00, 0x00, 0x00, 0x00, 0x00, 0x00, 0x00, 0x00, 0x00,
  0x00, 0x00, 0x00, 0x00, 0x00, 0x00, 0x00, 0x00, 0x00, 0x00, 0x00, 0x00, 0x00, 0x00, 0x00, 0x00,
  0x00, 0x00, 0x00, 0x00, 0x00, 0x00, 0x00, 0x00, 0x00, 0x00, 0x00, 0x00, 0x00, 0x00, 0x00, 0x00,
  0x00, 0x00, 0x00, 0x00, 0x00, 0x00, 0x00, 0x00, 0x00, 0x00, 0x00, 0x00, 0x00, 0x00, 0x00, 0x00,
  0x00, 0x00, 0x00, 0x00, 0x00, 0x00, 0x00, 0x00, 0x00, 0x00, 0x00, 0x00, 0x00, 0x00, 0x00, 0x00,
  0x00, 0x00, 0x00, 0x00, 0x00, 0x00, 0x00, 0x02, 0x00, 0x22, 0xf5, 0xff, 0xfe, 0xff, 0xff, 0xff,
  0xff, 0xff, 0xff, 0xff, 0xff, 0xff, 0xff, 0xff, 0xff, 0xff, 0xff, 0xff, 0xff, 0xff, 0xff, 0xff,
  0xff, 0xff, 0xff, 0xff, 0xff, 0xff, 0xff, 0xff, 0xff, 0xff, 0xff, 0xff, 0xff, 0xff, 0xff, 0xff,
  0xff, 0xfe, 0xfb, 0xff, 0x9a, 0x08, 0x0f, 0x2d, 0x4c, 0x6a, 0x86, 0xa1, 0xb7, 0xc8, 0xd6, 0xe0,
  0xe6, 0xe8, 0xeb, 0xeb, 0xea, 0xe8, 0xe5, 0xe0, 0xd9, 0xcc, 0xbb, 0xa5, 0x8a, 0x68, 0x46, 0x21,
  0x1e, 0xb2, 0xff, 0xfb, 0xff, 0xff, 0xff, 0xff, 0xff, 0xff, 0xff, 0xff, 0xff, 0xff, 0xff, 0xff,
  0xff, 0xff, 0xff, 0xff, 0xff, 0xff, 0xff, 0xff, 0xff, 0xff, 0xff, 0xff, 0xff, 0xff, 0xff, 0xff,
  0xff, 0xff, 0xff, 0xff, 0xff, 0xff, 0xff, 0xff, 0xfe, 0xff, 0xe9, 0x12, 0x00, 0x01, 0x00, 0x00,
  0x00, 0x00, 0x00, 0x00, 0x00, 0x00, 0x00, 0x00, 0x00, 0x00, 0x00, 0x00, 0x00, 0x00, 0x00, 0x00,
  0x00, 0x00, 0x00, 0x00, 0x00, 0x00, 0x00, 0x00, 0x00, 0x00, 0x00, 0x00, 0x00, 0x00, 0x00, 0x00,
  0x00, 0x00, 0x00, 0x00, 0x00, 0x00, 0x00, 0x00, 0x00, 0x00, 0x00, 0x00, 0x00, 0x00, 0x00, 0x00,
  0x00, 0x00, 0x00, 0x00, 0x00, 0x00, 0x00, 0x00, 0x00, 0x00, 0x00, 0x00, 0x00, 0x00, 0x00, 0x00,
  0x00, 0x00, 0x00, 0x00, 0x00, 0x00, 0x00, 0x00, 0x00, 0x00, 0x00, 0x00, 0x00, 0x00, 0x00, 0x00,
  0x00, 0x00, 0x00, 0x00, 0x00, 0x00, 0x00, 0x00, 0x00, 0x00, 0x01, 0x04, 0xd0, 0xfd, 0xfd, 0xff,
  0xff, 0xff, 0xff, 0xff, 0xff, 0xff, 0xff, 0xff, 0xff, 0xff, 0xff, 0xff, 0xff, 0xff, 0xff, 0xff,
  0xff, 0xff, 0xff, 0xff, 0xff, 0xff, 0xff, 0xff, 0xff, 0xff, 0xff, 0xff, 0xff, 0xff, 0xff, 0xff,
  0xff, 0xff, 0xfc, 0xfe, 0xff, 0x98, 0x00, 0x00, 0x00, 0x00, 0x00, 0x00, 0x00, 0x00, 0x00, 0x00,
  0x05, 0x0c, 0x10, 0x13, 0x15, 0x16, 0x15, 0x13, 0x10, 0x0c, 0x06, 0x00, 0x00, 0x00, 0x00, 0x00,
  0x00, 0x00, 0x00, 0x07, 0xb3, 0xff, 0xfb, 0xfe, 0xff, 0xff, 0xff, 0xff, 0xff, 0xff, 0xff, 0xff,
  0xff, 0xff, 0xff, 0xff, 0xff, 0xff, 0xff, 0xff, 0xff, 0xff, 0xff, 0xff, 0xff, 0xff, 0xff, 0xff,
  0xff, 0xff, 0xff, 0xff, 0xff, 0xff, 0xff, 0xff, 0xff, 0xff, 0xfc, 0xfe, 0xb1, 0x00, 0x02, 0x00,
  0x00, 0x00, 0x00, 0x00, 0x00, 0x00, 0x00, 0x00, 0x00, 0x00, 0x00, 0x00, 0x00, 0x00, 0x00, 0x00,
  0x00, 0x00, 0x00, 0x00, 0x00, 0x00, 0x00, 0x00, 0x00, 0x00, 0x00, 0x00, 0x00, 0x00, 0x00, 0x00,
  0x00, 0x00, 0x00, 0x00, 0x00, 0x00, 0x00, 0x00, 0x00, 0x00, 0x00, 0x00, 0x00, 0x00, 0x00, 0x00,
  0x00, 0x00, 0x00, 0x00, 0x00, 0x00, 0x00, 0x00, 0x00, 0x00, 0x00, 0x00, 0x00, 0x00, 0x00, 0x00,
  0x00, 0x00, 0x00, 0x00, 0x00, 0x00, 0x00, 0x00, 0x00, 0x00, 0x00, 0x00, 0x00, 0x00, 0x00, 0x00,
  0x00, 0x00, 0x00, 0x00, 0x00, 0x00, 0x00, 0x00, 0x00, 0x00, 0x00, 0x00, 0x03, 0x00, 0x75, 0xff,
  0xf9, 0xff, 0xff, 0xff, 0xff, 0xff, 0xff, 0xff, 0xff, 0xff, 0xff, 0xff, 0xff, 0xff, 0xff, 0xff,
  0xff, 0xff, 0xff, 0xff, 0xff, 0xff, 0xff, 0xff, 0xff, 0xff, 0xff, 0xff, 0xff, 0xff, 0xff, 0xff,
  0xff, 0xfe, 0xfc, 0xfd, 0xff, 0xfb, 0x78, 0x00, 0x01, 0x01, 0x01, 0x02, 0x03, 0x04, 0x04, 0x03,
  0x02, 0x00, 0x00, 0x00, 0x00, 0x00, 0x00, 0x00, 0x00, 0x00, 0x00, 0x00, 0x00, 0x00, 0x01, 0x03,
  0x04, 0x04, 0x03, 0x02, 0x03, 0x00, 0x07, 0xa0, 0xff, 0xff, 0xfb, 0xfe, 0xff, 0xff, 0xff, 0xff,
  0xff, 0xff, 0xff, 0xff, 0xff, 0xff, 0xff, 0xff, 0xff, 0xff, 0xff, 0xff, 0xff, 0xff, 0xff, 0xff,
  0xff, 0xff, 0xff, 0xff, 0xff, 0xff, 0xff, 0xff, 0xff, 0xff, 0xff, 0xfe, 0xfb, 0xff, 0x44, 0x00,
  0x03, 0x00, 0x00, 0x00, 0x00, 0x00, 0x00, 0x00, 0x00, 0x00, 0x00, 0x00, 0x00, 0x00, 0x00, 0x00,
  0x00, 0x00, 0x00, 0x00, 0x00, 0x00, 0x00, 0x00, 0x00, 0x00, 0x00, 0x00, 0x00, 0x00, 0x00, 0x00,
  0x00, 0x00, 0x00, 0x00, 0x00, 0x00, 0x00, 0x00, 0x00, 0x00, 0x00, 0x00, 0x00, 0x00, 0x00, 0x00,
  0x00, 0x00, 0x00, 0x00, 0x00, 0x00, 0x00, 0x00, 0x00, 0x00, 0x00, 0x00, 0x00, 0x00, 0x00, 0x00,
  0x00, 0x00, 0x00, 0x00, 0x00, 0x00, 0x00, 0x00, 0x00, 0x00, 0x00, 0x00, 0x00, 0x00, 0x00, 0x00,
  0x00, 0x00, 0x00, 0x00, 0x00, 0x00, 0x00, 0x00, 0x00, 0x00, 0x00, 0x00, 0x00, 0x00, 0x01, 0x01,
  0x0c, 0xca, 0xff, 0xfa, 0xfd, 0xff, 0xff, 0xff, 0xff, 0xff, 0xff, 0xff, 0xff, 0xff, 0xff, 0xff,
  0xff, 0xff, 0xff, 0xff, 0xff, 0xff, 0xff, 0xff, 0xff, 0xff, 0xff, 0xff, 0xff, 0xff, 0xff, 0xff,
  0xfe, 0xfd, 0xfb, 0xff, 0xff, 0xff, 0xbe, 0x3a, 0x00, 0x02, 0x01, 0x00, 0x00, 0x00, 0x00, 0x00,
  0x00, 0x00, 0x00, 0x00, 0x01, 0x01, 0x01, 0x01, 0x01, 0x01, 0x01, 0x01, 0x01, 0x01, 0x01, 0x01,
  0x00, 0x00, 0x00, 0x00, 0x00, 0x00, 0x00, 0x01, 0x00, 0x00, 0x6e, 0xf0, 0xff, 0xff, 0xfc, 0xfc,
  0xfe, 0xff, 0xff, 0xff, 0xff, 0xff, 0xff, 0xff, 0xff, 0xff, 0xff, 0xff, 0xff, 0xff, 0xff, 0xff,
  0xff, 0xff, 0xff, 0xff, 0xff, 0xff, 0xff, 0xff, 0xff, 0xff, 0xff, 0xff, 0xfd, 0xfc, 0xff, 0x91,
  0x00, 0x02, 0x00, 0x00, 0x00, 0x00, 0x00, 0x00, 0x00, 0x00, 0x00, 0x00, 0x00, 0x00, 0x00, 0x00,
  0x00, 0x00, 0x00, 0x00, 0x00, 0x00, 0x00, 0x00, 0x00, 0x00, 0x00, 0x00, 0x00, 0x00, 0x00, 0x00,
  0x00, 0x00, 0x00, 0x00, 0x00, 0x00, 0x00, 0x00, 0x00, 0x00, 0x00, 0x00, 0x00, 0x00, 0x00, 0x00,
  0x00, 0x00, 0x00, 0x00, 0x00, 0x00, 0x00, 0x00, 0x00, 0x00, 0x00, 0x00, 0x00, 0x00, 0x00, 0x00,
  0x00, 0x00, 0x00, 0x00, 0x00, 0x00, 0x00, 0x00, 0x00, 0x00, 0x00, 0x00, 0x00, 0x00, 0x00, 0x00,
  0x00, 0x00, 0x00, 0x00, 0x00, 0x00, 0x00, 0x00, 0x00, 0x00, 0x00, 0x00, 0x00, 0x00, 0x00, 0x00,
  0x00, 0x01, 0x00, 0x18, 0xbc, 0xff, 0xff, 0xfd, 0xfc, 0xfd, 0xfe, 0xff, 0xff, 0xff, 0xff, 0xff,
  0xff, 0xff, 0xff, 0xff, 0xff, 0xff, 0xff, 0xff, 0xff, 0xff, 0xff, 0xff, 0xff, 0xfe, 0xfe, 0xfc,
  0xfb, 0xfc, 0xff, 0xff, 0xff, 0xfa, 0xb7, 0x4f, 0x00, 0x00, 0x03, 0x00, 0x00, 0x00, 0x00, 0x00,
  0x00, 0x00, 0x00, 0x00, 0x00, 0x00, 0x00, 0x00, 0x00, 0x00, 0x00, 0x00, 0x00, 0x00, 0x00, 0x00,
  0x00, 0x00, 0x00, 0x00, 0x00, 0x00, 0x00, 0x00, 0x00, 0x00, 0x01, 0x02, 0x00, 0x24, 0x95, 0xec,
  0xff, 0xff, 0xff, 0xfd, 0xfb, 0xfc, 0xfe, 0xff, 0xff, 0xff, 0xff, 0xff, 0xff, 0xff, 0xff, 0xff,
  0xff, 0xff, 0xff, 0xff, 0xff, 0xff, 0xff, 0xff, 0xff, 0xff, 0xff, 0xfe, 0xfc, 0xfd, 0xff, 0xff,
  0x8e, 0x01, 0x02, 0x01, 0x00, 0x00, 0x00, 0x00, 0x00, 0x00, 0x00, 0x00, 0x00, 0x00, 0x00, 0x00,
  0x00, 0x00, 0x00, 0x00, 0x00, 0x00, 0x00, 0x00, 0x00, 0x00, 0x00, 0x00, 0x00, 0x00, 0x00, 0x00,
  0x00, 0x00, 0x00, 0x00, 0x00, 0x00, 0x00, 0x00, 0x00, 0x00, 0x00, 0x00, 0x00, 0x00, 0x00, 0x00,
  0x00, 0x00, 0x00, 0x00, 0x00, 0x00, 0x00, 0x00, 0x00, 0x00, 0x00, 0x00, 0x00, 0x00, 0x00, 0x00,
  0x00, 0x00, 0x00, 0x00, 0x00, 0x00, 0x00, 0x00, 0x00, 0x00, 0x00, 0x00, 0x00, 0x00, 0x00, 0x00,
  0x00, 0x00, 0x00, 0x00, 0x00, 0x00, 0x00, 0x00, 0x00, 0x00, 0x00, 0x00, 0x00, 0x00, 0x00, 0x00,
  0x00, 0x00, 0x00, 0x00, 0x02, 0x00, 0x02, 0x6b, 0xd7, 0xff, 0xff, 0xff, 0xff, 0xfd, 0xfb, 0xfb,
  0xfc, 0xfc, 0xfd, 0xfd, 0xfd, 0xfe, 0xfe, 0xfd, 0xfd, 0xfc, 0xfc, 0xfb, 0xfb, 0xfc, 0xfd, 0xff,
  0xff, 0xff, 0xff, 0xff, 0xf7, 0xc9, 0x7f, 0x2e, 0x00, 0x00, 0x00, 0x02, 0x00, 0x00, 0x00, 0x00,
  0x00, 0x00, 0x00, 0x00, 0x00, 0x00, 0x00, 0x00, 0x00, 0x00, 0x00, 0x00, 0x00, 0x00, 0x00, 0x00,
  0x00, 0x00, 0x00, 0x00, 0x00, 0x00, 0x00, 0x00, 0x00, 0x00, 0x00, 0x00, 0x00, 0x00, 0x03, 0x00,
  0x00, 0x1b, 0x69, 0xbc, 0xf1, 0xff, 0xff, 0xff, 0xff, 0xff, 0xfc, 0xfb, 0xfb, 0xfc, 0xfd, 0xfd,
  0xfe, 0xfe, 0xfe, 0xfe, 0xfe, 0xfe, 0xfe, 0xfd, 0xfd, 0xfc, 0xfb, 0xfc, 0xfe, 0xff, 0xff, 0xff,
  0xce, 0x50, 0x00, 0x01, 0x01, 0x00, 0x00, 0x00, 0x00, 0x00, 0x00, 0x00, 0x00, 0x00, 0x00, 0x00,
  0x00, 0x00, 0x00, 0x00, 0x00, 0x00, 0x00, 0x00, 0x00, 0x00, 0x00, 0x00, 0x00, 0x00, 0x00, 0x00,
  0x00, 0x00, 0x00, 0x00, 0x00, 0x00, 0x00, 0x00, 0x00, 0x00, 0x00, 0x00, 0x00, 0x00, 0x00, 0x00,
  0x00, 0x00, 0x00, 0x00, 0x00, 0x00, 0x00, 0x00, 0x00, 0x00, 0x00, 0x00, 0x00, 0x00, 0x00, 0x00,
  0x00, 0x00, 0x00, 0x00, 0x00, 0x00, 0x00, 0x00, 0x00, 0x00, 0x00, 0x00, 0x00, 0x00, 0x00, 0x00,
  0x00, 0x00, 0x00, 0x00, 0x00, 0x00, 0x00, 0x00, 0x00, 0x00, 0x00, 0x00, 0x00, 0x00, 0x00, 0x00,
  0x00, 0x00, 0x00, 0x00, 0x00, 0x00, 0x00, 0x01, 0x00, 0x00, 0x09, 0x4e, 0x9f, 0xd9, 0xfa, 0xff,
  0xff, 0xff, 0xff, 0xff, 0xff, 0xff, 0xff, 0xff, 0xff, 0xff, 0xff, 0xff, 0xff, 0xff, 0xff, 0xff,
  0xff, 0xfd, 0xe7, 0xc6, 0x97, 0x5b, 0x25, 0x00, 0x00, 0x00, 0x01, 0x03, 0x00, 0x00, 0x00, 0x00,
  0x00, 0x00, 0x00, 0x00, 0x00, 0x00, 0x00, 0x00, 0x00, 0x00, 0x00, 0x00, 0x00, 0x00, 0x00, 0x00,
  0x00, 0x00, 0x00, 0x00, 0x00, 0x00, 0x00, 0x00, 0x00, 0x00, 0x00, 0x00, 0x00, 0x00, 0x00, 0x00,
  0x00, 0x02, 0x03, 0x00, 0x00, 0x00, 0x1e, 0x55, 0x91, 0xc4, 0xea, 0xff, 0xff, 0xff, 0xff, 0xff,
  0xff, 0xff, 0xff, 0xff, 0xff, 0xff, 0xff, 0xff, 0xff, 0xff, 0xff, 0xff, 0xff, 0xff, 0xff, 0xe6,
  0xa9, 0x50, 0x05, 0x00, 0x02, 0x00, 0x00, 0x00, 0x00, 0x00, 0x00, 0x00, 0x00, 0x00, 0x00, 0x00,
  0x00, 0x00, 0x00, 0x00, 0x00, 0x00, 0x00, 0x00, 0x00, 0x00, 0x00, 0x00, 0x00, 0x00, 0x00, 0x00,
  0x00, 0x00, 0x00, 0x00, 0x00, 0x00, 0x00, 0x00, 0x00, 0x00, 0x00, 0x00, 0x00, 0x00, 0x00, 0x00,
  0x00, 0x00, 0x00, 0x00, 0x00, 0x00, 0x00, 0x00, 0x00, 0x00, 0x00, 0x00, 0x00, 0x00, 0x00, 0x00,
  0x00, 0x00, 0x00, 0x00, 0x00, 0x00, 0x00, 0x00, 0x00, 0x00, 0x00, 0x00, 0x00, 0x00, 0x00, 0x00,
  0x00, 0x00, 0x00, 0x00, 0x00, 0x00, 0x00, 0x00, 0x00, 0x00, 0x00, 0x00, 0x00, 0x00, 0x00, 0x00,
  0x00, 0x00, 0x00, 0x00, 0x00, 0x00, 0x00, 0x00, 0x00, 0x00, 0x01, 0x03, 0x00, 0x00, 0x00, 0x07,
  0x2a, 0x4f, 0x72, 0x8f, 0xaa, 0xbf, 0xcf, 0xdd, 0xe4, 0xe7, 0xe5, 0xdf, 0xd3, 0xc5, 0xb3, 0x9f,
  0x86, 0x6b, 0x4c, 0x2e, 0x12, 0x00, 0x00, 0x00, 0x00, 0x00, 0x04, 0x02, 0x00, 0x00, 0x00, 0x00,
  0x00, 0x00, 0x00, 0x00, 0x00, 0x00, 0x00, 0x00, 0x00, 0x00, 0x00, 0x00, 0x00, 0x00, 0x00, 0x00,
  0x00, 0x00, 0x00, 0x00, 0x00, 0x00, 0x00, 0x00, 0x00, 0x00, 0x00, 0x00, 0x00, 0x00, 0x00, 0x00,
  0x00, 0x00, 0x00, 0x00, 0x00, 0x01, 0x03, 0x01, 0x00, 0x00, 0x00, 0x00, 0x15, 0x35, 0x5a, 0x7c,
  0x9b, 0xb7, 0xcb, 0xdc, 0xe8, 0xee, 0xf3, 0xf4, 0xf3, 0xef, 0xe9, 0xdd, 0xcc, 0xb4, 0x93, 0x69,
  0x3b, 0x12, 0x00, 0x00, 0x00, 0x03, 0x00, 0x00, 0x00, 0x00, 0x00, 0x00, 0x00, 0x00, 0x00, 0x00,
  0x00, 0x00, 0x00, 0x00, 0x00, 0x00, 0x00, 0x00, 0x00, 0x00, 0x00, 0x00, 0x00, 0x00, 0x00, 0x00,
  0x00, 0x00, 0x00, 0x00, 0x00, 0x00, 0x00, 0x00, 0x00, 0x00, 0x00, 0x00, 0x00, 0x00, 0x00, 0x00,
  0x00, 0x00, 0x00, 0x00, 0x00, 0x00, 0x00, 0x00, 0x00, 0x00, 0x00, 0x00, 0x00, 0x00, 0x00, 0x00,
  0x00, 0x00, 0x00, 0x00, 0x00, 0x00, 0x00, 0x00, 0x00, 0x00, 0x00, 0x00, 0x00, 0x00, 0x00, 0x00,
  0x00, 0x00, 0x00, 0x00, 0x00, 0x00, 0x00, 0x00, 0x00, 0x00, 0x00, 0x00, 0x00, 0x00, 0x00, 0x00,
  0x00, 0x00, 0x00, 0x00, 0x00, 0x00, 0x00, 0x00, 0x00, 0x00, 0x00, 0x00, 0x00, 0x00, 0x01, 0x03,
  0x03, 0x00, 0x00, 0x00, 0x00, 0x00, 0x00, 0x00, 0x01, 0x09, 0x0f, 0x12, 0x10, 0x0b, 0x03, 0x00,
  0x00, 0x00, 0x00, 0x00, 0x00, 0x00, 0x00, 0x00, 0x03, 0x03, 0x02, 0x00, 0x00, 0x00, 0x00, 0x00,
  0x00, 0x00, 0x00, 0x00, 0x00, 0x00, 0x00, 0x00, 0x00, 0x00, 0x00, 0x00, 0x00, 0x00, 0x00, 0x00,
  0x00, 0x00, 0x00, 0x00, 0x00, 0x00, 0x00, 0x00, 0x00, 0x00, 0x00, 0x00, 0x00, 0x00, 0x00, 0x00,
  0x00, 0x00, 0x00, 0x00, 0x00, 0x00, 0x00, 0x00, 0x00, 0x00, 0x02, 0x03, 0x03, 0x01, 0x00, 0x00,
  0x00, 0x00, 0x00, 0x00, 0x00, 0x09, 0x12, 0x19, 0x1e, 0x21, 0x1e, 0x1a, 0x13, 0x0a, 0x00, 0x00,
  0x00, 0x00, 0x00, 0x00, 0x02, 0x03, 0x01, 0x00, 0x00, 0x00, 0x00, 0x00, 0x00, 0x00, 0x00, 0x00,
  0x00, 0x00, 0x00, 0x00, 0x00, 0x00, 0x00, 0x00, 0x00, 0x00, 0x00, 0x00, 0x00, 0x00, 0x00, 0x00,
  0x00, 0x00, 0x00, 0x00, 0x00, 0x00, 0x00, 0x00, 0x00, 0x00, 0x00, 0x00, 0x00, 0x00, 0x00, 0x00,
  0x00, 0x00, 0x00, 0x00, 0x00, 0x00, 0x00, 0x00, 0x00, 0x00, 0x00, 0x00, 0x00, 0x00, 0x00, 0x00,
  0x00, 0x00, 0x00, 0x00, 0x00, 0x00, 0x00, 0x00, 0x00, 0x00, 0x00, 0x00, 0x00, 0x00, 0x00, 0x00,
  0x00, 0x00, 0x00, 0x00, 0x00, 0x00, 0x00, 0x00, 0x00, 0x00, 0x00, 0x00, 0x00, 0x00, 0x00, 0x00,
  0x00, 0x00, 0x00, 0x00, 0x00, 0x00, 0x00, 0x00, 0x00, 0x00, 0x00, 0x00, 0x00, 0x00, 0x00, 0x00,
  0x00, 0x00, 0x00, 0x01, 0x02, 0x03, 0x04, 0x03, 0x03, 0x01, 0x00, 0x00, 0x00, 0x00, 0x00, 0x00,
  0x00, 0x01, 0x02, 0x03, 0x04, 0x04, 0x03, 0x02, 0x01, 0x00, 0x00, 0x00, 0x00, 0x00, 0x00, 0x00,
  0x00, 0x00, 0x00, 0x00, 0x00, 0x00, 0x00, 0x00, 0x00, 0x00, 0x00, 0x00, 0x00, 0x00, 0x00, 0x00,
  0x00, 0x00, 0x00, 0x00, 0x00, 0x00, 0x00, 0x00, 0x00, 0x00, 0x00, 0x00, 0x00, 0x00, 0x00, 0x00,
  0x00, 0x00, 0x00, 0x00, 0x00, 0x00, 0x00, 0x00, 0x00, 0x00, 0x00, 0x00, 0x00, 0x00, 0x00, 0x00,
  0x01, 0x02, 0x03, 0x04, 0x03, 0x02, 0x00, 0x00, 0x00, 0x00, 0x00, 0x00, 0x00, 0x00, 0x00, 0x00,
  0x00, 0x02, 0x03, 0x04, 0x03, 0x01, 0x00, 0x00, 0x00, 0x00, 0x00, 0x00, 0x00, 0x00, 0x00, 0x00,
  0x00, 0x00, 0x00, 0x00, 0x00, 0x00, 0x00, 0x00, 0x00, 0x00, 0x00, 0x00, 0x00, 0x00, 0x00, 0x00,
  0x00, 0x00, 0x00, 0x00, 0x00, 0x00, 0x00, 0x00, 0x00, 0x00, 0x00, 0x00, 0x00, 0x00, 0x00, 0x00,
  0x00, 0x00, 0x00, 0x00, 0x00, 0x00, 0x00, 0x00, 0x00, 0x00, 0x00, 0x00, 0x00, 0x00, 0x00, 0x00,
  0x00, 0x00, 0x00, 0x00, 0x00, 0x00, 0x00, 0x00, 0x00, 0x00, 0x00, 0x00, 0x00, 0x00, 0x00, 0x00,
  0x00, 0x00, 0x00, 0x00, 0x00, 0x00, 0x00, 0x00, 0x00, 0x00, 0x00, 0x00, 0x00, 0x00, 0x00, 0x00,
  0x00, 0x00, 0x00, 0x00, 0x00, 0x00, 0x00, 0x00, 0x00, 0x00, 0x00, 0x00, 0x00, 0x00, 0x00, 0x00,
  0x00, 0x00, 0x00, 0x00, 0x00, 0x00, 0x00, 0x00, 0x00, 0x00, 0x00, 0x00, 0x01, 0x01, 0x01, 0x01,
  0x01, 0x01, 0x01, 0x00, 0x00, 0x00, 0x00, 0x00, 0x00, 0x00, 0x00, 0x00, 0x00, 0x00, 0x00, 0x00,
  0x00, 0x00, 0x00, 0x00, 0x00, 0x00, 0x00, 0x00, 0x00, 0x00, 0x00, 0x00, 0x00, 0x00, 0x00, 0x00,
  0x00, 0x00, 0x00, 0x00, 0x00, 0x00, 0x00, 0x00, 0x00, 0x00, 0x00, 0x00, 0x00, 0x00, 0x00, 0x00,
  0x00, 0x00, 0x00, 0x00, 0x00, 0x00, 0x00, 0x00, 0x00, 0x00, 0x00, 0x00, 0x00, 0x00, 0x00, 0x00,
  0x00, 0x00, 0x00, 0x00, 0x00, 0x00, 0x00, 0x00, 0x01, 0x01, 0x01, 0x01, 0x02, 0x02, 0x02, 0x02,
  0x01, 0x01, 0x01, 0x00, 0x00, 0x00, 0x00, 0x00, 0x00, 0x00, 0x00, 0x00, 0x00, 0x00, 0x00, 0x00,
  0x00, 0x00, 0x00, 0x00, 0x00, 0x00, 0x00, 0x00, 0x00, 0x00, 0x00, 0x00, 0x00, 0x00, 0x00, 0x00,
  0x00, 0x00, 0x00, 0x00, 0x00, 0x00, 0x00, 0x00, 0x00, 0x00, 0x00, 0x00, 0x00, 0x00, 0x00, 0x00,
  0x00, 0x00, 0x00, 0x00, 0x00, 0x00, 0x00, 0x00, 0x00, 0x00, 0x00, 0x00, 0x00, 0x00, 0x00, 0x00,
  0x00, 0x00, 0x00, 0x00, 0x00, 0x00, 0x00, 0x00, 0x00, 0x00, 0x00, 0x00, 0x00, 0x00, 0x00, 0x00,
  0x00, 0x00, 0x00, 0x00, 0x00, 0x00, 0x00, 0x00, 0x00, 0x00, 0x00, 0x00, 0x00, 0x00, 0x00, 0x00,
  0x00, 0x00, 0x00, 0x00, 0x00, 0x00, 0x00, 0x00, 0x00, 0x00, 0x00, 0x00, 0x00, 0x00, 0x00, 0x00,
  0x00, 0x00, 0x00, 0x00, 0x00, 0x00, 0x00, 0x00, 0x00, 0x00, 0x00, 0x00, 0x00, 0x00, 0x00, 0x00,
  0x00, 0x00, 0x00, 0x00, 0x00, 0x00, 0x00, 0x00, 0x00, 0x00, 0x00, 0x00, 0x00, 0x00, 0x00, 0x00,
  0x00, 0x00, 0x00, 0x00, 0x00, 0x00, 0x00, 0x00, 0x00, 0x00, 0x00, 0x00, 0x00, 0x00, 0x00, 0x00,
  0x00, 0x00, 0x00, 0x00, 0x00, 0x00, 0x00, 0x00, 0x00, 0x00, 0x00, 0x00, 0x00, 0x00, 0x00, 0x00,
  0x00, 0x00, 0x00, 0x00, 0x00, 0x00, 0x00, 0x00, 0x00, 0x00, 0x00, 0x00, 0x00, 0x00, 0x00, 0x00,
  0x00, 0x00, 0x00, 0x00, 0x00, 0x00, 0x00, 0x00, 0x00, 0x00, 0x00, 0x00, 0x00, 0x00, 0x00, 0x00,
  0x00, 0x00, 0x00, 0x00, 0x00, 0x00, 0x00, 0x00, 0x00, 0x00, 0x00, 0x00, 0x00, 0x00, 0x00, 0x00,
  0x00, 0x00, 0x00, 0x00, 0x00, 0x00, 0x00, 0x00, 0x00, 0x00, 0x00, 0x00, 0x00, 0x00, 0x00, 0x00,
  0x00, 0x00, 0x00, 0x00, 0x00, 0x00, 0x00, 0x00, 0x00, 0x00, 0x00, 0x00, 0x00, 0x00, 0x00, 0x00,
  0x00, 0x00, 0x00, 0x00, 0x00, 0x00, 0x00, 0x00, 0x00, 0x00, 0x00, 0x00, 0x00, 0x00, 0x00, 0x00,
  0x00, 0x00, 0x00, 0x00, 0x00, 0x00, 0x00, 0x00, 0x00, 0x00, 0x00, 0x00, 0x00, 0x00, 0x00, 0x00,
  0x00, 0x00, 0x00, 0x00, 0x00, 0x00, 0x00, 0x00, 0x00, 0x00, 0x00, 0x00, 0x00, 0x00, 0x00, 0x00,
  0x00, 0x00, 0x00, 0x00, 0x00, 0x00, 0x00, 0x00, 0x00, 0x00, 0x00, 0x00, 0x00, 0x00, 0x00, 0x00,
  0x00, 0x00, 0x00, 0x00, 0x00, 0x00, 0x00, 0x00, 0x00, 0x00, 0x00, 0x00, 0x00, 0x00, 0x00, 0x00,
  0x00, 0x00, 0x00, 0x00, 0x00, 0x00, 0x00, 0x00, 0x00, 0x00, 0x00, 0x00, 0x00, 0x00, 0x00, 0x00,
  0x00, 0x00, 0x00, 0x00, 0x00, 0x00, 0x00, 0x00, 0x00, 0x00, 0x00, 0x00, 0x00, 0x00, 0x00, 0x00,
  0x00, 0x00, 0x00, 0x00, 0x00, 0x00, 0x00, 0x00, 0x00, 0x00, 0x00, 0x00, 0x00, 0x00, 0x00, 0x00,
  0x00, 0x00, 0x00, 0x00, 0x00, 0x00, 0x00, 0x00, 0x00, 0x00, 0x00, 0x00, 0x00, 0x00, 0x00, 0x00,
  0x00, 0x00, 0x00, 0x00, 0x00, 0x00, 0x00, 0x00, 0x00, 0x00, 0x00, 0x00, 0x00, 0x00, 0x00, 0x00,
  0x00, 0x00, 0x00, 0x00, 0x00, 0x00, 0x00, 0x00, 0x00, 0x00, 0x00, 0x00, 0x00, 0x00, 0x00, 0x00,
  0x00, 0x00, 0x00, 0x00, 0x00, 0x00, 0x00, 0x00, 0x00, 0x00, 0x00, 0x00, 0x00, 0x00, 0x00, 0x00,
  0x00, 0x00, 0x00, 0x00, 0x00, 0x00, 0x00, 0x00, 0x00, 0x00, 0x00, 0x00, 0x00, 0x00, 0x00, 0x00,
  0x00, 0x00, 0x00, 0x00, 0x00, 0x00, 0x00, 0x00, 0x00, 0x00, 0x00, 0x00, 0x00, 0x00, 0x00, 0x00,
  0x00, 0x00, 0x00, 0x00, 0x00, 0x00, 0x00, 0x00, 0x00, 0x00,
};

const lv_image_dsc_t character_voice = {
  .header.cf = LV_COLOR_FORMAT_RGB565A8,
  .header.magic = LV_IMAGE_HEADER_MAGIC,
  .header.w = 210,
  .header.h = 207,
  .data_size = 43470 * 3,
  .data = character_voice_map,
};
