#ifdef __has_include
    #if __has_include("lvgl.h")
        #ifndef LV_LVGL_H_INCLUDE_SIMPLE
            #define LV_LVGL_H_INCLUDE_SIMPLE
        #endif
    #endif
#endif

#if defined(LV_LVGL_H_INCLUDE_SIMPLE)
    #include "lvgl.h"
#else
    #include "lvgl/lvgl.h"
#endif

#ifndef LV_ATTRIBUTE_MEM_ALIGN
#define LV_ATTRIBUTE_MEM_ALIGN
#endif

#ifndef LV_ATTRIBUTE_IMAGE_BTN_MIC
#define LV_ATTRIBUTE_IMAGE_BTN_MIC
#endif

const LV_ATTRIBUTE_MEM_ALIGN LV_ATTRIBUTE_LARGE_CONST LV_ATTRIBUTE_IMAGE_BTN_MIC uint8_t btn_mic_map[] = {
  0x00, 0x00, 0x00, 0x00, 0x00, 0x00, 0x00, 0x00, 0x00, 0x00, 0x00, 0x00, 0x00, 0x00, 0x00, 0x00,
  0x00, 0x00, 0x00, 0x00, 0x00, 0x00, 0x00, 0x00, 0x00, 0x00, 0x00, 0x00, 0x00, 0x00, 0x00, 0x00,
  0x00, 0x00, 0x00, 0x00, 0x00, 0x00, 0x00, 0x00, 0x00, 0x00, 0x00, 0x00, 0x00, 0x00, 0x00, 0x00,
  0x00, 0x00, 0x00, 0x00, 0x00, 0x00, 0x00, 0x00, 0x00, 0x00, 0x00, 0x00, 0x00, 0x00, 0x00, 0x00,
  0x00, 0x00, 0x00, 0x00, 0x00, 0x00, 0x00, 0x00, 0x00, 0x00, 0x00, 0x00, 0x00, 0x00, 0x00, 0x00,
  0x00, 0x00, 0xff, 0x03, 0x1f, 0x44, 0xbf, 0x02, 0x00, 0x00, 0x00, 0x00, 0x00, 0x00, 0x00, 0x00,
  0x5f, 0x55, 0xff, 0x2b, 0x3f, 0x2c, 0x1f, 0x2c, 0x1f, 0x2c, 0x1f, 0x2c, 0xff, 0x2b, 0x1f, 0x2c,
  0x1f, 0x2c, 0x1f, 0x2c, 0x1f, 0x2c, 0x1f, 0x2c, 0x1f, 0x2c, 0x1f, 0x2c, 0x1f, 0x2c, 0x1f, 0x2c,
  0x1f, 0x2c, 0x1f, 0x2c, 0x1f, 0x2c, 0x1f, 0x2c, 0xff, 0x2b, 0x3f, 0x2c, 0x1f, 0x2c, 0x5f, 0x55,
  0x00, 0x00, 0x00, 0x00, 0x00, 0x00, 0x00, 0x00, 0xbf, 0x02, 0xff, 0x43, 0x1f, 0x04, 0x00, 0x00,
  0x00, 0x00, 0x00, 0x00, 0x00, 0x00, 0x00, 0x00, 0x00, 0x00, 0x00, 0x00, 0x00, 0x00, 0x00, 0x00,
  0x00, 0x00, 0x00, 0x00, 0x00, 0x00, 0x00, 0x00, 0x00, 0x00, 0x00, 0x00, 0x00, 0x00, 0x00, 0x00,
  0x00, 0x00, 0x00, 0x00, 0x00, 0x00, 0x00, 0x00, 0x00, 0x00, 0x00, 0x00, 0x00, 0x00, 0x00, 0x00,
  0x00, 0x00, 0x00, 0x00, 0x00, 0x00, 0x00, 0x00, 0x00, 0x00, 0x00, 0x00, 0x00, 0x00, 0x00, 0x00,
  0x00, 0x00, 0x00, 0x00, 0x00, 0x00, 0x00, 0x00, 0x00, 0x00, 0x00, 0x00, 0x00, 0x00, 0x00, 0x00,
  0x00, 0x00, 0x00, 0x00, 0x00, 0x00, 0x00, 0x00, 0x00, 0x00, 0x00, 0x00, 0x00, 0x00, 0x00, 0x00,
  0x00, 0x00, 0x00, 0x00, 0x00, 0x00, 0x00, 0x00, 0x00, 0x00, 0x00, 0x00, 0x00, 0x00, 0x00, 0x00,
  0x00, 0x00, 0x00, 0x00, 0x00, 0x00, 0x00, 0x00, 0x00, 0x00, 0x00, 0x00, 0x00, 0x00, 0x00, 0x00,
  0x00, 0x00, 0x00, 0x00, 0x00, 0x00, 0x00, 0x00, 0x00, 0x00, 0x00, 0x00, 0x00, 0x00, 0x00, 0x00,
  0x00, 0x00, 0x00, 0x00, 0x00, 0x00, 0x00, 0x00, 0x00, 0x00, 0x00, 0x00, 0xff, 0x07, 0xff, 0x43,
  0x1f, 0x04, 0x00, 0x00, 0x00, 0x00, 0x00, 0x00, 0x5f, 0x2c, 0x1f, 0x2c, 0x1f, 0x2c, 0x1f, 0x2c,
  0x1f, 0x2c, 0x1f, 0x24, 0x1f, 0x2c, 0x3f, 0x2c, 0x5f, 0x2c, 0x3f, 0x2c, 0x3f, 0x2c, 0x3f, 0x2c,
  0x1f, 0x2c, 0x1f, 0x2c, 0x1f, 0x24, 0x1f, 0x2c, 0x1f, 0x2c, 0x1f, 0x2c, 0x1f, 0x24, 0x1f, 0x2c,
  0x3f, 0x2c, 0x3f, 0x2c, 0x3f, 0x2c, 0x5f, 0x2c, 0x3f, 0x2c, 0x1f, 0x2c, 0x1f, 0x2c, 0x1f, 0x2c,
  0x1f, 0x2c, 0x1f, 0x2c, 0x1f, 0x2c, 0x1f, 0x24, 0x00, 0x00, 0x00, 0x00, 0x00, 0x00, 0xff, 0x03,
  0xff, 0x43, 0xff, 0x07, 0x00, 0x00, 0x00, 0x00, 0x00, 0x00, 0x00, 0x00, 0x00, 0x00, 0x00, 0x00,
  0x00, 0x00, 0x00, 0x00, 0x00, 0x00, 0x00, 0x00, 0x00, 0x00, 0x00, 0x00, 0x00, 0x00, 0x00, 0x00,
  0x00, 0x00, 0x00, 0x00, 0x00, 0x00, 0x00, 0x00, 0x00, 0x00, 0x00, 0x00, 0x00, 0x00, 0x00, 0x00,
  0x00, 0x00, 0x00, 0x00, 0x00, 0x00, 0x00, 0x00, 0x00, 0x00, 0x00, 0x00, 0x00, 0x00, 0x00, 0x00,
  0x00, 0x00, 0x00, 0x00, 0x00, 0x00, 0x00, 0x00, 0x00, 0x00, 0x00, 0x00, 0x00, 0x00, 0x00, 0x00,
  0x00, 0x00, 0x00, 0x00, 0x00, 0x00, 0x00, 0x00, 0x00, 0x00, 0x00, 0x00, 0x00, 0x00, 0x00, 0x00,
  0x00, 0x00, 0x00, 0x00, 0x00, 0x00, 0x00, 0x00, 0x00, 0x00, 0x00, 0x00, 0x00, 0x00, 0x00, 0x00,
  0x00, 0x00, 0x00, 0x00, 0x00, 0x00, 0x00, 0x00, 0x00, 0x00, 0x00, 0x00, 0x00, 0x00, 0x00, 0x00,
  0x00, 0x00, 0x00, 0x00, 0x00, 0x00, 0x00, 0x00, 0x00, 0x00, 0x00, 0x00, 0x00, 0x00, 0x00, 0x00,
  0x00, 0x00, 0x00, 0x00, 0x00, 0x00, 0x00, 0x00, 0xbf, 0x02, 0x5f, 0x05, 0x00, 0x00, 0x00, 0x00,
  0x00, 0x00, 0x1f, 0x24, 0x1f, 0x2c, 0x1f, 0x2c, 0x1f, 0x24, 0x3f, 0x2c, 0x5f, 0x2c, 0x5f, 0x2c,
  0x3f, 0x2c, 0x1f, 0x2c, 0x1f, 0x2c, 0x1f, 0x2c, 0x1f, 0x2c, 0x1f, 0x2c, 0x1f, 0x2c, 0x1f, 0x2c,
  0x1f, 0x24, 0x1f, 0x2c, 0x1f, 0x2c, 0xff, 0x2b, 0x1f, 0x2c, 0x1f, 0x2c, 0x1f, 0x2c, 0x1f, 0x2c,
  0xff, 0x2b, 0x1f, 0x2c, 0x1f, 0x2c, 0x1f, 0x2c, 0x1f, 0x2c, 0x1f, 0x2c, 0x1f, 0x24, 0x3f, 0x2c,
  0x5f, 0x2c, 0x5f, 0x2c, 0x3f, 0x2c, 0x1f, 0x2c, 0x1f, 0x2c, 0x1f, 0x2c, 0x3f, 0x2c, 0x00, 0x00,
  0x00, 0x00, 0x00, 0x00, 0x5f, 0x05, 0xbf, 0x02, 0x00, 0x00, 0x00, 0x00, 0x00, 0x00, 0x00, 0x00,
  0x00, 0x00, 0x00, 0x00, 0x00, 0x00, 0x00, 0x00, 0x00, 0x00, 0x00, 0x00, 0x00, 0x00, 0x00, 0x00,
  0x00, 0x00, 0x00, 0x00, 0x00, 0x00, 0x00, 0x00, 0x00, 0x00, 0x00, 0x00, 0x00, 0x00, 0x00, 0x00,
  0x00, 0x00, 0x00, 0x00, 0x00, 0x00, 0x00, 0x00, 0x00, 0x00, 0x00, 0x00, 0x00, 0x00, 0x00, 0x00,
  0x00, 0x00, 0x00, 0x00, 0x00, 0x00, 0x00, 0x00, 0x00, 0x00, 0x00, 0x00, 0x00, 0x00, 0x00, 0x00,
  0x00, 0x00, 0x00, 0x00, 0x00, 0x00, 0x00, 0x00, 0x00, 0x00, 0x00, 0x00, 0x00, 0x00, 0x00, 0x00,
  0x00, 0x00, 0x00, 0x00, 0x00, 0x00, 0x00, 0x00, 0x00, 0x00, 0x00, 0x00, 0x00, 0x00, 0x00, 0x00,
  0x00, 0x00, 0x00, 0x00, 0x00, 0x00, 0x00, 0x00, 0x00, 0x00, 0x00, 0x00, 0x00, 0x00, 0x00, 0x00,
  0x00, 0x00, 0x00, 0x00, 0x00, 0x00, 0x00, 0x00, 0x00, 0x00, 0x00, 0x00, 0x00, 0x00, 0x00, 0x00,
  0x00, 0x00, 0x1f, 0x00, 0x5f, 0x05, 0xff, 0x07, 0x00, 0x00, 0x00, 0x00, 0xff, 0x2b, 0x3f, 0x2c,
  0x1f, 0x2c, 0x1f, 0x2c, 0x5f, 0x2c, 0x5f, 0x2c, 0x3f, 0x2c, 0xff, 0x2b, 0x1f, 0x2c, 0x1f, 0x2c,
  0x1f, 0x2c, 0x1f, 0x2c, 0x1f, 0x2c, 0x1f, 0x2c, 0x1f, 0x2c, 0x1f, 0x2c, 0x1f, 0x24, 0xff, 0x2b,
  0x1f, 0x2c, 0x1f, 0x2c, 0x1f, 0x2c, 0x1f, 0x2c, 0x1f, 0x24, 0x1f, 0x2c, 0xff, 0x2b, 0x1f, 0x2c,
  0x1f, 0x24, 0x1f, 0x2c, 0x1f, 0x2c, 0x1f, 0x24, 0x1f, 0x2c, 0x1f, 0x2c, 0x1f, 0x2c, 0x1f, 0x2c,
  0x1f, 0x2c, 0x1f, 0x2c, 0x1f, 0x2c, 0x1f, 0x2c, 0x5f, 0x2c, 0x5f, 0x2c, 0x1f, 0x2c, 0x1f, 0x24,
  0x3f, 0x2c, 0x3f, 0x24, 0x00, 0x00, 0x00, 0x00, 0xff, 0x07, 0x5f, 0x55, 0x1f, 0x00, 0x00, 0x00,
  0x00, 0x00, 0x00, 0x00, 0x00, 0x00, 0x00, 0x00, 0x00, 0x00, 0x00, 0x00, 0x00, 0x00, 0x00, 0x00,
  0x00, 0x00, 0x00, 0x00, 0x00, 0x00, 0x00, 0x00, 0x00, 0x00, 0x00, 0x00, 0x00, 0x00, 0x00, 0x00,
  0x00, 0x00, 0x00, 0x00, 0x00, 0x00, 0x00, 0x00, 0x00, 0x00, 0x00, 0x00, 0x00, 0x00, 0x00, 0x00,
  0x00, 0x00, 0x00, 0x00, 0x00, 0x00, 0x00, 0x00, 0x00, 0x00, 0x00, 0x00, 0x00, 0x00, 0x00, 0x00,
  0x00, 0x00, 0x00, 0x00, 0x00, 0x00, 0x00, 0x00, 0x00, 0x00, 0x00, 0x00, 0x00, 0x00, 0x00, 0x00,
  0x00, 0x00, 0x00, 0x00, 0x00, 0x00, 0x00, 0x00, 0x00, 0x00, 0x00, 0x00, 0x00, 0x00, 0x00, 0x00,
  0x00, 0x00, 0x00, 0x00, 0x00, 0x00, 0x00, 0x00, 0x00, 0x00, 0x00, 0x00, 0x00, 0x00, 0x00, 0x00,
  0x00, 0x00, 0x00, 0x00, 0x00, 0x00, 0x00, 0x00, 0x00, 0x00, 0x00, 0x00, 0x00, 0x00, 0x00, 0x00,
  0x5f, 0x05, 0x00, 0x00, 0x00, 0x00, 0x00, 0x00, 0x1f, 0x2c, 0x3f, 0x2c, 0x1f, 0x2c, 0x5f, 0x2c,
  0x5f, 0x2c, 0x1f, 0x2c, 0x1f, 0x2c, 0x1f, 0x2c, 0xff, 0x2b, 0x1f, 0x2c, 0x1f, 0x2c, 0x1f, 0x2c,
  0x1f, 0x2c, 0x1f, 0x2c, 0x1f, 0x24, 0x1f, 0x2c, 0x1f, 0x2c, 0xff, 0x2b, 0x1f, 0x2c, 0x1f, 0x2c,
  0x1f, 0x2c, 0x1f, 0x2c, 0x1f, 0x2c, 0x1f, 0x2c, 0xff, 0x2b, 0x1f, 0x2c, 0x1f, 0x2c, 0x1f, 0x2c,
  0x1f, 0x2c, 0x1f, 0x2c, 0x1f, 0x2c, 0x1f, 0x2c, 0x1f, 0x2c, 0x1f, 0x2c, 0x1f, 0x2c, 0x1f, 0x2c,
  0x1f, 0x2c, 0x1f, 0x24, 0x1f, 0x2c, 0x1f, 0x2c, 0xff, 0x23, 0x1f, 0x2c, 0x1f, 0x2c, 0x5f, 0x2c,
  0x5f, 0x2c, 0x1f, 0x2c, 0x3f, 0x2c, 0x1f, 0x24, 0x00, 0x00, 0x00, 0x00, 0x00, 0x00, 0x5f, 0x05,
  0x00, 0x00, 0x00, 0x00, 0x00, 0x00, 0x00, 0x00, 0x00, 0x00, 0x00, 0x00, 0x00, 0x00, 0x00, 0x00,
  0x00, 0x00, 0x00, 0x00, 0x00, 0x00, 0x00, 0x00, 0x00, 0x00, 0x00, 0x00, 0x00, 0x00, 0x00, 0x00,
  0x00, 0x00, 0x00, 0x00, 0x00, 0x00, 0x00, 0x00, 0x00, 0x00, 0x00, 0x00, 0x00, 0x00, 0x00, 0x00,
  0x00, 0x00, 0x00, 0x00, 0x00, 0x00, 0x00, 0x00, 0x00, 0x00, 0x00, 0x00, 0x00, 0x00, 0x00, 0x00,
  0x00, 0x00, 0x00, 0x00, 0x00, 0x00, 0x00, 0x00, 0x00, 0x00, 0x00, 0x00, 0x00, 0x00, 0x00, 0x00,
  0x00, 0x00, 0x00, 0x00, 0x00, 0x00, 0x00, 0x00, 0x00, 0x00, 0x00, 0x00, 0x00, 0x00, 0x00, 0x00,
  0x00, 0x00, 0x00, 0x00, 0x00, 0x00, 0x00, 0x00, 0x00, 0x00, 0x00, 0x00, 0x00, 0x00, 0x00, 0x00,
  0x00, 0x00, 0x00, 0x00, 0x00, 0x00, 0x00, 0x00, 0x00, 0x00, 0x00, 0x00, 0xbf, 0x02, 0x1f, 0x00,
  0x00, 0x00, 0xff, 0x03, 0x3f, 0x2c, 0x3f, 0x2c, 0x3f, 0x2c, 0x5f, 0x2c, 0x1f, 0x2c, 0x1f, 0x2c,
  0xff, 0x2b, 0x1f, 0x2c, 0x1f, 0x2c, 0x1f, 0x2c, 0x1f, 0x2c, 0x1f, 0x24, 0x1f, 0x2c, 0x1f, 0x2c,
  0x1f, 0x24, 0xff, 0x2b, 0x1f, 0x2c, 0x1f, 0x2c, 0x1f, 0x2c, 0x1f, 0x24, 0x1f, 0x2c, 0x1f, 0x2c,
  0x1f, 0x2c, 0xff, 0x23, 0x1f, 0x2c, 0x1f, 0x2c, 0x1f, 0x2c, 0x1f, 0x24, 0x1f, 0x2c, 0x1f, 0x2c,
  0x1f, 0x2c, 0x1f, 0x24, 0xff, 0x2b, 0x1f, 0x2c, 0x1f, 0x24, 0xff, 0x2b, 0x1f, 0x2c, 0x1f, 0x24,
  0xff, 0x2b, 0x1f, 0x2c, 0x1f, 0x2c, 0x1f, 0x2c, 0x1f, 0x2c, 0x1f, 0x2c, 0x1f, 0x2c, 0xff, 0x2b,
  0x1f, 0x2c, 0x1f, 0x2c, 0x5f, 0x2c, 0x3f, 0x2c, 0x1f, 0x2c, 0x3f, 0x2c, 0xff, 0x03, 0x00, 0x00,
  0x1f, 0x00, 0xbf, 0x02, 0x00, 0x00, 0x00, 0x00, 0x00, 0x00, 0x00, 0x00, 0x00, 0x00, 0x00, 0x00,
  0x00, 0x00, 0x00, 0x00, 0x00, 0x00, 0x00, 0x00, 0x00, 0x00, 0x00, 0x00, 0x00, 0x00, 0x00, 0x00,
  0x00, 0x00, 0x00, 0x00, 0x00, 0x00, 0x00, 0x00, 0x00, 0x00, 0x00, 0x00, 0x00, 0x00, 0x00, 0x00,
  0x00, 0x00, 0x00, 0x00, 0x00, 0x00, 0x00, 0x00, 0x00, 0x00, 0x00, 0x00, 0x00, 0x00, 0x00, 0x00,
  0x00, 0x00, 0x00, 0x00, 0x00, 0x00, 0x00, 0x00, 0x00, 0x00, 0x00, 0x00, 0x00, 0x00, 0x00, 0x00,
  0x00, 0x00, 0x00, 0x00, 0x00, 0x00, 0x00, 0x00, 0x00, 0x00, 0x00, 0x00, 0x00, 0x00, 0x00, 0x00,
  0x00, 0x00, 0x00, 0x00, 0x00, 0x00, 0x00, 0x00, 0x00, 0x00, 0x00, 0x00, 0x00, 0x00, 0x00, 0x00,
  0x00, 0x00, 0x00, 0x00, 0x00, 0x00, 0x00, 0x00, 0xff, 0x03, 0x1f, 0x04, 0x00, 0x00, 0x00, 0x00,
  0x1f, 0x2c, 0x3f, 0x2c, 0x3f, 0x2c, 0x3f, 0x2c, 0xff, 0x2b, 0x1f, 0x2c, 0x1f, 0x2c, 0x1f, 0x2c,
  0x1f, 0x24, 0x1f, 0x2c, 0x1f, 0x2c, 0x1f, 0x24, 0x1f, 0x2c, 0x1f, 0x2c, 0x1f, 0x2c, 0xff, 0x2b,
  0x1f, 0x2c, 0x1f, 0x2c, 0x1f, 0x2c, 0x1f, 0x2c, 0x1f, 0x2c, 0x1f, 0x2c, 0x1f, 0x2c, 0x1f, 0x2c,
  0x1f, 0x2c, 0x1f, 0x2c, 0x1f, 0x2c, 0x1f, 0x24, 0x1f, 0x2c, 0x1f, 0x2c, 0x1f, 0x2c, 0xff, 0x2b,
  0x1f, 0x2c, 0x1f, 0x2c, 0x1f, 0x2c, 0x1f, 0x2c, 0x1f, 0x2c, 0x1f, 0x2c, 0x1f, 0x2c, 0x1f, 0x2c,
  0x1f, 0x2c, 0x1f, 0x2c, 0x1f, 0x2c, 0xff, 0x2b, 0x1f, 0x2c, 0x1f, 0x24, 0x1f, 0x2c, 0x1f, 0x2c,
  0x1f, 0x2c, 0xff, 0x2b, 0x1f, 0x2c, 0xff, 0x2b, 0x5f, 0x2c, 0x3f, 0x2c, 0x3f, 0x2c, 0x3f, 0x2c,
  0x00, 0x00, 0x00, 0x00, 0xff, 0x03, 0x1f, 0x04, 0x00, 0x00, 0x00, 0x00, 0x00, 0x00, 0x00, 0x00,
  0x00, 0x00, 0x00, 0x00, 0x00, 0x00, 0x00, 0x00, 0x00, 0x00, 0x00, 0x00, 0x00, 0x00, 0x00, 0x00,
  0x00, 0x00, 0x00, 0x00, 0x00, 0x00, 0x00, 0x00, 0x00, 0x00, 0x00, 0x00, 0x00, 0x00, 0x00, 0x00,
  0x00, 0x00, 0x00, 0x00, 0x00, 0x00, 0x00, 0x00, 0x00, 0x00, 0x00, 0x00, 0x00, 0x00, 0x00, 0x00,
  0x00, 0x00, 0x00, 0x00, 0x00, 0x00, 0x00, 0x00, 0x00, 0x00, 0x00, 0x00, 0x00, 0x00, 0x00, 0x00,
  0x00, 0x00, 0x00, 0x00, 0x00, 0x00, 0x00, 0x00, 0x00, 0x00, 0x00, 0x00, 0x00, 0x00, 0x00, 0x00,
  0x00, 0x00, 0x00, 0x00, 0x00, 0x00, 0x00, 0x00, 0x00, 0x00, 0x00, 0x00, 0x00, 0x00, 0x00, 0x00,
  0x00, 0x00, 0x00, 0x00, 0x00, 0x00, 0xff, 0x43, 0x00, 0x00, 0x00, 0x00, 0x1f, 0x2c, 0x1f, 0x2c,
  0x5f, 0x2c, 0x3f, 0x2c, 0x1f, 0x2c, 0x1f, 0x2c, 0x1f, 0x2c, 0x1f, 0x24, 0x1f, 0x2c, 0x1f, 0x2c,
  0x1f, 0x2c, 0x1f, 0x2c, 0xff, 0x2b, 0x1f, 0x2c, 0x1f, 0x2c, 0xff, 0x2b, 0x1f, 0x2c, 0x1f, 0x2c,
  0x1f, 0x2c, 0x1f, 0x24, 0x1f, 0x2c, 0xff, 0x2b, 0x1f, 0x24, 0x1f, 0x2c, 0xff, 0x2b, 0x1f, 0x24,
  0x1f, 0x2c, 0x1f, 0x2c, 0xff, 0x2b, 0x1f, 0x2c, 0x1f, 0x2c, 0xff, 0x2b, 0x1f, 0x2c, 0x1f, 0x24,
  0x1f, 0x2c, 0x1f, 0x2c, 0x1f, 0x2c, 0xff, 0x2b, 0x1f, 0x2c, 0x1f, 0x24, 0x1f, 0x2c, 0x1f, 0x2c,
  0x1f, 0x2c, 0xff, 0x23, 0x1f, 0x2c, 0x1f, 0x2c, 0x1f, 0x2c, 0x1f, 0x2c, 0x1f, 0x2c, 0x1f, 0x2c,
  0x1f, 0x24, 0x1f, 0x2c, 0x1f, 0x2c, 0x1f, 0x2c, 0x1f, 0x2c, 0x1f, 0x2c, 0x3f, 0x2c, 0x5f, 0x2c,
  0x1f, 0x2c, 0x3f, 0x2c, 0x00, 0x00, 0x00, 0x00, 0xff, 0x43, 0x00, 0x00, 0x00, 0x00, 0x00, 0x00,
  0x00, 0x00, 0x00, 0x00, 0x00, 0x00, 0x00, 0x00, 0x00, 0x00, 0x00, 0x00, 0x00, 0x00, 0x00, 0x00,
  0x00, 0x00, 0x00, 0x00, 0x00, 0x00, 0x00, 0x00, 0x00, 0x00, 0x00, 0x00, 0x00, 0x00, 0x00, 0x00,
  0x00, 0x00, 0x00, 0x00, 0x00, 0x00, 0x00, 0x00, 0x00, 0x00, 0x00, 0x00, 0x00, 0x00, 0x00, 0x00,
  0x00, 0x00, 0x00, 0x00, 0x00, 0x00, 0x00, 0x00, 0x00, 0x00, 0x00, 0x00, 0x00, 0x00, 0x00, 0x00,
  0x00, 0x00, 0x00, 0x00, 0x00, 0x00, 0x00, 0x00, 0x00, 0x00, 0x00, 0x00, 0x00, 0x00, 0x00, 0x00,
  0x00, 0x00, 0x00, 0x00, 0x00, 0x00, 0x00, 0x00, 0x00, 0x00, 0x00, 0x00, 0x00, 0x00, 0x00, 0x00,
  0x00, 0x00, 0xff, 0x03, 0x1f, 0x00, 0x00, 0x00, 0xff, 0x23, 0x1f, 0x2c, 0x3f, 0x2c, 0x3f, 0x2c,
  0x1f, 0x2c, 0x1f, 0x2c, 0x1f, 0x2c, 0x1f, 0x2c, 0x1f, 0x2c, 0x1f, 0x2c, 0xff, 0x2b, 0x1f, 0x2c,
  0x1f, 0x2c, 0x1f, 0x2c, 0x1f, 0x24, 0x1f, 0x2c, 0x1f, 0x2c, 0x1f, 0x2c, 0x1f, 0x24, 0x1f, 0x2c,
  0x1f, 0x2c, 0x1f, 0x2c, 0x1f, 0x2c, 0x1f, 0x2c, 0x1f, 0x2c, 0x1f, 0x2c, 0x1f, 0x2c, 0x1f, 0x2c,
  0x1f, 0x2c, 0x1f, 0x2c, 0x1f, 0x2c, 0x1f, 0x2c, 0x1f, 0x2c, 0x1f, 0x24, 0x1f, 0x2c, 0x1f, 0x2c,
  0x1f, 0x2c, 0xff, 0x2b, 0x1f, 0x24, 0x1f, 0x2c, 0x1f, 0x2c, 0x1f, 0x2c, 0xff, 0x2b, 0x1f, 0x2c,
  0x1f, 0x2c, 0x1f, 0x2c, 0x1f, 0x2c, 0x1f, 0x24, 0x1f, 0x2c, 0x1f, 0x2c, 0xff, 0x2b, 0x1f, 0x2c,
  0x1f, 0x2c, 0x1f, 0x2c, 0x1f, 0x2c, 0x1f, 0x2c, 0x1f, 0x2c, 0xff, 0x2b, 0x1f, 0x2c, 0x1f, 0x2c,
  0x3f, 0x2c, 0x3f, 0x2c, 0x3f, 0x2c, 0xff, 0x23, 0x00, 0x00, 0x1f, 0x00, 0xff, 0x03, 0x00, 0x00,
  0x00, 0x00, 0x00, 0x00, 0x00, 0x00, 0x00, 0x00, 0x00, 0x00, 0x00, 0x00, 0x00, 0x00, 0x00, 0x00,
  0x00, 0x00, 0x00, 0x00, 0x00, 0x00, 0x00, 0x00, 0x00, 0x00, 0x00, 0x00, 0x00, 0x00, 0x00, 0x00,
  0x00, 0x00, 0x00, 0x00, 0x00, 0x00, 0x00, 0x00, 0x00, 0x00, 0x00, 0x00, 0x00, 0x00, 0x00, 0x00,
  0x00, 0x00, 0x00, 0x00, 0x00, 0x00, 0x00, 0x00, 0x00, 0x00, 0x00, 0x00, 0x00, 0x00, 0x00, 0x00,
  0x00, 0x00, 0x00, 0x00, 0x00, 0x00, 0x00, 0x00, 0x00, 0x00, 0x00, 0x00, 0x00, 0x00, 0x00, 0x00,
  0x00, 0x00, 0x00, 0x00, 0x00, 0x00, 0x00, 0x00, 0x00, 0x00, 0x00, 0x00, 0x00, 0x00, 0x00, 0x00,
  0xff, 0x03, 0x00, 0x00, 0x00, 0x00, 0x3f, 0x2c, 0x1f, 0x2c, 0x5f, 0x2c, 0x1f, 0x2c, 0x1f, 0x2c,
  0x1f, 0x2c, 0xff, 0x2b, 0x1f, 0x2c, 0x1f, 0x24, 0xff, 0x2b, 0x1f, 0x2c, 0x1f, 0x2c, 0x1f, 0x24,
  0x1f, 0x2c, 0xff, 0x2b, 0x1f, 0x2c, 0x1f, 0x2c, 0x1f, 0x2c, 0x1f, 0x2c, 0x1f, 0x2c, 0x1f, 0x2c,
  0xff, 0x2b, 0x1f, 0x2c, 0x1f, 0x24, 0x1f, 0x2c, 0xff, 0x2b, 0x1f, 0x2c, 0x1f, 0x2c, 0x1f, 0x2c,
  0xff, 0x23, 0x1f, 0x2c, 0x1f, 0x2c, 0x1f, 0x24, 0x1f, 0x2c, 0x1f, 0x2c, 0x1f, 0x2c, 0x1f, 0x2c,
  0x1f, 0x2c, 0x1f, 0x2c, 0x1f, 0x2c, 0x1f, 0x2c, 0x1f, 0x2c, 0x1f, 0x2c, 0x1f, 0x24, 0x1f, 0x2c,
  0x1f, 0x2c, 0x1f, 0x2c, 0x1f, 0x2c, 0x1f, 0x2c, 0xff, 0x2b, 0x1f, 0x2c, 0x1f, 0x24, 0x1f, 0x2c,
  0x1f, 0x2c, 0xff, 0x2b, 0x1f, 0x24, 0x1f, 0x2c, 0x1f, 0x2c, 0x1f, 0x24, 0x1f, 0x2c, 0x1f, 0x2c,
  0x1f, 0x2c, 0x1f, 0x2c, 0x5f, 0x2c, 0x1f, 0x2c, 0x1f, 0x2c, 0x00, 0x00, 0x00, 0x00, 0x1f, 0x04,
  0x00, 0x00, 0x00, 0x00, 0x00, 0x00, 0x00, 0x00, 0x00, 0x00, 0x00, 0x00, 0x00, 0x00, 0x00, 0x00,
  0x00, 0x00, 0x00, 0x00, 0x00, 0x00, 0x00, 0x00, 0x00, 0x00, 0x00, 0x00, 0x00, 0x00, 0x00, 0x00,
  0x00, 0x00, 0x00, 0x00, 0x00, 0x00, 0x00, 0x00, 0x00, 0x00, 0x00, 0x00, 0x00, 0x00, 0x00, 0x00,
  0x00, 0x00, 0x00, 0x00, 0x00, 0x00, 0x00, 0x00, 0x00, 0x00, 0x00, 0x00, 0x00, 0x00, 0x00, 0x00,
  0x00, 0x00, 0x00, 0x00, 0x00, 0x00, 0x00, 0x00, 0x00, 0x00, 0x00, 0x00, 0x00, 0x00, 0x00, 0x00,
  0x00, 0x00, 0x00, 0x00, 0x00, 0x00, 0x00, 0x00, 0x00, 0x00, 0x00, 0x00, 0x1f, 0x00, 0x5f, 0x05,
  0x00, 0x00, 0xff, 0x23, 0x3f, 0x2c, 0x5f, 0x2c, 0x3f, 0x2c, 0xff, 0x2b, 0x1f, 0x2c, 0x1f, 0x2c,
  0x1f, 0x2c, 0x1f, 0x24, 0x1f, 0x2c, 0x1f, 0x2c, 0x1f, 0x2c, 0x1f, 0x2c, 0x1f, 0x2c, 0x1f, 0x2c,
  0x1f, 0x2c, 0x1f, 0x2c, 0x1f, 0x2c, 0x1f, 0x2c, 0xff, 0x23, 0x1f, 0x2c, 0x1f, 0x2c, 0x1f, 0x24,
  0x1f, 0x2c, 0x1f, 0x2c, 0x1f, 0x2c, 0x1f, 0x2c, 0x1f, 0x2c, 0x1f, 0x24, 0x1f, 0x2c, 0x1f, 0x2c,
  0x1f, 0x2c, 0x1f, 0x2c, 0x1f, 0x2c, 0xff, 0x2b, 0x1f, 0x2c, 0x1f, 0x2c, 0xff, 0x2b, 0x1f, 0x2c,
  0x1f, 0x24, 0x1f, 0x2c, 0x1f, 0x2c, 0x1f, 0x24, 0xff, 0x2b, 0x1f, 0x2c, 0x1f, 0x2c, 0x1f, 0x2c,
  0xff, 0x2b, 0x1f, 0x24, 0x1f, 0x2c, 0x1f, 0x2c, 0x1f, 0x2c, 0x1f, 0x2c, 0x1f, 0x2c, 0x1f, 0x2c,
  0x1f, 0x2c, 0x1f, 0x2c, 0x1f, 0x2c, 0xff, 0x2b, 0x1f, 0x2c, 0x1f, 0x2c, 0x1f, 0x2c, 0xff, 0x2b,
  0x1f, 0x2c, 0x1f, 0x2c, 0xff, 0x2b, 0x1f, 0x2c, 0x5f, 0x2c, 0x3f, 0x2c, 0xff, 0x23, 0x00, 0x00,
  0x5f, 0x05, 0x1f, 0x00, 0x00, 0x00, 0x00, 0x00, 0x00, 0x00, 0x00, 0x00, 0x00, 0x00, 0x00, 0x00,
  0x00, 0x00, 0x00, 0x00, 0x00, 0x00, 0x00, 0x00, 0x00, 0x00, 0x00, 0x00, 0x00, 0x00, 0x00, 0x00,
  0x00, 0x00, 0x00, 0x00, 0x00, 0x00, 0x00, 0x00, 0x00, 0x00, 0x00, 0x00, 0x00, 0x00, 0x00, 0x00,
  0x00, 0x00, 0x00, 0x00, 0x00, 0x00, 0x00, 0x00, 0x00, 0x00, 0x00, 0x00, 0x00, 0x00, 0x00, 0x00,
  0x00, 0x00, 0x00, 0x00, 0x00, 0x00, 0x00, 0x00, 0x00, 0x00, 0x00, 0x00, 0x00, 0x00, 0x00, 0x00,
  0x00, 0x00, 0x00, 0x00, 0x00, 0x00, 0x00, 0x00, 0x00, 0x00, 0xff, 0x03, 0x00, 0x00, 0x00, 0x00,
  0x1f, 0x2c, 0x1f, 0x2c, 0x5f, 0x2c, 0x1f, 0x2c, 0xff, 0x2b, 0x1f, 0x2c, 0x1f, 0x2c, 0x1f, 0x24,
  0x1f, 0x2c, 0xff, 0x2b, 0x1f, 0x2c, 0x1f, 0x2c, 0x1f, 0x2c, 0x1f, 0x24, 0x1f, 0x2c, 0xff, 0x2b,
  0x1f, 0x2c, 0x1f, 0x24, 0x1f, 0x2c, 0x1f, 0x2c, 0x1f, 0x2c, 0x1f, 0x2c, 0xff, 0x2b, 0x1f, 0x2c,
  0x1f, 0x2c, 0x1f, 0x2c, 0xff, 0x2b, 0x1f, 0x2c, 0x1f, 0x2c, 0x1f, 0x2c, 0xff, 0x2b, 0x1f, 0x2c,
  0x1f, 0x2c, 0x1f, 0x24, 0x1f, 0x2c, 0x1f, 0x2c, 0x1f, 0x2c, 0x1f, 0x2c, 0x1f, 0x24, 0x1f, 0x2c,
  0x1f, 0x2c, 0xff, 0x2b, 0x1f, 0x2c, 0x1f, 0x2c, 0x1f, 0x2c, 0x1f, 0x2c, 0x1f, 0x2c, 0x1f, 0x24,
  0x1f, 0x2c, 0x1f, 0x2c, 0x1f, 0x2c, 0xff, 0x2b, 0x1f, 0x24, 0x1f, 0x2c, 0x1f, 0x2c, 0xff, 0x23,
  0x1f, 0x2c, 0x1f, 0x2c, 0x1f, 0x24, 0x1f, 0x2c, 0x1f, 0x2c, 0x1f, 0x2c, 0x1f, 0x24, 0x1f, 0x2c,
  0x1f, 0x2c, 0x1f, 0x24, 0x1f, 0x2c, 0x1f, 0x2c, 0x1f, 0x2c, 0x5f, 0x2c, 0x1f, 0x2c, 0x1f, 0x2c,
  0x00, 0x00, 0x00, 0x00, 0xff, 0x03, 0x00, 0x00, 0x00, 0x00, 0x00, 0x00, 0x00, 0x00, 0x00, 0x00,
  0x00, 0x00, 0x00, 0x00, 0x00, 0x00, 0x00, 0x00, 0x00, 0x00, 0x00, 0x00, 0x00, 0x00, 0x00, 0x00,
  0x00, 0x00, 0x00, 0x00, 0x00, 0x00, 0x00, 0x00, 0x00, 0x00, 0x00, 0x00, 0x00, 0x00, 0x00, 0x00,
  0x00, 0x00, 0x00, 0x00, 0x00, 0x00, 0x00, 0x00, 0x00, 0x00, 0x00, 0x00, 0x00, 0x00, 0x00, 0x00,
  0x00, 0x00, 0x00, 0x00, 0x00, 0x00, 0x00, 0x00, 0x00, 0x00, 0x00, 0x00, 0x00, 0x00, 0x00, 0x00,
  0x00, 0x00, 0x00, 0x00, 0x00, 0x00, 0x00, 0x00, 0xff, 0x03, 0x00, 0x00, 0x1f, 0x24, 0x1f, 0x2c,
  0x5f, 0x2c, 0x1f, 0x2c, 0x1f, 0x2c, 0x1f, 0x2c, 0x1f, 0x2c, 0x1f, 0x2c, 0x1f, 0x2c, 0x1f, 0x2c,
  0x1f, 0x2c, 0x1f, 0x2c, 0x1f, 0x2c, 0x1f, 0x2c, 0xff, 0x2b, 0x1f, 0x2c, 0x1f, 0x2c, 0x1f, 0x2c,
  0x1f, 0x2c, 0x1f, 0x2c, 0xff, 0x2b, 0x1f, 0x2c, 0x1f, 0x2c, 0x1f, 0x24, 0x1f, 0x2c, 0x1f, 0x2c,
  0x1f, 0x2c, 0x1f, 0x24, 0x1f, 0x2c, 0x1f, 0x2c, 0x1f, 0x24, 0x1f, 0x2c, 0x1f, 0x2c, 0x1f, 0x24,
  0x1f, 0x2c, 0xff, 0x2b, 0x1f, 0x2c, 0x1f, 0x2c, 0x1f, 0x24, 0xff, 0x2b, 0x1f, 0x2c, 0x1f, 0x2c,
  0x1f, 0x2c, 0x1f, 0x2c, 0x1f, 0x2c, 0x1f, 0x2c, 0x1f, 0x24, 0x1f, 0x2c, 0xff, 0x2b, 0x1f, 0x2c,
  0x1f, 0x2c, 0x1f, 0x2c, 0x1f, 0x2c, 0x1f, 0x2c, 0x1f, 0x2c, 0x1f, 0x2c, 0x1f, 0x2c, 0x1f, 0x2c,
  0x1f, 0x2c, 0x1f, 0x2c, 0x1f, 0x2c, 0x1f, 0x2c, 0x1f, 0x2c, 0xff, 0x2b, 0x1f, 0x2c, 0x1f, 0x2c,
  0x1f, 0x2c, 0x1f, 0x2c, 0x1f, 0x2c, 0x1f, 0x2c, 0x1f, 0x24, 0xff, 0x2b, 0x3f, 0x2c, 0x5f, 0x2c,
  0x1f, 0x2c, 0x1f, 0x24, 0x00, 0x00, 0x5f, 0x05, 0x00, 0x00, 0x00, 0x00, 0x00, 0x00, 0x00, 0x00,
  0x00, 0x00, 0x00, 0x00, 0x00, 0x00, 0x00, 0x00, 0x00, 0x00, 0x00, 0x00, 0x00, 0x00, 0x00, 0x00,
  0x00, 0x00, 0x00, 0x00, 0x00, 0x00, 0x00, 0x00, 0x00, 0x00, 0x00, 0x00, 0x00, 0x00, 0x00, 0x00,
  0x00, 0x00, 0x00, 0x00, 0x00, 0x00, 0x00, 0x00, 0x00, 0x00, 0x00, 0x00, 0x00, 0x00, 0x00, 0x00,
  0x00, 0x00, 0x00, 0x00, 0x00, 0x00, 0x00, 0x00, 0x00, 0x00, 0x00, 0x00, 0x00, 0x00, 0x00, 0x00,
  0x00, 0x00, 0x00, 0x00, 0x00, 0x00, 0xff, 0x03, 0x00, 0x00, 0x1f, 0x2c, 0x1f, 0x2c, 0x7f, 0x2c,
  0x1f, 0x2c, 0xff, 0x2b, 0x1f, 0x2c, 0x1f, 0x2c, 0x1f, 0x24, 0x1f, 0x2c, 0x1f, 0x2c, 0xff, 0x2b,
  0x1f, 0x2c, 0x1f, 0x24, 0x1f, 0x2c, 0x1f, 0x2c, 0x1f, 0x24, 0x1f, 0x2c, 0x1f, 0x2c, 0x1f, 0x24,
  0xff, 0x2b, 0x1f, 0x2c, 0x1f, 0x24, 0x1f, 0x2c, 0x1f, 0x2c, 0x1f, 0x2c, 0x1f, 0x2c, 0xff, 0x2b,
  0x1f, 0x2c, 0x1f, 0x2c, 0x1f, 0x2c, 0xff, 0x2b, 0x1f, 0x2c, 0x1f, 0x2c, 0x1f, 0x2c, 0xff, 0x2b,
  0x1f, 0x2c, 0x1f, 0x2c, 0x1f, 0x2c, 0x1f, 0x2c, 0x1f, 0x2c, 0x1f, 0x2c, 0x1f, 0x2c, 0x1f, 0x2c,
  0xff, 0x2b, 0x1f, 0x24, 0x1f, 0x2c, 0xff, 0x2b, 0x1f, 0x2c, 0x1f, 0x2c, 0x1f, 0x2c, 0x1f, 0x2c,
  0x1f, 0x2c, 0xff, 0x23, 0x1f, 0x2c, 0x1f, 0x2c, 0x1f, 0x2c, 0xff, 0x23, 0x1f, 0x2c, 0x1f, 0x2c,
  0x1f, 0x2c, 0xff, 0x2b, 0x1f, 0x2c, 0x1f, 0x24, 0x1f, 0x2c, 0x1f, 0x2c, 0x1f, 0x2c, 0x1f, 0x24,
  0xff, 0x2b, 0x1f, 0x2c, 0x1f, 0x2c, 0xff, 0x2b, 0x1f, 0x2c, 0x1f, 0x2c, 0xff, 0x2b, 0x1f, 0x2c,
  0x5f, 0x2c, 0x1f, 0x2c, 0xbf, 0x2b, 0x00, 0x00, 0xff, 0x03, 0x00, 0x00, 0x00, 0x00, 0x00, 0x00,
  0x00, 0x00, 0x00, 0x00, 0x00, 0x00, 0x00, 0x00, 0x00, 0x00, 0x00, 0x00, 0x00, 0x00, 0x00, 0x00,
  0x00, 0x00, 0x00, 0x00, 0x00, 0x00, 0x00, 0x00, 0x00, 0x00, 0x00, 0x00, 0x00, 0x00, 0x00, 0x00,
  0x00, 0x00, 0x00, 0x00, 0x00, 0x00, 0x00, 0x00, 0x00, 0x00, 0x00, 0x00, 0x00, 0x00, 0x00, 0x00,
  0x00, 0x00, 0x00, 0x00, 0x00, 0x00, 0x00, 0x00, 0x00, 0x00, 0x00, 0x00, 0x00, 0x00, 0x00, 0x00,
  0x00, 0x00, 0x00, 0x00, 0xff, 0x43, 0x00, 0x00, 0x1f, 0x2c, 0x3f, 0x2c, 0x3f, 0x2c, 0x1f, 0x2c,
  0x1f, 0x2c, 0x1f, 0x2c, 0x1f, 0x2c, 0x1f, 0x2c, 0xff, 0x2b, 0x1f, 0x2c, 0x1f, 0x24, 0x1f, 0x2c,
  0x1f, 0x2c, 0x1f, 0x2c, 0xff, 0x2b, 0x1f, 0x2c, 0x1f, 0x2c, 0x1f, 0x2c, 0xff, 0x2b, 0x1f, 0x2c,
  0x1f, 0x2c, 0x1f, 0x2c, 0x1f, 0x2c, 0x1f, 0x2c, 0xff, 0x2b, 0x1f, 0x2c, 0x1f, 0x2c, 0x1f, 0x24,
  0x1f, 0x2c, 0x1f, 0x2c, 0x1f, 0x2c, 0x1f, 0x24, 0x1f, 0x2c, 0x1f, 0x2c, 0x1f, 0x2c, 0x1f, 0x2c,
  0x1f, 0x2c, 0x1f, 0x24, 0x1f, 0x2c, 0xff, 0x2b, 0x1f, 0x2c, 0x1f, 0x2c, 0x1f, 0x24, 0x1f, 0x2c,
  0x1f, 0x2c, 0x1f, 0x2c, 0x1f, 0x2c, 0x1f, 0x2c, 0x1f, 0x2c, 0x1f, 0x24, 0x1f, 0x2c, 0x1f, 0x2c,
  0x1f, 0x2c, 0x1f, 0x2c, 0x1f, 0x2c, 0x1f, 0x24, 0x1f, 0x2c, 0x1f, 0x2c, 0x1f, 0x2c, 0x1f, 0x2c,
  0x1f, 0x24, 0x1f, 0x2c, 0x1f, 0x2c, 0xff, 0x2b, 0x1f, 0x2c, 0x1f, 0x24, 0x1f, 0x2c, 0x1f, 0x2c,
  0x1f, 0x2c, 0x1f, 0x2c, 0x1f, 0x24, 0x1f, 0x2c, 0x1f, 0x2c, 0x1f, 0x2c, 0x1f, 0x24, 0x1f, 0x2c,
  0x1f, 0x2c, 0x5f, 0x2c, 0x3f, 0x2c, 0xff, 0x2b, 0x00, 0x00, 0x1f, 0x44, 0x00, 0x00, 0x00, 0x00,
  0x00, 0x00, 0x00, 0x00, 0x00, 0x00, 0x00, 0x00, 0x00, 0x00, 0x00, 0x00, 0x00, 0x00, 0x00, 0x00,
  0x00, 0x00, 0x00, 0x00, 0x00, 0x00, 0x00, 0x00, 0x00, 0x00, 0x00, 0x00, 0x00, 0x00, 0x00, 0x00,
  0x00, 0x00, 0x00, 0x00, 0x00, 0x00, 0x00, 0x00, 0x00, 0x00, 0x00, 0x00, 0x00, 0x00, 0x00, 0x00,
  0x00, 0x00, 0x00, 0x00, 0x00, 0x00, 0x00, 0x00, 0x00, 0x00, 0x00, 0x00, 0x00, 0x00, 0x00, 0x00,
  0x00, 0x00, 0xff, 0x03, 0x00, 0x00, 0xff, 0x2b, 0x3f, 0x2c, 0x3f, 0x2c, 0x1f, 0x2c, 0x1f, 0x2c,
  0xff, 0x23, 0x1f, 0x2c, 0x1f, 0x2c, 0x1f, 0x24, 0x1f, 0x2c, 0x1f, 0x2c, 0x1f, 0x2c, 0x1f, 0x2c,
  0xff, 0x2b, 0x1f, 0x2c, 0x1f, 0x24, 0x1f, 0x2c, 0x1f, 0x2c, 0x1f, 0x2c, 0x1f, 0x2c, 0x1f, 0x2c,
  0x1f, 0x24, 0x1f, 0x2c, 0x1f, 0x2c, 0x1f, 0x2c, 0x1f, 0x24, 0x1f, 0x2c, 0x1f, 0x2c, 0x1f, 0x2c,
  0xff, 0x2b, 0x1f, 0x2c, 0x1f, 0x2c, 0x1f, 0x2c, 0xff, 0x2b, 0x1f, 0x2c, 0x1f, 0x24, 0x1f, 0x2c,
  0x1f, 0x2c, 0xff, 0x2b, 0x1f, 0x2c, 0x1f, 0x2c, 0x1f, 0x24, 0x1f, 0x2c, 0xff, 0x2b, 0x1f, 0x2c,
  0x1f, 0x2c, 0x1f, 0x2c, 0x1f, 0x24, 0x1f, 0x2c, 0x1f, 0x2c, 0xff, 0x2b, 0x1f, 0x2c, 0x1f, 0x2c,
  0xff, 0x23, 0x1f, 0x2c, 0x1f, 0x2c, 0xff, 0x2b, 0x1f, 0x2c, 0x1f, 0x2c, 0x1f, 0x2c, 0xff, 0x2b,
  0x1f, 0x2c, 0x1f, 0x2c, 0x1f, 0x2c, 0x1f, 0x2c, 0x1f, 0x2c, 0x1f, 0x2c, 0xff, 0x2b, 0x1f, 0x2c,
  0x1f, 0x2c, 0xff, 0x2b, 0x1f, 0x2c, 0x1f, 0x2c, 0x1f, 0x2c, 0x1f, 0x2c, 0x1f, 0x2c, 0x1f, 0x2c,
  0xff, 0x2b, 0x1f, 0x24, 0x3f, 0x2c, 0x3f, 0x2c, 0xff, 0x23, 0x00, 0x00, 0xff, 0x03, 0x00, 0x00,
  0x00, 0x00, 0x00, 0x00, 0x00, 0x00, 0x00, 0x00, 0x00, 0x00, 0x00, 0x00, 0x00, 0x00, 0x00, 0x00,
  0x00, 0x00, 0x00, 0x00, 0x00, 0x00, 0x00, 0x00, 0x00, 0x00, 0x00, 0x00, 0x00, 0x00, 0x00, 0x00,
  0x00, 0x00, 0x00, 0x00, 0x00, 0x00, 0x00, 0x00, 0x00, 0x00, 0x00, 0x00, 0x00, 0x00, 0x00, 0x00,
  0x00, 0x00, 0x00, 0x00, 0x00, 0x00, 0x00, 0x00, 0x00, 0x00, 0x00, 0x00, 0x00, 0x00, 0x00, 0x00,
  0xff, 0x43, 0x00, 0x00, 0x1f, 0x2c, 0x3f, 0x2c, 0x1f, 0x2c, 0x1f, 0x24, 0xff, 0x2b, 0x1f, 0x2c,
  0x1f, 0x2c, 0x1f, 0x2c, 0x1f, 0x2c, 0x1f, 0x2c, 0x1f, 0x2c, 0xff, 0x2b, 0x1f, 0x2c, 0x1f, 0x2c,
  0x1f, 0x24, 0x1f, 0x2c, 0x1f, 0x2c, 0x1f, 0x2c, 0xff, 0x2b, 0x1f, 0x24, 0x1f, 0x2c, 0x1f, 0x2c,
  0x1f, 0x2c, 0xff, 0x2b, 0x1f, 0x2c, 0x1f, 0x2c, 0x1f, 0x2c, 0x1f, 0x2c, 0xff, 0x2b, 0x1f, 0x2c,
  0x1f, 0x24, 0x1f, 0x2c, 0x1f, 0x2c, 0x1f, 0x2c, 0x1f, 0x24, 0x1f, 0x2c, 0xff, 0x2b, 0x1f, 0x2c,
  0x1f, 0x2c, 0x1f, 0x2c, 0x1f, 0x24, 0x1f, 0x2c, 0x1f, 0x2c, 0x1f, 0x2c, 0x1f, 0x2c, 0x1f, 0x2c,
  0x1f, 0x24, 0xff, 0x2b, 0x1f, 0x2c, 0x1f, 0x2c, 0x1f, 0x2c, 0x1f, 0x2c, 0x1f, 0x24, 0x1f, 0x2c,
  0x1f, 0x2c, 0x1f, 0x2c, 0x1f, 0x2c, 0x1f, 0x2c, 0x1f, 0x2c, 0x1f, 0x2c, 0x1f, 0x24, 0x1f, 0x2c,
  0x1f, 0x2c, 0x1f, 0x2c, 0x1f, 0x24, 0x1f, 0x2c, 0xff, 0x2b, 0x1f, 0x2c, 0x1f, 0x2c, 0x1f, 0x24,
  0x1f, 0x2c, 0x1f, 0x2c, 0x1f, 0x2c, 0x1f, 0x24, 0xff, 0x2b, 0x1f, 0x2c, 0x1f, 0x2c, 0x1f, 0x24,
  0x1f, 0x2c, 0x1f, 0x2c, 0xff, 0x2b, 0x1f, 0x2c, 0x3f, 0x2c, 0x1f, 0x2c, 0x00, 0x00, 0xff, 0x43,
  0x00, 0x00, 0x00, 0x00, 0x00, 0x00, 0x00, 0x00, 0x00, 0x00, 0x00, 0x00, 0x00, 0x00, 0x00, 0x00,
  0x00, 0x00, 0x00, 0x00, 0x00, 0x00, 0x00, 0x00, 0x00, 0x00, 0x00, 0x00, 0x00, 0x00, 0x00, 0x00,
  0x00, 0x00, 0x00, 0x00, 0x00, 0x00, 0x00, 0x00, 0x00, 0x00, 0x00, 0x00, 0x00, 0x00, 0x00, 0x00,
  0x00, 0x00, 0x00, 0x00, 0x00, 0x00, 0x00, 0x00, 0x00, 0x00, 0x00, 0x00, 0x00, 0x00, 0xff, 0x43,
  0x00, 0x00, 0x1f, 0x2c, 0x3f, 0x2c, 0x1f, 0x2c, 0x1f, 0x2c, 0x1f, 0x2c, 0x1f, 0x2c, 0x1f, 0x2c,
  0x1f, 0x2c, 0x1f, 0x24, 0xff, 0x2b, 0x1f, 0x2c, 0x1f, 0x2c, 0x1f, 0x24, 0x1f, 0x2c, 0x1f, 0x2c,
  0x1f, 0x2c, 0x1f, 0x2c, 0x1f, 0x2c, 0x1f, 0x2c, 0x1f, 0x2c, 0x1f, 0x2c, 0x1f, 0x2c, 0xff, 0x2b,
  0x1f, 0x2c, 0x1f, 0x24, 0x1f, 0x2c, 0x1f, 0x2c, 0xff, 0x2b, 0x1f, 0x24, 0x1f, 0x2c, 0x1f, 0x2c,
  0x1f, 0x2c, 0x1f, 0x2c, 0xff, 0x23, 0x1f, 0x2c, 0x1f, 0x2c, 0x1f, 0x2c, 0x1f, 0x2c, 0x1f, 0x2c,
  0x1f, 0x24, 0x1f, 0x2c, 0x1f, 0x2c, 0x1f, 0x2c, 0xff, 0x2b, 0x1f, 0x2c, 0x1f, 0x2c, 0x1f, 0x2c,
  0x1f, 0x2c, 0x1f, 0x2c, 0x1f, 0x2c, 0xff, 0x2b, 0x1f, 0x24, 0x1f, 0x2c, 0x1f, 0x2c, 0xff, 0x2b,
  0x1f, 0x2c, 0x1f, 0x2c, 0x1f, 0x2c, 0x1f, 0x24, 0x1f, 0x2c, 0xff, 0x2b, 0x1f, 0x2c, 0x1f, 0x2c,
  0x1f, 0x2c, 0xff, 0x2b, 0x1f, 0x2c, 0x1f, 0x2c, 0x1f, 0x24, 0x1f, 0x2c, 0x1f, 0x2c, 0x1f, 0x2c,
  0x1f, 0x2c, 0x1f, 0x2c, 0x1f, 0x2c, 0x1f, 0x2c, 0x1f, 0x2c, 0x1f, 0x24, 0x1f, 0x2c, 0xff, 0x2b,
  0x1f, 0x2c, 0x1f, 0x2c, 0x1f, 0x2c, 0x1f, 0x2c, 0x1f, 0x2c, 0x3f, 0x2c, 0x1f, 0x2c, 0x00, 0x00,
  0x1f, 0x3c, 0x00, 0x00, 0x00, 0x00, 0x00, 0x00, 0x00, 0x00, 0x00, 0x00, 0x00, 0x00, 0x00, 0x00,
  0x00, 0x00, 0x00, 0x00, 0x00, 0x00, 0x00, 0x00, 0x00, 0x00, 0x00, 0x00, 0x00, 0x00, 0x00, 0x00,
  0x00, 0x00, 0x00, 0x00, 0x00, 0x00, 0x00, 0x00, 0x00, 0x00, 0x00, 0x00, 0x00, 0x00, 0x00, 0x00,
  0x00, 0x00, 0x00, 0x00, 0x00, 0x00, 0x00, 0x00, 0x00, 0x00, 0x00, 0x00, 0xff, 0x43, 0x00, 0x00,
  0x1f, 0x24, 0x3f, 0x2c, 0x1f, 0x2c, 0x1f, 0x24, 0x1f, 0x2c, 0x1f, 0x2c, 0x1f, 0x2c, 0x1f, 0x24,
  0x1f, 0x2c, 0x1f, 0x2c, 0x1f, 0x2c, 0x1f, 0x2c, 0x1f, 0x2c, 0x1f, 0x2c, 0x1f, 0x2c, 0xff, 0x2b,
  0x1f, 0x2c, 0x1f, 0x2c, 0xff, 0x23, 0x1f, 0x2c, 0x1f, 0x2c, 0x1f, 0x2c, 0x1f, 0x24, 0x1f, 0x2c,
  0x1f, 0x2c, 0x1f, 0x2c, 0x1f, 0x2c, 0x1f, 0x2c, 0x1f, 0x2c, 0x1f, 0x2c, 0x1f, 0x2c, 0x1f, 0x2c,
  0x1f, 0x2c, 0x1f, 0x2c, 0x1f, 0x2c, 0x1f, 0x2c, 0x1f, 0x2c, 0x1f, 0x2c, 0x1f, 0x2c, 0x1f, 0x2c,
  0xff, 0x2b, 0x1f, 0x2c, 0x1f, 0x2c, 0x1f, 0x2c, 0x1f, 0x2c, 0x1f, 0x24, 0x1f, 0x2c, 0xff, 0x2b,
  0x1f, 0x2c, 0x1f, 0x2c, 0x1f, 0x24, 0x1f, 0x2c, 0x1f, 0x2c, 0x1f, 0x2c, 0x1f, 0x2c, 0x1f, 0x2c,
  0x1f, 0x2c, 0x1f, 0x24, 0xff, 0x2b, 0x1f, 0x2c, 0x1f, 0x2c, 0x1f, 0x2c, 0x1f, 0x2c, 0x1f, 0x24,
  0x1f, 0x2c, 0x1f, 0x2c, 0x1f, 0x24, 0x1f, 0x2c, 0x1f, 0x2c, 0x1f, 0x2c, 0x1f, 0x2c, 0xff, 0x2b,
  0x1f, 0x24, 0x1f, 0x2c, 0xff, 0x2b, 0x1f, 0x2c, 0x1f, 0x2c, 0x1f, 0x2c, 0x1f, 0x2c, 0x1f, 0x2c,
  0x1f, 0x2c, 0x1f, 0x2c, 0x1f, 0x2c, 0x1f, 0x24, 0x1f, 0x2c, 0x1f, 0x2c, 0x3f, 0x2c, 0xff, 0x23,
  0x00, 0x00, 0xff, 0x43, 0x00, 0x00, 0x00, 0x00, 0x00, 0x00, 0x00, 0x00, 0x00, 0x00, 0x00, 0x00,
  0x00, 0x00, 0x00, 0x00, 0x00, 0x00, 0x00, 0x00, 0x00, 0x00, 0x00, 0x00, 0x00, 0x00, 0x00, 0x00,
  0x00, 0x00, 0x00, 0x00, 0x00, 0x00, 0x00, 0x00, 0x00, 0x00, 0x00, 0x00, 0x00, 0x00, 0x00, 0x00,
  0x00, 0x00, 0x00, 0x00, 0x00, 0x00, 0x00, 0x00, 0x00, 0x00, 0xff, 0x43, 0x00, 0x00, 0xff, 0x23,
  0x3f, 0x2c, 0x1f, 0x2c, 0x1f, 0x2c, 0x1f, 0x2c, 0x1f, 0x2c, 0xff, 0x2b, 0x1f, 0x2c, 0x1f, 0x2c,
  0xff, 0x2b, 0x1f, 0x2c, 0x1f, 0x2c, 0x1f, 0x24, 0xff, 0x2b, 0x1f, 0x2c, 0x1f, 0x2c, 0x1f, 0x24,
  0x1f, 0x2c, 0x1f, 0x2c, 0x1f, 0x2c, 0x1f, 0x2c, 0x1f, 0x2c, 0xff, 0x2b, 0x1f, 0x2c, 0x1f, 0x2c,
  0x1f, 0x2c, 0x1f, 0x2c, 0xff, 0x23, 0x1f, 0x2c, 0x1f, 0x2c, 0x1f, 0x2c, 0x1f, 0x24, 0xff, 0x2b,
  0x1f, 0x2c, 0x1f, 0x24, 0x1f, 0x2c, 0x1f, 0x2c, 0xff, 0x2b, 0x1f, 0x24, 0x1f, 0x2c, 0x1f, 0x2c,
  0x1f, 0x2c, 0x1f, 0x2c, 0x1f, 0x2c, 0xff, 0x23, 0x1f, 0x2c, 0x1f, 0x2c, 0x1f, 0x2c, 0x1f, 0x2c,
  0x1f, 0x24, 0x1f, 0x2c, 0x1f, 0x2c, 0x1f, 0x2c, 0xff, 0x2b, 0x1f, 0x2c, 0x1f, 0x2c, 0x1f, 0x24,
  0x1f, 0x2c, 0x1f, 0x2c, 0x1f, 0x2c, 0x1f, 0x2c, 0x1f, 0x2c, 0x1f, 0x24, 0xff, 0x2b, 0x1f, 0x2c,
  0x1f, 0x2c, 0x1f, 0x2c, 0xff, 0x2b, 0x1f, 0x2c, 0x1f, 0x2c, 0xff, 0x2b, 0x1f, 0x24, 0x1f, 0x2c,
  0x1f, 0x2c, 0x1f, 0x2c, 0x1f, 0x2c, 0x1f, 0x24, 0x1f, 0x2c, 0xff, 0x2b, 0x1f, 0x2c, 0x1f, 0x2c,
  0x1f, 0x24, 0xff, 0x2b, 0x1f, 0x2c, 0x1f, 0x2c, 0x1f, 0x2c, 0xff, 0x2b, 0x1f, 0x2c, 0x3f, 0x2c,
  0xff, 0x2b, 0x00, 0x00, 0x1f, 0x44, 0x00, 0x00, 0x00, 0x00, 0x00, 0x00, 0x00, 0x00, 0x00, 0x00,
  0x00, 0x00, 0x00, 0x00, 0x00, 0x00, 0x00, 0x00, 0x00, 0x00, 0x00, 0x00, 0x00, 0x00, 0x00, 0x00,
  0x00, 0x00, 0x00, 0x00, 0x00, 0x00, 0x00, 0x00, 0x00, 0x00, 0x00, 0x00, 0x00, 0x00, 0x00, 0x00,
  0x00, 0x00, 0x00, 0x00, 0x00, 0x00, 0x00, 0x00, 0xbf, 0x02, 0x00, 0x00, 0x1f, 0x2c, 0x3f, 0x2c,
  0x3f, 0x2c, 0x1f, 0x2c, 0x1f, 0x2c, 0x1f, 0x2c, 0x1f, 0x2c, 0x1f, 0x24, 0x1f, 0x2c, 0x1f, 0x2c,
  0x1f, 0x2c, 0x1f, 0x24, 0x1f, 0x2c, 0x1f, 0x2c, 0x1f, 0x2c, 0x1f, 0x2c, 0x1f, 0x2c, 0x1f, 0x2c,
  0x1f, 0x2c, 0x1f, 0x2c, 0x1f, 0x2c, 0xff, 0x23, 0x1f, 0x2c, 0x1f, 0x2c, 0x1f, 0x2c, 0x1f, 0x24,
  0xff, 0x2b, 0x1f, 0x2c, 0x1f, 0x2c, 0x1f, 0x2c, 0x1f, 0x24, 0xff, 0x2b, 0x1f, 0x2c, 0x1f, 0x2c,
  0x1f, 0x2c, 0x1f, 0x2c, 0xff, 0x2b, 0x1f, 0x2c, 0x1f, 0x2c, 0x1f, 0x2c, 0xff, 0x2b, 0x1f, 0x24,
  0x1f, 0x2c, 0x1f, 0x2c, 0x1f, 0x2c, 0x1f, 0x2c, 0x1f, 0x2c, 0x1f, 0x2c, 0x1f, 0x2c, 0x1f, 0x2c,
  0xff, 0x2b, 0x1f, 0x2c, 0x1f, 0x2c, 0x1f, 0x2c, 0x1f, 0x2c, 0x1f, 0x2c, 0x1f, 0x2c, 0xff, 0x2b,
  0x1f, 0x2c, 0x1f, 0x2c, 0x1f, 0x2c, 0xff, 0x2b, 0x1f, 0x2c, 0x1f, 0x2c, 0x1f, 0x2c, 0x1f, 0x2c,
  0x1f, 0x2c, 0x1f, 0x2c, 0x1f, 0x2c, 0x1f, 0x2c, 0x1f, 0x2c, 0x1f, 0x2c, 0x1f, 0x2c, 0x1f, 0x2c,
  0x1f, 0x2c, 0x1f, 0x2c, 0x1f, 0x2c, 0xff, 0x2b, 0x1f, 0x2c, 0x1f, 0x2c, 0x1f, 0x24, 0x1f, 0x2c,
  0x1f, 0x2c, 0x1f, 0x2c, 0x1f, 0x2c, 0x1f, 0x2c, 0x1f, 0x2c, 0x1f, 0x24, 0x1f, 0x2c, 0x1f, 0x2c,
  0x3f, 0x2c, 0xff, 0x23, 0x00, 0x00, 0x5f, 0x05, 0x00, 0x00, 0x00, 0x00, 0x00, 0x00, 0x00, 0x00,
  0x00, 0x00, 0x00, 0x00, 0x00, 0x00, 0x00, 0x00, 0x00, 0x00, 0x00, 0x00, 0x00, 0x00, 0x00, 0x00,
  0x00, 0x00, 0x00, 0x00, 0x00, 0x00, 0x00, 0x00, 0x00, 0x00, 0x00, 0x00, 0x00, 0x00, 0x00, 0x00,
  0x00, 0x00, 0x00, 0x00, 0x00, 0x00, 0xff, 0x03, 0x00, 0x00, 0x1f, 0x2c, 0x1f, 0x2c, 0x3f, 0x2c,
  0xff, 0x2b, 0x1f, 0x2c, 0x1f, 0x24, 0xff, 0x2b, 0x1f, 0x2c, 0x1f, 0x2c, 0x1f, 0x2c, 0x1f, 0x2c,
  0x1f, 0x2c, 0xff, 0x2b, 0x1f, 0x2c, 0x1f, 0x2c, 0x1f, 0x2c, 0xff, 0x23, 0x1f, 0x2c, 0x1f, 0x2c,
  0xff, 0x23, 0x1f, 0x2c, 0x1f, 0x2c, 0x1f, 0x2c, 0x1f, 0x2c, 0x1f, 0x24, 0x1f, 0x2c, 0x1f, 0x2c,
  0x1f, 0x2c, 0x1f, 0x2c, 0x1f, 0x2c, 0x1f, 0x2c, 0x1f, 0x2c, 0x1f, 0x2c, 0x1f, 0x2c, 0x1f, 0x2c,
  0x1f, 0x2c, 0x1f, 0x2c, 0x1f, 0x24, 0x1f, 0x2c, 0x1f, 0x2c, 0x1f, 0x2c, 0x1f, 0x2c, 0x1f, 0x2c,
  0x1f, 0x2c, 0xff, 0x23, 0x1f, 0x2c, 0x1f, 0x2c, 0x1f, 0x2c, 0xff, 0x23, 0x1f, 0x2c, 0x1f, 0x2c,
  0x1f, 0x2c, 0x1f, 0x2c, 0xff, 0x23, 0x1f, 0x2c, 0x1f, 0x2c, 0x1f, 0x24, 0x1f, 0x2c, 0x1f, 0x2c,
  0x1f, 0x2c, 0xff, 0x2b, 0x1f, 0x24, 0x1f, 0x2c, 0x1f, 0x2c, 0x1f, 0x2c, 0x1f, 0x2c, 0x1f, 0x24,
  0xff, 0x2b, 0x1f, 0x2c, 0x1f, 0x24, 0x1f, 0x2c, 0x1f, 0x2c, 0x1f, 0x24, 0x1f, 0x2c, 0xff, 0x2b,
  0x1f, 0x2c, 0x1f, 0x24, 0x1f, 0x2c, 0x1f, 0x2c, 0x1f, 0x24, 0x1f, 0x2c, 0x1f, 0x2c, 0xff, 0x2b,
  0x1f, 0x2c, 0x1f, 0x2c, 0x1f, 0x24, 0xff, 0x2b, 0x1f, 0x2c, 0x1f, 0x2c, 0x1f, 0x2c, 0x1f, 0x2c,
  0x3f, 0x2c, 0x1f, 0x2c, 0xff, 0x2b, 0x00, 0x00, 0xff, 0x03, 0x00, 0x00, 0x00, 0x00, 0x00, 0x00,
  0x00, 0x00, 0x00, 0x00, 0x00, 0x00, 0x00, 0x00, 0x00, 0x00, 0x00, 0x00, 0x00, 0x00, 0x00, 0x00,
  0x00, 0x00, 0x00, 0x00, 0x00, 0x00, 0x00, 0x00, 0x00, 0x00, 0x00, 0x00, 0x00, 0x00, 0x00, 0x00,
  0x00, 0x00, 0x00, 0x00, 0xff, 0x07, 0x1f, 0x7c, 0x9f, 0x2c, 0x1f, 0x2c, 0x3f, 0x2c, 0x1f, 0x2c,
  0x1f, 0x24, 0x1f, 0x2c, 0x1f, 0x2c, 0x1f, 0x2c, 0x1f, 0x2c, 0x1f, 0x2c, 0xff, 0x23, 0x1f, 0x2c,
  0x1f, 0x2c, 0x1f, 0x2c, 0x1f, 0x2c, 0x1f, 0x24, 0x1f, 0x2c, 0x1f, 0x2c, 0x1f, 0x2c, 0x1f, 0x2c,
  0x1f, 0x2c, 0x1f, 0x2c, 0x1f, 0x2c, 0x1f, 0x2c, 0x1f, 0x2c, 0x1f, 0x2c, 0xff, 0x2b, 0x1f, 0x2c,
  0x1f, 0x2c, 0x1f, 0x24, 0x1f, 0x2c, 0xff, 0x2b, 0x1f, 0x2c, 0x1f, 0x2c, 0x1f, 0x24, 0x1f, 0x2c,
  0xff, 0x2b, 0x1f, 0x2c, 0x1f, 0x2c, 0x1f, 0x2c, 0x1f, 0x2c, 0x1f, 0x24, 0x1f, 0x2c, 0x1f, 0x2c,
  0x1f, 0x2c, 0x1f, 0x2c, 0x1f, 0x2c, 0x1f, 0x2c, 0x1f, 0x2c, 0x1f, 0x2c, 0x1f, 0x2c, 0x1f, 0x24,
  0x1f, 0x2c, 0x1f, 0x2c, 0x1f, 0x2c, 0x1f, 0x2c, 0x1f, 0x2c, 0xff, 0x2b, 0x1f, 0x2c, 0x1f, 0x2c,
  0x1f, 0x24, 0x1f, 0x2c, 0x1f, 0x2c, 0x1f, 0x2c, 0x1f, 0x2c, 0x1f, 0x24, 0xff, 0x2b, 0x1f, 0x2c,
  0x1f, 0x2c, 0x1f, 0x2c, 0x1f, 0x2c, 0xff, 0x2b, 0x1f, 0x2c, 0x1f, 0x2c, 0x1f, 0x2c, 0x1f, 0x2c,
  0x1f, 0x2c, 0x1f, 0x2c, 0xff, 0x2b, 0x1f, 0x2c, 0x1f, 0x2c, 0x1f, 0x2c, 0x1f, 0x2c, 0x1f, 0x2c,
  0x1f, 0x2c, 0x1f, 0x2c, 0x1f, 0x2c, 0x1f, 0x2c, 0x1f, 0x2c, 0x1f, 0x2c, 0x1f, 0x2c, 0x1f, 0x24,
  0xff, 0x2b, 0x5f, 0x2c, 0x1f, 0x2c, 0xff, 0x23, 0xbf, 0x52, 0xff, 0x07, 0x00, 0x00, 0x00, 0x00,
  0x00, 0x00, 0x00, 0x00, 0x00, 0x00, 0x00, 0x00, 0x00, 0x00, 0x00, 0x00, 0x00, 0x00, 0x00, 0x00,
  0x00, 0x00, 0x00, 0x00, 0x00, 0x00, 0x00, 0x00, 0x00, 0x00, 0x00, 0x00, 0x00, 0x00, 0x00, 0x00,
  0x00, 0x00, 0x00, 0x00, 0xff, 0x43, 0x00, 0x00, 0x1f, 0x2c, 0x5f, 0x2c, 0x1f, 0x24, 0x1f, 0x2c,
  0x1f, 0x2c, 0x1f, 0x2c, 0x1f, 0x2c, 0x1f, 0x2c, 0xff, 0x23, 0x1f, 0x2c, 0x1f, 0x2c, 0x1f, 0x2c,
  0x1f, 0x2c, 0x1f, 0x24, 0xff, 0x2b, 0x1f, 0x2c, 0x1f, 0x2c, 0x1f, 0x2c, 0x1f, 0x2c, 0xff, 0x2b,
  0x1f, 0x2c, 0x1f, 0x24, 0xff, 0x2b, 0x1f, 0x2c, 0x1f, 0x2c, 0x1f, 0x2c, 0x1f, 0x2c, 0x1f, 0x24,
  0x1f, 0x2c, 0xff, 0x2b, 0x1f, 0x2c, 0x1f, 0x2c, 0x1f, 0x24, 0x1f, 0x2c, 0xff, 0x2b, 0x1f, 0x2c,
  0x1f, 0x2c, 0x1f, 0x24, 0x1f, 0x2c, 0xff, 0x2b, 0x1f, 0x2c, 0x1f, 0x2c, 0xff, 0x2b, 0x1f, 0x2c,
  0x1f, 0x2c, 0x1f, 0x2c, 0xff, 0x23, 0x1f, 0x2c, 0x1f, 0x2c, 0x1f, 0x2c, 0xff, 0x2b, 0x1f, 0x2c,
  0x1f, 0x2c, 0x1f, 0x2c, 0x1f, 0x2c, 0xff, 0x2b, 0x1f, 0x24, 0x1f, 0x2c, 0x1f, 0x2c, 0x1f, 0x2c,
  0x1f, 0x2c, 0x1f, 0x2c, 0x1f, 0x2c, 0x1f, 0x2c, 0xff, 0x2b, 0x1f, 0x2c, 0x1f, 0x2c, 0x1f, 0x2c,
  0x1f, 0x2c, 0x1f, 0x2c, 0x1f, 0x24, 0x1f, 0x2c, 0x1f, 0x2c, 0xff, 0x2b, 0x1f, 0x24, 0x1f, 0x2c,
  0x1f, 0x2c, 0x1f, 0x2c, 0x1f, 0x24, 0x1f, 0x2c, 0x1f, 0x2c, 0xff, 0x2b, 0x1f, 0x2c, 0x1f, 0x24,
  0x1f, 0x2c, 0xff, 0x2b, 0x1f, 0x2c, 0x1f, 0x24, 0x1f, 0x2c, 0xff, 0x2b, 0x1f, 0x2c, 0x1f, 0x2c,
  0x1f, 0x2c, 0x1f, 0x2c, 0x5f, 0x2c, 0x1f, 0x2c, 0x00, 0x00, 0x1f, 0x44, 0x00, 0x00, 0x00, 0x00,
  0x00, 0x00, 0x00, 0x00, 0x00, 0x00, 0x00, 0x00, 0x00, 0x00, 0x00, 0x00, 0x00, 0x00, 0x00, 0x00,
  0x00, 0x00, 0x00, 0x00, 0x00, 0x00, 0x00, 0x00, 0x00, 0x00, 0x00, 0x00, 0x00, 0x00, 0x00, 0x00,
  0x00, 0x00, 0x5f, 0x55, 0x00, 0x00, 0xff, 0x2b, 0x5f, 0x2c, 0x1f, 0x2c, 0x1f, 0x2c, 0x1f, 0x2c,
  0x1f, 0x2c, 0xff, 0x2b, 0x1f, 0x2c, 0x1f, 0x2c, 0x1f, 0x2c, 0x1f, 0x2c, 0x1f, 0x2c, 0x1f, 0x2c,
  0xff, 0x2b, 0x1f, 0x2c, 0x1f, 0x2c, 0x1f, 0x2c, 0x1f, 0x2c, 0xff, 0x2b, 0x1f, 0x24, 0x1f, 0x2c,
  0x1f, 0x2c, 0x1f, 0x2c, 0x1f, 0x2c, 0x1f, 0x24, 0x1f, 0x2c, 0xff, 0x2b, 0x1f, 0x2c, 0x1f, 0x2c,
  0x1f, 0x2c, 0x1f, 0x2c, 0x1f, 0x2c, 0x1f, 0x2c, 0x1f, 0x2c, 0x1f, 0x2c, 0x1f, 0x2c, 0x1f, 0x2c,
  0x1f, 0x2c, 0x1f, 0x2c, 0x1f, 0x2c, 0x1f, 0x2c, 0x1f, 0x24, 0x1f, 0x2c, 0x1f, 0x2c, 0x1f, 0x24,
  0xff, 0x2b, 0x1f, 0x2c, 0x1f, 0x2c, 0x1f, 0x2c, 0x1f, 0x2c, 0x1f, 0x24, 0x1f, 0x2c, 0x1f, 0x2c,
  0xff, 0x2b, 0x1f, 0x24, 0x1f, 0x2c, 0x1f, 0x2c, 0x1f, 0x2c, 0x1f, 0x2c, 0x1f, 0x2c, 0xff, 0x23,
  0x1f, 0x2c, 0x1f, 0x2c, 0xff, 0x2b, 0x1f, 0x24, 0x1f, 0x2c, 0x1f, 0x2c, 0x1f, 0x2c, 0x1f, 0x24,
  0x1f, 0x2c, 0xff, 0x2b, 0x1f, 0x2c, 0x1f, 0x2c, 0x1f, 0x2c, 0x1f, 0x2c, 0x1f, 0x2c, 0x1f, 0x2c,
  0xff, 0x23, 0x1f, 0x2c, 0x1f, 0x2c, 0x1f, 0x2c, 0x1f, 0x2c, 0x1f, 0x24, 0x1f, 0x2c, 0x1f, 0x2c,
  0x1f, 0x2c, 0x1f, 0x2c, 0x1f, 0x2c, 0x1f, 0x2c, 0x1f, 0x2c, 0x1f, 0x24, 0x1f, 0x2c, 0x1f, 0x2c,
  0x1f, 0x2c, 0x1f, 0x2c, 0x1f, 0x24, 0x5f, 0x2c, 0x1f, 0x2c, 0x00, 0x00, 0x5f, 0x55, 0x00, 0x00,
  0x00, 0x00, 0x00, 0x00, 0x00, 0x00, 0x00, 0x00, 0x00, 0x00, 0x00, 0x00, 0x00, 0x00, 0x00, 0x00,
  0x00, 0x00, 0x00, 0x00, 0x00, 0x00, 0x00, 0x00, 0x00, 0x00, 0x00, 0x00, 0x00, 0x00, 0x00, 0x00,
  0xff, 0x03, 0x00, 0x00, 0x1f, 0x2c, 0x3f, 0x2c, 0x1f, 0x2c, 0x1f, 0x2c, 0x1f, 0x2c, 0x1f, 0x2c,
  0x1f, 0x2c, 0x1f, 0x24, 0x1f, 0x2c, 0x1f, 0x2c, 0x1f, 0x2c, 0x1f, 0x2c, 0x1f, 0x24, 0x1f, 0x2c,
  0x1f, 0x2c, 0x1f, 0x2c, 0x1f, 0x2c, 0x1f, 0x24, 0x1f, 0x2c, 0x1f, 0x2c, 0x1f, 0x2c, 0x1f, 0x2c,
  0x1f, 0x2c, 0x1f, 0x2c, 0x1f, 0x2c, 0x1f, 0x2c, 0x1f, 0x2c, 0x1f, 0x24, 0x1f, 0x2c, 0x1f, 0x2c,
  0x1f, 0x2c, 0x1f, 0x2c, 0x1f, 0x24, 0x1f, 0x2c, 0xff, 0x2b, 0x1f, 0x2c, 0x1f, 0x24, 0x1f, 0x2c,
  0x1f, 0x2c, 0xff, 0x2b, 0x1f, 0x24, 0x1f, 0x2c, 0x1f, 0x2c, 0x1f, 0x2c, 0xff, 0x2b, 0x1f, 0x2c,
  0x3f, 0x2c, 0x1f, 0x2c, 0x1f, 0x2c, 0xff, 0x23, 0x1f, 0x2c, 0xff, 0x2b, 0x1f, 0x2c, 0x3f, 0x2c,
  0x1f, 0x2c, 0x1f, 0x2c, 0x1f, 0x2c, 0x1f, 0x2c, 0x1f, 0x2c, 0x1f, 0x24, 0x1f, 0x2c, 0x1f, 0x2c,
  0x1f, 0x2c, 0x1f, 0x2c, 0x1f, 0x2c, 0x1f, 0x2c, 0x1f, 0x2c, 0x1f, 0x2c, 0x1f, 0x2c, 0xff, 0x2b,
  0x1f, 0x2c, 0x1f, 0x2c, 0x1f, 0x2c, 0x1f, 0x24, 0x1f, 0x2c, 0x1f, 0x2c, 0xff, 0x2b, 0x1f, 0x2c,
  0x1f, 0x2c, 0x1f, 0x2c, 0x1f, 0x2c, 0xff, 0x2b, 0x1f, 0x2c, 0x1f, 0x2c, 0x1f, 0x2c, 0xff, 0x2b,
  0x1f, 0x2c, 0x1f, 0x24, 0x1f, 0x2c, 0xff, 0x2b, 0x1f, 0x2c, 0x1f, 0x2c, 0x1f, 0x2c, 0xff, 0x2b,
  0x1f, 0x24, 0x1f, 0x2c, 0xff, 0x2b, 0x1f, 0x2c, 0x1f, 0x2c, 0xff, 0x2b, 0x00, 0x00, 0xff, 0x03,
  0x00, 0x00, 0x00, 0x00, 0x00, 0x00, 0x00, 0x00, 0x00, 0x00, 0x00, 0x00, 0x00, 0x00, 0x00, 0x00,
  0x00, 0x00, 0x00, 0x00, 0x00, 0x00, 0x00, 0x00, 0x00, 0x00, 0x00, 0x00, 0x00, 0x00, 0x00, 0x00,
  0x5f, 0x05, 0xff, 0x07, 0x1f, 0x2c, 0x3f, 0x2c, 0x1f, 0x2c, 0x1f, 0x24, 0x1f, 0x2c, 0xff, 0x2b,
  0x1f, 0x2c, 0x1f, 0x2c, 0xff, 0x2b, 0x1f, 0x24, 0x1f, 0x2c, 0xff, 0x2b, 0x1f, 0x2c, 0x1f, 0x2c,
  0x1f, 0x24, 0x1f, 0x2c, 0x1f, 0x2c, 0xff, 0x2b, 0x1f, 0x2c, 0x1f, 0x2c, 0x1f, 0x2c, 0x1f, 0x24,
  0xff, 0x2b, 0x1f, 0x2c, 0x1f, 0x2c, 0xff, 0x2b, 0x1f, 0x2c, 0x1f, 0x2c, 0x1f, 0x2c, 0xff, 0x2b,
  0x1f, 0x24, 0x1f, 0x2c, 0xff, 0x2b, 0x1f, 0x2c, 0x1f, 0x2c, 0x1f, 0x2c, 0x1f, 0x2c, 0x1f, 0x2c,
  0x1f, 0x24, 0x1f, 0x2c, 0x1f, 0x2c, 0x1f, 0x2c, 0xff, 0x2b, 0x1f, 0x2c, 0x1f, 0x2c, 0x1f, 0x24,
  0xdf, 0x23, 0xdf, 0x1b, 0x1f, 0x2c, 0x3f, 0x34, 0x3f, 0x34, 0x1f, 0x24, 0xdf, 0x1b, 0xdf, 0x23,
  0xff, 0x23, 0x1f, 0x2c, 0x1f, 0x2c, 0x1f, 0x2c, 0xff, 0x2b, 0x1f, 0x2c, 0x1f, 0x2c, 0x1f, 0x2c,
  0xff, 0x2b, 0x1f, 0x24, 0x1f, 0x2c, 0x1f, 0x2c, 0x1f, 0x2c, 0xff, 0x23, 0x1f, 0x2c, 0x1f, 0x2c,
  0x1f, 0x2c, 0x1f, 0x24, 0x1f, 0x2c, 0xff, 0x2b, 0x1f, 0x2c, 0x1f, 0x2c, 0x1f, 0x24, 0x1f, 0x2c,
  0x1f, 0x2c, 0x1f, 0x2c, 0x1f, 0x2c, 0x1f, 0x24, 0x1f, 0x2c, 0x1f, 0x2c, 0x1f, 0x2c, 0x1f, 0x2c,
  0x1f, 0x2c, 0x1f, 0x2c, 0x1f, 0x2c, 0x1f, 0x2c, 0x1f, 0x24, 0x1f, 0x2c, 0x1f, 0x2c, 0x1f, 0x2c,
  0x1f, 0x2c, 0x1f, 0x2c, 0x1f, 0x2c, 0x1f, 0x2c, 0x5f, 0x2c, 0x1f, 0x2c, 0xff, 0x03, 0x5f, 0x55,
  0x00, 0x00, 0x00, 0x00, 0x00, 0x00, 0x00, 0x00, 0x00, 0x00, 0x00, 0x00, 0x00, 0x00, 0x00, 0x00,
  0x00, 0x00, 0x00, 0x00, 0x00, 0x00, 0x00, 0x00, 0x00, 0x00, 0x00, 0x00, 0x00, 0x00, 0x5f, 0x55,
  0x00, 0x00, 0xff, 0x2b, 0x5f, 0x2c, 0x1f, 0x2c, 0x1f, 0x2c, 0x1f, 0x2c, 0x1f, 0x2c, 0x1f, 0x24,
  0x1f, 0x2c, 0x1f, 0x2c, 0x1f, 0x2c, 0x1f, 0x2c, 0x1f, 0x2c, 0x1f, 0x2c, 0x1f, 0x2c, 0x1f, 0x2c,
  0xff, 0x2b, 0x1f, 0x2c, 0x1f, 0x2c, 0x1f, 0x2c, 0x1f, 0x24, 0x1f, 0x2c, 0xff, 0x2b, 0x1f, 0x2c,
  0x1f, 0x2c, 0x1f, 0x24, 0x1f, 0x2c, 0x1f, 0x2c, 0x1f, 0x24, 0x1f, 0x2c, 0x1f, 0x2c, 0x1f, 0x2c,
  0x1f, 0x2c, 0x1f, 0x2c, 0x1f, 0x2c, 0x1f, 0x2c, 0x1f, 0x24, 0x1f, 0x2c, 0xff, 0x2b, 0x1f, 0x2c,
  0x1f, 0x2c, 0x1f, 0x2c, 0xff, 0x2b, 0x1f, 0x2c, 0x1f, 0x2c, 0x1f, 0x2c, 0xdf, 0x1b, 0x3f, 0x34,
  0x5f, 0x75, 0x7f, 0xae, 0x3f, 0xd7, 0x7f, 0xe7, 0x7f, 0xe7, 0x3f, 0xd7, 0x7f, 0xae, 0x5f, 0x75,
  0x3f, 0x34, 0xdf, 0x1b, 0x1f, 0x2c, 0x1f, 0x2c, 0x1f, 0x2c, 0x1f, 0x2c, 0x1f, 0x2c, 0x1f, 0x2c,
  0x1f, 0x2c, 0x1f, 0x2c, 0x1f, 0x2c, 0xff, 0x2b, 0x1f, 0x2c, 0x1f, 0x2c, 0x1f, 0x2c, 0x1f, 0x24,
  0x1f, 0x2c, 0x1f, 0x2c, 0x1f, 0x2c, 0x1f, 0x2c, 0x1f, 0x2c, 0x1f, 0x2c, 0x1f, 0x2c, 0x1f, 0x2c,
  0x1f, 0x2c, 0xff, 0x23, 0x1f, 0x2c, 0x1f, 0x2c, 0x1f, 0x2c, 0xff, 0x2b, 0x1f, 0x24, 0x1f, 0x2c,
  0x1f, 0x2c, 0xff, 0x23, 0x1f, 0x2c, 0x1f, 0x2c, 0x1f, 0x2c, 0xff, 0x2b, 0x1f, 0x2c, 0x1f, 0x2c,
  0x1f, 0x2c, 0x1f, 0x2c, 0x1f, 0x2c, 0x1f, 0x2c, 0xff, 0x23, 0x5f, 0x2c, 0x1f, 0x2c, 0x00, 0x00,
  0x5f, 0x55, 0x00, 0x00, 0x00, 0x00, 0x00, 0x00, 0x00, 0x00, 0x00, 0x00, 0x00, 0x00, 0x00, 0x00,
  0x00, 0x00, 0x00, 0x00, 0x00, 0x00, 0x00, 0x00, 0x00, 0x00, 0x00, 0x00, 0xff, 0x03, 0x1f, 0x00,
  0x1f, 0x2c, 0x1f, 0x2c, 0x3f, 0x2c, 0x1f, 0x2c, 0x1f, 0x2c, 0xff, 0x2b, 0x1f, 0x2c, 0x1f, 0x2c,
  0x1f, 0x2c, 0x1f, 0x2c, 0x1f, 0x2c, 0x1f, 0x2c, 0xff, 0x23, 0x1f, 0x2c, 0x1f, 0x2c, 0x1f, 0x24,
  0x1f, 0x2c, 0x1f, 0x2c, 0x1f, 0x24, 0x1f, 0x2c, 0x1f, 0x2c, 0x1f, 0x2c, 0x1f, 0x2c, 0x1f, 0x2c,
  0x1f, 0x2c, 0x1f, 0x2c, 0x1f, 0x2c, 0x1f, 0x2c, 0xff, 0x2b, 0x1f, 0x2c, 0x1f, 0x2c, 0x1f, 0x24,
  0xff, 0x2b, 0x1f, 0x2c, 0x1f, 0x2c, 0x1f, 0x2c, 0x1f, 0x2c, 0x1f, 0x2c, 0x1f, 0x2c, 0x1f, 0x2c,
  0x1f, 0x2c, 0x1f, 0x2c, 0x1f, 0x2c, 0x1f, 0x2c, 0x1f, 0x24, 0xff, 0x23, 0x9f, 0x7d, 0x7f, 0xe7,
  0xff, 0xff, 0xff, 0xff, 0xff, 0xff, 0xff, 0xff, 0xff, 0xff, 0xff, 0xff, 0xff, 0xff, 0xff, 0xff,
  0x7f, 0xdf, 0x9f, 0x7d, 0xff, 0x23, 0xff, 0x23, 0x1f, 0x2c, 0x1f, 0x2c, 0x1f, 0x24, 0xff, 0x2b,
  0x1f, 0x2c, 0x1f, 0x2c, 0x1f, 0x24, 0x1f, 0x2c, 0x1f, 0x2c, 0x1f, 0x24, 0x1f, 0x2c, 0x1f, 0x2c,
  0x1f, 0x2c, 0xff, 0x2b, 0x1f, 0x2c, 0x1f, 0x2c, 0x1f, 0x24, 0xff, 0x2b, 0x1f, 0x2c, 0x1f, 0x2c,
  0x1f, 0x2c, 0x1f, 0x2c, 0x1f, 0x2c, 0x1f, 0x2c, 0x1f, 0x2c, 0x1f, 0x2c, 0x1f, 0x2c, 0x1f, 0x2c,
  0x1f, 0x2c, 0x1f, 0x2c, 0x1f, 0x2c, 0x1f, 0x2c, 0x1f, 0x2c, 0x1f, 0x2c, 0x1f, 0x24, 0x1f, 0x2c,
  0xff, 0x23, 0x1f, 0x2c, 0x1f, 0x2c, 0x1f, 0x2c, 0x1f, 0x2c, 0x1f, 0x2c, 0x1f, 0x2c, 0x1f, 0x2c,
  0xff, 0x07, 0x1f, 0x04, 0x00, 0x00, 0x00, 0x00, 0x00, 0x00, 0x00, 0x00, 0x00, 0x00, 0x00, 0x00,
  0x00, 0x00, 0x00, 0x00, 0x00, 0x00, 0x00, 0x00, 0x00, 0x00, 0x00, 0x00, 0xbf, 0x02, 0x00, 0x00,
  0xff, 0x2b, 0x5f, 0x2c, 0x1f, 0x2c, 0xff, 0x2b, 0x1f, 0x24, 0x1f, 0x2c, 0x1f, 0x2c, 0x1f, 0x2c,
  0xff, 0x23, 0x1f, 0x2c, 0x1f, 0x2c, 0x1f, 0x2c, 0x1f, 0x2c, 0x1f, 0x2c, 0x1f, 0x2c, 0xff, 0x2b,
  0x1f, 0x2c, 0x1f, 0x2c, 0xff, 0x2b, 0x1f, 0x2c, 0x1f, 0x2c, 0xff, 0x2b, 0x1f, 0x24, 0x1f, 0x2c,
  0x1f, 0x2c, 0xff, 0x2b, 0x1f, 0x24, 0x1f, 0x2c, 0x1f, 0x2c, 0x1f, 0x2c, 0x1f, 0x2c, 0x1f, 0x2c,
  0x1f, 0x2c, 0x1f, 0x2c, 0x1f, 0x24, 0xff, 0x2b, 0x1f, 0x2c, 0x1f, 0x2c, 0x1f, 0x24, 0xff, 0x2b,
  0x1f, 0x2c, 0x1f, 0x24, 0x1f, 0x2c, 0xff, 0x23, 0x3f, 0x34, 0x9f, 0xb6, 0xff, 0xff, 0xff, 0xff,
  0xff, 0xf7, 0xdf, 0xff, 0xdf, 0xf7, 0xdf, 0xf7, 0xff, 0xf7, 0xdf, 0xf7, 0xff, 0xff, 0xdf, 0xf7,
  0xff, 0xff, 0xff, 0xff, 0xbf, 0xb6, 0x3f, 0x34, 0xff, 0x23, 0x1f, 0x2c, 0x1f, 0x2c, 0x1f, 0x2c,
  0x1f, 0x2c, 0x1f, 0x2c, 0x1f, 0x2c, 0x1f, 0x2c, 0x1f, 0x2c, 0x1f, 0x2c, 0xff, 0x2b, 0x1f, 0x2c,
  0x1f, 0x2c, 0x1f, 0x2c, 0x1f, 0x24, 0x1f, 0x2c, 0x1f, 0x2c, 0x1f, 0x2c, 0x1f, 0x2c, 0x1f, 0x24,
  0xff, 0x2b, 0x1f, 0x2c, 0x1f, 0x2c, 0xff, 0x23, 0x1f, 0x2c, 0x1f, 0x2c, 0x1f, 0x2c, 0xff, 0x23,
  0x1f, 0x2c, 0x1f, 0x2c, 0x1f, 0x2c, 0xff, 0x23, 0x1f, 0x2c, 0x1f, 0x2c, 0x1f, 0x2c, 0x1f, 0x2c,
  0x1f, 0x2c, 0x1f, 0x2c, 0xff, 0x23, 0x1f, 0x2c, 0x1f, 0x2c, 0x1f, 0x2c, 0x5f, 0x2c, 0x1f, 0x2c,
  0x00, 0x00, 0x5f, 0x55, 0x00, 0x00, 0x00, 0x00, 0x00, 0x00, 0x00, 0x00, 0x00, 0x00, 0x00, 0x00,
  0x00, 0x00, 0x00, 0x00, 0x00, 0x00, 0x00, 0x00, 0x00, 0x00, 0x5f, 0x55, 0x00, 0x00, 0x1f, 0x2c,
  0x3f, 0x2c, 0x1f, 0x2c, 0x1f, 0x2c, 0x1f, 0x2c, 0x1f, 0x2c, 0x1f, 0x2c, 0x1f, 0x2c, 0x1f, 0x2c,
  0x1f, 0x2c, 0x1f, 0x2c, 0xff, 0x23, 0x1f, 0x2c, 0x1f, 0x2c, 0x1f, 0x2c, 0x1f, 0x24, 0x1f, 0x2c,
  0x1f, 0x2c, 0x1f, 0x2c, 0x1f, 0x2c, 0x1f, 0x2c, 0x1f, 0x2c, 0x1f, 0x2c, 0x1f, 0x2c, 0x1f, 0x2c,
  0x1f, 0x2c, 0x1f, 0x2c, 0x1f, 0x2c, 0x1f, 0x2c, 0x1f, 0x2c, 0xff, 0x23, 0x1f, 0x2c, 0x1f, 0x2c,
  0x1f, 0x2c, 0xff, 0x2b, 0x1f, 0x2c, 0x1f, 0x2c, 0x1f, 0x2c, 0x1f, 0x2c, 0x1f, 0x2c, 0x1f, 0x2c,
  0x1f, 0x2c, 0x1f, 0x2c, 0xff, 0x2b, 0x1f, 0x2c, 0x1f, 0xcf, 0xff, 0xff, 0xff, 0xf7, 0xff, 0xff,
  0xdf, 0xff, 0xff, 0xff, 0xff, 0xff, 0xff, 0xff, 0xff, 0xff, 0xff, 0xff, 0xff, 0xff, 0xff, 0xff,
  0xff, 0xff, 0xdf, 0xff, 0xff, 0xff, 0xff, 0xce, 0x1f, 0x2c, 0x1f, 0x2c, 0x1f, 0x2c, 0x1f, 0x2c,
  0x1f, 0x24, 0xff, 0x2b, 0x1f, 0x2c, 0x1f, 0x2c, 0xff, 0x23, 0x1f, 0x2c, 0x1f, 0x2c, 0x1f, 0x2c,
  0x1f, 0x2c, 0x1f, 0x2c, 0x1f, 0x2c, 0xff, 0x2b, 0x1f, 0x2c, 0x1f, 0x2c, 0x1f, 0x2c, 0x1f, 0x2c,
  0x1f, 0x2c, 0x1f, 0x2c, 0x1f, 0x2c, 0x1f, 0x2c, 0x1f, 0x2c, 0x1f, 0x2c, 0x1f, 0x2c, 0x1f, 0x2c,
  0x1f, 0x2c, 0x1f, 0x2c, 0x1f, 0x2c, 0x1f, 0x2c, 0x1f, 0x2c, 0x1f, 0x2c, 0xff, 0x2b, 0x1f, 0x2c,
  0x1f, 0x2c, 0x1f, 0x2c, 0x1f, 0x2c, 0x1f, 0x2c, 0x1f, 0x2c, 0x1f, 0x2c, 0xff, 0x2b, 0x3f, 0x2c,
  0xff, 0x2b, 0x00, 0x00, 0x5f, 0x05, 0x00, 0x00, 0x00, 0x00, 0x00, 0x00, 0x00, 0x00, 0x00, 0x00,
  0x00, 0x00, 0x00, 0x00, 0x00, 0x00, 0x00, 0x00, 0x00, 0x00, 0xff, 0x83, 0x5f, 0x55, 0x1f, 0x2c,
  0x3f, 0x2c, 0x1f, 0x2c, 0x1f, 0x2c, 0x1f, 0x2c, 0x1f, 0x2c, 0x1f, 0x24, 0xff, 0x2b, 0x1f, 0x2c,
  0x1f, 0x2c, 0x1f, 0x2c, 0x1f, 0x2c, 0x1f, 0x2c, 0x1f, 0x2c, 0xff, 0x2b, 0x1f, 0x2c, 0x1f, 0x2c,
  0x1f, 0x2c, 0x1f, 0x24, 0x1f, 0x2c, 0x1f, 0x2c, 0x1f, 0x24, 0x1f, 0x2c, 0x1f, 0x2c, 0xff, 0x2b,
  0x1f, 0x24, 0x1f, 0x2c, 0x1f, 0x2c, 0xff, 0x2b, 0x1f, 0x2c, 0x1f, 0x2c, 0x1f, 0x2c, 0x1f, 0x2c,
  0x1f, 0x24, 0x1f, 0x2c, 0x1f, 0x2c, 0x1f, 0x24, 0x1f, 0x2c, 0xff, 0x2b, 0x1f, 0x24, 0x1f, 0x2c,
  0x1f, 0x2c, 0x1f, 0x2c, 0xdf, 0x1b, 0x5f, 0xa6, 0xff, 0xff, 0xdf, 0xff, 0xff, 0xff, 0xff, 0xff,
  0xff, 0xff, 0x9f, 0xe7, 0x7f, 0xae, 0xbf, 0x85, 0xdf, 0x85, 0x5f, 0xae, 0x7f, 0xe7, 0xff, 0xff,
  0xff, 0xff, 0xff, 0xff, 0xdf, 0xf7, 0xff, 0xff, 0x7f, 0xa6, 0xdf, 0x1b, 0x1f, 0x2c, 0x1f, 0x2c,
  0x1f, 0x2c, 0x1f, 0x2c, 0x1f, 0x2c, 0x1f, 0x2c, 0x1f, 0x2c, 0x1f, 0x2c, 0x1f, 0x2c, 0x1f, 0x24,
  0x1f, 0x2c, 0xff, 0x2b, 0x1f, 0x2c, 0x1f, 0x2c, 0x1f, 0x24, 0x1f, 0x2c, 0xff, 0x2b, 0x1f, 0x2c,
  0x1f, 0x24, 0x1f, 0x2c, 0x1f, 0x2c, 0x1f, 0x2c, 0x1f, 0x24, 0xff, 0x2b, 0x1f, 0x2c, 0x1f, 0x2c,
  0x1f, 0x24, 0xff, 0x2b, 0x1f, 0x2c, 0x1f, 0x2c, 0x1f, 0x24, 0x1f, 0x2c, 0x1f, 0x2c, 0x1f, 0x24,
  0x1f, 0x2c, 0x1f, 0x2c, 0x1f, 0x2c, 0xff, 0x2b, 0x1f, 0x24, 0x1f, 0x2c, 0x1f, 0x2c, 0x3f, 0x2c,
  0x1f, 0x24, 0x1f, 0x00, 0xff, 0x03, 0x00, 0x00, 0x00, 0x00, 0x00, 0x00, 0x00, 0x00, 0x00, 0x00,
  0x00, 0x00, 0x00, 0x00, 0x00, 0x00, 0x00, 0x00, 0x5f, 0x55, 0x00, 0x00, 0x1f, 0x2c, 0x5f, 0x2c,
  0x1f, 0x2c, 0x1f, 0x2c, 0xff, 0x23, 0x1f, 0x2c, 0x1f, 0x2c, 0x1f, 0x2c, 0x1f, 0x2c, 0x1f, 0x24,
  0x1f, 0x2c, 0x1f, 0x2c, 0x1f, 0x2c, 0xff, 0x23, 0x1f, 0x2c, 0x1f, 0x2c, 0x1f, 0x2c, 0x1f, 0x24,
  0xff, 0x2b, 0x1f, 0x2c, 0x1f, 0x2c, 0xff, 0x2b, 0x1f, 0x2c, 0xff, 0x2b, 0x1f, 0x2c, 0x1f, 0x2c,
  0x1f, 0x2c, 0x1f, 0x2c, 0x1f, 0x2c, 0x1f, 0x24, 0x1f, 0x2c, 0x1f, 0x2c, 0x1f, 0x24, 0xff, 0x2b,
  0x1f, 0x2c, 0x1f, 0x2c, 0x1f, 0x2c, 0x1f, 0x2c, 0x1f, 0x2c, 0x1f, 0x2c, 0x1f, 0x2c, 0x1f, 0x2c,
  0x1f, 0x2c, 0xdf, 0x23, 0x1f, 0x5d, 0xff, 0xff, 0xff, 0xff, 0xff, 0xff, 0xff, 0xf7, 0xff, 0xff,
  0x1f, 0x96, 0x3f, 0x34, 0xdf, 0x1b, 0xdf, 0x1b, 0xdf, 0x1b, 0xdf, 0x1b, 0x3f, 0x34, 0x1f, 0x96,
  0xff, 0xff, 0xff, 0xff, 0xff, 0xff, 0xdf, 0xff, 0xff, 0xff, 0x1f, 0x65, 0xdf, 0x1b, 0x1f, 0x2c,
  0x1f, 0x2c, 0x1f, 0x2c, 0x1f, 0x24, 0x1f, 0x2c, 0x1f, 0x2c, 0x1f, 0x2c, 0x1f, 0x2c, 0xff, 0x2b,
  0x1f, 0x2c, 0x1f, 0x24, 0x1f, 0x2c, 0x1f, 0x2c, 0x1f, 0x2c, 0x1f, 0x2c, 0x1f, 0x24, 0x1f, 0x2c,
  0x1f, 0x2c, 0xff, 0x2b, 0x1f, 0x2c, 0x1f, 0x2c, 0x1f, 0x2c, 0x1f, 0x2c, 0x1f, 0x24, 0x1f, 0x2c,
  0x1f, 0x2c, 0x1f, 0x2c, 0x1f, 0x2c, 0x1f, 0x2c, 0xff, 0x2b, 0x1f, 0x2c, 0x1f, 0x2c, 0xff, 0x2b,
  0x1f, 0x2c, 0x1f, 0x2c, 0x1f, 0x24, 0x1f, 0x2c, 0x1f, 0x2c, 0x1f, 0x2c, 0x1f, 0x2c, 0x1f, 0x2c,
  0x3f, 0x2c, 0x1f, 0x2c, 0x00, 0x00, 0x5f, 0x55, 0x00, 0x00, 0x00, 0x00, 0x00, 0x00, 0x00, 0x00,
  0x00, 0x00, 0x00, 0x00, 0x00, 0x00, 0x00, 0x00, 0xff, 0x07, 0x1f, 0x44, 0xff, 0x2b, 0x3f, 0x2c,
  0x1f, 0x2c, 0x1f, 0x2c, 0x1f, 0x2c, 0x1f, 0x2c, 0x1f, 0x2c, 0xff, 0x2b, 0x1f, 0x2c, 0x1f, 0x2c,
  0xff, 0x2b, 0x1f, 0x24, 0x1f, 0x2c, 0x1f, 0x2c, 0x1f, 0x2c, 0x1f, 0x2c, 0x1f, 0x2c, 0x1f, 0x2c,
  0x1f, 0x2c, 0x1f, 0x2c, 0x1f, 0x2c, 0x1f, 0x2c, 0x1f, 0x2c, 0x1f, 0x24, 0x1f, 0x2c, 0x1f, 0x2c,
  0x1f, 0x24, 0xff, 0x2b, 0x1f, 0x2c, 0x1f, 0x2c, 0x1f, 0x2c, 0x1f, 0x2c, 0x1f, 0x2c, 0x1f, 0x2c,
  0x1f, 0x2c, 0x1f, 0x2c, 0xff, 0x2b, 0x1f, 0x2c, 0x1f, 0x24, 0x1f, 0x2c, 0xff, 0x2b, 0x1f, 0x2c,
  0x1f, 0x2c, 0xff, 0x1b, 0xdf, 0xc6, 0xff, 0xff, 0xdf, 0xf7, 0xff, 0xff, 0xff, 0xff, 0x9f, 0x85,
  0xbf, 0x13, 0xff, 0x2b, 0x1f, 0x2c, 0x1f, 0x2c, 0x1f, 0x34, 0x1f, 0x2c, 0x1f, 0x2c, 0xbf, 0x13,
  0x9f, 0x85, 0xff, 0xff, 0xff, 0xf7, 0xff, 0xff, 0xff, 0xff, 0xff, 0xc6, 0xff, 0x23, 0x1f, 0x2c,
  0x1f, 0x2c, 0x1f, 0x2c, 0xff, 0x2b, 0x1f, 0x2c, 0x1f, 0x2c, 0xff, 0x23, 0x1f, 0x2c, 0x1f, 0x2c,
  0x1f, 0x2c, 0x1f, 0x2c, 0x1f, 0x2c, 0x1f, 0x2c, 0xff, 0x2b, 0x1f, 0x2c, 0x1f, 0x2c, 0x1f, 0x2c,
  0x1f, 0x2c, 0x1f, 0x2c, 0x1f, 0x24, 0xff, 0x2b, 0x1f, 0x2c, 0x1f, 0x2c, 0x1f, 0x2c, 0xff, 0x2b,
  0x1f, 0x2c, 0x1f, 0x2c, 0xff, 0x23, 0x1f, 0x2c, 0x1f, 0x2c, 0x1f, 0x24, 0x1f, 0x2c, 0x1f, 0x2c,
  0x1f, 0x24, 0xff, 0x2b, 0x1f, 0x2c, 0x1f, 0x2c, 0x1f, 0x2c, 0xff, 0x2b, 0x1f, 0x24, 0x1f, 0x2c,
  0x3f, 0x2c, 0x1f, 0x2c, 0x5f, 0x05, 0xff, 0x07, 0x00, 0x00, 0x00, 0x00, 0x00, 0x00, 0x00, 0x00,
  0x00, 0x00, 0x00, 0x00, 0x00, 0x00, 0x5f, 0x55, 0x00, 0x00, 0x1f, 0x2c, 0x5f, 0x2c, 0x1f, 0x2c,
  0x1f, 0x2c, 0x1f, 0x2c, 0x1f, 0x2c, 0xff, 0x23, 0x1f, 0x2c, 0x1f, 0x2c, 0x1f, 0x24, 0x1f, 0x2c,
  0x1f, 0x2c, 0x1f, 0x2c, 0x1f, 0x2c, 0x1f, 0x2c, 0x1f, 0x2c, 0x1f, 0x24, 0xff, 0x2b, 0x1f, 0x2c,
  0x1f, 0x2c, 0x1f, 0x24, 0xff, 0x2b, 0x1f, 0x2c, 0x1f, 0x2c, 0x1f, 0x2c, 0x1f, 0x2c, 0x1f, 0x2c,
  0x1f, 0x2c, 0x1f, 0x2c, 0x1f, 0x2c, 0x1f, 0x2c, 0xff, 0x23, 0x1f, 0x2c, 0x1f, 0x2c, 0x1f, 0x2c,
  0x1f, 0x2c, 0x1f, 0x24, 0x1f, 0x2c, 0x1f, 0x2c, 0x1f, 0x2c, 0x1f, 0x2c, 0x1f, 0x2c, 0x1f, 0x2c,
  0xff, 0x23, 0x9f, 0x44, 0xdf, 0xff, 0xff, 0xff, 0xff, 0xff, 0xff, 0xff, 0x9f, 0xb6, 0xbf, 0x1b,
  0x3f, 0x2c, 0x1f, 0x2c, 0x1f, 0x2c, 0x1f, 0x2c, 0x1f, 0x2c, 0x1f, 0x2c, 0x1f, 0x2c, 0x1f, 0x2c,
  0xdf, 0x1b, 0x9f, 0xb6, 0xff, 0xff, 0xdf, 0xf7, 0xff, 0xff, 0xdf, 0xf7, 0x9f, 0x4c, 0xff, 0x23,
  0x1f, 0x2c, 0x1f, 0x2c, 0x1f, 0x2c, 0x1f, 0x2c, 0x1f, 0x2c, 0x1f, 0x2c, 0x1f, 0x2c, 0x1f, 0x2c,
  0x1f, 0x2c, 0x1f, 0x2c, 0xff, 0x23, 0x1f, 0x2c, 0x1f, 0x2c, 0x1f, 0x2c, 0x1f, 0x2c, 0xff, 0x2b,
  0x1f, 0x24, 0x1f, 0x2c, 0x1f, 0x2c, 0x1f, 0x2c, 0x1f, 0x2c, 0x1f, 0x24, 0x1f, 0x2c, 0x1f, 0x2c,
  0x1f, 0x2c, 0x1f, 0x2c, 0x1f, 0x2c, 0x1f, 0x2c, 0x1f, 0x2c, 0x1f, 0x2c, 0x1f, 0x2c, 0x1f, 0x2c,
  0x1f, 0x2c, 0x1f, 0x2c, 0x1f, 0x2c, 0x1f, 0x2c, 0x1f, 0x2c, 0x1f, 0x2c, 0x1f, 0x2c, 0x1f, 0x2c,
  0x1f, 0x2c, 0x3f, 0x2c, 0x1f, 0x2c, 0x00, 0x00, 0x5f, 0x05, 0x00, 0x00, 0x00, 0x00, 0x00, 0x00,
  0x00, 0x00, 0x00, 0x00, 0x00, 0x00, 0xff, 0x03, 0xff, 0x07, 0x1f, 0x2c, 0x3f, 0x2c, 0x1f, 0x24,
  0xff, 0x2b, 0x1f, 0x2c, 0x1f, 0x2c, 0x1f, 0x2c, 0x1f, 0x2c, 0x1f, 0x2c, 0x1f, 0x2c, 0x1f, 0x2c,
  0x1f, 0x2c, 0x1f, 0x2c, 0xff, 0x2b, 0x1f, 0x2c, 0x1f, 0x2c, 0x1f, 0x2c, 0x1f, 0x2c, 0x1f, 0x2c,
  0x1f, 0x2c, 0x1f, 0x2c, 0x1f, 0x2c, 0x1f, 0x24, 0x1f, 0x2c, 0x1f, 0x2c, 0xff, 0x23, 0x1f, 0x2c,
  0x1f, 0x2c, 0x1f, 0x2c, 0x1f, 0x24, 0x1f, 0x2c, 0x1f, 0x2c, 0x1f, 0x2c, 0x1f, 0x2c, 0xff, 0x23,
  0x1f, 0x2c, 0x1f, 0x2c, 0x1f, 0x2c, 0xff, 0x2b, 0x1f, 0x2c, 0x1f, 0x24, 0x1f, 0x2c, 0x1f, 0x2c,
  0xdf, 0x1b, 0x7f, 0x75, 0xff, 0xff, 0xff, 0xf7, 0xdf, 0xff, 0xff, 0xff, 0xbf, 0x4c, 0xff, 0x23,
  0x1f, 0x2c, 0x1f, 0x2c, 0x1f, 0x2c, 0x1f, 0x2c, 0x1f, 0x2c, 0x1f, 0x2c, 0x1f, 0x2c, 0x1f, 0x2c,
  0xff, 0x23, 0xbf, 0x54, 0xff, 0xff, 0xff, 0xff, 0xdf, 0xff, 0xff, 0xff, 0x7f, 0x75, 0xdf, 0x1b,
  0x1f, 0x2c, 0x1f, 0x2c, 0x1f, 0x2c, 0x1f, 0x24, 0x1f, 0x2c, 0x1f, 0x2c, 0x1f, 0x24, 0xff, 0x2b,
  0x1f, 0x2c, 0x1f, 0x2c, 0x1f, 0x2c, 0x1f, 0x2c, 0x1f, 0x24, 0x1f, 0x2c, 0x1f, 0x2c, 0x1f, 0x2c,
  0x1f, 0x2c, 0x1f, 0x2c, 0x1f, 0x2c, 0x1f, 0x2c, 0xff, 0x2b, 0x1f, 0x2c, 0x1f, 0x2c, 0x1f, 0x2c,
  0xff, 0x23, 0x1f, 0x2c, 0x1f, 0x2c, 0x1f, 0x2c, 0x1f, 0x24, 0xff, 0x2b, 0x1f, 0x2c, 0x1f, 0x2c,
  0x1f, 0x2c, 0x1f, 0x2c, 0xff, 0x2b, 0x1f, 0x24, 0x1f, 0x2c, 0x1f, 0x2c, 0x1f, 0x2c, 0x1f, 0x24,
  0xff, 0x2b, 0x5f, 0x2c, 0x1f, 0x2c, 0x00, 0x00, 0xff, 0x03, 0x00, 0x00, 0x00, 0x00, 0x00, 0x00,
  0x00, 0x00, 0x00, 0x00, 0x5f, 0x05, 0x00, 0x00, 0xff, 0x2b, 0x3f, 0x2c, 0x1f, 0x2c, 0x1f, 0x2c,
  0x1f, 0x2c, 0x1f, 0x24, 0x1f, 0x2c, 0x1f, 0x2c, 0x1f, 0x2c, 0x1f, 0x24, 0xff, 0x2b, 0x1f, 0x2c,
  0x1f, 0x2c, 0x1f, 0x24, 0x1f, 0x2c, 0x1f, 0x2c, 0x1f, 0x24, 0xff, 0x2b, 0x1f, 0x2c, 0x1f, 0x24,
  0xff, 0x2b, 0x1f, 0x2c, 0x1f, 0x2c, 0x1f, 0x2c, 0xff, 0x2b, 0x1f, 0x2c, 0x1f, 0x2c, 0x1f, 0x2c,
  0x1f, 0x2c, 0xff, 0x2b, 0x1f, 0x2c, 0x1f, 0x2c, 0x1f, 0x2c, 0xff, 0x2b, 0x1f, 0x2c, 0x1f, 0x2c,
  0x1f, 0x2c, 0x1f, 0x2c, 0x1f, 0x2c, 0x1f, 0x24, 0x1f, 0x2c, 0x1f, 0x2c, 0x1f, 0x2c, 0x1f, 0x2c,
  0xdf, 0x1b, 0xff, 0x95, 0xff, 0xff, 0xdf, 0xff, 0xff, 0xff, 0x7f, 0xdf, 0x1f, 0x2c, 0x1f, 0x2c,
  0x1f, 0x2c, 0x1f, 0x2c, 0x1f, 0x2c, 0x1f, 0x2c, 0x1f, 0x24, 0x1f, 0x2c, 0x1f, 0x2c, 0x1f, 0x2c,
  0x1f, 0x24, 0x1f, 0x2c, 0x7f, 0xdf, 0xff, 0xff, 0xdf, 0xf7, 0xff, 0xff, 0x1f, 0x96, 0xbf, 0x1b,
  0x3f, 0x2c, 0x1f, 0x2c, 0xff, 0x2b, 0x1f, 0x2c, 0x1f, 0x2c, 0xff, 0x2b, 0x1f, 0x2c, 0x1f, 0x2c,
  0x1f, 0x24, 0x1f, 0x2c, 0x1f, 0x2c, 0x1f, 0x2c, 0x1f, 0x2c, 0xff, 0x2b, 0x1f, 0x24, 0x1f, 0x2c,
  0x1f, 0x2c, 0xff, 0x2b, 0x1f, 0x24, 0x1f, 0x2c, 0x1f, 0x2c, 0x1f, 0x2c, 0x1f, 0x24, 0x1f, 0x2c,
  0x1f, 0x2c, 0x1f, 0x2c, 0x1f, 0x2c, 0xff, 0x2b, 0x1f, 0x2c, 0x1f, 0x2c, 0x1f, 0x2c, 0x1f, 0x24,
  0xff, 0x2b, 0x1f, 0x2c, 0x1f, 0x2c, 0x1f, 0x2c, 0x1f, 0x2c, 0xff, 0x23, 0x1f, 0x2c, 0x1f, 0x2c,
  0x1f, 0x2c, 0x1f, 0x2c, 0x1f, 0x2c, 0x1f, 0x2c, 0x00, 0x00, 0xbf, 0x02, 0x00, 0x00, 0x00, 0x00,
  0x00, 0x00, 0x00, 0x00, 0x5f, 0x55, 0x00, 0x00, 0x1f, 0x2c, 0x5f, 0x2c, 0x1f, 0x2c, 0x1f, 0x2c,
  0x1f, 0x2c, 0xff, 0x2b, 0x1f, 0x2c, 0x1f, 0x2c, 0xff, 0x2b, 0x1f, 0x2c, 0x1f, 0x2c, 0x1f, 0x2c,
  0x1f, 0x2c, 0xff, 0x2b, 0x1f, 0x2c, 0x1f, 0x2c, 0x1f, 0x2c, 0x1f, 0x2c, 0x1f, 0x2c, 0x1f, 0x2c,
  0x1f, 0x2c, 0x1f, 0x2c, 0x1f, 0x2c, 0x1f, 0x2c, 0x1f, 0x24, 0x1f, 0x2c, 0x1f, 0x2c, 0x1f, 0x2c,
  0x1f, 0x24, 0x1f, 0x2c, 0x1f, 0x2c, 0xff, 0x2b, 0x1f, 0x2c, 0x1f, 0x24, 0x1f, 0x2c, 0x1f, 0x2c,
  0x1f, 0x2c, 0xff, 0x23, 0x1f, 0x2c, 0x1f, 0x2c, 0x1f, 0x2c, 0xff, 0x2b, 0x1f, 0x2c, 0x1f, 0x2c,
  0xdf, 0x1b, 0x5f, 0xa6, 0xff, 0xff, 0xdf, 0xf7, 0xff, 0xff, 0x1f, 0xcf, 0xff, 0x23, 0x1f, 0x2c,
  0x1f, 0x2c, 0x1f, 0x2c, 0x1f, 0x2c, 0x1f, 0x2c, 0x1f, 0x2c, 0xff, 0x2b, 0x1f, 0x2c, 0x1f, 0x2c,
  0x1f, 0x2c, 0xff, 0x23, 0x1f, 0xcf, 0xff, 0xff, 0xdf, 0xf7, 0xff, 0xff, 0x5f, 0xa6, 0xdf, 0x1b,
  0x1f, 0x2c, 0x1f, 0x2c, 0x1f, 0x2c, 0x1f, 0x2c, 0x1f, 0x2c, 0x1f, 0x2c, 0x1f, 0x2c, 0x1f, 0x2c,
  0x1f, 0x2c, 0x1f, 0x2c, 0xff, 0x2b, 0x1f, 0x24, 0x1f, 0x2c, 0x1f, 0x2c, 0x1f, 0x2c, 0x1f, 0x2c,
  0x1f, 0x2c, 0x1f, 0x2c, 0x1f, 0x2c, 0x1f, 0x2c, 0x1f, 0x2c, 0xff, 0x2b, 0x1f, 0x2c, 0x1f, 0x2c,
  0x1f, 0x2c, 0x1f, 0x2c, 0x1f, 0x24, 0x1f, 0x2c, 0x1f, 0x2c, 0x1f, 0x2c, 0x1f, 0x2c, 0x1f, 0x2c,
  0x1f, 0x2c, 0x1f, 0x24, 0x1f, 0x2c, 0x1f, 0x2c, 0x1f, 0x2c, 0x1f, 0x2c, 0x1f, 0x2c, 0x1f, 0x2c,
  0x1f, 0x2c, 0x1f, 0x24, 0x5f, 0x2c, 0x1f, 0x2c, 0x00, 0x00, 0x5f, 0x55, 0x00, 0x00, 0x00, 0x00,
  0x00, 0x00, 0xff, 0x07, 0x00, 0x00, 0xff, 0x2b, 0x1f, 0x2c, 0x1f, 0x2c, 0x1f, 0x2c, 0xff, 0x23,
  0x1f, 0x2c, 0x1f, 0x2c, 0x1f, 0x2c, 0x1f, 0x24, 0x1f, 0x2c, 0x1f, 0x2c, 0x1f, 0x2c, 0x1f, 0x24,
  0x1f, 0x2c, 0x1f, 0x2c, 0x1f, 0x2c, 0x1f, 0x24, 0x1f, 0x2c, 0x1f, 0x2c, 0x1f, 0x2c, 0x1f, 0x2c,
  0x1f, 0x24, 0x1f, 0x2c, 0xff, 0x2b, 0x1f, 0x2c, 0x1f, 0x2c, 0x1f, 0x2c, 0x1f, 0x2c, 0xff, 0x2b,
  0x1f, 0x2c, 0x1f, 0x2c, 0x1f, 0x2c, 0x1f, 0x24, 0x1f, 0x2c, 0x1f, 0x2c, 0x1f, 0x2c, 0x1f, 0x2c,
  0x1f, 0x2c, 0x1f, 0x2c, 0x1f, 0x2c, 0x1f, 0x2c, 0x1f, 0x2c, 0x1f, 0x2c, 0x1f, 0x2c, 0x1f, 0x2c,
  0xdf, 0x1b, 0x3f, 0xa6, 0xff, 0xff, 0xdf, 0xf7, 0xff, 0xff, 0x1f, 0xcf, 0xff, 0x23, 0x1f, 0x2c,
  0x1f, 0x2c, 0x1f, 0x2c, 0xff, 0x23, 0x1f, 0x2c, 0x1f, 0x2c, 0x1f, 0x2c, 0x1f, 0x24, 0x1f, 0x2c,
  0x1f, 0x2c, 0xff, 0x23, 0x1f, 0xcf, 0xff, 0xff, 0xdf, 0xff, 0xff, 0xff, 0x5f, 0xa6, 0xbf, 0x1b,
  0x1f, 0x2c, 0x1f, 0x2c, 0x1f, 0x2c, 0x1f, 0x2c, 0x1f, 0x24, 0x1f, 0x2c, 0x1f, 0x2c, 0x1f, 0x24,
  0xff, 0x2b, 0x1f, 0x2c, 0x1f, 0x2c, 0x1f, 0x2c, 0x1f, 0x2c, 0x1f, 0x2c, 0x1f, 0x2c, 0xff, 0x2b,
  0x1f, 0x24, 0x1f, 0x2c, 0x1f, 0x2c, 0xff, 0x23, 0x1f, 0x2c, 0x1f, 0x2c, 0x1f, 0x2c, 0x1f, 0x2c,
  0xff, 0x23, 0x1f, 0x2c, 0x1f, 0x2c, 0x1f, 0x2c, 0x1f, 0x2c, 0x1f, 0x24, 0xff, 0x2b, 0x1f, 0x2c,
  0x1f, 0x2c, 0x1f, 0x2c, 0x1f, 0x2c, 0xff, 0x2b, 0x1f, 0x24, 0x1f, 0x2c, 0x1f, 0x2c, 0xff, 0x2b,
  0x1f, 0x2c, 0xff, 0x2b, 0x3f, 0x2c, 0x1f, 0x2c, 0x3f, 0x24, 0x00, 0x00, 0xff, 0x07, 0x00, 0x00,
  0x00, 0x00, 0xff, 0x43, 0x00, 0x00, 0x1f, 0x2c, 0x5f, 0x2c, 0x1f, 0x2c, 0x1f, 0x2c, 0x1f, 0x2c,
  0x1f, 0x2c, 0x1f, 0x2c, 0x1f, 0x2c, 0x1f, 0x2c, 0x1f, 0x2c, 0x1f, 0x2c, 0x1f, 0x2c, 0xff, 0x2b,
  0x1f, 0x2c, 0x1f, 0x2c, 0x1f, 0x2c, 0xff, 0x2b, 0x1f, 0x2c, 0x1f, 0x2c, 0xff, 0x23, 0x1f, 0x2c,
  0x1f, 0x2c, 0x1f, 0x2c, 0x1f, 0x24, 0x1f, 0x2c, 0x1f, 0x2c, 0xff, 0x2b, 0x1f, 0x24, 0x1f, 0x2c,
  0x1f, 0x2c, 0x1f, 0x2c, 0x1f, 0x2c, 0x1f, 0x2c, 0x1f, 0x2c, 0x1f, 0x2c, 0xff, 0x2b, 0x1f, 0x24,
  0x1f, 0x2c, 0x1f, 0x2c, 0xff, 0x2b, 0x1f, 0x2c, 0x1f, 0x24, 0x1f, 0x2c, 0x1f, 0x2c, 0x1f, 0x2c,
  0xdf, 0x1b, 0x5f, 0xa6, 0xff, 0xff, 0xff, 0xf7, 0xff, 0xff, 0x1f, 0xcf, 0xff, 0x23, 0x1f, 0x2c,
  0x1f, 0x2c, 0x1f, 0x2c, 0x1f, 0x2c, 0x1f, 0x2c, 0x1f, 0x2c, 0x1f, 0x2c, 0x1f, 0x2c, 0x1f, 0x2c,
  0x1f, 0x2c, 0xff, 0x23, 0x1f, 0xcf, 0xff, 0xff, 0xdf, 0xf7, 0xff, 0xff, 0x5f, 0xa6, 0xdf, 0x1b,
  0x1f, 0x2c, 0x1f, 0x2c, 0x1f, 0x2c, 0x1f, 0x2c, 0xff, 0x2b, 0x1f, 0x2c, 0x1f, 0x2c, 0x1f, 0x2c,
  0x1f, 0x2c, 0x1f, 0x2c, 0x1f, 0x24, 0x1f, 0x2c, 0x1f, 0x2c, 0xff, 0x2b, 0x1f, 0x24, 0x1f, 0x2c,
  0x1f, 0x2c, 0x1f, 0x2c, 0x1f, 0x2c, 0x1f, 0x2c, 0x1f, 0x2c, 0x1f, 0x2c, 0x1f, 0x24, 0x1f, 0x2c,
  0x1f, 0x2c, 0x1f, 0x2c, 0xff, 0x2b, 0x1f, 0x2c, 0x1f, 0x2c, 0x1f, 0x2c, 0x1f, 0x2c, 0x1f, 0x2c,
  0x1f, 0x24, 0xff, 0x2b, 0x1f, 0x2c, 0x1f, 0x2c, 0x1f, 0x2c, 0x1f, 0x2c, 0x1f, 0x2c, 0x1f, 0x24,
  0x1f, 0x2c, 0x1f, 0x2c, 0xff, 0x2b, 0x5f, 0x2c, 0xff, 0x2b, 0x00, 0x00, 0xff, 0x43, 0x00, 0x00,
  0x00, 0x00, 0x1f, 0x04, 0x00, 0x00, 0x1f, 0x2c, 0x3f, 0x2c, 0x1f, 0x2c, 0x1f, 0x24, 0x1f, 0x2c,
  0x1f, 0x2c, 0xff, 0x23, 0x1f, 0x2c, 0x1f, 0x2c, 0xff, 0x23, 0x1f, 0x2c, 0x1f, 0x2c, 0x1f, 0x2c,
  0x1f, 0x24, 0x1f, 0x2c, 0x1f, 0x2c, 0x1f, 0x2c, 0x1f, 0x24, 0x1f, 0x2c, 0x1f, 0x2c, 0x1f, 0x2c,
  0xff, 0x2b, 0x1f, 0x2c, 0x1f, 0x2c, 0x1f, 0x2c, 0x1f, 0x2c, 0x1f, 0x2c, 0x1f, 0x2c, 0x1f, 0x2c,
  0x1f, 0x2c, 0xff, 0x23, 0x1f, 0x2c, 0x1f, 0x2c, 0xff, 0x2b, 0x1f, 0x24, 0x1f, 0x2c, 0x1f, 0x2c,
  0x1f, 0x2c, 0x1f, 0x2c, 0x1f, 0x24, 0x1f, 0x2c, 0x1f, 0x2c, 0xff, 0x2b, 0x1f, 0x2c, 0x1f, 0x2c,
  0xdf, 0x1b, 0x3f, 0xa6, 0xff, 0xff, 0xdf, 0xf7, 0xff, 0xff, 0x1f, 0xcf, 0xff, 0x2b, 0x1f, 0x2c,
  0x1f, 0x2c, 0x1f, 0x2c, 0x1f, 0x2c, 0x1f, 0x24, 0xff, 0x2b, 0x1f, 0x2c, 0x1f, 0x2c, 0xff, 0x2b,
  0x1f, 0x2c, 0xff, 0x23, 0x1f, 0xcf, 0xff, 0xff, 0xdf, 0xf7, 0xff, 0xff, 0x5f, 0xa6, 0xbf, 0x1b,
  0x3f, 0x2c, 0x1f, 0x2c, 0x1f, 0x2c, 0x1f, 0x2c, 0x1f, 0x2c, 0x1f, 0x24, 0xff, 0x2b, 0x1f, 0x2c,
  0x1f, 0x2c, 0x1f, 0x2c, 0x1f, 0x2c, 0xff, 0x2b, 0x1f, 0x2c, 0x1f, 0x2c, 0x1f, 0x2c, 0x1f, 0x2c,
  0x1f, 0x2c, 0xff, 0x2b, 0x1f, 0x2c, 0x1f, 0x2c, 0x1f, 0x24, 0x1f, 0x2c, 0xff, 0x2b, 0x1f, 0x2c,
  0x1f, 0x2c, 0x1f, 0x2c, 0x1f, 0x2c, 0x1f, 0x24, 0x1f, 0x2c, 0xff, 0x2b, 0x1f, 0x2c, 0x1f, 0x2c,
  0x1f, 0x2c, 0x1f, 0x2c, 0x1f, 0x2c, 0x1f, 0x24, 0x1f, 0x2c, 0xff, 0x2b, 0x1f, 0x2c, 0x1f, 0x2c,
  0x1f, 0x2c, 0x1f, 0x2c, 0x1f, 0x24, 0x3f, 0x2c, 0x1f, 0x2c, 0x00, 0x00, 0x1f, 0x04, 0x00, 0x00,
  0xff, 0x03, 0x00, 0x00, 0xff, 0x2b, 0x1f, 0x2c, 0x1f, 0x2c, 0x1f, 0x2c, 0x1f, 0x2c, 0xff, 0x2b,
  0x1f, 0x2c, 0x1f, 0x2c, 0x1f, 0x2c, 0x1f, 0x2c, 0x1f, 0x2c, 0x1f, 0x2c, 0x1f, 0x24, 0x1f, 0x2c,
  0xff, 0x2b, 0x1f, 0x2c, 0x1f, 0x24, 0x1f, 0x2c, 0xff, 0x2b, 0x1f, 0x2c, 0x1f, 0x2c, 0x1f, 0x2c,
  0x1f, 0x2c, 0x1f, 0x2c, 0x1f, 0x2c, 0xff, 0x23, 0x1f, 0x2c, 0x1f, 0x2c, 0x1f, 0x2c, 0x1f, 0x24,
  0x1f, 0x2c, 0x1f, 0x2c, 0x1f, 0x2c, 0x1f, 0x2c, 0x1f, 0x2c, 0x1f, 0x2c, 0x1f, 0x2c, 0x1f, 0x2c,
  0xff, 0x2b, 0x1f, 0x2c, 0x1f, 0x2c, 0x1f, 0x2c, 0x1f, 0x2c, 0x1f, 0x2c, 0x1f, 0x2c, 0x1f, 0x2c,
  0xdf, 0x1b, 0x5f, 0xa6, 0xff, 0xff, 0xdf, 0xff, 0xff, 0xff, 0x1f, 0xcf, 0xff, 0x23, 0x1f, 0x2c,
  0x1f, 0x2c, 0x1f, 0x24, 0xff, 0x2b, 0x1f, 0x2c, 0x1f, 0x2c, 0x1f, 0x2c, 0x1f, 0x24, 0x1f, 0x2c,
  0x1f, 0x2c, 0xff, 0x23, 0x1f, 0xcf, 0xff, 0xff, 0xff, 0xff, 0xff, 0xff, 0x5f, 0xa6, 0xdf, 0x1b,
  0x1f, 0x2c, 0x1f, 0x2c, 0x1f, 0x2c, 0xff, 0x23, 0x1f, 0x2c, 0x1f, 0x2c, 0x1f, 0x2c, 0x1f, 0x2c,
  0x1f, 0x24, 0xff, 0x2b, 0x1f, 0x2c, 0x1f, 0x2c, 0x1f, 0x24, 0x1f, 0x2c, 0x1f, 0x2c, 0x1f, 0x2c,
  0x1f, 0x24, 0x1f, 0x2c, 0x1f, 0x2c, 0x1f, 0x2c, 0xff, 0x2b, 0x1f, 0x2c, 0x1f, 0x2c, 0x1f, 0x2c,
  0x1f, 0x2c, 0x1f, 0x24, 0x1f, 0x2c, 0xff, 0x2b, 0x1f, 0x2c, 0x1f, 0x2c, 0x1f, 0x24, 0x1f, 0x2c,
  0x1f, 0x2c, 0x1f, 0x2c, 0x1f, 0x2c, 0xff, 0x2b, 0x1f, 0x2c, 0x1f, 0x2c, 0x1f, 0x2c, 0x1f, 0x2c,
  0x1f, 0x24, 0xff, 0x2b, 0x1f, 0x2c, 0x1f, 0x2c, 0x1f, 0x2c, 0xff, 0x2b, 0x00, 0x00, 0xff, 0x03,
  0xff, 0x43, 0x00, 0x00, 0x1f, 0x2c, 0x5f, 0x2c, 0x1f, 0x24, 0x1f, 0x2c, 0x1f, 0x2c, 0x1f, 0x2c,
  0x1f, 0x2c, 0x1f, 0x2c, 0x1f, 0x24, 0x1f, 0x2c, 0x1f, 0x2c, 0xff, 0x2b, 0x1f, 0x2c, 0x1f, 0x2c,
  0x1f, 0x2c, 0x1f, 0x2c, 0x1f, 0x2c, 0x1f, 0x2c, 0x1f, 0x2c, 0x1f, 0x2c, 0x1f, 0x2c, 0x1f, 0x24,
  0x1f, 0x2c, 0xff, 0x2b, 0x1f, 0x2c, 0x1f, 0x2c, 0x1f, 0x2c, 0x1f, 0x24, 0xff, 0x2b, 0x1f, 0x2c,
  0x1f, 0x2c, 0x1f, 0x2c, 0x1f, 0x2c, 0xff, 0x23, 0x1f, 0x2c, 0x1f, 0x2c, 0x1f, 0x2c, 0x1f, 0x2c,
  0x1f, 0x24, 0x1f, 0x2c, 0x1f, 0x2c, 0xff, 0x2b, 0x1f, 0x2c, 0x1f, 0x24, 0x1f, 0x2c, 0x1f, 0x2c,
  0xdf, 0x1b, 0x3f, 0xa6, 0xff, 0xff, 0xdf, 0xf7, 0xff, 0xff, 0x1f, 0xcf, 0xff, 0x23, 0x1f, 0x2c,
  0x1f, 0x2c, 0x1f, 0x2c, 0x1f, 0x2c, 0x1f, 0x2c, 0x1f, 0x2c, 0x1f, 0x2c, 0x1f, 0x2c, 0x1f, 0x2c,
  0x1f, 0x2c, 0xff, 0x23, 0x1f, 0xcf, 0xff, 0xff, 0xdf, 0xf7, 0xff, 0xff, 0x3f, 0xa6, 0xdf, 0x1b,
  0x1f, 0x2c, 0x1f, 0x2c, 0x1f, 0x2c, 0x1f, 0x2c, 0x1f, 0x2c, 0x1f, 0x2c, 0x1f, 0x2c, 0x1f, 0x2c,
  0x1f, 0x2c, 0x1f, 0x2c, 0x1f, 0x2c, 0x1f, 0x2c, 0x1f, 0x2c, 0x1f, 0x2c, 0xff, 0x2b, 0x1f, 0x2c,
  0x1f, 0x2c, 0x1f, 0x2c, 0xff, 0x23, 0x1f, 0x2c, 0x1f, 0x2c, 0x1f, 0x2c, 0x1f, 0x2c, 0x1f, 0x24,
  0xff, 0x2b, 0x1f, 0x2c, 0x1f, 0x2c, 0x1f, 0x2c, 0x1f, 0x2c, 0x1f, 0x2c, 0x1f, 0x2c, 0xff, 0x2b,
  0x1f, 0x2c, 0x1f, 0x24, 0x1f, 0x2c, 0x1f, 0x2c, 0x1f, 0x2c, 0x1f, 0x24, 0x1f, 0x2c, 0xff, 0x2b,
  0x1f, 0x2c, 0x1f, 0x2c, 0x1f, 0x2c, 0x1f, 0x2c, 0x5f, 0x2c, 0x1f, 0x2c, 0x00, 0x00, 0xff, 0x43,
  0xbf, 0x52, 0x00, 0x00, 0x1f, 0x2c, 0x5f, 0x2c, 0x1f, 0x2c, 0x1f, 0x2c, 0x1f, 0x2c, 0x1f, 0x24,
  0x1f, 0x2c, 0x1f, 0x2c, 0xff, 0x2b, 0x1f, 0x2c, 0x1f, 0x2c, 0x1f, 0x2c, 0x1f, 0x2c, 0x1f, 0x2c,
  0x1f, 0x2c, 0x1f, 0x2c, 0xff, 0x2b, 0x1f, 0x2c, 0x1f, 0x2c, 0x1f, 0x24, 0xff, 0x2b, 0x1f, 0x2c,
  0x1f, 0x2c, 0x1f, 0x2c, 0x1f, 0x24, 0x1f, 0x2c, 0x1f, 0x2c, 0x1f, 0x2c, 0x1f, 0x2c, 0x1f, 0x2c,
  0x1f, 0x2c, 0xff, 0x2b, 0x1f, 0x2c, 0x1f, 0x2c, 0x1f, 0x2c, 0x1f, 0x2c, 0xff, 0x23, 0x1f, 0x2c,
  0x1f, 0x2c, 0x1f, 0x2c, 0x1f, 0x2c, 0x1f, 0x24, 0x1f, 0x2c, 0x1f, 0x2c, 0x1f, 0x2c, 0x1f, 0x2c,
  0xdf, 0x1b, 0x5f, 0xa6, 0xff, 0xff, 0xff, 0xf7, 0xff, 0xff, 0x1f, 0xcf, 0xff, 0x23, 0x1f, 0x2c,
  0x1f, 0x2c, 0x1f, 0x2c, 0x1f, 0x2c, 0x1f, 0x2c, 0x1f, 0x24, 0xff, 0x2b, 0x1f, 0x2c, 0x1f, 0x2c,
  0x1f, 0x2c, 0xff, 0x23, 0x1f, 0xcf, 0xff, 0xff, 0xdf, 0xf7, 0xff, 0xff, 0x5f, 0xa6, 0xbf, 0x1b,
  0x3f, 0x2c, 0x1f, 0x2c, 0x1f, 0x2c, 0x1f, 0x2c, 0x1f, 0x2c, 0xff, 0x2b, 0x1f, 0x24, 0x1f, 0x2c,
  0xff, 0x2b, 0x1f, 0x24, 0x1f, 0x2c, 0x1f, 0x2c, 0xff, 0x2b, 0x1f, 0x24, 0x1f, 0x2c, 0x1f, 0x2c,
  0x1f, 0x2c, 0x1f, 0x2c, 0x1f, 0x2c, 0x1f, 0x2c, 0x1f, 0x2c, 0x1f, 0x24, 0x1f, 0x2c, 0x1f, 0x2c,
  0x1f, 0x2c, 0x1f, 0x2c, 0x1f, 0x2c, 0x1f, 0x2c, 0x1f, 0x24, 0x1f, 0x2c, 0x1f, 0x2c, 0x1f, 0x24,
  0x1f, 0x2c, 0xff, 0x2b, 0x1f, 0x2c, 0x1f, 0x2c, 0x1f, 0x2c, 0x1f, 0x2c, 0x1f, 0x2c, 0x1f, 0x2c,
  0x1f, 0x2c, 0x1f, 0x2c, 0x1f, 0x2c, 0x1f, 0x24, 0x3f, 0x2c, 0x1f, 0x2c, 0x00, 0x00, 0xbf, 0x52,
  0x00, 0x00, 0x5f, 0x2c, 0x1f, 0x2c, 0x1f, 0x2c, 0x1f, 0x2c, 0xff, 0x2b, 0x1f, 0x2c, 0x1f, 0x2c,
  0xff, 0x2b, 0x1f, 0x2c, 0x1f, 0x2c, 0x1f, 0x2c, 0x1f, 0x24, 0x1f, 0x2c, 0x1f, 0x2c, 0xff, 0x23,
  0x1f, 0x2c, 0x1f, 0x24, 0x1f, 0x2c, 0x1f, 0x2c, 0x1f, 0x2c, 0x1f, 0x2c, 0x1f, 0x2c, 0x1f, 0x2c,
  0x1f, 0x2c, 0x1f, 0x2c, 0x1f, 0x2c, 0x1f, 0x2c, 0xff, 0x2b, 0x1f, 0x2c, 0x1f, 0x2c, 0x1f, 0x2c,
  0x1f, 0x24, 0x1f, 0x2c, 0x1f, 0x2c, 0x1f, 0x2c, 0x1f, 0x24, 0x1f, 0x2c, 0x1f, 0x2c, 0x1f, 0x2c,
  0x1f, 0x2c, 0xff, 0x2b, 0x1f, 0x2c, 0x1f, 0x2c, 0x1f, 0x2c, 0xff, 0x2b, 0x1f, 0x2c, 0x1f, 0x2c,
  0xdf, 0x1b, 0x3f, 0xa6, 0xff, 0xff, 0xdf, 0xf7, 0xff, 0xff, 0x1f, 0xcf, 0xff, 0x23, 0x1f, 0x2c,
  0x1f, 0x2c, 0x1f, 0x2c, 0x1f, 0x24, 0xff, 0x2b, 0x1f, 0x2c, 0x1f, 0x2c, 0x1f, 0x2c, 0x1f, 0x24,
  0x1f, 0x2c, 0xff, 0x23, 0x1f, 0xcf, 0xff, 0xff, 0xdf, 0xff, 0xff, 0xff, 0x5f, 0xa6, 0xdf, 0x1b,
  0x1f, 0x2c, 0x1f, 0x2c, 0xff, 0x2b, 0x1f, 0x2c, 0x1f, 0x24, 0x1f, 0x2c, 0x1f, 0x2c, 0x1f, 0x2c,
  0x1f, 0x2c, 0x1f, 0x2c, 0x1f, 0x2c, 0x1f, 0x24, 0x1f, 0x2c, 0x1f, 0x2c, 0x1f, 0x2c, 0x1f, 0x24,
  0xff, 0x2b, 0x1f, 0x2c, 0x1f, 0x2c, 0x1f, 0x24, 0x1f, 0x2c, 0xff, 0x2b, 0x1f, 0x2c, 0x1f, 0x2c,
  0x1f, 0x2c, 0x1f, 0x2c, 0xff, 0x23, 0x1f, 0x2c, 0x1f, 0x2c, 0xff, 0x2b, 0x1f, 0x2c, 0x1f, 0x2c,
  0x1f, 0x2c, 0x1f, 0x2c, 0x1f, 0x2c, 0x1f, 0x24, 0xff, 0x2b, 0x1f, 0x2c, 0x1f, 0x24, 0x1f, 0x2c,
  0x1f, 0x2c, 0x1f, 0x24, 0xff, 0x2b, 0x1f, 0x2c, 0x3f, 0x2c, 0xff, 0x2b, 0xff, 0x2b, 0x00, 0x00,
  0x00, 0x00, 0x1f, 0x24, 0x3f, 0x2c, 0x1f, 0x2c, 0x1f, 0x2c, 0x1f, 0x24, 0x1f, 0x2c, 0x1f, 0x2c,
  0x1f, 0x2c, 0x1f, 0x24, 0x1f, 0x2c, 0x1f, 0x2c, 0xff, 0x2b, 0x1f, 0x2c, 0x1f, 0x2c, 0x1f, 0x2c,
  0x1f, 0x2c, 0x1f, 0x2c, 0x1f, 0x2c, 0xff, 0x23, 0x1f, 0x2c, 0x1f, 0x2c, 0x1f, 0x2c, 0xff, 0x23,
  0x1f, 0x2c, 0x1f, 0x2c, 0xff, 0x2b, 0x1f, 0x24, 0x1f, 0x2c, 0x1f, 0x2c, 0x1f, 0x24, 0xff, 0x2b,
  0x1f, 0x2c, 0x1f, 0x2c, 0x1f, 0x24, 0x1f, 0x2c, 0xff, 0x2b, 0x1f, 0x2c, 0x1f, 0x2c, 0x1f, 0x2c,
  0x1f, 0x2c, 0x1f, 0x24, 0x1f, 0x2c, 0x1f, 0x2c, 0x1f, 0x2c, 0x1f, 0x2c, 0x1f, 0x2c, 0x1f, 0x2c,
  0xdf, 0x1b, 0x5f, 0xa6, 0xff, 0xff, 0xdf, 0xf7, 0xff, 0xff, 0x1f, 0xcf, 0xff, 0x23, 0x1f, 0x2c,
  0x1f, 0x2c, 0x1f, 0x2c, 0x1f, 0x2c, 0x1f, 0x2c, 0x1f, 0x2c, 0x1f, 0x2c, 0x1f, 0x2c, 0x1f, 0x2c,
  0x1f, 0x2c, 0xff, 0x23, 0x1f, 0xcf, 0xff, 0xff, 0xdf, 0xf7, 0xff, 0xff, 0x5f, 0xa6, 0xbf, 0x1b,
  0x1f, 0x2c, 0x1f, 0x2c, 0x1f, 0x2c, 0x1f, 0x2c, 0x1f, 0x2c, 0x1f, 0x2c, 0x1f, 0x2c, 0x1f, 0x2c,
  0x1f, 0x2c, 0x1f, 0x2c, 0xff, 0x2b, 0x1f, 0x2c, 0x1f, 0x2c, 0x1f, 0x2c, 0x1f, 0x2c, 0x1f, 0x2c,
  0x1f, 0x2c, 0x1f, 0x2c, 0x1f, 0x2c, 0xff, 0x2b, 0x1f, 0x2c, 0x1f, 0x2c, 0x1f, 0x2c, 0x1f, 0x2c,
  0xff, 0x23, 0x1f, 0x2c, 0x1f, 0x2c, 0x1f, 0x2c, 0x1f, 0x2c, 0x1f, 0x2c, 0x1f, 0x2c, 0x1f, 0x2c,
  0x1f, 0x2c, 0x1f, 0x24, 0x1f, 0x2c, 0x1f, 0x2c, 0x1f, 0x2c, 0x1f, 0x2c, 0x1f, 0x2c, 0xff, 0x2b,
  0x1f, 0x2c, 0x1f, 0x2c, 0x1f, 0x2c, 0x1f, 0x2c, 0x1f, 0x2c, 0x3f, 0x2c, 0x1f, 0x24, 0x00, 0x00,
  0x00, 0x00, 0x1f, 0x2c, 0x5f, 0x2c, 0x1f, 0x2c, 0x1f, 0x2c, 0x1f, 0x2c, 0xff, 0x2b, 0x1f, 0x2c,
  0x1f, 0x2c, 0x1f, 0x2c, 0x1f, 0x2c, 0x1f, 0x2c, 0x1f, 0x2c, 0x1f, 0x24, 0x1f, 0x2c, 0x1f, 0x2c,
  0x1f, 0x2c, 0xff, 0x2b, 0x1f, 0x2c, 0x1f, 0x2c, 0x1f, 0x2c, 0x1f, 0x2c, 0x1f, 0x2c, 0x1f, 0x2c,
  0x1f, 0x2c, 0x1f, 0x24, 0x1f, 0x2c, 0x1f, 0x2c, 0x1f, 0x2c, 0x1f, 0x2c, 0x1f, 0x2c, 0x1f, 0x2c,
  0x1f, 0x2c, 0x1f, 0x2c, 0xff, 0x2b, 0x1f, 0x2c, 0x1f, 0x2c, 0x1f, 0x2c, 0x1f, 0x2c, 0xff, 0x23,
  0x1f, 0x2c, 0x1f, 0x2c, 0x1f, 0x2c, 0xff, 0x2b, 0x1f, 0x24, 0x1f, 0x2c, 0x1f, 0x2c, 0x1f, 0x2c,
  0xdf, 0x1b, 0x3f, 0xa6, 0xff, 0xff, 0xdf, 0xf7, 0xff, 0xff, 0x1f, 0xcf, 0xff, 0x2b, 0x1f, 0x2c,
  0x1f, 0x2c, 0x1f, 0x2c, 0xff, 0x2b, 0x1f, 0x2c, 0x1f, 0x24, 0x1f, 0x2c, 0xff, 0x2b, 0x1f, 0x2c,
  0x1f, 0x2c, 0xff, 0x23, 0x1f, 0xcf, 0xff, 0xff, 0xdf, 0xf7, 0xff, 0xff, 0x5f, 0xa6, 0xdf, 0x1b,
  0x1f, 0x2c, 0x1f, 0x2c, 0x1f, 0x2c, 0x1f, 0x2c, 0xff, 0x2b, 0x1f, 0x2c, 0x1f, 0x24, 0xff, 0x2b,
  0x1f, 0x2c, 0x1f, 0x24, 0x1f, 0x2c, 0x1f, 0x2c, 0x1f, 0x2c, 0xff, 0x2b, 0x1f, 0x2c, 0x1f, 0x2c,
  0x1f, 0x24, 0x1f, 0x2c, 0x1f, 0x2c, 0x1f, 0x2c, 0x1f, 0x2c, 0x1f, 0x24, 0x1f, 0x2c, 0x1f, 0x2c,
  0x1f, 0x2c, 0x1f, 0x2c, 0x1f, 0x2c, 0x1f, 0x2c, 0x1f, 0x2c, 0x1f, 0x24, 0xff, 0x2b, 0x1f, 0x2c,
  0x1f, 0x2c, 0xff, 0x2b, 0x1f, 0x2c, 0x1f, 0x2c, 0x1f, 0x2c, 0xff, 0x2b, 0x1f, 0x2c, 0x1f, 0x24,
  0x1f, 0x2c, 0x1f, 0x2c, 0x1f, 0x2c, 0x1f, 0x2c, 0x1f, 0x24, 0x5f, 0x2c, 0x1f, 0x2c, 0x00, 0x00,
  0x00, 0x00, 0x1f, 0x2c, 0x5f, 0x2c, 0xff, 0x2b, 0x1f, 0x2c, 0x1f, 0x2c, 0x1f, 0x24, 0x1f, 0x2c,
  0x1f, 0x2c, 0xff, 0x23, 0x1f, 0x2c, 0x1f, 0x2c, 0x1f, 0x2c, 0x1f, 0x2c, 0xff, 0x2b, 0x1f, 0x2c,
  0x1f, 0x24, 0x1f, 0x2c, 0x1f, 0x2c, 0x1f, 0x2c, 0x1f, 0x24, 0xff, 0x2b, 0x1f, 0x2c, 0x1f, 0x2c,
  0x1f, 0x2c, 0x1f, 0x2c, 0x1f, 0x2c, 0x1f, 0x2c, 0x1f, 0x2c, 0xff, 0x2b, 0x1f, 0x2c, 0x1f, 0x2c,
  0x1f, 0x24, 0x1f, 0x2c, 0x1f, 0x2c, 0x1f, 0x2c, 0x1f, 0x2c, 0x1f, 0x24, 0x1f, 0x2c, 0x1f, 0x2c,
  0x1f, 0x2c, 0x1f, 0x2c, 0x1f, 0x2c, 0x1f, 0x2c, 0x1f, 0x2c, 0x1f, 0x2c, 0x1f, 0x2c, 0x1f, 0x2c,
  0xdf, 0x1b, 0x5f, 0xa6, 0xff, 0xff, 0xdf, 0xf7, 0xff, 0xff, 0x1f, 0xcf, 0xff, 0x23, 0x1f, 0x2c,
  0x1f, 0x2c, 0x1f, 0x24, 0x1f, 0x2c, 0x1f, 0x2c, 0x1f, 0x2c, 0x1f, 0x2c, 0x1f, 0x2c, 0x1f, 0x24,
  0x1f, 0x2c, 0xff, 0x23, 0x1f, 0xcf, 0xff, 0xff, 0xdf, 0xff, 0xff, 0xff, 0x5f, 0xa6, 0xbf, 0x1b,
  0x3f, 0x2c, 0x1f, 0x2c, 0x1f, 0x2c, 0x1f, 0x24, 0x1f, 0x2c, 0x1f, 0x2c, 0x1f, 0x2c, 0x1f, 0x2c,
  0x1f, 0x2c, 0x1f, 0x2c, 0x1f, 0x2c, 0x1f, 0x2c, 0x1f, 0x24, 0x1f, 0x2c, 0x1f, 0x2c, 0x1f, 0x2c,
  0xff, 0x2b, 0x1f, 0x2c, 0x1f, 0x24, 0x1f, 0x2c, 0x1f, 0x2c, 0x1f, 0x2c, 0xff, 0x2b, 0x1f, 0x2c,
  0x1f, 0x2c, 0x1f, 0x2c, 0x1f, 0x2c, 0xff, 0x23, 0x1f, 0x2c, 0x1f, 0x2c, 0x1f, 0x2c, 0x1f, 0x2c,
  0x1f, 0x24, 0x1f, 0x2c, 0x1f, 0x2c, 0xff, 0x2b, 0x1f, 0x24, 0x1f, 0x2c, 0x1f, 0x2c, 0x1f, 0x2c,
  0x1f, 0x2c, 0xff, 0x2b, 0x1f, 0x24, 0x1f, 0x2c, 0xff, 0x2b, 0x5f, 0x2c, 0x1f, 0x2c, 0x00, 0x00,
  0xdf, 0x34, 0x1f, 0x2c, 0x3f, 0x2c, 0x1f, 0x2c, 0x1f, 0x24, 0x1f, 0x2c, 0x1f, 0x2c, 0x1f, 0x2c,
  0x1f, 0x2c, 0x1f, 0x2c, 0x1f, 0x2c, 0x1f, 0x24, 0xff, 0x2b, 0x1f, 0x2c, 0x1f, 0x2c, 0x1f, 0x2c,
  0x1f, 0x2c, 0x1f, 0x2c, 0x1f, 0x2c, 0x1f, 0x2c, 0x1f, 0x2c, 0x1f, 0x2c, 0x1f, 0x2c, 0x1f, 0x24,
  0xff, 0x2b, 0x1f, 0x2c, 0x1f, 0x2c, 0xff, 0x2b, 0x1f, 0x24, 0x1f, 0x2c, 0x1f, 0x2c, 0x1f, 0x2c,
  0xff, 0x2b, 0x1f, 0x2c, 0x1f, 0x2c, 0x1f, 0x24, 0x1f, 0x2c, 0xff, 0x2b, 0x1f, 0x2c, 0x1f, 0x2c,
  0x1f, 0x2c, 0xff, 0x2b, 0x1f, 0x24, 0x1f, 0x2c, 0x1f, 0x2c, 0xff, 0x2b, 0x1f, 0x2c, 0x1f, 0x2c,
  0xdf, 0x1b, 0x3f, 0xa6, 0xff, 0xff, 0xff, 0xf7, 0xff, 0xff, 0x1f, 0xcf, 0xff, 0x23, 0x1f, 0x2c,
  0x1f, 0x2c, 0x1f, 0x2c, 0x1f, 0x2c, 0x1f, 0x2c, 0xff, 0x2b, 0x1f, 0x24, 0x1f, 0x2c, 0x1f, 0x2c,
  0x1f, 0x2c, 0xff, 0x23, 0x1f, 0xcf, 0xff, 0xff, 0xff, 0xf7, 0xff, 0xff, 0x5f, 0xa6, 0xdf, 0x1b,
  0x1f, 0x2c, 0x1f, 0x2c, 0x1f, 0x2c, 0x1f, 0x2c, 0x1f, 0x2c, 0xff, 0x2b, 0x1f, 0x2c, 0x1f, 0x24,
  0x1f, 0x2c, 0xff, 0x2b, 0x1f, 0x2c, 0x1f, 0x2c, 0xff, 0x2b, 0x1f, 0x2c, 0x1f, 0x24, 0x1f, 0x2c,
  0x1f, 0x2c, 0x1f, 0x2c, 0x1f, 0x2c, 0xff, 0x2b, 0x1f, 0x2c, 0x1f, 0x2c, 0x1f, 0x2c, 0x1f, 0x24,
  0x1f, 0x2c, 0xff, 0x2b, 0x1f, 0x2c, 0x1f, 0x2c, 0x1f, 0x2c, 0x1f, 0x2c, 0x1f, 0x2c, 0x1f, 0x2c,
  0xff, 0x2b, 0x1f, 0x2c, 0x1f, 0x2c, 0x1f, 0x2c, 0x1f, 0x2c, 0x1f, 0x2c, 0x1f, 0x2c, 0x1f, 0x2c,
  0x1f, 0x24, 0x1f, 0x2c, 0x1f, 0x2c, 0x1f, 0x2c, 0x1f, 0x2c, 0x3f, 0x2c, 0x1f, 0x2c, 0x3f, 0x33,
  0x1f, 0x2c, 0x1f, 0x24, 0x1f, 0x2c, 0x1f, 0x2c, 0x1f, 0x2c, 0x1f, 0x2c, 0xff, 0x2b, 0x1f, 0x2c,
  0x1f, 0x2c, 0x1f, 0x2c, 0xff, 0x2b, 0x1f, 0x2c, 0x1f, 0x2c, 0x1f, 0x2c, 0x1f, 0x24, 0x1f, 0x2c,
  0xff, 0x2b, 0x1f, 0x24, 0x1f, 0x2c, 0xff, 0x2b, 0x1f, 0x2c, 0x1f, 0x24, 0x1f, 0x2c, 0x1f, 0x2c,
  0x1f, 0x2c, 0x1f, 0x2c, 0x1f, 0x24, 0x1f, 0x2c, 0x1f, 0x2c, 0x1f, 0x2c, 0x1f, 0x24, 0x1f, 0x2c,
  0x1f, 0x2c, 0x1f, 0x2c, 0x1f, 0x2c, 0xff, 0x2b, 0x1f, 0x2c, 0x1f, 0x2c, 0x1f, 0x2c, 0x1f, 0x2c,
  0x1f, 0x24, 0x1f, 0x2c, 0x1f, 0x2c, 0x1f, 0x2c, 0x1f, 0x2c, 0x1f, 0x24, 0x1f, 0x2c, 0x1f, 0x2c,
  0xdf, 0x1b, 0x5f, 0xa6, 0xff, 0xff, 0xdf, 0xf7, 0xff, 0xff, 0x1f, 0xcf, 0xff, 0x23, 0x1f, 0x2c,
  0x1f, 0x2c, 0x1f, 0x2c, 0xff, 0x2b, 0x1f, 0x24, 0x1f, 0x2c, 0x1f, 0x2c, 0x1f, 0x2c, 0x1f, 0x2c,
  0x1f, 0x2c, 0xff, 0x23, 0x1f, 0xcf, 0xff, 0xff, 0xdf, 0xf7, 0xff, 0xff, 0x3f, 0xa6, 0xdf, 0x1b,
  0x1f, 0x2c, 0x1f, 0x2c, 0x1f, 0x2c, 0xff, 0x2b, 0x1f, 0x2c, 0x1f, 0x24, 0x1f, 0x2c, 0x1f, 0x2c,
  0x1f, 0x2c, 0x1f, 0x2c, 0x1f, 0x24, 0x1f, 0x2c, 0x1f, 0x2c, 0x1f, 0x2c, 0x1f, 0x2c, 0xff, 0x2b,
  0x1f, 0x2c, 0x1f, 0x24, 0x1f, 0x2c, 0x1f, 0x2c, 0x1f, 0x24, 0x1f, 0x2c, 0x1f, 0x2c, 0x1f, 0x2c,
  0x1f, 0x2c, 0x1f, 0x24, 0x1f, 0x2c, 0x1f, 0x2c, 0x1f, 0x2c, 0xff, 0x23, 0x1f, 0x2c, 0x1f, 0x2c,
  0x1f, 0x2c, 0x1f, 0x24, 0x1f, 0x2c, 0x1f, 0x2c, 0x1f, 0x2c, 0x1f, 0x24, 0x1f, 0x2c, 0xff, 0x2b,
  0x1f, 0x2c, 0x1f, 0x2c, 0x1f, 0x2c, 0xff, 0x2b, 0x1f, 0x2c, 0x1f, 0x2c, 0x1f, 0x2c, 0xff, 0x2b,
  0x1f, 0x2c, 0x1f, 0x2c, 0x1f, 0x2c, 0x1f, 0x2c, 0x1f, 0x2c, 0x1f, 0x2c, 0x1f, 0x2c, 0x1f, 0x24,
  0xff, 0x2b, 0x1f, 0x2c, 0x1f, 0x24, 0x1f, 0x2c, 0x1f, 0x2c, 0x1f, 0x2c, 0x1f, 0x2c, 0x1f, 0x2c,
  0x1f, 0x2c, 0x1f, 0x2c, 0x1f, 0x2c, 0x1f, 0x24, 0x1f, 0x2c, 0x1f, 0x2c, 0xff, 0x2b, 0x1f, 0x2c,
  0x1f, 0x2c, 0x1f, 0x2c, 0xff, 0x2b, 0x1f, 0x2c, 0x1f, 0x2c, 0x1f, 0x2c, 0xff, 0x2b, 0x1f, 0x2c,
  0x1f, 0x2c, 0x1f, 0x24, 0x1f, 0x2c, 0x1f, 0x2c, 0x1f, 0x2c, 0x1f, 0x2c, 0x1f, 0x2c, 0x1f, 0x2c,
  0x1f, 0x2c, 0x1f, 0x2c, 0x1f, 0x2c, 0x1f, 0x2c, 0xff, 0x2b, 0x1f, 0x2c, 0x1f, 0x2c, 0x1f, 0x2c,
  0xdf, 0x1b, 0x3f, 0xa6, 0xff, 0xff, 0xdf, 0xf7, 0xff, 0xff, 0x1f, 0xcf, 0xff, 0x2b, 0x1f, 0x2c,
  0x1f, 0x2c, 0x1f, 0x2c, 0x1f, 0x2c, 0x1f, 0x2c, 0x1f, 0x2c, 0x1f, 0x2c, 0xff, 0x2b, 0x1f, 0x2c,
  0x1f, 0x2c, 0xff, 0x23, 0x1f, 0xcf, 0xff, 0xff, 0xdf, 0xff, 0xff, 0xff, 0x5f, 0xa6, 0xbf, 0x1b,
  0x3f, 0x2c, 0xff, 0x2b, 0x1f, 0x2c, 0x1f, 0x24, 0x1f, 0x2c, 0x1f, 0x2c, 0x1f, 0x2c, 0x1f, 0x2c,
  0x1f, 0x2c, 0x1f, 0x2c, 0x1f, 0x2c, 0x1f, 0x2c, 0x1f, 0x2c, 0xff, 0x23, 0x1f, 0x2c, 0x1f, 0x2c,
  0x1f, 0x2c, 0x1f, 0x2c, 0x1f, 0x2c, 0xff, 0x2b, 0x1f, 0x2c, 0x1f, 0x2c, 0xff, 0x2b, 0x1f, 0x2c,
  0x1f, 0x2c, 0x1f, 0x2c, 0x1f, 0x2c, 0xff, 0x2b, 0x1f, 0x2c, 0x1f, 0x2c, 0x1f, 0x2c, 0x1f, 0x24,
  0x1f, 0x2c, 0x1f, 0x2c, 0x1f, 0x2c, 0xff, 0x2b, 0x1f, 0x2c, 0x1f, 0x2c, 0x1f, 0x2c, 0x1f, 0x2c,
  0x1f, 0x2c, 0x1f, 0x2c, 0x1f, 0x2c, 0x1f, 0x24, 0x1f, 0x2c, 0x1f, 0x2c, 0x1f, 0x2c, 0x1f, 0x2c,
  0xff, 0x2b, 0x5f, 0x2c, 0x1f, 0x2c, 0x1f, 0x2c, 0xff, 0x23, 0x1f, 0x2c, 0x1f, 0x2c, 0x1f, 0x2c,
  0x1f, 0x2c, 0x1f, 0x2c, 0x1f, 0x2c, 0x1f, 0x2c, 0x1f, 0x2c, 0xff, 0x23, 0x1f, 0x2c, 0x1f, 0x2c,
  0x1f, 0x2c, 0x1f, 0x2c, 0xff, 0x2b, 0x1f, 0x2c, 0x1f, 0x2c, 0x1f, 0x2c, 0x1f, 0x2c, 0x1f, 0x2c,
  0x1f, 0x24, 0x1f, 0x2c, 0x1f, 0x2c, 0x1f, 0x2c, 0x1f, 0x2c, 0x1f, 0x2c, 0x1f, 0x2c, 0x1f, 0x24,
  0x1f, 0x2c, 0xff, 0x2b, 0x1f, 0x2c, 0x1f, 0x2c, 0x1f, 0x24, 0x1f, 0x2c, 0xff, 0x23, 0xdf, 0x1b,
  0xff, 0x23, 0xdf, 0x1b, 0x1f, 0x2c, 0x1f, 0x2c, 0x1f, 0x2c, 0x1f, 0x2c, 0x1f, 0x2c, 0x1f, 0x2c,
  0xdf, 0x1b, 0x5f, 0xa6, 0xff, 0xff, 0xdf, 0xff, 0xff, 0xff, 0x1f, 0xcf, 0xff, 0x23, 0x1f, 0x2c,
  0x1f, 0x2c, 0x1f, 0x24, 0x1f, 0x2c, 0x1f, 0x2c, 0x1f, 0x2c, 0x1f, 0x2c, 0x1f, 0x24, 0x1f, 0x2c,
  0x1f, 0x2c, 0xff, 0x23, 0x1f, 0xcf, 0xff, 0xff, 0xdf, 0xf7, 0xff, 0xff, 0x5f, 0xa6, 0xdf, 0x1b,
  0x1f, 0x2c, 0x1f, 0x2c, 0x1f, 0x2c, 0x1f, 0x2c, 0x1f, 0x2c, 0x1f, 0x2c, 0xdf, 0x1b, 0xff, 0x23,
  0xdf, 0x23, 0xff, 0x23, 0x1f, 0x2c, 0x1f, 0x2c, 0x1f, 0x2c, 0x1f, 0x2c, 0x1f, 0x2c, 0x1f, 0x2c,
  0x1f, 0x24, 0xff, 0x2b, 0x1f, 0x2c, 0x1f, 0x2c, 0x1f, 0x2c, 0x1f, 0x24, 0x1f, 0x2c, 0x1f, 0x2c,
  0x1f, 0x24, 0xff, 0x2b, 0x1f, 0x2c, 0x1f, 0x24, 0x1f, 0x2c, 0x1f, 0x2c, 0x1f, 0x2c, 0x1f, 0x2c,
  0xff, 0x2b, 0x1f, 0x2c, 0x1f, 0x2c, 0x1f, 0x24, 0x1f, 0x2c, 0x1f, 0x2c, 0xff, 0x2b, 0x1f, 0x24,
  0x1f, 0x2c, 0xff, 0x2b, 0x1f, 0x2c, 0x1f, 0x2c, 0x1f, 0x2c, 0x1f, 0x2c, 0x3f, 0x2c, 0x1f, 0x2c,
  0x1f, 0x2c, 0x3f, 0x2c, 0x1f, 0x2c, 0x1f, 0x2c, 0x1f, 0x2c, 0x1f, 0x2c, 0x1f, 0x2c, 0x1f, 0x2c,
  0x1f, 0x24, 0x1f, 0x2c, 0x1f, 0x2c, 0xff, 0x2b, 0x1f, 0x2c, 0x1f, 0x2c, 0x1f, 0x2c, 0x1f, 0x2c,
  0xff, 0x23, 0x1f, 0x2c, 0x1f, 0x2c, 0x1f, 0x2c, 0x1f, 0x2c, 0x1f, 0x2c, 0x1f, 0x24, 0xff, 0x2b,
  0x1f, 0x2c, 0x1f, 0x2c, 0x1f, 0x2c, 0xff, 0x23, 0x1f, 0x2c, 0x1f, 0x24, 0x1f, 0x2c, 0xff, 0x2b,
  0x1f, 0x2c, 0x1f, 0x2c, 0x1f, 0x2c, 0x1f, 0x2c, 0xff, 0x2b, 0x1f, 0x2c, 0x1f, 0x2c, 0x1f, 0x9e,
  0xff, 0xc6, 0xdf, 0x8d, 0xff, 0x23, 0x1f, 0x2c, 0x1f, 0x2c, 0x1f, 0x24, 0x1f, 0x2c, 0x1f, 0x2c,
  0xdf, 0x1b, 0x3f, 0xa6, 0xff, 0xff, 0xff, 0xf7, 0xff, 0xff, 0x1f, 0xcf, 0xff, 0x23, 0x1f, 0x2c,
  0x1f, 0x2c, 0x1f, 0x2c, 0x1f, 0x2c, 0xff, 0x2b, 0x1f, 0x24, 0x1f, 0x2c, 0x1f, 0x2c, 0x1f, 0x2c,
  0x1f, 0x2c, 0xff, 0x23, 0x1f, 0xcf, 0xff, 0xff, 0xdf, 0xf7, 0xff, 0xff, 0x5f, 0xa6, 0xbf, 0x1b,
  0x3f, 0x2c, 0x1f, 0x2c, 0x1f, 0x2c, 0x1f, 0x2c, 0x1f, 0x2c, 0xff, 0x23, 0xdf, 0x8d, 0xff, 0xc6,
  0x1f, 0x9e, 0x1f, 0x2c, 0x1f, 0x2c, 0xff, 0x2b, 0x1f, 0x2c, 0x1f, 0x2c, 0x1f, 0x2c, 0x1f, 0x2c,
  0x1f, 0x2c, 0x1f, 0x2c, 0x1f, 0x2c, 0x1f, 0x24, 0x1f, 0x2c, 0x1f, 0x2c, 0x1f, 0x2c, 0xff, 0x2b,
  0x1f, 0x2c, 0x1f, 0x2c, 0x1f, 0x2c, 0x1f, 0x2c, 0x1f, 0x2c, 0x1f, 0x2c, 0xff, 0x2b, 0x1f, 0x2c,
  0x1f, 0x2c, 0x1f, 0x24, 0x1f, 0x2c, 0x1f, 0x2c, 0xff, 0x2b, 0x1f, 0x2c, 0x1f, 0x2c, 0x1f, 0x2c,
  0x1f, 0x2c, 0x1f, 0x24, 0x1f, 0x2c, 0x1f, 0x2c, 0x1f, 0x2c, 0x1f, 0x24, 0x3f, 0x2c, 0x1f, 0x2c,
  0x1f, 0x2c, 0x3f, 0x2c, 0x1f, 0x2c, 0x1f, 0x2c, 0x1f, 0x2c, 0x1f, 0x24, 0xff, 0x2b, 0x1f, 0x2c,
  0x1f, 0x2c, 0xff, 0x2b, 0x1f, 0x2c, 0x1f, 0x24, 0x1f, 0x2c, 0x1f, 0x2c, 0x1f, 0x2c, 0x1f, 0x2c,
  0x1f, 0x2c, 0x1f, 0x2c, 0x1f, 0x24, 0x1f, 0x2c, 0xff, 0x2b, 0x1f, 0x2c, 0x1f, 0x2c, 0x1f, 0x2c,
  0x1f, 0x2c, 0x1f, 0x2c, 0x1f, 0x2c, 0x1f, 0x2c, 0x1f, 0x2c, 0x1f, 0x2c, 0x1f, 0x2c, 0x1f, 0x2c,
  0x1f, 0x2c, 0x1f, 0x2c, 0x1f, 0x24, 0x1f, 0x2c, 0x1f, 0x2c, 0xdf, 0x1b, 0x1f, 0x9e, 0xff, 0xff,
  0xff, 0xff, 0xff, 0xff, 0x7f, 0x7d, 0xdf, 0x1b, 0x1f, 0x2c, 0x1f, 0x2c, 0x1f, 0x2c, 0x1f, 0x2c,
  0xdf, 0x1b, 0x5f, 0xa6, 0xff, 0xff, 0xdf, 0xf7, 0xff, 0xff, 0x1f, 0xcf, 0xff, 0x23, 0x1f, 0x2c,
  0x1f, 0x2c, 0x1f, 0x2c, 0x1f, 0x2c, 0x1f, 0x2c, 0x1f, 0x2c, 0x1f, 0x2c, 0xff, 0x2b, 0x1f, 0x2c,
  0x1f, 0x2c, 0xff, 0x23, 0x1f, 0xcf, 0xff, 0xff, 0xdf, 0xff, 0xff, 0xff, 0x5f, 0xa6, 0xdf, 0x1b,
  0x1f, 0x2c, 0x1f, 0x2c, 0x1f, 0x2c, 0x1f, 0x2c, 0xdf, 0x1b, 0x9f, 0x7d, 0xff, 0xff, 0xff, 0xff,
  0xff, 0xff, 0x1f, 0x96, 0xdf, 0x1b, 0x1f, 0x2c, 0x1f, 0x2c, 0x1f, 0x2c, 0x1f, 0x24, 0xff, 0x2b,
  0x1f, 0x2c, 0x1f, 0x2c, 0x1f, 0x2c, 0x1f, 0x2c, 0xff, 0x2b, 0x1f, 0x2c, 0x1f, 0x2c, 0x1f, 0x2c,
  0x1f, 0x2c, 0x1f, 0x2c, 0x1f, 0x2c, 0x1f, 0x2c, 0x1f, 0x24, 0x1f, 0x2c, 0x1f, 0x2c, 0x1f, 0x24,
  0x1f, 0x2c, 0x1f, 0x2c, 0xff, 0x2b, 0x1f, 0x2c, 0x1f, 0x2c, 0x1f, 0x24, 0x1f, 0x2c, 0x1f, 0x2c,
  0x1f, 0x2c, 0x1f, 0x2c, 0x1f, 0x2c, 0xff, 0x2b, 0x1f, 0x2c, 0x1f, 0x2c, 0x3f, 0x2c, 0x1f, 0x2c,
  0x1f, 0x2c, 0x3f, 0x2c, 0x1f, 0x2c, 0x1f, 0x24, 0x1f, 0x2c, 0x1f, 0x2c, 0x1f, 0x2c, 0x1f, 0x2c,
  0x1f, 0x2c, 0x1f, 0x24, 0x1f, 0x2c, 0x1f, 0x2c, 0x1f, 0x2c, 0x1f, 0x2c, 0xff, 0x23, 0x1f, 0x2c,
  0x1f, 0x2c, 0x1f, 0x2c, 0x1f, 0x2c, 0x1f, 0x2c, 0x1f, 0x24, 0x1f, 0x2c, 0x1f, 0x2c, 0x1f, 0x2c,
  0xff, 0x23, 0x1f, 0x2c, 0x1f, 0x2c, 0x1f, 0x2c, 0xff, 0x2b, 0x1f, 0x2c, 0x1f, 0x2c, 0x1f, 0x2c,
  0x1f, 0x24, 0x1f, 0x2c, 0xff, 0x2b, 0x1f, 0x2c, 0x1f, 0x2c, 0xff, 0x23, 0x1f, 0xc7, 0xdf, 0xff,
  0xdf, 0xf7, 0xff, 0xff, 0x7f, 0xae, 0xdf, 0x1b, 0x3f, 0x2c, 0x1f, 0x2c, 0x1f, 0x2c, 0x1f, 0x2c,
  0xdf, 0x1b, 0x3f, 0xa6, 0xff, 0xff, 0xdf, 0xf7, 0xff, 0xff, 0x1f, 0xcf, 0xff, 0x23, 0x1f, 0x2c,
  0x1f, 0x2c, 0x1f, 0x2c, 0x1f, 0x24, 0x1f, 0x2c, 0xff, 0x2b, 0x1f, 0x2c, 0x1f, 0x2c, 0x1f, 0x2c,
  0x1f, 0x2c, 0xff, 0x23, 0x1f, 0xcf, 0xff, 0xff, 0xdf, 0xf7, 0xff, 0xff, 0x5f, 0xa6, 0xbf, 0x1b,
  0x1f, 0x2c, 0x1f, 0x2c, 0x1f, 0x2c, 0x1f, 0x2c, 0xdf, 0x1b, 0x7f, 0xae, 0xff, 0xff, 0xdf, 0xf7,
  0xdf, 0xff, 0x1f, 0xcf, 0xff, 0x23, 0x1f, 0x2c, 0x1f, 0x2c, 0x1f, 0x2c, 0x1f, 0x2c, 0x1f, 0x2c,
  0x1f, 0x2c, 0x1f, 0x24, 0xff, 0x2b, 0x1f, 0x2c, 0x1f, 0x2c, 0x1f, 0x24, 0x1f, 0x2c, 0x1f, 0x2c,
  0x1f, 0x24, 0x1f, 0x2c, 0xff, 0x23, 0x1f, 0x2c, 0x1f, 0x2c, 0xff, 0x2b, 0x1f, 0x2c, 0x1f, 0x2c,
  0x1f, 0x2c, 0x1f, 0x2c, 0x1f, 0x2c, 0x1f, 0x2c, 0x1f, 0x2c, 0x1f, 0x2c, 0x1f, 0x2c, 0x1f, 0x2c,
  0xff, 0x23, 0x1f, 0x2c, 0x1f, 0x2c, 0x1f, 0x24, 0x1f, 0x2c, 0x1f, 0x2c, 0x3f, 0x2c, 0x1f, 0x2c,
  0x1f, 0x2c, 0x1f, 0x2c, 0x1f, 0x2c, 0x1f, 0x2c, 0xff, 0x2b, 0x1f, 0x2c, 0x1f, 0x2c, 0x1f, 0x24,
  0xff, 0x2b, 0x1f, 0x2c, 0x1f, 0x2c, 0x1f, 0x2c, 0x1f, 0x2c, 0x1f, 0x2c, 0x1f, 0x2c, 0x1f, 0x2c,
  0x1f, 0x2c, 0xff, 0x23, 0x1f, 0x2c, 0x1f, 0x2c, 0x1f, 0x2c, 0xff, 0x2b, 0x1f, 0x2c, 0x1f, 0x2c,
  0x1f, 0x2c, 0x1f, 0x2c, 0x1f, 0x2c, 0x1f, 0x24, 0x1f, 0x2c, 0x1f, 0x2c, 0x1f, 0x24, 0xff, 0x2b,
  0x1f, 0x2c, 0x1f, 0x2c, 0x1f, 0x2c, 0x1f, 0x2c, 0x1f, 0x2c, 0xff, 0x23, 0xff, 0xc6, 0xff, 0xff,
  0xdf, 0xf7, 0xff, 0xff, 0x7f, 0xa6, 0xdf, 0x23, 0x1f, 0x2c, 0x1f, 0x2c, 0x1f, 0x2c, 0x1f, 0x2c,
  0xdf, 0x1b, 0x5f, 0xa6, 0xff, 0xff, 0xdf, 0xf7, 0xff, 0xff, 0x1f, 0xcf, 0xff, 0x23, 0x1f, 0x2c,
  0x1f, 0x2c, 0x1f, 0x2c, 0xff, 0x2b, 0x1f, 0x2c, 0x1f, 0x2c, 0x1f, 0x24, 0x1f, 0x2c, 0x1f, 0x2c,
  0x1f, 0x2c, 0xff, 0x23, 0x1f, 0xcf, 0xff, 0xff, 0xdf, 0xf7, 0xff, 0xff, 0x5f, 0xa6, 0xdf, 0x1b,
  0x1f, 0x2c, 0x1f, 0x2c, 0x1f, 0x2c, 0x1f, 0x2c, 0xdf, 0x1b, 0x5f, 0xae, 0xff, 0xff, 0xdf, 0xf7,
  0xff, 0xff, 0xff, 0xc6, 0xff, 0x23, 0x1f, 0x2c, 0x1f, 0x2c, 0x1f, 0x2c, 0x1f, 0x2c, 0x1f, 0x24,
  0xff, 0x2b, 0x1f, 0x2c, 0x1f, 0x2c, 0x1f, 0x2c, 0x1f, 0x2c, 0x1f, 0x2c, 0x1f, 0x2c, 0xff, 0x2b,
  0x1f, 0x2c, 0x1f, 0x2c, 0x1f, 0x2c, 0x1f, 0x2c, 0x1f, 0x2c, 0x1f, 0x2c, 0x1f, 0x2c, 0x1f, 0x2c,
  0xff, 0x2b, 0x1f, 0x24, 0x1f, 0x2c, 0x1f, 0x2c, 0x1f, 0x24, 0x1f, 0x2c, 0xff, 0x2b, 0x1f, 0x2c,
  0x1f, 0x2c, 0x1f, 0x2c, 0x1f, 0x2c, 0x1f, 0x2c, 0x1f, 0x2c, 0xff, 0x2b, 0x3f, 0x2c, 0xff, 0x23,
  0x1f, 0x2c, 0x1f, 0x2c, 0x1f, 0x2c, 0x1f, 0x2c, 0x1f, 0x2c, 0x1f, 0x24, 0x1f, 0x2c, 0x1f, 0x2c,
  0x1f, 0x2c, 0x1f, 0x2c, 0x1f, 0x2c, 0xff, 0x2b, 0x1f, 0x24, 0x1f, 0x2c, 0x1f, 0x2c, 0x1f, 0x24,
  0x1f, 0x2c, 0x1f, 0x2c, 0x1f, 0x2c, 0x1f, 0x2c, 0x1f, 0x2c, 0x1f, 0x2c, 0x1f, 0x24, 0x1f, 0x2c,
  0x1f, 0x2c, 0xff, 0x23, 0x1f, 0x2c, 0x1f, 0x2c, 0x1f, 0x2c, 0xff, 0x2b, 0x1f, 0x2c, 0x1f, 0x2c,
  0x1f, 0x2c, 0x1f, 0x2c, 0x1f, 0x2c, 0x1f, 0x2c, 0x1f, 0x2c, 0xff, 0x23, 0xff, 0xc6, 0xff, 0xff,
  0xdf, 0xf7, 0xff, 0xff, 0x7f, 0xae, 0xdf, 0x1b, 0x1f, 0x2c, 0x1f, 0x2c, 0x1f, 0x2c, 0x1f, 0x2c,
  0xdf, 0x1b, 0x3f, 0xa6, 0xff, 0xff, 0xff, 0xf7, 0xff, 0xff, 0x1f, 0xcf, 0xff, 0x2b, 0x1f, 0x2c,
  0x1f, 0x2c, 0x1f, 0x2c, 0x1f, 0x2c, 0x1f, 0x24, 0x1f, 0x2c, 0x1f, 0x2c, 0x1f, 0x2c, 0x1f, 0x2c,
  0x1f, 0x2c, 0xff, 0x23, 0x1f, 0xcf, 0xff, 0xff, 0xff, 0xff, 0xff, 0xff, 0x3f, 0xa6, 0xdf, 0x1b,
  0x1f, 0x2c, 0x1f, 0x2c, 0x1f, 0x2c, 0x1f, 0x2c, 0xdf, 0x1b, 0x7f, 0xae, 0xff, 0xff, 0xdf, 0xf7,
  0xff, 0xff, 0xff, 0xc6, 0xff, 0x23, 0x1f, 0x2c, 0x1f, 0x2c, 0x1f, 0x24, 0xff, 0x2b, 0x1f, 0x2c,
  0x1f, 0x2c, 0x1f, 0x2c, 0x1f, 0x2c, 0x1f, 0x24, 0x1f, 0x2c, 0xff, 0x2b, 0x1f, 0x2c, 0x1f, 0x24,
  0x1f, 0x2c, 0x1f, 0x2c, 0x1f, 0x2c, 0x1f, 0x2c, 0x1f, 0x2c, 0x1f, 0x24, 0x1f, 0x2c, 0x1f, 0x2c,
  0x1f, 0x2c, 0x1f, 0x2c, 0x1f, 0x2c, 0xff, 0x2b, 0x1f, 0x2c, 0x1f, 0x2c, 0x1f, 0x2c, 0x1f, 0x24,
  0x1f, 0x2c, 0x1f, 0x2c, 0xff, 0x2b, 0x1f, 0x2c, 0x1f, 0x24, 0x1f, 0x2c, 0x1f, 0x2c, 0x1f, 0x2c,
  0x1f, 0x2c, 0x1f, 0x2c, 0x1f, 0x24, 0x1f, 0x2c, 0x1f, 0x2c, 0xff, 0x2b, 0x1f, 0x2c, 0x1f, 0x2c,
  0x1f, 0x2c, 0x1f, 0x2c, 0x1f, 0x24, 0x1f, 0x2c, 0x1f, 0x2c, 0x1f, 0x2c, 0xff, 0x2b, 0x1f, 0x2c,
  0x1f, 0x2c, 0x1f, 0x2c, 0xff, 0x2b, 0x1f, 0x2c, 0x1f, 0x24, 0x1f, 0x2c, 0x1f, 0x2c, 0xff, 0x2b,
  0x1f, 0x2c, 0x1f, 0x2c, 0x1f, 0x2c, 0x1f, 0x2c, 0x1f, 0x2c, 0x1f, 0x2c, 0x1f, 0x2c, 0x1f, 0x2c,
  0x1f, 0x24, 0xff, 0x2b, 0x1f, 0x2c, 0x1f, 0x24, 0x1f, 0x2c, 0xff, 0x23, 0xff, 0xc6, 0xff, 0xff,
  0xdf, 0xff, 0xff, 0xff, 0x5f, 0xa6, 0xdf, 0x23, 0x1f, 0x2c, 0x1f, 0x2c, 0x1f, 0x2c, 0x1f, 0x2c,
  0xdf, 0x1b, 0x5f, 0xa6, 0xff, 0xff, 0xdf, 0xff, 0xff, 0xff, 0x1f, 0xcf, 0xff, 0x23, 0x1f, 0x2c,
  0x1f, 0x2c, 0x1f, 0x24, 0x1f, 0x2c, 0x1f, 0x2c, 0x1f, 0x2c, 0xff, 0x2b, 0x1f, 0x2c, 0x1f, 0x24,
  0x1f, 0x2c, 0xff, 0x23, 0x1f, 0xcf, 0xff, 0xff, 0xdf, 0xf7, 0xff, 0xff, 0x5f, 0xa6, 0xdf, 0x1b,
  0x1f, 0x2c, 0x1f, 0x2c, 0x1f, 0x2c, 0x1f, 0x2c, 0xdf, 0x1b, 0x7f, 0xae, 0xff, 0xff, 0xdf, 0xf7,
  0xff, 0xff, 0xff, 0xc6, 0xff, 0x23, 0x1f, 0x2c, 0x1f, 0x2c, 0x1f, 0x2c, 0x1f, 0x2c, 0x1f, 0x2c,
  0x1f, 0x2c, 0x1f, 0x2c, 0x1f, 0x2c, 0x1f, 0x2c, 0x1f, 0x2c, 0x1f, 0x2c, 0x1f, 0x2c, 0x1f, 0x2c,
  0x1f, 0x2c, 0xff, 0x2b, 0x1f, 0x24, 0x1f, 0x2c, 0xff, 0x2b, 0x1f, 0x2c, 0x1f, 0x2c, 0xff, 0x23,
  0x1f, 0x2c, 0x1f, 0x2c, 0x1f, 0x2c, 0x1f, 0x24, 0x1f, 0x2c, 0x1f, 0x2c, 0x1f, 0x2c, 0x1f, 0x2c,
  0xff, 0x2b, 0x1f, 0x2c, 0x1f, 0x24, 0x1f, 0x2c, 0x1f, 0x2c, 0x1f, 0x2c, 0x1f, 0x2c, 0x1f, 0x2c,
  0x1f, 0x2c, 0x1f, 0x2c, 0x1f, 0x2c, 0x1f, 0x2c, 0x1f, 0x2c, 0x1f, 0x2c, 0x1f, 0x2c, 0x1f, 0x2c,
  0xff, 0x23, 0x1f, 0x2c, 0x1f, 0x2c, 0x1f, 0x2c, 0xff, 0x2b, 0x1f, 0x2c, 0x1f, 0x2c, 0x1f, 0x2c,
  0x1f, 0x2c, 0x1f, 0x2c, 0x1f, 0x24, 0x1f, 0x2c, 0x1f, 0x2c, 0xff, 0x2b, 0x1f, 0x2c, 0x1f, 0x2c,
  0x1f, 0x2c, 0x1f, 0x2c, 0x1f, 0x2c, 0xff, 0x23, 0x1f, 0x2c, 0x1f, 0x2c, 0x1f, 0x24, 0x1f, 0x2c,
  0x1f, 0x2c, 0x1f, 0x2c, 0x1f, 0x2c, 0x1f, 0x2c, 0x1f, 0x2c, 0xff, 0x23, 0xdf, 0xc6, 0xff, 0xff,
  0xdf, 0xf7, 0xff, 0xff, 0x7f, 0xae, 0xdf, 0x1b, 0x1f, 0x2c, 0x1f, 0x2c, 0x1f, 0x2c, 0x1f, 0x2c,
  0xdf, 0x1b, 0x3f, 0xa6, 0xff, 0xff, 0xdf, 0xf7, 0xff, 0xff, 0x1f, 0xcf, 0xff, 0x23, 0x1f, 0x2c,
  0x1f, 0x2c, 0x1f, 0x2c, 0x1f, 0x2c, 0xff, 0x2b, 0x1f, 0x2c, 0x1f, 0x2c, 0x1f, 0x2c, 0x1f, 0x2c,
  0x1f, 0x2c, 0xff, 0x23, 0x1f, 0xcf, 0xff, 0xff, 0xdf, 0xf7, 0xff, 0xff, 0x5f, 0xa6, 0xbf, 0x1b,
  0x3f, 0x2c, 0x1f, 0x2c, 0x1f, 0x2c, 0x1f, 0x2c, 0xdf, 0x1b, 0x7f, 0xae, 0xff, 0xff, 0xdf, 0xf7,
  0xff, 0xff, 0xff, 0xc6, 0xff, 0x23, 0x1f, 0x2c, 0x1f, 0x2c, 0x1f, 0x2c, 0x1f, 0x2c, 0x1f, 0x2c,
  0x1f, 0x24, 0xff, 0x2b, 0x1f, 0x2c, 0x1f, 0x2c, 0xff, 0x23, 0x1f, 0x2c, 0x1f, 0x2c, 0x1f, 0x2c,
  0x1f, 0x24, 0x1f, 0x2c, 0x1f, 0x2c, 0x1f, 0x2c, 0x1f, 0x2c, 0x1f, 0x2c, 0x1f, 0x2c, 0x1f, 0x2c,
  0x1f, 0x2c, 0x1f, 0x2c, 0x1f, 0x2c, 0x1f, 0x2c, 0x1f, 0x2c, 0xff, 0x2b, 0x1f, 0x24, 0x1f, 0x2c,
  0x1f, 0x2c, 0x1f, 0x2c, 0x1f, 0x2c, 0x1f, 0x2c, 0x1f, 0x2c, 0x1f, 0x2c, 0x1f, 0x2c, 0x1f, 0x24,
  0x1f, 0x2c, 0x1f, 0x2c, 0xff, 0x23, 0x1f, 0x2c, 0x1f, 0x2c, 0x1f, 0x24, 0xff, 0x2b, 0x1f, 0x2c,
  0x1f, 0x2c, 0x1f, 0x2c, 0x1f, 0x2c, 0x1f, 0x2c, 0x1f, 0x2c, 0x1f, 0x24, 0x1f, 0x2c, 0x1f, 0x2c,
  0xff, 0x23, 0x1f, 0x2c, 0x1f, 0x2c, 0x1f, 0x2c, 0x1f, 0x2c, 0x1f, 0x2c, 0x1f, 0x2c, 0x1f, 0x24,
  0x1f, 0x2c, 0x1f, 0x2c, 0x1f, 0x2c, 0x1f, 0x2c, 0x1f, 0x2c, 0x1f, 0x2c, 0xff, 0x2b, 0x1f, 0x2c,
  0x1f, 0x2c, 0x1f, 0x2c, 0x1f, 0x2c, 0xff, 0x2b, 0x1f, 0x2c, 0xff, 0x23, 0xff, 0xc6, 0xff, 0xff,
  0xff, 0xf7, 0xff, 0xff, 0x7f, 0xa6, 0xdf, 0x23, 0x1f, 0x2c, 0x1f, 0x2c, 0x1f, 0x2c, 0x1f, 0x2c,
  0xdf, 0x1b, 0x5f, 0xa6, 0xff, 0xff, 0xdf, 0xf7, 0xff, 0xff, 0x1f, 0xcf, 0xff, 0x23, 0x1f, 0x2c,
  0x1f, 0x2c, 0x1f, 0x2c, 0x1f, 0x2c, 0x1f, 0x2c, 0x1f, 0x24, 0x1f, 0x2c, 0x1f, 0x2c, 0x1f, 0x2c,
  0x1f, 0x2c, 0xff, 0x23, 0x1f, 0xcf, 0xff, 0xff, 0xdf, 0xff, 0xff, 0xff, 0x5f, 0xa6, 0xbf, 0x1b,
  0x1f, 0x2c, 0x1f, 0x2c, 0x1f, 0x2c, 0x1f, 0x2c, 0xdf, 0x1b, 0x5f, 0xae, 0xff, 0xff, 0xdf, 0xf7,
  0xff, 0xff, 0xff, 0xc6, 0xff, 0x23, 0x1f, 0x2c, 0x1f, 0x2c, 0xff, 0x2b, 0x1f, 0x24, 0x1f, 0x2c,
  0x1f, 0x2c, 0x1f, 0x2c, 0x1f, 0x2c, 0x1f, 0x2c, 0x1f, 0x2c, 0x1f, 0x2c, 0x1f, 0x24, 0xff, 0x2b,
  0x1f, 0x2c, 0x1f, 0x2c, 0x1f, 0x2c, 0x1f, 0x2c, 0xff, 0x23, 0x1f, 0x2c, 0x1f, 0x2c, 0x1f, 0x2c,
  0x1f, 0x24, 0xff, 0x2b, 0x1f, 0x2c, 0x1f, 0x2c, 0x1f, 0x24, 0x1f, 0x2c, 0x1f, 0x2c, 0x1f, 0x2c,
  0x1f, 0x2c, 0x1f, 0x2c, 0x1f, 0x2c, 0xff, 0x2b, 0x1f, 0x24, 0x1f, 0x2c, 0xff, 0x2b, 0x1f, 0x2c,
  0x1f, 0x2c, 0x1f, 0x2c, 0x1f, 0x2c, 0x1f, 0x2c, 0x1f, 0x2c, 0x1f, 0x2c, 0x1f, 0x2c, 0x1f, 0x2c,
  0x1f, 0x2c, 0x1f, 0x2c, 0xff, 0x2b, 0x1f, 0x24, 0x1f, 0x2c, 0x1f, 0x2c, 0x1f, 0x2c, 0x1f, 0x2c,
  0x1f, 0x2c, 0x1f, 0x2c, 0x1f, 0x2c, 0xff, 0x2b, 0x1f, 0x2c, 0x1f, 0x24, 0x1f, 0x2c, 0x1f, 0x2c,
  0xff, 0x2b, 0x1f, 0x2c, 0x1f, 0x24, 0x1f, 0x2c, 0x1f, 0x2c, 0x1f, 0x2c, 0x1f, 0x2c, 0x1f, 0x2c,
  0x1f, 0x24, 0xff, 0x2b, 0x1f, 0x2c, 0x1f, 0x24, 0x1f, 0x2c, 0xff, 0x23, 0xff, 0xc6, 0xff, 0xff,
  0xdf, 0xff, 0xff, 0xff, 0x5f, 0xae, 0xdf, 0x1b, 0x3f, 0x2c, 0x1f, 0x2c, 0x1f, 0x2c, 0x1f, 0x2c,
  0xdf, 0x1b, 0x3f, 0xa6, 0xff, 0xff, 0xdf, 0xf7, 0xff, 0xff, 0x3f, 0xd7, 0xff, 0x23, 0x1f, 0x2c,
  0x1f, 0x2c, 0x1f, 0x2c, 0xff, 0x23, 0x1f, 0x2c, 0x1f, 0x2c, 0x1f, 0x2c, 0xff, 0x2b, 0x1f, 0x24,
  0x1f, 0x2c, 0xff, 0x2b, 0x3f, 0xcf, 0xff, 0xff, 0xdf, 0xf7, 0xff, 0xff, 0x3f, 0x9e, 0xdf, 0x1b,
  0x1f, 0x2c, 0x1f, 0x2c, 0x1f, 0x2c, 0x1f, 0x2c, 0xdf, 0x23, 0x7f, 0xa6, 0xff, 0xff, 0xff, 0xf7,
  0xff, 0xff, 0xff, 0xc6, 0xff, 0x23, 0x1f, 0x2c, 0x1f, 0x2c, 0x1f, 0x2c, 0x1f, 0x2c, 0xff, 0x2b,
  0x1f, 0x2c, 0x1f, 0x2c, 0x1f, 0x24, 0x1f, 0x2c, 0x1f, 0x2c, 0x1f, 0x2c, 0x1f, 0x2c, 0x1f, 0x2c,
  0x1f, 0x2c, 0x1f, 0x2c, 0xff, 0x2b, 0x1f, 0x2c, 0x1f, 0x2c, 0x1f, 0x2c, 0x1f, 0x2c, 0xff, 0x2b,
  0x1f, 0x2c, 0x1f, 0x2c, 0x1f, 0x24, 0x1f, 0x2c, 0xff, 0x2b, 0x1f, 0x2c, 0x1f, 0x2c, 0x1f, 0x2c,
  0xff, 0x23, 0x1f, 0x2c, 0x1f, 0x2c, 0x1f, 0x2c, 0x1f, 0x2c, 0x1f, 0x2c, 0x1f, 0x2c, 0x1f, 0x2c,
  0x1f, 0x2c, 0x1f, 0x2c, 0x1f, 0x2c, 0xff, 0x23, 0x1f, 0x2c, 0x1f, 0x2c, 0x1f, 0x2c, 0x1f, 0x24,
  0xff, 0x2b, 0x1f, 0x2c, 0x1f, 0x2c, 0x1f, 0x2c, 0x1f, 0x2c, 0xff, 0x2b, 0x1f, 0x2c, 0x1f, 0x2c,
  0x1f, 0x2c, 0xff, 0x2b, 0x1f, 0x24, 0x1f, 0x2c, 0x1f, 0x2c, 0x1f, 0x2c, 0xff, 0x2b, 0x1f, 0x2c,
  0x1f, 0x2c, 0x1f, 0x2c, 0x1f, 0x2c, 0xff, 0x2b, 0x1f, 0x2c, 0x1f, 0x24, 0x1f, 0x2c, 0xff, 0x2b,
  0x1f, 0x2c, 0x1f, 0x2c, 0x1f, 0x2c, 0x1f, 0x2c, 0x1f, 0x2c, 0xdf, 0x23, 0xbf, 0xbe, 0xff, 0xff,
  0xdf, 0xf7, 0xff, 0xff, 0xbf, 0xb6, 0xdf, 0x23, 0x1f, 0x2c, 0x1f, 0x2c, 0x1f, 0x2c, 0x1f, 0x2c,
  0xdf, 0x1b, 0xdf, 0x8d, 0xff, 0xff, 0xff, 0xff, 0xff, 0xff, 0x9f, 0xef, 0x5f, 0x34, 0xff, 0x2b,
  0x1f, 0x2c, 0x1f, 0x2c, 0x1f, 0x2c, 0x1f, 0x2c, 0x1f, 0x2c, 0x1f, 0x2c, 0x1f, 0x2c, 0x1f, 0x2c,
  0xff, 0x2b, 0x5f, 0x34, 0x9f, 0xef, 0xff, 0xff, 0xdf, 0xff, 0xff, 0xff, 0xdf, 0x8d, 0xdf, 0x1b,
  0x3f, 0x2c, 0x1f, 0x2c, 0x1f, 0x2c, 0x1f, 0x2c, 0xdf, 0x1b, 0xbf, 0xbe, 0xff, 0xff, 0xdf, 0xf7,
  0xff, 0xff, 0xbf, 0xc6, 0xdf, 0x23, 0x1f, 0x2c, 0x1f, 0x2c, 0x1f, 0x2c, 0x1f, 0x2c, 0x1f, 0x2c,
  0x1f, 0x24, 0x1f, 0x2c, 0xff, 0x2b, 0x1f, 0x2c, 0x1f, 0x2c, 0xff, 0x23, 0x1f, 0x2c, 0x1f, 0x2c,
  0x1f, 0x2c, 0x1f, 0x24, 0x1f, 0x2c, 0x1f, 0x2c, 0x1f, 0x2c, 0x1f, 0x24, 0x1f, 0x2c, 0x1f, 0x2c,
  0x1f, 0x2c, 0x1f, 0x2c, 0x1f, 0x2c, 0x1f, 0x2c, 0x1f, 0x2c, 0x1f, 0x2c, 0x1f, 0x2c, 0x1f, 0x2c,
  0x1f, 0x2c, 0x1f, 0x2c, 0x1f, 0x24, 0x1f, 0x2c, 0xff, 0x2b, 0x1f, 0x2c, 0x1f, 0x24, 0x1f, 0x2c,
  0x1f, 0x2c, 0x1f, 0x24, 0x1f, 0x2c, 0x1f, 0x2c, 0x1f, 0x2c, 0x1f, 0x2c, 0xff, 0x2b, 0x1f, 0x2c,
  0x1f, 0x2c, 0x1f, 0x24, 0x1f, 0x2c, 0x1f, 0x2c, 0x1f, 0x2c, 0x1f, 0x24, 0x1f, 0x2c, 0xff, 0x2b,
  0x1f, 0x24, 0x1f, 0x2c, 0x1f, 0x2c, 0x1f, 0x2c, 0x1f, 0x2c, 0x1f, 0x2c, 0x1f, 0x2c, 0x1f, 0x24,
  0x1f, 0x2c, 0x1f, 0x2c, 0x1f, 0x2c, 0x1f, 0x24, 0x1f, 0x2c, 0xff, 0x2b, 0x1f, 0x2c, 0x1f, 0x2c,
  0x1f, 0x2c, 0x1f, 0x24, 0x1f, 0x2c, 0x1f, 0x2c, 0x1f, 0x2c, 0xdf, 0x1b, 0x7f, 0xae, 0xff, 0xff,
  0xdf, 0xf7, 0xff, 0xff, 0x1f, 0xcf, 0xff, 0x23, 0x1f, 0x2c, 0x1f, 0x2c, 0x1f, 0x2c, 0x1f, 0x2c,
  0xdf, 0x23, 0x3f, 0x65, 0xff, 0xff, 0xff, 0xf7, 0xff, 0xff, 0xff, 0xff, 0x5f, 0x6d, 0xdf, 0x1b,
  0x3f, 0x2c, 0x1f, 0x2c, 0x1f, 0x2c, 0x1f, 0x2c, 0xff, 0x2b, 0x1f, 0x24, 0x1f, 0x2c, 0x3f, 0x2c,
  0xdf, 0x1b, 0x5f, 0x6d, 0xff, 0xff, 0xff, 0xff, 0xff, 0xf7, 0xff, 0xff, 0x3f, 0x65, 0xdf, 0x23,
  0x1f, 0x2c, 0x1f, 0x2c, 0x1f, 0x2c, 0x1f, 0x2c, 0xff, 0x23, 0x1f, 0xcf, 0xff, 0xff, 0xdf, 0xff,
  0xff, 0xff, 0x7f, 0xae, 0xdf, 0x1b, 0x1f, 0x2c, 0x1f, 0x2c, 0x1f, 0x2c, 0x1f, 0x24, 0x1f, 0x2c,
  0xff, 0x2b, 0x1f, 0x2c, 0x1f, 0x2c, 0x1f, 0x2c, 0x1f, 0x2c, 0x1f, 0x2c, 0x1f, 0x2c, 0x1f, 0x2c,
  0xff, 0x2b, 0x1f, 0x2c, 0x1f, 0x2c, 0x1f, 0x2c, 0x1f, 0x2c, 0xff, 0x2b, 0x1f, 0x2c, 0x1f, 0x24,
  0x1f, 0x2c, 0x1f, 0x2c, 0xff, 0x2b, 0x1f, 0x2c, 0x1f, 0x2c, 0x1f, 0x24, 0xff, 0x2b, 0x1f, 0x2c,
  0x1f, 0x2c, 0x1f, 0x2c, 0xff, 0x2b, 0x1f, 0x2c, 0x1f, 0x2c, 0x1f, 0x2c, 0x1f, 0x2c, 0x1f, 0x2c,
  0xff, 0x2b, 0x1f, 0x2c, 0x1f, 0x2c, 0x1f, 0x2c, 0x1f, 0x2c, 0x1f, 0x24, 0x1f, 0x2c, 0x1f, 0x2c,
  0x1f, 0x2c, 0x1f, 0x2c, 0x1f, 0x2c, 0xff, 0x2b, 0x1f, 0x2c, 0x1f, 0x2c, 0x1f, 0x2c, 0x1f, 0x2c,
  0x1f, 0x2c, 0x1f, 0x2c, 0x1f, 0x2c, 0x1f, 0x2c, 0xff, 0x23, 0x1f, 0x2c, 0x1f, 0x2c, 0x1f, 0x2c,
  0x1f, 0x2c, 0xff, 0x23, 0x1f, 0x2c, 0x1f, 0x2c, 0x1f, 0x2c, 0x1f, 0x2c, 0x1f, 0x2c, 0x1f, 0x24,
  0x1f, 0x2c, 0x1f, 0x2c, 0x1f, 0x2c, 0x1f, 0x2c, 0x1f, 0x2c, 0xdf, 0x1b, 0xff, 0x8d, 0xff, 0xff,
  0xdf, 0xff, 0xff, 0xff, 0x9f, 0xe7, 0x3f, 0x34, 0x1f, 0x2c, 0x1f, 0x2c, 0x1f, 0x2c, 0x1f, 0x2c,
  0xff, 0x23, 0x5f, 0x34, 0x9f, 0xef, 0xff, 0xff, 0xdf, 0xff, 0xff, 0xff, 0x5f, 0xdf, 0x1f, 0x2c,
  0xff, 0x23, 0x1f, 0x2c, 0x1f, 0x2c, 0x1f, 0x2c, 0x1f, 0x2c, 0x1f, 0x2c, 0x1f, 0x2c, 0xff, 0x23,
  0x1f, 0x2c, 0x5f, 0xdf, 0xff, 0xff, 0xdf, 0xf7, 0xff, 0xff, 0x9f, 0xef, 0x5f, 0x34, 0xff, 0x2b,
  0x1f, 0x2c, 0x1f, 0x2c, 0x1f, 0x2c, 0x1f, 0x24, 0x3f, 0x34, 0x9f, 0xef, 0xff, 0xff, 0xdf, 0xf7,
  0xff, 0xff, 0xff, 0x8d, 0xdf, 0x1b, 0x1f, 0x2c, 0x1f, 0x2c, 0x1f, 0x2c, 0xff, 0x2b, 0x1f, 0x2c,
  0x1f, 0x2c, 0x1f, 0x2c, 0x1f, 0x2c, 0x1f, 0x24, 0x1f, 0x2c, 0x1f, 0x2c, 0xff, 0x2b, 0x1f, 0x24,
  0x1f, 0x2c, 0x1f, 0x2c, 0x1f, 0x2c, 0xff, 0x23, 0x1f, 0x2c, 0x1f, 0x2c, 0x1f, 0x2c, 0x1f, 0x2c,
  0xff, 0x2b, 0x1f, 0x24, 0x1f, 0x2c, 0x1f, 0x2c, 0x1f, 0x2c, 0x1f, 0x2c, 0x1f, 0x2c, 0x1f, 0x24,
  0x1f, 0x2c, 0x1f, 0x2c, 0x1f, 0x2c, 0x1f, 0x24, 0x1f, 0x2c, 0x1f, 0x2c, 0x1f, 0x2c, 0x1f, 0x2c,
  0x1f, 0x2c, 0x3f, 0x2c, 0xff, 0x2b, 0x1f, 0x2c, 0x1f, 0x2c, 0xff, 0x2b, 0x1f, 0x2c, 0x1f, 0x2c,
  0x1f, 0x24, 0x1f, 0x2c, 0x1f, 0x2c, 0x1f, 0x24, 0x1f, 0x2c, 0x1f, 0x2c, 0x1f, 0x2c, 0x1f, 0x24,
  0x1f, 0x2c, 0x1f, 0x2c, 0xff, 0x2b, 0x1f, 0x2c, 0x1f, 0x2c, 0x1f, 0x2c, 0x1f, 0x2c, 0xff, 0x2b,
  0x1f, 0x2c, 0x1f, 0x2c, 0x1f, 0x2c, 0x1f, 0x2c, 0x1f, 0x2c, 0x1f, 0x2c, 0x1f, 0x2c, 0x1f, 0x2c,
  0xff, 0x2b, 0x1f, 0x2c, 0x1f, 0x2c, 0x1f, 0x2c, 0x1f, 0x2c, 0xdf, 0x23, 0x3f, 0x6d, 0xff, 0xff,
  0xff, 0xff, 0xff, 0xff, 0xff, 0xff, 0xdf, 0x54, 0xff, 0x23, 0x1f, 0x2c, 0x1f, 0x2c, 0x1f, 0x2c,
  0x1f, 0x2c, 0xdf, 0x1b, 0x3f, 0xa6, 0xff, 0xff, 0xff, 0xf7, 0xff, 0xff, 0xff, 0xff, 0xdf, 0xbe,
  0x1f, 0x34, 0xdf, 0x1b, 0xff, 0x2b, 0x1f, 0x2c, 0x1f, 0x2c, 0xff, 0x23, 0xdf, 0x1b, 0x1f, 0x34,
  0xdf, 0xbe, 0xff, 0xff, 0xff, 0xff, 0xdf, 0xff, 0xff, 0xff, 0x3f, 0x9e, 0xdf, 0x1b, 0x1f, 0x2c,
  0x1f, 0x2c, 0x1f, 0x2c, 0x1f, 0x2c, 0xdf, 0x23, 0xff, 0x54, 0xff, 0xff, 0xff, 0xff, 0xff, 0xff,
  0xff, 0xff, 0x3f, 0x6d, 0xdf, 0x1b, 0x3f, 0x2c, 0x1f, 0x2c, 0x1f, 0x2c, 0x1f, 0x2c, 0x1f, 0x2c,
  0x1f, 0x2c, 0x1f, 0x24, 0x1f, 0x2c, 0xff, 0x2b, 0x1f, 0x2c, 0x1f, 0x2c, 0x1f, 0x2c, 0x1f, 0x2c,
  0x1f, 0x2c, 0x1f, 0x2c, 0x1f, 0x2c, 0x1f, 0x2c, 0x1f, 0x2c, 0x1f, 0x2c, 0x1f, 0x24, 0x1f, 0x2c,
  0x1f, 0x2c, 0x1f, 0x2c, 0x1f, 0x2c, 0x1f, 0x24, 0xff, 0x2b, 0x1f, 0x2c, 0x1f, 0x2c, 0x1f, 0x2c,
  0xff, 0x2b, 0x1f, 0x2c, 0x1f, 0x2c, 0x1f, 0x2c, 0x1f, 0x2c, 0xff, 0x23, 0x3f, 0x2c, 0xff, 0x2b,
  0x1f, 0x2c, 0x3f, 0x2c, 0x1f, 0x24, 0x1f, 0x2c, 0x1f, 0x2c, 0x1f, 0x2c, 0x1f, 0x24, 0x1f, 0x2c,
  0xff, 0x2b, 0x1f, 0x2c, 0x1f, 0x2c, 0x1f, 0x2c, 0xff, 0x2b, 0x1f, 0x2c, 0x1f, 0x2c, 0xff, 0x2b,
  0x1f, 0x2c, 0x1f, 0x2c, 0x1f, 0x24, 0x1f, 0x2c, 0x1f, 0x2c, 0x1f, 0x2c, 0x1f, 0x24, 0x1f, 0x2c,
  0x1f, 0x2c, 0x1f, 0x2c, 0x1f, 0x2c, 0xff, 0x2b, 0x1f, 0x24, 0x1f, 0x2c, 0xff, 0x2b, 0x1f, 0x2c,
  0x1f, 0x2c, 0x1f, 0x24, 0x1f, 0x2c, 0x1f, 0x2c, 0x1f, 0x2c, 0xff, 0x23, 0x7f, 0x3c, 0xdf, 0xf7,
  0xff, 0xff, 0xdf, 0xf7, 0xff, 0xff, 0xff, 0x95, 0xdf, 0x1b, 0x1f, 0x2c, 0x1f, 0x2c, 0x1f, 0x2c,
  0x1f, 0x2c, 0xff, 0x23, 0x7f, 0x3c, 0xbf, 0xef, 0xdf, 0xff, 0xff, 0xff, 0xdf, 0xff, 0xff, 0xff,
  0x5f, 0xdf, 0x3f, 0x6d, 0x5f, 0x34, 0xff, 0x23, 0xff, 0x23, 0x5f, 0x3c, 0x5f, 0x6d, 0x5f, 0xdf,
  0xff, 0xff, 0xff, 0xff, 0xff, 0xf7, 0xff, 0xff, 0xbf, 0xef, 0x7f, 0x3c, 0xff, 0x2b, 0x1f, 0x2c,
  0x1f, 0x2c, 0x1f, 0x2c, 0x1f, 0x2c, 0xdf, 0x1b, 0xff, 0x95, 0xff, 0xff, 0xdf, 0xf7, 0xff, 0xff,
  0xdf, 0xf7, 0x7f, 0x3c, 0xff, 0x23, 0x1f, 0x2c, 0x1f, 0x2c, 0x1f, 0x2c, 0x1f, 0x24, 0x1f, 0x2c,
  0x1f, 0x2c, 0xff, 0x2b, 0x1f, 0x2c, 0x1f, 0x2c, 0x1f, 0x2c, 0x1f, 0x24, 0x1f, 0x2c, 0x1f, 0x2c,
  0x1f, 0x2c, 0xff, 0x23, 0x1f, 0x2c, 0x1f, 0x2c, 0x1f, 0x24, 0x1f, 0x2c, 0xff, 0x2b, 0x1f, 0x2c,
  0x1f, 0x2c, 0x1f, 0x2c, 0x1f, 0x2c, 0x1f, 0x2c, 0x1f, 0x2c, 0x1f, 0x2c, 0x1f, 0x2c, 0x1f, 0x2c,
  0x1f, 0x24, 0x1f, 0x2c, 0x1f, 0x2c, 0xff, 0x2b, 0x1f, 0x2c, 0x1f, 0x2c, 0x3f, 0x2c, 0x1f, 0x2c,
  0xff, 0x2b, 0x3f, 0x2c, 0x1f, 0x2c, 0x1f, 0x2c, 0x1f, 0x2c, 0x1f, 0x2c, 0x1f, 0x2c, 0x1f, 0x2c,
  0x1f, 0x2c, 0x1f, 0x2c, 0x1f, 0x2c, 0x1f, 0x2c, 0x1f, 0x24, 0x1f, 0x2c, 0x1f, 0x2c, 0x1f, 0x2c,
  0x1f, 0x24, 0x1f, 0x2c, 0x1f, 0x2c, 0x1f, 0x2c, 0x1f, 0x2c, 0xff, 0x2b, 0x1f, 0x2c, 0x1f, 0x2c,
  0x1f, 0x2c, 0x1f, 0x24, 0x1f, 0x2c, 0x1f, 0x2c, 0x1f, 0x2c, 0x1f, 0x2c, 0x1f, 0x24, 0x1f, 0x2c,
  0x1f, 0x2c, 0x1f, 0x2c, 0xff, 0x2b, 0x1f, 0x2c, 0x1f, 0x2c, 0x1f, 0x2c, 0xff, 0x23, 0xff, 0xc6,
  0xff, 0xff, 0xdf, 0xff, 0xff, 0xff, 0x5f, 0xdf, 0x1f, 0x2c, 0x1f, 0x2c, 0x1f, 0x2c, 0x1f, 0x24,
  0x1f, 0x2c, 0x1f, 0x2c, 0xdf, 0x23, 0x5f, 0x75, 0xff, 0xff, 0xff, 0xf7, 0xff, 0xff, 0xff, 0xff,
  0xff, 0xff, 0xff, 0xff, 0x9f, 0xef, 0x3f, 0xcf, 0x1f, 0xd7, 0x9f, 0xef, 0xff, 0xff, 0xff, 0xff,
  0xff, 0xff, 0xdf, 0xff, 0xdf, 0xff, 0xff, 0xff, 0x5f, 0x75, 0xdf, 0x1b, 0x1f, 0x2c, 0x1f, 0x2c,
  0x1f, 0x2c, 0x1f, 0x2c, 0x1f, 0x2c, 0x1f, 0x2c, 0x5f, 0xdf, 0xff, 0xff, 0xff, 0xff, 0xff, 0xff,
  0xff, 0xc6, 0xff, 0x23, 0x1f, 0x2c, 0x1f, 0x2c, 0x1f, 0x2c, 0xff, 0x2b, 0x1f, 0x2c, 0x1f, 0x2c,
  0x1f, 0x2c, 0x1f, 0x2c, 0x1f, 0x2c, 0x1f, 0x24, 0x1f, 0x2c, 0xff, 0x2b, 0x1f, 0x2c, 0x1f, 0x2c,
  0x1f, 0x2c, 0x1f, 0x2c, 0x1f, 0x2c, 0x1f, 0x2c, 0xff, 0x2b, 0x1f, 0x2c, 0x1f, 0x2c, 0x1f, 0x2c,
  0x1f, 0x2c, 0xff, 0x23, 0x1f, 0x2c, 0x1f, 0x2c, 0x1f, 0x2c, 0xff, 0x23, 0x1f, 0x2c, 0x1f, 0x2c,
  0x1f, 0x2c, 0xff, 0x2b, 0x1f, 0x24, 0x1f, 0x2c, 0x1f, 0x2c, 0x1f, 0x2c, 0x3f, 0x2c, 0x1f, 0x2c,
  0x1f, 0x24, 0x5f, 0x2c, 0x1f, 0x2c, 0x1f, 0x2c, 0xff, 0x23, 0x1f, 0x2c, 0x1f, 0x2c, 0xff, 0x2b,
  0x1f, 0x2c, 0x1f, 0x24, 0xff, 0x2b, 0x1f, 0x2c, 0x1f, 0x2c, 0x1f, 0x2c, 0x1f, 0x24, 0x1f, 0x2c,
  0xff, 0x2b, 0x1f, 0x2c, 0x1f, 0x2c, 0xff, 0x2b, 0x1f, 0x24, 0x1f, 0x2c, 0x1f, 0x2c, 0x1f, 0x24,
  0xff, 0x2b, 0x1f, 0x2c, 0x1f, 0x2c, 0x1f, 0x2c, 0xff, 0x2b, 0x1f, 0x2c, 0x1f, 0x2c, 0x1f, 0x2c,
  0x1f, 0x2c, 0x1f, 0x2c, 0x1f, 0x24, 0x1f, 0x2c, 0x1f, 0x2c, 0x1f, 0x2c, 0xdf, 0x1b, 0xbf, 0x85,
  0xff, 0xff, 0xff, 0xf7, 0xff, 0xff, 0xff, 0xff, 0x3f, 0x65, 0xdf, 0x1b, 0x1f, 0x2c, 0x1f, 0x2c,
  0x1f, 0x2c, 0x1f, 0x2c, 0x1f, 0x2c, 0xdf, 0x1b, 0xdf, 0x8d, 0xff, 0xff, 0xff, 0xff, 0xdf, 0xf7,
  0xff, 0xff, 0xff, 0xf7, 0xff, 0xff, 0xff, 0xff, 0xff, 0xff, 0xff, 0xff, 0xff, 0xff, 0xdf, 0xf7,
  0xff, 0xf7, 0xff, 0xff, 0xff, 0xff, 0xdf, 0x8d, 0xdf, 0x1b, 0x1f, 0x2c, 0x1f, 0x2c, 0x1f, 0x2c,
  0x1f, 0x2c, 0x1f, 0x2c, 0xdf, 0x1b, 0x5f, 0x6d, 0xff, 0xff, 0xff, 0xff, 0xdf, 0xf7, 0xff, 0xff,
  0xbf, 0x85, 0xdf, 0x1b, 0x1f, 0x34, 0x1f, 0x2c, 0x1f, 0x2c, 0x1f, 0x2c, 0x1f, 0x2c, 0x1f, 0x2c,
  0xff, 0x23, 0x1f, 0x2c, 0x1f, 0x2c, 0x1f, 0x2c, 0x1f, 0x2c, 0x1f, 0x2c, 0x1f, 0x2c, 0x1f, 0x24,
  0xff, 0x2b, 0x1f, 0x2c, 0x1f, 0x2c, 0x1f, 0x24, 0x1f, 0x2c, 0x1f, 0x2c, 0x1f, 0x2c, 0x1f, 0x24,
  0x1f, 0x2c, 0x1f, 0x2c, 0x1f, 0x2c, 0x1f, 0x2c, 0x1f, 0x2c, 0x1f, 0x2c, 0x1f, 0x2c, 0x1f, 0x2c,
  0x1f, 0x2c, 0x1f, 0x2c, 0x1f, 0x2c, 0x1f, 0x2c, 0x1f, 0x24, 0x1f, 0x2c, 0x3f, 0x2c, 0x1f, 0x2c,
  0x1f, 0x2c, 0x3f, 0x2c, 0x1f, 0x2c, 0x1f, 0x2c, 0x1f, 0x2c, 0x1f, 0x2c, 0x1f, 0x2c, 0x1f, 0x24,
  0x1f, 0x2c, 0x1f, 0x2c, 0x1f, 0x2c, 0x1f, 0x2c, 0x1f, 0x2c, 0xff, 0x2b, 0x1f, 0x2c, 0x1f, 0x2c,
  0x1f, 0x2c, 0x1f, 0x2c, 0x1f, 0x2c, 0x1f, 0x2c, 0x1f, 0x2c, 0x1f, 0x2c, 0x1f, 0x2c, 0x1f, 0x2c,
  0x1f, 0x2c, 0x1f, 0x2c, 0x1f, 0x2c, 0x1f, 0x24, 0x1f, 0x2c, 0x1f, 0x2c, 0x1f, 0x2c, 0xff, 0x23,
  0x1f, 0x2c, 0x1f, 0x2c, 0x1f, 0x2c, 0x1f, 0x2c, 0x1f, 0x2c, 0x1f, 0x2c, 0xff, 0x23, 0x7f, 0x3c,
  0xbf, 0xf7, 0xff, 0xff, 0xdf, 0xff, 0xff, 0xff, 0x3f, 0xd7, 0xff, 0x23, 0x1f, 0x2c, 0x1f, 0x2c,
  0x1f, 0x2c, 0x1f, 0x2c, 0x1f, 0x2c, 0x1f, 0x2c, 0xdf, 0x1b, 0x5f, 0x75, 0x9f, 0xe7, 0xff, 0xff,
  0xff, 0xff, 0xff, 0xff, 0xdf, 0xff, 0xdf, 0xf7, 0xdf, 0xf7, 0xff, 0xf7, 0xff, 0xff, 0xff, 0xff,
  0xff, 0xff, 0x9f, 0xef, 0x7f, 0x6d, 0xdf, 0x1b, 0x1f, 0x2c, 0x1f, 0x2c, 0x1f, 0x2c, 0x1f, 0x2c,
  0x1f, 0x24, 0x1f, 0x2c, 0xff, 0x2b, 0x3f, 0xd7, 0xff, 0xff, 0xdf, 0xf7, 0xff, 0xff, 0xbf, 0xf7,
  0x7f, 0x3c, 0xff, 0x23, 0x1f, 0x2c, 0x1f, 0x2c, 0x1f, 0x2c, 0x1f, 0x24, 0x1f, 0x2c, 0x1f, 0x2c,
  0x1f, 0x2c, 0x1f, 0x2c, 0x1f, 0x2c, 0xff, 0x2b, 0x1f, 0x2c, 0x1f, 0x24, 0x1f, 0x2c, 0x1f, 0x2c,
  0x1f, 0x2c, 0x1f, 0x2c, 0x1f, 0x2c, 0x1f, 0x2c, 0x1f, 0x2c, 0x1f, 0x2c, 0x1f, 0x2c, 0xff, 0x2b,
  0x1f, 0x2c, 0x1f, 0x2c, 0x1f, 0x2c, 0xff, 0x23, 0x1f, 0x2c, 0x1f, 0x2c, 0x1f, 0x24, 0xff, 0x2b,
  0x1f, 0x2c, 0x1f, 0x24, 0x1f, 0x2c, 0x1f, 0x2c, 0xff, 0x2b, 0x1f, 0x2c, 0x5f, 0x2c, 0xff, 0x2b,
  0x1f, 0x2c, 0x1f, 0x2c, 0x1f, 0x2c, 0x1f, 0x2c, 0x1f, 0x2c, 0x1f, 0x2c, 0x1f, 0x2c, 0x1f, 0x2c,
  0x1f, 0x2c, 0x1f, 0x2c, 0x1f, 0x2c, 0xff, 0x23, 0x1f, 0x2c, 0x1f, 0x2c, 0x1f, 0x2c, 0x1f, 0x2c,
  0x1f, 0x2c, 0x1f, 0x24, 0x1f, 0x2c, 0x1f, 0x2c, 0x1f, 0x2c, 0x1f, 0x24, 0xff, 0x2b, 0x1f, 0x2c,
  0x1f, 0x2c, 0x1f, 0x24, 0xff, 0x2b, 0x1f, 0x2c, 0x1f, 0x2c, 0x1f, 0x2c, 0x1f, 0x2c, 0x1f, 0x2c,
  0x1f, 0x2c, 0x1f, 0x2c, 0xff, 0x2b, 0x1f, 0x24, 0x1f, 0x2c, 0x1f, 0x2c, 0x1f, 0x2c, 0xdf, 0x1b,
  0x5f, 0xa6, 0xff, 0xff, 0xff, 0xf7, 0xff, 0xff, 0xff, 0xff, 0xdf, 0x8d, 0xbf, 0x1b, 0x3f, 0x2c,
  0x1f, 0x2c, 0x1f, 0x2c, 0x1f, 0x2c, 0x1f, 0x2c, 0x1f, 0x2c, 0xdf, 0x1b, 0x7f, 0x3c, 0x3f, 0x9e,
  0x7f, 0xe7, 0xff, 0xff, 0xff, 0xff, 0xff, 0xff, 0xff, 0xff, 0xff, 0xff, 0xff, 0xff, 0x7f, 0xe7,
  0x3f, 0xa6, 0x7f, 0x3c, 0xdf, 0x23, 0x1f, 0x2c, 0x1f, 0x2c, 0x1f, 0x2c, 0x1f, 0x2c, 0x1f, 0x2c,
  0x1f, 0x2c, 0xdf, 0x1b, 0xbf, 0x85, 0xff, 0xff, 0xff, 0xff, 0xff, 0xff, 0xff, 0xff, 0x3f, 0x9e,
  0xdf, 0x1b, 0x1f, 0x2c, 0x1f, 0x2c, 0x1f, 0x2c, 0x1f, 0x2c, 0xff, 0x2b, 0x1f, 0x2c, 0x1f, 0x2c,
  0x1f, 0x2c, 0x1f, 0x24, 0x1f, 0x2c, 0x1f, 0x2c, 0x1f, 0x2c, 0x1f, 0x2c, 0xff, 0x2b, 0x1f, 0x2c,
  0x1f, 0x2c, 0x1f, 0x24, 0xff, 0x2b, 0x1f, 0x2c, 0x1f, 0x2c, 0xff, 0x23, 0x1f, 0x2c, 0x1f, 0x2c,
  0x1f, 0x2c, 0x1f, 0x2c, 0x1f, 0x2c, 0x1f, 0x2c, 0x1f, 0x2c, 0x1f, 0x2c, 0x1f, 0x2c, 0x1f, 0x2c,
  0x1f, 0x2c, 0x1f, 0x2c, 0xff, 0x2b, 0x1f, 0x2c, 0x1f, 0x2c, 0x1f, 0x2c, 0x1f, 0x2c, 0x1f, 0x2c,
  0xff, 0x2b, 0x1f, 0x2c, 0x1f, 0x2c, 0x1f, 0x2c, 0x1f, 0x24, 0xff, 0x2b, 0x1f, 0x2c, 0x1f, 0x2c,
  0xff, 0x2b, 0x1f, 0x24, 0x1f, 0x2c, 0x1f, 0x2c, 0x1f, 0x2c, 0x1f, 0x2c, 0x1f, 0x24, 0xff, 0x2b,
  0x1f, 0x2c, 0x1f, 0x2c, 0xff, 0x2b, 0x1f, 0x24, 0x1f, 0x2c, 0x1f, 0x2c, 0x1f, 0x2c, 0x1f, 0x2c,
  0x1f, 0x2c, 0x1f, 0x2c, 0x1f, 0x2c, 0x1f, 0x2c, 0x1f, 0x2c, 0xff, 0x23, 0x1f, 0x2c, 0x1f, 0x2c,
  0x1f, 0x2c, 0x1f, 0x24, 0x1f, 0x2c, 0x1f, 0x2c, 0x1f, 0x2c, 0x1f, 0x2c, 0x1f, 0x2c, 0xff, 0x23,
  0x7f, 0x44, 0xbf, 0xef, 0xff, 0xff, 0xdf, 0xff, 0xff, 0xff, 0xdf, 0xf7, 0xbf, 0x4c, 0xdf, 0x23,
  0x1f, 0x2c, 0x1f, 0x2c, 0x1f, 0x2c, 0x1f, 0x2c, 0x1f, 0x2c, 0x1f, 0x2c, 0xff, 0x2b, 0xdf, 0x1b,
  0x5f, 0x34, 0x1f, 0x65, 0xdf, 0x8d, 0x5f, 0x9e, 0x3f, 0xa6, 0xdf, 0x8d, 0x1f, 0x65, 0x5f, 0x34,
  0xdf, 0x1b, 0xff, 0x23, 0x3f, 0x2c, 0x1f, 0x2c, 0x1f, 0x2c, 0x1f, 0x2c, 0x1f, 0x2c, 0x1f, 0x2c,
  0xdf, 0x23, 0xbf, 0x4c, 0xdf, 0xf7, 0xff, 0xff, 0xdf, 0xf7, 0xff, 0xff, 0xbf, 0xef, 0x7f, 0x44,
  0xff, 0x23, 0x1f, 0x2c, 0x1f, 0x2c, 0x1f, 0x2c, 0x1f, 0x2c, 0x1f, 0x2c, 0x1f, 0x24, 0x1f, 0x2c,
  0xff, 0x2b, 0x1f, 0x2c, 0x1f, 0x2c, 0x1f, 0x2c, 0x1f, 0x24, 0x1f, 0x2c, 0x1f, 0x2c, 0x1f, 0x2c,
  0x1f, 0x2c, 0x1f, 0x2c, 0x1f, 0x2c, 0x1f, 0x2c, 0x1f, 0x2c, 0x1f, 0x2c, 0x1f, 0x2c, 0x1f, 0x2c,
  0x1f, 0x24, 0xff, 0x2b, 0x1f, 0x2c, 0x1f, 0x2c, 0x1f, 0x24, 0xff, 0x2b, 0x1f, 0x2c, 0x1f, 0x2c,
  0x1f, 0x2c, 0x1f, 0x2c, 0x1f, 0x24, 0x1f, 0x2c, 0x1f, 0x2c, 0x1f, 0x24, 0x1f, 0x2c, 0x1f, 0x24,
  0x3f, 0x33, 0x1f, 0x2c, 0x3f, 0x2c, 0x1f, 0x2c, 0x1f, 0x2c, 0x1f, 0x2c, 0x1f, 0x24, 0x1f, 0x2c,
  0x1f, 0x2c, 0x1f, 0x2c, 0x1f, 0x2c, 0x1f, 0x2c, 0x1f, 0x2c, 0x1f, 0x2c, 0x1f, 0x2c, 0x1f, 0x2c,
  0x1f, 0x2c, 0x1f, 0x2c, 0x1f, 0x2c, 0x1f, 0x2c, 0xff, 0x2b, 0x1f, 0x2c, 0x1f, 0x2c, 0x1f, 0x24,
  0xff, 0x2b, 0x1f, 0x2c, 0x1f, 0x2c, 0x1f, 0x2c, 0x1f, 0x2c, 0x1f, 0x2c, 0x1f, 0x2c, 0x1f, 0x24,
  0xff, 0x2b, 0x1f, 0x2c, 0x1f, 0x2c, 0x1f, 0x2c, 0xff, 0x2b, 0x1f, 0x2c, 0x1f, 0x2c, 0x1f, 0x2c,
  0xdf, 0x1b, 0xdf, 0x8d, 0xff, 0xff, 0xff, 0xff, 0xdf, 0xf7, 0xff, 0xff, 0x7f, 0xdf, 0x5f, 0x3c,
  0xff, 0x23, 0x1f, 0x2c, 0x1f, 0x2c, 0x1f, 0x2c, 0x1f, 0x2c, 0x1f, 0x2c, 0x1f, 0x2c, 0x1f, 0x2c,
  0x1f, 0x2c, 0xdf, 0x1b, 0xdf, 0x1b, 0xdf, 0x1b, 0xdf, 0x1b, 0xdf, 0x1b, 0xdf, 0x23, 0xff, 0x23,
  0x3f, 0x34, 0x1f, 0x2c, 0x1f, 0x2c, 0x1f, 0x2c, 0x1f, 0x2c, 0x1f, 0x2c, 0x1f, 0x2c, 0xff, 0x23,
  0x5f, 0x3c, 0x7f, 0xdf, 0xff, 0xff, 0xff, 0xff, 0xdf, 0xff, 0xff, 0xff, 0xff, 0x8d, 0xbf, 0x1b,
  0x3f, 0x2c, 0x1f, 0x2c, 0x1f, 0x2c, 0x1f, 0x2c, 0x1f, 0x24, 0x1f, 0x2c, 0xff, 0x2b, 0x1f, 0x2c,
  0x1f, 0x2c, 0x1f, 0x2c, 0x1f, 0x24, 0xff, 0x2b, 0x1f, 0x2c, 0x1f, 0x2c, 0x1f, 0x2c, 0xff, 0x23,
  0x1f, 0x2c, 0x1f, 0x2c, 0x1f, 0x2c, 0xff, 0x23, 0x1f, 0x2c, 0x1f, 0x2c, 0x1f, 0x2c, 0x1f, 0x2c,
  0x1f, 0x2c, 0x1f, 0x2c, 0x1f, 0x24, 0x1f, 0x2c, 0x1f, 0x2c, 0x1f, 0x2c, 0x1f, 0x2c, 0x1f, 0x24,
  0xff, 0x2b, 0x1f, 0x2c, 0x1f, 0x2c, 0x1f, 0x2c, 0x1f, 0x2c, 0x3f, 0x2c, 0x1f, 0x2c, 0x3f, 0x33,
  0x00, 0x00, 0x1f, 0x2c, 0x5f, 0x2c, 0xff, 0x2b, 0x1f, 0x2c, 0x1f, 0x2c, 0x1f, 0x2c, 0xff, 0x2b,
  0x1f, 0x2c, 0x1f, 0x2c, 0xff, 0x2b, 0x1f, 0x24, 0x1f, 0x2c, 0xff, 0x2b, 0x1f, 0x2c, 0x1f, 0x24,
  0x1f, 0x2c, 0xff, 0x2b, 0x1f, 0x24, 0x1f, 0x2c, 0x1f, 0x2c, 0x1f, 0x2c, 0x1f, 0x2c, 0x1f, 0x2c,
  0x1f, 0x2c, 0x1f, 0x2c, 0x1f, 0x24, 0xff, 0x2b, 0x1f, 0x2c, 0x1f, 0x24, 0x1f, 0x2c, 0x1f, 0x2c,
  0x1f, 0x2c, 0x1f, 0x2c, 0x1f, 0x2c, 0x1f, 0x2c, 0x1f, 0x24, 0x1f, 0x2c, 0x1f, 0x2c, 0x1f, 0x2c,
  0x1f, 0x2c, 0xff, 0x2b, 0x1f, 0xcf, 0xff, 0xff, 0xff, 0xff, 0xff, 0xff, 0xff, 0xff, 0x3f, 0xd7,
  0x5f, 0x3c, 0xdf, 0x1b, 0x3f, 0x2c, 0x1f, 0x2c, 0x1f, 0x2c, 0x1f, 0x2c, 0x1f, 0x2c, 0x1f, 0x2c,
  0x1f, 0x2c, 0x1f, 0x2c, 0x1f, 0x34, 0x1f, 0x2c, 0x1f, 0x2c, 0x1f, 0x2c, 0x3f, 0x2c, 0x1f, 0x2c,
  0x1f, 0x2c, 0x1f, 0x2c, 0x1f, 0x2c, 0xff, 0x2b, 0x1f, 0x2c, 0x1f, 0x2c, 0xdf, 0x23, 0x5f, 0x34,
  0x3f, 0xd7, 0xff, 0xff, 0xff, 0xff, 0xdf, 0xff, 0xff, 0xff, 0x1f, 0xcf, 0x1f, 0x2c, 0x1f, 0x2c,
  0x1f, 0x2c, 0x1f, 0x2c, 0x1f, 0x2c, 0xff, 0x2b, 0x1f, 0x2c, 0x1f, 0x2c, 0x1f, 0x2c, 0x1f, 0x2c,
  0x1f, 0x24, 0x1f, 0x2c, 0x1f, 0x2c, 0x1f, 0x2c, 0x1f, 0x2c, 0xff, 0x2b, 0x1f, 0x2c, 0x1f, 0x2c,
  0x1f, 0x2c, 0x1f, 0x2c, 0x1f, 0x2c, 0x1f, 0x2c, 0x1f, 0x2c, 0x1f, 0x24, 0xff, 0x2b, 0x1f, 0x2c,
  0x1f, 0x24, 0x1f, 0x2c, 0x1f, 0x2c, 0xff, 0x2b, 0x1f, 0x2c, 0x1f, 0x2c, 0x1f, 0x2c, 0x1f, 0x2c,
  0x1f, 0x2c, 0x1f, 0x2c, 0x1f, 0x2c, 0xff, 0x2b, 0x1f, 0x24, 0x5f, 0x2c, 0x1f, 0x2c, 0x00, 0x00,
  0x00, 0x00, 0x1f, 0x2c, 0x5f, 0x2c, 0x1f, 0x2c, 0x1f, 0x24, 0x1f, 0x2c, 0x1f, 0x2c, 0x1f, 0x2c,
  0x1f, 0x24, 0x1f, 0x2c, 0x1f, 0x2c, 0x1f, 0x2c, 0x1f, 0x2c, 0x1f, 0x2c, 0x1f, 0x2c, 0x1f, 0x2c,
  0x1f, 0x2c, 0x1f, 0x2c, 0x1f, 0x2c, 0x1f, 0x2c, 0x1f, 0x2c, 0x1f, 0x24, 0xff, 0x2b, 0x1f, 0x2c,
  0x1f, 0x2c, 0x1f, 0x2c, 0x1f, 0x2c, 0x1f, 0x2c, 0x1f, 0x2c, 0x1f, 0x2c, 0xff, 0x2b, 0x1f, 0x2c,
  0x1f, 0x2c, 0x1f, 0x2c, 0xff, 0x23, 0x1f, 0x2c, 0x1f, 0x2c, 0x1f, 0x2c, 0x1f, 0x2c, 0x1f, 0x2c,
  0x1f, 0x2c, 0xff, 0x23, 0x9f, 0x44, 0xbf, 0xef, 0xff, 0xff, 0xff, 0xff, 0xff, 0xff, 0xff, 0xff,
  0x5f, 0xdf, 0xdf, 0x54, 0xbf, 0x1b, 0x1f, 0x2c, 0x1f, 0x2c, 0x1f, 0x2c, 0x1f, 0x24, 0x1f, 0x2c,
  0x1f, 0x2c, 0x1f, 0x2c, 0x1f, 0x2c, 0x1f, 0x2c, 0x1f, 0x2c, 0x1f, 0x2c, 0x1f, 0x2c, 0x1f, 0x2c,
  0x1f, 0x2c, 0xff, 0x2b, 0x1f, 0x2c, 0x1f, 0x2c, 0x1f, 0x2c, 0xdf, 0x1b, 0xbf, 0x4c, 0x7f, 0xe7,
  0xff, 0xff, 0xff, 0xff, 0xff, 0xff, 0xff, 0xff, 0xbf, 0xef, 0x9f, 0x44, 0xff, 0x23, 0x1f, 0x2c,
  0x1f, 0x2c, 0xff, 0x2b, 0x1f, 0x2c, 0x1f, 0x2c, 0x1f, 0x2c, 0x1f, 0x2c, 0x1f, 0x24, 0x1f, 0x2c,
  0x1f, 0x2c, 0xff, 0x2b, 0x1f, 0x2c, 0x1f, 0x2c, 0x1f, 0x2c, 0x1f, 0x24, 0x1f, 0x2c, 0x1f, 0x2c,
  0x1f, 0x2c, 0xff, 0x23, 0x1f, 0x2c, 0x1f, 0x2c, 0x1f, 0x2c, 0x1f, 0x2c, 0x1f, 0x2c, 0x1f, 0x2c,
  0x1f, 0x2c, 0xff, 0x2b, 0x1f, 0x2c, 0x1f, 0x2c, 0x1f, 0x2c, 0x1f, 0x24, 0xff, 0x2b, 0x1f, 0x2c,
  0x1f, 0x2c, 0x1f, 0x24, 0x1f, 0x2c, 0x1f, 0x2c, 0x1f, 0x2c, 0x5f, 0x2c, 0x1f, 0x2c, 0x00, 0x00,
  0x00, 0x00, 0x1f, 0x2c, 0x3f, 0x2c, 0x1f, 0x2c, 0x1f, 0x2c, 0xff, 0x2b, 0x1f, 0x2c, 0x1f, 0x2c,
  0x1f, 0x2c, 0x1f, 0x2c, 0x1f, 0x2c, 0x1f, 0x2c, 0x1f, 0x24, 0x1f, 0x2c, 0xff, 0x2b, 0x1f, 0x24,
  0x1f, 0x2c, 0x1f, 0x2c, 0x1f, 0x2c, 0xff, 0x2b, 0x1f, 0x2c, 0x1f, 0x2c, 0x1f, 0x2c, 0x1f, 0x2c,
  0x1f, 0x24, 0xff, 0x2b, 0x1f, 0x2c, 0x1f, 0x2c, 0x1f, 0x24, 0x1f, 0x2c, 0x1f, 0x2c, 0x1f, 0x2c,
  0x1f, 0x2c, 0x1f, 0x2c, 0x1f, 0x2c, 0x1f, 0x2c, 0x1f, 0x2c, 0xff, 0x2b, 0x1f, 0x2c, 0x1f, 0x24,
  0x1f, 0x2c, 0x1f, 0x2c, 0xdf, 0x1b, 0x1f, 0x65, 0xdf, 0xf7, 0xff, 0xff, 0xdf, 0xff, 0xff, 0xff,
  0xff, 0xff, 0xdf, 0xf7, 0xbf, 0x85, 0xff, 0x23, 0xdf, 0x1b, 0x1f, 0x2c, 0x1f, 0x2c, 0x1f, 0x2c,
  0x1f, 0x2c, 0x1f, 0x2c, 0x1f, 0x2c, 0x1f, 0x2c, 0x1f, 0x2c, 0x1f, 0x2c, 0x1f, 0x2c, 0x1f, 0x2c,
  0x1f, 0x2c, 0x1f, 0x2c, 0x1f, 0x2c, 0xdf, 0x1b, 0x1f, 0x24, 0xbf, 0x85, 0xdf, 0xf7, 0xff, 0xff,
  0xff, 0xff, 0xdf, 0xf7, 0xff, 0xff, 0xdf, 0xf7, 0x1f, 0x5d, 0xdf, 0x23, 0x1f, 0x2c, 0x1f, 0x2c,
  0x1f, 0x2c, 0x1f, 0x2c, 0x1f, 0x24, 0x1f, 0x2c, 0x1f, 0x2c, 0xff, 0x2b, 0x1f, 0x2c, 0x1f, 0x2c,
  0x1f, 0x2c, 0x1f, 0x2c, 0x1f, 0x2c, 0x1f, 0x24, 0x1f, 0x2c, 0x1f, 0x2c, 0x1f, 0x2c, 0x1f, 0x2c,
  0x1f, 0x2c, 0x1f, 0x2c, 0x1f, 0x2c, 0x1f, 0x2c, 0xff, 0x23, 0x1f, 0x2c, 0x1f, 0x2c, 0x1f, 0x2c,
  0x1f, 0x2c, 0x1f, 0x2c, 0x1f, 0x2c, 0x1f, 0x24, 0x1f, 0x2c, 0x1f, 0x2c, 0x1f, 0x2c, 0x1f, 0x2c,
  0x1f, 0x2c, 0xff, 0x2b, 0x1f, 0x2c, 0x1f, 0x2c, 0xff, 0x2b, 0x3f, 0x2c, 0x1f, 0x24, 0x00, 0x00,
  0x00, 0x00, 0xff, 0x2b, 0x1f, 0x2c, 0x1f, 0x2c, 0x1f, 0x2c, 0x1f, 0x2c, 0x1f, 0x24, 0x1f, 0x2c,
  0xff, 0x2b, 0x1f, 0x24, 0x1f, 0x2c, 0xff, 0x2b, 0x1f, 0x2c, 0x1f, 0x2c, 0x1f, 0x2c, 0x1f, 0x2c,
  0x1f, 0x2c, 0xff, 0x2b, 0x1f, 0x24, 0x1f, 0x2c, 0x1f, 0x2c, 0x1f, 0x2c, 0x1f, 0x24, 0x1f, 0x2c,
  0x1f, 0x2c, 0x1f, 0x2c, 0x1f, 0x2c, 0x1f, 0x2c, 0xff, 0x2b, 0x1f, 0x2c, 0x1f, 0x2c, 0x1f, 0x24,
  0xff, 0x2b, 0x1f, 0x2c, 0x1f, 0x2c, 0xff, 0x2b, 0x1f, 0x24, 0x1f, 0x2c, 0x1f, 0x2c, 0x1f, 0x2c,
  0x1f, 0x2c, 0x1f, 0x2c, 0x1f, 0x2c, 0xdf, 0x1b, 0x5f, 0x6d, 0xdf, 0xff, 0xff, 0xff, 0xff, 0xf7,
  0xff, 0xff, 0xff, 0xff, 0xff, 0xff, 0x1f, 0xcf, 0x5f, 0x6d, 0x1f, 0x2c, 0xdf, 0x1b, 0xdf, 0x23,
  0xff, 0x23, 0x1f, 0x2c, 0x1f, 0x2c, 0x1f, 0x2c, 0x1f, 0x2c, 0x1f, 0x2c, 0x1f, 0x2c, 0xff, 0x23,
  0xff, 0x23, 0xdf, 0x1b, 0x1f, 0x2c, 0x3f, 0x6d, 0x1f, 0xcf, 0xff, 0xff, 0xff, 0xff, 0xff, 0xff,
  0xff, 0xff, 0xff, 0xff, 0xff, 0xff, 0x5f, 0x6d, 0xdf, 0x1b, 0x1f, 0x2c, 0x1f, 0x2c, 0x1f, 0x2c,
  0x1f, 0x2c, 0x1f, 0x2c, 0x1f, 0x2c, 0xff, 0x2b, 0x1f, 0x24, 0x1f, 0x2c, 0x1f, 0x2c, 0x1f, 0x2c,
  0xff, 0x2b, 0x1f, 0x24, 0x1f, 0x2c, 0xff, 0x2b, 0x1f, 0x2c, 0x1f, 0x2c, 0xff, 0x2b, 0x1f, 0x24,
  0x1f, 0x2c, 0x1f, 0x2c, 0xff, 0x23, 0x1f, 0x2c, 0x1f, 0x2c, 0x1f, 0x2c, 0x1f, 0x2c, 0xff, 0x23,
  0x1f, 0x2c, 0x1f, 0x2c, 0x1f, 0x2c, 0xff, 0x2b, 0x1f, 0x2c, 0x1f, 0x2c, 0x1f, 0x2c, 0xff, 0x23,
  0x1f, 0x2c, 0x1f, 0x2c, 0x1f, 0x24, 0xff, 0x2b, 0x3f, 0x2c, 0x1f, 0x2c, 0x5f, 0x2c, 0x00, 0x00,
  0xbf, 0x52, 0x00, 0x00, 0x1f, 0x2c, 0x5f, 0x2c, 0x1f, 0x24, 0x1f, 0x2c, 0x1f, 0x2c, 0x1f, 0x2c,
  0x1f, 0x2c, 0x1f, 0x2c, 0x1f, 0x2c, 0x1f, 0x2c, 0x1f, 0x2c, 0x1f, 0x24, 0x1f, 0x2c, 0xff, 0x2b,
  0x1f, 0x2c, 0x1f, 0x2c, 0x1f, 0x2c, 0x1f, 0x2c, 0x1f, 0x24, 0x1f, 0x2c, 0xff, 0x2b, 0x1f, 0x2c,
  0x1f, 0x2c, 0x1f, 0x2c, 0xff, 0x23, 0x1f, 0x2c, 0x1f, 0x2c, 0x1f, 0x2c, 0x1f, 0x2c, 0x1f, 0x2c,
  0x1f, 0x2c, 0x1f, 0x24, 0x1f, 0x2c, 0x1f, 0x2c, 0x1f, 0x2c, 0x1f, 0x2c, 0x1f, 0x2c, 0xff, 0x2b,
  0x1f, 0x2c, 0x1f, 0x2c, 0x1f, 0x2c, 0x1f, 0x2c, 0xdf, 0x1b, 0x1f, 0x5d, 0xbf, 0xef, 0xff, 0xff,
  0xdf, 0xf7, 0xff, 0xff, 0xff, 0xf7, 0xff, 0xff, 0xff, 0xff, 0x3f, 0xdf, 0xff, 0x95, 0xff, 0x54,
  0x3f, 0x34, 0xff, 0x23, 0xdf, 0x1b, 0xdf, 0x1b, 0xdf, 0x23, 0xdf, 0x1b, 0xff, 0x23, 0x3f, 0x34,
  0xdf, 0x54, 0xff, 0x95, 0x3f, 0xd7, 0xff, 0xff, 0xff, 0xff, 0xff, 0xff, 0xff, 0xff, 0xdf, 0xf7,
  0xff, 0xff, 0xbf, 0xef, 0xff, 0x5c, 0xdf, 0x1b, 0x1f, 0x34, 0x1f, 0x2c, 0x1f, 0x2c, 0x1f, 0x2c,
  0xff, 0x23, 0x1f, 0x2c, 0x1f, 0x2c, 0x1f, 0x2c, 0x1f, 0x2c, 0x1f, 0x2c, 0x1f, 0x2c, 0x1f, 0x24,
  0x1f, 0x2c, 0x1f, 0x2c, 0x1f, 0x2c, 0x1f, 0x2c, 0x1f, 0x2c, 0x1f, 0x2c, 0x1f, 0x2c, 0x1f, 0x2c,
  0xff, 0x2b, 0x1f, 0x2c, 0x1f, 0x2c, 0x1f, 0x2c, 0x1f, 0x2c, 0x1f, 0x2c, 0x1f, 0x2c, 0x1f, 0x2c,
  0x1f, 0x2c, 0x1f, 0x24, 0x1f, 0x2c, 0x1f, 0x2c, 0x1f, 0x2c, 0x1f, 0x2c, 0x1f, 0x2c, 0x1f, 0x2c,
  0x1f, 0x2c, 0x1f, 0x2c, 0x1f, 0x2c, 0x1f, 0x2c, 0x5f, 0x2c, 0xff, 0x2b, 0x00, 0x00, 0xbf, 0x52,
  0xff, 0x43, 0x00, 0x00, 0xff, 0x2b, 0x5f, 0x2c, 0xff, 0x2b, 0x1f, 0x2c, 0x1f, 0x2c, 0xff, 0x2b,
  0x1f, 0x2c, 0x1f, 0x2c, 0x1f, 0x24, 0x1f, 0x2c, 0xff, 0x2b, 0x1f, 0x2c, 0x1f, 0x2c, 0x1f, 0x2c,
  0x1f, 0x24, 0x1f, 0x2c, 0x1f, 0x2c, 0x1f, 0x2c, 0xff, 0x2b, 0x1f, 0x2c, 0x1f, 0x2c, 0x1f, 0x2c,
  0x1f, 0x2c, 0x1f, 0x2c, 0x1f, 0x2c, 0x1f, 0x2c, 0x1f, 0x2c, 0x1f, 0x24, 0xff, 0x2b, 0x1f, 0x2c,
  0x1f, 0x2c, 0x1f, 0x2c, 0x1f, 0x2c, 0x1f, 0x2c, 0x1f, 0x2c, 0xff, 0x23, 0x1f, 0x2c, 0x1f, 0x2c,
  0x1f, 0x24, 0x1f, 0x2c, 0x1f, 0x2c, 0x1f, 0x2c, 0x1f, 0x34, 0xdf, 0x1b, 0x9f, 0x44, 0x1f, 0xcf,
  0xff, 0xff, 0xff, 0xff, 0xdf, 0xff, 0xff, 0xff, 0xff, 0xff, 0xff, 0xff, 0xff, 0xff, 0xff, 0xff,
  0x9f, 0xef, 0x1f, 0xcf, 0xbf, 0xb6, 0x7f, 0xae, 0x7f, 0xae, 0xbf, 0xb6, 0x1f, 0xcf, 0x9f, 0xef,
  0xff, 0xff, 0xff, 0xff, 0xff, 0xff, 0xff, 0xff, 0xff, 0xf7, 0xdf, 0xff, 0xff, 0xff, 0xff, 0xff,
  0xff, 0xce, 0x9f, 0x44, 0xdf, 0x1b, 0x1f, 0x34, 0x1f, 0x2c, 0x1f, 0x2c, 0x1f, 0x24, 0x1f, 0x2c,
  0x1f, 0x2c, 0x1f, 0x2c, 0x1f, 0x2c, 0x1f, 0x24, 0x1f, 0x2c, 0x1f, 0x2c, 0xff, 0x2b, 0x1f, 0x2c,
  0x1f, 0x2c, 0x1f, 0x2c, 0x1f, 0x2c, 0x1f, 0x2c, 0x1f, 0x24, 0xff, 0x2b, 0x1f, 0x2c, 0x1f, 0x2c,
  0x1f, 0x24, 0x1f, 0x2c, 0x1f, 0x2c, 0x1f, 0x2c, 0x1f, 0x2c, 0xff, 0x23, 0x1f, 0x2c, 0x1f, 0x2c,
  0x1f, 0x2c, 0xff, 0x2b, 0x1f, 0x2c, 0x1f, 0x2c, 0x1f, 0x24, 0xff, 0x2b, 0x1f, 0x2c, 0x1f, 0x2c,
  0x1f, 0x24, 0x1f, 0x2c, 0x1f, 0x2c, 0xff, 0x23, 0x5f, 0x2c, 0x1f, 0x2c, 0x00, 0x00, 0xff, 0x43,
  0x1f, 0x04, 0x00, 0x00, 0xff, 0x2b, 0x1f, 0x2c, 0x1f, 0x2c, 0x1f, 0x2c, 0x1f, 0x24, 0x1f, 0x2c,
  0x1f, 0x2c, 0x1f, 0x2c, 0xff, 0x2b, 0x1f, 0x2c, 0x1f, 0x2c, 0x1f, 0x2c, 0x1f, 0x2c, 0x1f, 0x2c,
  0x1f, 0x2c, 0x1f, 0x2c, 0xff, 0x2b, 0x1f, 0x24, 0x1f, 0x2c, 0x1f, 0x2c, 0x1f, 0x2c, 0x1f, 0x24,
  0xff, 0x2b, 0x1f, 0x2c, 0x1f, 0x2c, 0x1f, 0x24, 0x1f, 0x2c, 0x1f, 0x2c, 0x1f, 0x2c, 0x1f, 0x2c,
  0x1f, 0x2c, 0xff, 0x2b, 0x1f, 0x24, 0x1f, 0x2c, 0x1f, 0x2c, 0x1f, 0x2c, 0x1f, 0x2c, 0x1f, 0x2c,
  0x1f, 0x2c, 0x1f, 0x2c, 0xff, 0x2b, 0x1f, 0x2c, 0x1f, 0x2c, 0x1f, 0x2c, 0xff, 0x23, 0xff, 0x2b,
  0xdf, 0x8d, 0xbf, 0xef, 0xff, 0xff, 0xff, 0xff, 0xdf, 0xf7, 0xff, 0xff, 0xdf, 0xf7, 0xff, 0xff,
  0xff, 0xff, 0xff, 0xff, 0xff, 0xff, 0xff, 0xff, 0xff, 0xff, 0xff, 0xff, 0xff, 0xff, 0xff, 0xff,
  0xff, 0xff, 0xff, 0xf7, 0xff, 0xff, 0xdf, 0xf7, 0xff, 0xff, 0xff, 0xff, 0xbf, 0xef, 0xdf, 0x8d,
  0xff, 0x23, 0xff, 0x23, 0x3f, 0x2c, 0x1f, 0x2c, 0x1f, 0x2c, 0x1f, 0x2c, 0x1f, 0x2c, 0xff, 0x2b,
  0x1f, 0x2c, 0x1f, 0x2c, 0xff, 0x2b, 0x1f, 0x2c, 0x1f, 0x2c, 0x1f, 0x2c, 0x1f, 0x24, 0x1f, 0x2c,
  0x1f, 0x2c, 0xff, 0x2b, 0x1f, 0x24, 0x1f, 0x2c, 0x1f, 0x2c, 0x1f, 0x2c, 0x1f, 0x2c, 0x1f, 0x2c,
  0x1f, 0x2c, 0x1f, 0x2c, 0x1f, 0x2c, 0x1f, 0x24, 0x1f, 0x2c, 0x1f, 0x2c, 0x1f, 0x2c, 0x1f, 0x2c,
  0x1f, 0x2c, 0x1f, 0x2c, 0x1f, 0x24, 0x1f, 0x2c, 0x1f, 0x2c, 0x1f, 0x2c, 0x1f, 0x24, 0x1f, 0x2c,
  0xff, 0x2b, 0x1f, 0x2c, 0x1f, 0x2c, 0x1f, 0x2c, 0x1f, 0x2c, 0xff, 0x2b, 0x00, 0x00, 0x1f, 0x04,
  0x00, 0x00, 0xff, 0x03, 0x00, 0x00, 0x1f, 0x2c, 0x5f, 0x2c, 0xff, 0x2b, 0x1f, 0x2c, 0x1f, 0x2c,
  0x1f, 0x24, 0x1f, 0x2c, 0x1f, 0x2c, 0x1f, 0x2c, 0x1f, 0x24, 0x1f, 0x2c, 0x1f, 0x2c, 0xff, 0x23,
  0x1f, 0x2c, 0x1f, 0x2c, 0x1f, 0x2c, 0x1f, 0x2c, 0x1f, 0x2c, 0x1f, 0x2c, 0x1f, 0x2c, 0x1f, 0x2c,
  0x1f, 0x2c, 0x1f, 0x24, 0x1f, 0x2c, 0xff, 0x2b, 0x1f, 0x2c, 0x1f, 0x2c, 0x1f, 0x2c, 0xff, 0x23,
  0x1f, 0x2c, 0x1f, 0x2c, 0x1f, 0x2c, 0x1f, 0x2c, 0xff, 0x2b, 0x1f, 0x2c, 0x1f, 0x2c, 0x1f, 0x24,
  0xff, 0x2b, 0x1f, 0x2c, 0x1f, 0x2c, 0x1f, 0x24, 0x1f, 0x2c, 0x1f, 0x2c, 0x1f, 0x2c, 0x1f, 0x2c,
  0xdf, 0x1b, 0x7f, 0x44, 0x3f, 0x9e, 0xbf, 0xef, 0xff, 0xff, 0xff, 0xff, 0xff, 0xff, 0xff, 0xff,
  0xdf, 0xf7, 0xdf, 0xf7, 0xff, 0xff, 0xdf, 0xff, 0xdf, 0xf7, 0xff, 0xff, 0xdf, 0xf7, 0xdf, 0xf7,
  0xff, 0xff, 0xff, 0xff, 0xff, 0xff, 0xff, 0xff, 0xbf, 0xef, 0x5f, 0xa6, 0x7f, 0x44, 0xdf, 0x1b,
  0x1f, 0x2c, 0x1f, 0x2c, 0x1f, 0x2c, 0x1f, 0x2c, 0x1f, 0x2c, 0xff, 0x23, 0x1f, 0x2c, 0x1f, 0x2c,
  0x1f, 0x2c, 0x1f, 0x24, 0x1f, 0x2c, 0x1f, 0x2c, 0x1f, 0x2c, 0xff, 0x2b, 0x1f, 0x2c, 0x1f, 0x2c,
  0x1f, 0x2c, 0x1f, 0x2c, 0x1f, 0x2c, 0xff, 0x2b, 0x1f, 0x2c, 0x1f, 0x2c, 0x1f, 0x24, 0x1f, 0x2c,
  0xff, 0x2b, 0x1f, 0x2c, 0x1f, 0x2c, 0xff, 0x2b, 0x1f, 0x2c, 0x1f, 0x2c, 0x1f, 0x2c, 0xff, 0x23,
  0x1f, 0x2c, 0x1f, 0x2c, 0x1f, 0x2c, 0xff, 0x2b, 0x1f, 0x2c, 0x1f, 0x2c, 0x1f, 0x2c, 0x1f, 0x2c,
  0x1f, 0x2c, 0x1f, 0x2c, 0x1f, 0x2c, 0x3f, 0x2c, 0x1f, 0x2c, 0x00, 0x00, 0xff, 0x03, 0x00, 0x00,
  0x00, 0x00, 0x1f, 0x44, 0x00, 0x00, 0xff, 0x2b, 0x5f, 0x2c, 0x1f, 0x2c, 0x1f, 0x2c, 0x1f, 0x2c,
  0xff, 0x2b, 0x1f, 0x2c, 0x1f, 0x2c, 0x1f, 0x2c, 0x1f, 0x2c, 0xff, 0x2b, 0x1f, 0x2c, 0x1f, 0x2c,
  0x1f, 0x2c, 0x1f, 0x2c, 0x1f, 0x24, 0x1f, 0x2c, 0x1f, 0x2c, 0xff, 0x2b, 0x1f, 0x24, 0x1f, 0x2c,
  0x1f, 0x2c, 0xff, 0x2b, 0x1f, 0x2c, 0x1f, 0x2c, 0x1f, 0x2c, 0x1f, 0x2c, 0x1f, 0x2c, 0x1f, 0x2c,
  0x1f, 0x2c, 0x1f, 0x2c, 0x1f, 0x2c, 0x1f, 0x24, 0x1f, 0x2c, 0x1f, 0x2c, 0x1f, 0x2c, 0x1f, 0x2c,
  0x1f, 0x2c, 0x1f, 0x2c, 0x1f, 0x2c, 0x1f, 0x2c, 0x1f, 0x2c, 0x1f, 0x2c, 0x1f, 0x2c, 0x1f, 0x2c,
  0x1f, 0x2c, 0xff, 0x23, 0xdf, 0x1b, 0x7f, 0x3c, 0xbf, 0x85, 0xff, 0xc6, 0xbf, 0xf7, 0xff, 0xff,
  0xff, 0xff, 0xff, 0xff, 0xff, 0xff, 0xff, 0xff, 0xff, 0xff, 0xff, 0xff, 0xff, 0xff, 0xff, 0xff,
  0xff, 0xff, 0xbf, 0xf7, 0xff, 0xc6, 0x9f, 0x85, 0x7f, 0x3c, 0xdf, 0x1b, 0xff, 0x23, 0x1f, 0x2c,
  0x1f, 0x2c, 0x1f, 0x2c, 0x1f, 0x2c, 0xff, 0x2b, 0x1f, 0x2c, 0x1f, 0x2c, 0x1f, 0x2c, 0x1f, 0x2c,
  0x1f, 0x2c, 0x1f, 0x2c, 0x1f, 0x2c, 0x1f, 0x2c, 0x1f, 0x24, 0x1f, 0x2c, 0x1f, 0x2c, 0x1f, 0x2c,
  0x1f, 0x24, 0x1f, 0x2c, 0x1f, 0x2c, 0x1f, 0x2c, 0x1f, 0x2c, 0x1f, 0x2c, 0xff, 0x2b, 0x1f, 0x2c,
  0x1f, 0x2c, 0x1f, 0x24, 0x1f, 0x2c, 0x1f, 0x2c, 0x1f, 0x2c, 0x1f, 0x24, 0x1f, 0x2c, 0x1f, 0x2c,
  0x1f, 0x2c, 0x1f, 0x2c, 0x1f, 0x2c, 0x1f, 0x2c, 0x1f, 0x2c, 0x1f, 0x2c, 0xff, 0x2b, 0x1f, 0x2c,
  0x1f, 0x2c, 0x1f, 0x24, 0xff, 0x2b, 0x5f, 0x2c, 0x1f, 0x2c, 0x00, 0x00, 0x1f, 0x44, 0x00, 0x00,
  0x00, 0x00, 0xff, 0x07, 0x00, 0x00, 0x3f, 0x24, 0x1f, 0x2c, 0x1f, 0x2c, 0xff, 0x23, 0x1f, 0x2c,
  0x1f, 0x2c, 0x1f, 0x2c, 0x1f, 0x24, 0xff, 0x2b, 0x1f, 0x2c, 0x1f, 0x24, 0x1f, 0x2c, 0x1f, 0x2c,
  0x1f, 0x2c, 0x1f, 0x2c, 0xff, 0x2b, 0x1f, 0x2c, 0x1f, 0x2c, 0x1f, 0x2c, 0x1f, 0x2c, 0x1f, 0x2c,
  0x1f, 0x2c, 0x1f, 0x2c, 0x1f, 0x2c, 0x1f, 0x2c, 0x1f, 0x24, 0xff, 0x2b, 0x1f, 0x2c, 0x1f, 0x2c,
  0x1f, 0x24, 0xff, 0x2b, 0x1f, 0x2c, 0x1f, 0x2c, 0x1f, 0x2c, 0x1f, 0x24, 0xff, 0x2b, 0x1f, 0x2c,
  0x1f, 0x2c, 0x1f, 0x24, 0x1f, 0x2c, 0x1f, 0x2c, 0xff, 0x2b, 0x1f, 0x2c, 0x1f, 0x2c, 0x1f, 0x2c,
  0x1f, 0x2c, 0x1f, 0x2c, 0x1f, 0x2c, 0xff, 0x2b, 0xdf, 0x1b, 0xff, 0x23, 0x7f, 0x3c, 0x3f, 0x6d,
  0xdf, 0x8d, 0xbf, 0xbe, 0xff, 0xff, 0xff, 0xff, 0xff, 0xff, 0xff, 0xff, 0xbf, 0xbe, 0xdf, 0x8d,
  0x3f, 0x65, 0x7f, 0x44, 0xff, 0x23, 0xdf, 0x1b, 0xff, 0x23, 0x1f, 0x2c, 0x1f, 0x2c, 0x1f, 0x2c,
  0x1f, 0x2c, 0x1f, 0x2c, 0x1f, 0x2c, 0x1f, 0x2c, 0x1f, 0x2c, 0x1f, 0x2c, 0x1f, 0x24, 0x1f, 0x2c,
  0x1f, 0x2c, 0xff, 0x2b, 0x1f, 0x24, 0x1f, 0x2c, 0xff, 0x2b, 0x1f, 0x2c, 0x1f, 0x2c, 0xff, 0x2b,
  0x1f, 0x2c, 0x1f, 0x2c, 0xff, 0x2b, 0x1f, 0x24, 0x1f, 0x2c, 0x1f, 0x2c, 0x1f, 0x2c, 0x1f, 0x24,
  0x1f, 0x2c, 0x1f, 0x2c, 0x1f, 0x2c, 0x1f, 0x2c, 0xff, 0x2b, 0x1f, 0x2c, 0x1f, 0x2c, 0x1f, 0x2c,
  0xff, 0x2b, 0x1f, 0x24, 0x1f, 0x2c, 0x1f, 0x2c, 0xff, 0x23, 0x1f, 0x2c, 0x1f, 0x2c, 0x1f, 0x24,
  0x1f, 0x2c, 0xff, 0x2b, 0x3f, 0x2c, 0x1f, 0x2c, 0xff, 0x23, 0x00, 0x00, 0xff, 0x07, 0x00, 0x00,
  0x00, 0x00, 0x00, 0x00, 0x5f, 0x55, 0x00, 0x00, 0x1f, 0x2c, 0x5f, 0x2c, 0x1f, 0x2c, 0x1f, 0x2c,
  0x1f, 0x2c, 0x1f, 0x2c, 0x1f, 0x2c, 0x1f, 0x2c, 0x1f, 0x2c, 0x1f, 0x2c, 0x1f, 0x2c, 0x1f, 0x2c,
  0xff, 0x23, 0x1f, 0x2c, 0x1f, 0x2c, 0x1f, 0x2c, 0x1f, 0x24, 0x1f, 0x2c, 0x1f, 0x2c, 0xff, 0x2b,
  0x1f, 0x24, 0x1f, 0x2c, 0x1f, 0x2c, 0x1f, 0x2c, 0x1f, 0x2c, 0x1f, 0x2c, 0x1f, 0x24, 0x1f, 0x2c,
  0x1f, 0x2c, 0x1f, 0x2c, 0x1f, 0x2c, 0x1f, 0x2c, 0xff, 0x2b, 0x1f, 0x2c, 0x1f, 0x2c, 0x1f, 0x2c,
  0x1f, 0x2c, 0xff, 0x2b, 0x1f, 0x2c, 0x1f, 0x2c, 0x1f, 0x24, 0x1f, 0x2c, 0x1f, 0x2c, 0x1f, 0x24,
  0x1f, 0x2c, 0x1f, 0x2c, 0x1f, 0x2c, 0x1f, 0x2c, 0x1f, 0x2c, 0x1f, 0x2c, 0xff, 0x23, 0xff, 0x23,
  0x9f, 0x13, 0x9f, 0x44, 0xff, 0xff, 0xff, 0xff, 0xff, 0xff, 0xff, 0xff, 0x9f, 0x44, 0x9f, 0x13,
  0xdf, 0x23, 0xff, 0x23, 0x1f, 0x2c, 0x1f, 0x2c, 0x1f, 0x2c, 0x1f, 0x2c, 0x1f, 0x2c, 0x1f, 0x2c,
  0x1f, 0x2c, 0x1f, 0x2c, 0x1f, 0x2c, 0x1f, 0x24, 0x1f, 0x2c, 0x1f, 0x2c, 0x1f, 0x2c, 0xff, 0x2b,
  0x1f, 0x2c, 0x1f, 0x2c, 0x1f, 0x2c, 0x1f, 0x2c, 0x1f, 0x2c, 0x1f, 0x2c, 0x1f, 0x24, 0x1f, 0x2c,
  0x1f, 0x2c, 0x1f, 0x24, 0x1f, 0x2c, 0x1f, 0x2c, 0x1f, 0x2c, 0x1f, 0x24, 0x1f, 0x2c, 0x1f, 0x2c,
  0x1f, 0x2c, 0xff, 0x2b, 0x1f, 0x2c, 0x1f, 0x24, 0x1f, 0x2c, 0x1f, 0x2c, 0x1f, 0x2c, 0x1f, 0x2c,
  0x1f, 0x2c, 0x1f, 0x2c, 0x1f, 0x2c, 0x1f, 0x2c, 0x1f, 0x2c, 0x1f, 0x2c, 0x1f, 0x2c, 0x1f, 0x2c,
  0x1f, 0x2c, 0x1f, 0x2c, 0x5f, 0x2c, 0x1f, 0x2c, 0x00, 0x00, 0x5f, 0x55, 0x00, 0x00, 0x00, 0x00,
  0x00, 0x00, 0x00, 0x00, 0xbf, 0x02, 0x00, 0x00, 0x1f, 0x2c, 0x1f, 0x2c, 0x1f, 0x2c, 0x1f, 0x24,
  0x1f, 0x2c, 0x1f, 0x2c, 0xff, 0x2b, 0x1f, 0x24, 0x1f, 0x2c, 0x1f, 0x2c, 0xff, 0x2b, 0x1f, 0x2c,
  0x1f, 0x2c, 0x1f, 0x2c, 0x1f, 0x2c, 0x1f, 0x2c, 0x1f, 0x2c, 0xff, 0x2b, 0x1f, 0x2c, 0x1f, 0x2c,
  0x1f, 0x2c, 0x1f, 0x2c, 0xff, 0x23, 0x1f, 0x2c, 0x1f, 0x2c, 0x1f, 0x2c, 0xff, 0x2b, 0x1f, 0x2c,
  0x1f, 0x2c, 0x1f, 0x2c, 0xff, 0x23, 0x1f, 0x2c, 0x1f, 0x2c, 0x1f, 0x2c, 0x1f, 0x24, 0x1f, 0x2c,
  0x1f, 0x2c, 0x1f, 0x2c, 0x1f, 0x24, 0x1f, 0x2c, 0x1f, 0x2c, 0x1f, 0x2c, 0xff, 0x2b, 0x1f, 0x2c,
  0x1f, 0x2c, 0x1f, 0x2c, 0x1f, 0x2c, 0x1f, 0x2c, 0x1f, 0x2c, 0x1f, 0x2c, 0x1f, 0x2c, 0x3f, 0x2c,
  0xff, 0x23, 0xdf, 0x54, 0xff, 0xff, 0xff, 0xff, 0xff, 0xff, 0xff, 0xff, 0xdf, 0x54, 0xff, 0x23,
  0x3f, 0x2c, 0x1f, 0x2c, 0x1f, 0x2c, 0x1f, 0x2c, 0x1f, 0x2c, 0x1f, 0x2c, 0x1f, 0x2c, 0x1f, 0x2c,
  0x1f, 0x2c, 0xff, 0x23, 0x1f, 0x2c, 0x1f, 0x2c, 0xff, 0x2b, 0x1f, 0x2c, 0x1f, 0x2c, 0x1f, 0x24,
  0x1f, 0x2c, 0x1f, 0x2c, 0x1f, 0x2c, 0x1f, 0x2c, 0x1f, 0x24, 0x1f, 0x2c, 0x1f, 0x2c, 0x1f, 0x2c,
  0x1f, 0x2c, 0x1f, 0x2c, 0x1f, 0x2c, 0x1f, 0x2c, 0xff, 0x2b, 0x1f, 0x2c, 0x1f, 0x2c, 0xff, 0x2b,
  0x1f, 0x2c, 0x1f, 0x2c, 0x1f, 0x2c, 0x1f, 0x2c, 0x1f, 0x2c, 0x1f, 0x2c, 0xff, 0x23, 0x1f, 0x2c,
  0x1f, 0x2c, 0x1f, 0x2c, 0xff, 0x23, 0x1f, 0x2c, 0x1f, 0x2c, 0x1f, 0x24, 0x1f, 0x2c, 0xff, 0x2b,
  0x1f, 0x2c, 0xff, 0x23, 0x3f, 0x2c, 0xff, 0x2b, 0x00, 0x00, 0x5f, 0x05, 0x00, 0x00, 0x00, 0x00,
  0x00, 0x00, 0x00, 0x00, 0x00, 0x00, 0xff, 0x03, 0x00, 0x00, 0x1f, 0x2c, 0x5f, 0x2c, 0xff, 0x2b,
  0x1f, 0x2c, 0x1f, 0x24, 0x1f, 0x2c, 0x1f, 0x2c, 0x1f, 0x2c, 0x1f, 0x2c, 0x1f, 0x24, 0x1f, 0x2c,
  0x1f, 0x2c, 0x1f, 0x24, 0x1f, 0x2c, 0xff, 0x2b, 0x1f, 0x24, 0x1f, 0x2c, 0x1f, 0x2c, 0x1f, 0x24,
  0x1f, 0x2c, 0x1f, 0x2c, 0x1f, 0x2c, 0x1f, 0x2c, 0x1f, 0x2c, 0x1f, 0x2c, 0x1f, 0x2c, 0x1f, 0x2c,
  0x1f, 0x24, 0x1f, 0x2c, 0x1f, 0x2c, 0x1f, 0x2c, 0x1f, 0x2c, 0x1f, 0x2c, 0x1f, 0x2c, 0xff, 0x2b,
  0x1f, 0x24, 0x1f, 0x2c, 0x1f, 0x2c, 0xff, 0x2b, 0x1f, 0x2c, 0x1f, 0x2c, 0x1f, 0x24, 0x1f, 0x2c,
  0x1f, 0x2c, 0x1f, 0x2c, 0x1f, 0x24, 0x1f, 0x2c, 0x1f, 0x2c, 0x1f, 0x2c, 0x1f, 0x2c, 0x1f, 0x2c,
  0xdf, 0x23, 0xdf, 0x54, 0xff, 0xff, 0xff, 0xff, 0xdf, 0xff, 0xff, 0xff, 0xdf, 0x54, 0xdf, 0x23,
  0x1f, 0x2c, 0x1f, 0x2c, 0x1f, 0x2c, 0x1f, 0x2c, 0x1f, 0x2c, 0x1f, 0x2c, 0x1f, 0x2c, 0x1f, 0x2c,
  0x1f, 0x2c, 0x1f, 0x2c, 0x1f, 0x2c, 0x1f, 0x2c, 0x1f, 0x2c, 0x1f, 0x24, 0x1f, 0x2c, 0x1f, 0x2c,
  0x1f, 0x2c, 0xff, 0x2b, 0x1f, 0x24, 0x1f, 0x2c, 0xff, 0x2b, 0x1f, 0x2c, 0x1f, 0x2c, 0xff, 0x2b,
  0x1f, 0x2c, 0xff, 0x2b, 0x1f, 0x2c, 0x1f, 0x2c, 0x1f, 0x2c, 0x1f, 0x2c, 0x1f, 0x2c, 0x1f, 0x2c,
  0x1f, 0x24, 0x1f, 0x2c, 0x1f, 0x2c, 0xff, 0x2b, 0x1f, 0x24, 0x1f, 0x2c, 0x1f, 0x2c, 0x1f, 0x2c,
  0x1f, 0x24, 0x1f, 0x2c, 0x1f, 0x2c, 0x1f, 0x2c, 0x1f, 0x2c, 0xff, 0x2b, 0x1f, 0x2c, 0x1f, 0x2c,
  0x1f, 0x24, 0x3f, 0x2c, 0x1f, 0x2c, 0xff, 0x07, 0xff, 0x03, 0x00, 0x00, 0x00, 0x00, 0x00, 0x00,
  0x00, 0x00, 0x00, 0x00, 0x00, 0x00, 0x5f, 0x05, 0x00, 0x00, 0x1f, 0x2c, 0x3f, 0x2c, 0x1f, 0x2c,
  0x1f, 0x2c, 0x1f, 0x2c, 0x1f, 0x2c, 0x1f, 0x2c, 0xff, 0x2b, 0x1f, 0x2c, 0x1f, 0x2c, 0x1f, 0x2c,
  0x1f, 0x2c, 0xff, 0x2b, 0x1f, 0x2c, 0x1f, 0x2c, 0x1f, 0x2c, 0x1f, 0x2c, 0x1f, 0x2c, 0x1f, 0x2c,
  0xff, 0x2b, 0x1f, 0x2c, 0x1f, 0x2c, 0x1f, 0x2c, 0xff, 0x23, 0x1f, 0x2c, 0x1f, 0x2c, 0x1f, 0x2c,
  0xff, 0x2b, 0x1f, 0x2c, 0x1f, 0x2c, 0x1f, 0x2c, 0x1f, 0x24, 0xff, 0x2b, 0x1f, 0x2c, 0x1f, 0x2c,
  0x1f, 0x2c, 0x1f, 0x2c, 0x1f, 0x2c, 0x1f, 0x2c, 0x1f, 0x2c, 0x1f, 0x2c, 0x1f, 0x2c, 0x1f, 0x2c,
  0xff, 0x2b, 0x1f, 0x2c, 0x1f, 0x2c, 0xff, 0x2b, 0x1f, 0x2c, 0x1f, 0x24, 0x1f, 0x2c, 0x1f, 0x2c,
  0xdf, 0x23, 0xdf, 0x54, 0xff, 0xff, 0xff, 0xff, 0xff, 0xff, 0xff, 0xff, 0xdf, 0x54, 0xdf, 0x23,
  0x1f, 0x2c, 0x1f, 0x2c, 0x1f, 0x2c, 0x1f, 0x2c, 0x1f, 0x2c, 0x1f, 0x2c, 0xff, 0x23, 0x1f, 0x2c,
  0x1f, 0x2c, 0x1f, 0x2c, 0xff, 0x2b, 0x1f, 0x24, 0x1f, 0x2c, 0x1f, 0x2c, 0xff, 0x2b, 0x1f, 0x2c,
  0x1f, 0x2c, 0x1f, 0x2c, 0x1f, 0x2c, 0x1f, 0x2c, 0x1f, 0x2c, 0x1f, 0x2c, 0x1f, 0x2c, 0x1f, 0x24,
  0x1f, 0x2c, 0x1f, 0x2c, 0x1f, 0x24, 0x1f, 0x2c, 0x1f, 0x24, 0xff, 0x2b, 0x1f, 0x2c, 0x1f, 0x2c,
  0x1f, 0x2c, 0x1f, 0x2c, 0x1f, 0x24, 0x1f, 0x2c, 0x1f, 0x2c, 0x1f, 0x2c, 0x1f, 0x2c, 0xff, 0x2b,
  0x1f, 0x2c, 0x1f, 0x2c, 0x1f, 0x2c, 0xff, 0x2b, 0x1f, 0x2c, 0x1f, 0x2c, 0x1f, 0x24, 0x1f, 0x2c,
  0x1f, 0x2c, 0x3f, 0x2c, 0x1f, 0x2c, 0x00, 0x00, 0x5f, 0x55, 0x00, 0x00, 0x00, 0x00, 0x00, 0x00,
  0x00, 0x00, 0x00, 0x00, 0x00, 0x00, 0x00, 0x00, 0xff, 0x07, 0xbf, 0x02, 0x1f, 0x24, 0x3f, 0x2c,
  0x1f, 0x2c, 0x1f, 0x2c, 0xff, 0x2b, 0x1f, 0x24, 0x1f, 0x2c, 0x1f, 0x2c, 0x1f, 0x2c, 0x1f, 0x24,
  0x1f, 0x2c, 0x1f, 0x2c, 0x1f, 0x2c, 0x1f, 0x2c, 0x1f, 0x2c, 0x1f, 0x24, 0xff, 0x2b, 0x1f, 0x2c,
  0x1f, 0x2c, 0x1f, 0x24, 0x1f, 0x2c, 0x1f, 0x2c, 0x1f, 0x2c, 0x1f, 0x2c, 0x1f, 0x24, 0x1f, 0x2c,
  0x1f, 0x2c, 0x1f, 0x2c, 0x1f, 0x24, 0xff, 0x2b, 0x1f, 0x2c, 0x1f, 0x2c, 0x1f, 0x2c, 0x1f, 0x2c,
  0x1f, 0x2c, 0x1f, 0x2c, 0xff, 0x2b, 0x1f, 0x24, 0x1f, 0x2c, 0x1f, 0x2c, 0xff, 0x2b, 0x1f, 0x2c,
  0x3f, 0x2c, 0x1f, 0x2c, 0x1f, 0x2c, 0x3f, 0x2c, 0x1f, 0x2c, 0x1f, 0x2c, 0x1f, 0x2c, 0x3f, 0x34,
  0xff, 0x23, 0xdf, 0x54, 0xff, 0xff, 0xff, 0xff, 0xdf, 0xff, 0xff, 0xff, 0xdf, 0x54, 0xff, 0x23,
  0x3f, 0x2c, 0x1f, 0x2c, 0x1f, 0x2c, 0x1f, 0x2c, 0x1f, 0x2c, 0x1f, 0x2c, 0x3f, 0x2c, 0x1f, 0x2c,
  0x1f, 0x2c, 0x1f, 0x2c, 0x1f, 0x2c, 0x1f, 0x2c, 0x1f, 0x2c, 0x1f, 0x2c, 0x1f, 0x2c, 0x1f, 0x2c,
  0x1f, 0x24, 0x1f, 0x2c, 0x1f, 0x2c, 0xff, 0x2b, 0x1f, 0x24, 0x1f, 0x2c, 0x1f, 0x2c, 0x1f, 0x2c,
  0x1f, 0x2c, 0x1f, 0x2c, 0x1f, 0x2c, 0xff, 0x2b, 0x1f, 0x2c, 0x1f, 0x2c, 0x1f, 0x24, 0x1f, 0x2c,
  0xff, 0x2b, 0x1f, 0x2c, 0x1f, 0x2c, 0x1f, 0x2c, 0xff, 0x2b, 0x1f, 0x2c, 0x1f, 0x2c, 0x1f, 0x2c,
  0x1f, 0x2c, 0x1f, 0x2c, 0x1f, 0x24, 0x1f, 0x2c, 0x1f, 0x2c, 0x1f, 0x2c, 0x1f, 0x2c, 0x1f, 0x2c,
  0x3f, 0x2c, 0x1f, 0x2c, 0xff, 0x3b, 0xff, 0x07, 0x00, 0x00, 0x00, 0x00, 0x00, 0x00, 0x00, 0x00,
  0x00, 0x00, 0x00, 0x00, 0x00, 0x00, 0x00, 0x00, 0x5f, 0x55, 0x00, 0x00, 0x1f, 0x2c, 0x5f, 0x2c,
  0xff, 0x2b, 0x1f, 0x24, 0x1f, 0x2c, 0x1f, 0x2c, 0x1f, 0x2c, 0x1f, 0x2c, 0xff, 0x2b, 0x1f, 0x2c,
  0x1f, 0x2c, 0x1f, 0x2c, 0x1f, 0x24, 0x1f, 0x2c, 0xff, 0x2b, 0x1f, 0x2c, 0x1f, 0x2c, 0x1f, 0x2c,
  0x1f, 0x2c, 0x1f, 0x2c, 0xff, 0x2b, 0x1f, 0x2c, 0x1f, 0x2c, 0x1f, 0x2c, 0xff, 0x2b, 0x1f, 0x2c,
  0x1f, 0x2c, 0x1f, 0x2c, 0x1f, 0x2c, 0x1f, 0x2c, 0x1f, 0x2c, 0x1f, 0x2c, 0x1f, 0x24, 0x1f, 0x2c,
  0xff, 0x2b, 0x1f, 0x24, 0x1f, 0x2c, 0x1f, 0x2c, 0x1f, 0x2c, 0x1f, 0x2c, 0x1f, 0x2c, 0xff, 0x23,
  0xdf, 0x1b, 0xdf, 0x1b, 0xdf, 0x1b, 0xbf, 0x1b, 0xdf, 0x1b, 0xdf, 0x1b, 0xdf, 0x1b, 0xdf, 0x1b,
  0x9f, 0x13, 0x9f, 0x4c, 0xff, 0xff, 0xff, 0xff, 0xff, 0xf7, 0xff, 0xff, 0x9f, 0x4c, 0x9f, 0x13,
  0xdf, 0x1b, 0xdf, 0x1b, 0xdf, 0x1b, 0xdf, 0x1b, 0xdf, 0x1b, 0xdf, 0x1b, 0xbf, 0x1b, 0xdf, 0x1b,
  0xff, 0x2b, 0x1f, 0x2c, 0x1f, 0x24, 0x1f, 0x2c, 0xff, 0x2b, 0x1f, 0x2c, 0x1f, 0x24, 0x1f, 0x2c,
  0xff, 0x2b, 0x1f, 0x2c, 0x1f, 0x2c, 0x1f, 0x2c, 0x1f, 0x2c, 0x1f, 0x2c, 0xff, 0x2b, 0x1f, 0x2c,
  0x1f, 0x24, 0xff, 0x2b, 0x1f, 0x2c, 0x1f, 0x2c, 0x1f, 0x2c, 0x1f, 0x2c, 0x1f, 0x2c, 0x1f, 0x2c,
  0x1f, 0x2c, 0x1f, 0x2c, 0x1f, 0x2c, 0x1f, 0x2c, 0x1f, 0x2c, 0x1f, 0x24, 0x1f, 0x2c, 0x1f, 0x2c,
  0xff, 0x23, 0x1f, 0x2c, 0x1f, 0x2c, 0x1f, 0x2c, 0x1f, 0x2c, 0x1f, 0x24, 0xff, 0x2b, 0x1f, 0x2c,
  0x5f, 0x2c, 0x1f, 0x2c, 0x00, 0x00, 0x5f, 0x5d, 0x00, 0x00, 0x00, 0x00, 0x00, 0x00, 0x00, 0x00,
  0x00, 0x00, 0x00, 0x00, 0x00, 0x00, 0x00, 0x00, 0x00, 0x00, 0xff, 0x03, 0x1f, 0x00, 0x1f, 0x2c,
  0x3f, 0x2c, 0x1f, 0x2c, 0x1f, 0x2c, 0x1f, 0x2c, 0x1f, 0x2c, 0x1f, 0x24, 0x1f, 0x2c, 0x1f, 0x2c,
  0x1f, 0x2c, 0xff, 0x2b, 0x1f, 0x2c, 0x1f, 0x2c, 0x1f, 0x2c, 0x1f, 0x2c, 0x1f, 0x24, 0x1f, 0x2c,
  0x1f, 0x2c, 0x1f, 0x2c, 0x1f, 0x24, 0x1f, 0x2c, 0x1f, 0x2c, 0x1f, 0x24, 0x1f, 0x2c, 0x1f, 0x2c,
  0x1f, 0x24, 0xff, 0x2b, 0x1f, 0x2c, 0x1f, 0x2c, 0x1f, 0x2c, 0x1f, 0x2c, 0xff, 0x2b, 0x1f, 0x2c,
  0x1f, 0x2c, 0x1f, 0x2c, 0x1f, 0x2c, 0x1f, 0x2c, 0x1f, 0x2c, 0x1f, 0x2c, 0xff, 0x23, 0x5f, 0x3c,
  0x9f, 0x7d, 0x9f, 0x85, 0xbf, 0x85, 0xbf, 0x85, 0x9f, 0x85, 0xbf, 0x85, 0x9f, 0x85, 0xbf, 0x85,
  0x9f, 0x7d, 0x1f, 0x9e, 0xff, 0xff, 0xff, 0xff, 0xff, 0xff, 0xff, 0xff, 0x1f, 0x9e, 0x9f, 0x7d,
  0xbf, 0x85, 0xbf, 0x85, 0xbf, 0x85, 0x9f, 0x85, 0xbf, 0x85, 0xbf, 0x85, 0xbf, 0x85, 0x7f, 0x7d,
  0x5f, 0x34, 0xff, 0x23, 0x1f, 0x2c, 0x1f, 0x2c, 0x1f, 0x2c, 0x1f, 0x2c, 0x1f, 0x2c, 0x1f, 0x2c,
  0x1f, 0x2c, 0x1f, 0x2c, 0x1f, 0x24, 0x1f, 0x2c, 0x1f, 0x2c, 0x1f, 0x2c, 0x1f, 0x24, 0x1f, 0x2c,
  0x1f, 0x2c, 0x1f, 0x2c, 0x1f, 0x2c, 0x1f, 0x24, 0x1f, 0x2c, 0x1f, 0x2c, 0xff, 0x2b, 0x1f, 0x24,
  0x1f, 0x2c, 0x1f, 0x2c, 0xff, 0x23, 0x1f, 0x2c, 0x1f, 0x2c, 0x1f, 0x2c, 0xff, 0x2b, 0x1f, 0x2c,
  0x1f, 0x2c, 0x1f, 0x2c, 0x1f, 0x2c, 0xff, 0x2b, 0x1f, 0x2c, 0x1f, 0x2c, 0x1f, 0x2c, 0x3f, 0x2c,
  0xff, 0x2b, 0x5f, 0x55, 0x1f, 0x84, 0x00, 0x00, 0x00, 0x00, 0x00, 0x00, 0x00, 0x00, 0x00, 0x00,
  0x00, 0x00, 0x00, 0x00, 0x00, 0x00, 0x00, 0x00, 0x00, 0x00, 0x5f, 0x05, 0x00, 0x00, 0xff, 0x2b,
  0x3f, 0x2c, 0x1f, 0x2c, 0x1f, 0x2c, 0x1f, 0x2c, 0xff, 0x2b, 0x1f, 0x2c, 0x1f, 0x2c, 0x1f, 0x2c,
  0x1f, 0x24, 0x1f, 0x2c, 0x1f, 0x2c, 0x1f, 0x24, 0x1f, 0x2c, 0x1f, 0x2c, 0x1f, 0x2c, 0x1f, 0x2c,
  0xff, 0x2b, 0x1f, 0x2c, 0x1f, 0x2c, 0x1f, 0x2c, 0xff, 0x2b, 0x1f, 0x2c, 0x1f, 0x2c, 0x1f, 0x2c,
  0x1f, 0x2c, 0x1f, 0x2c, 0x1f, 0x2c, 0x1f, 0x24, 0xff, 0x2b, 0x1f, 0x2c, 0x1f, 0x2c, 0x1f, 0x24,
  0x1f, 0x2c, 0x1f, 0x2c, 0x1f, 0x2c, 0xff, 0x23, 0x1f, 0x2c, 0xff, 0x23, 0x5f, 0x34, 0x3f, 0xd7,
  0xff, 0xff, 0xff, 0xff, 0xff, 0xff, 0xff, 0xff, 0xff, 0xff, 0xff, 0xff, 0xff, 0xff, 0xff, 0xff,
  0xff, 0xff, 0xff, 0xff, 0xff, 0xff, 0xff, 0xff, 0xff, 0xff, 0xff, 0xff, 0xff, 0xff, 0xff, 0xff,
  0xff, 0xff, 0xff, 0xff, 0xff, 0xff, 0xff, 0xff, 0xff, 0xff, 0xff, 0xff, 0xff, 0xff, 0xff, 0xff,
  0x5f, 0xd7, 0x5f, 0x3c, 0xff, 0x23, 0x1f, 0x2c, 0x1f, 0x2c, 0x1f, 0x2c, 0x1f, 0x2c, 0xff, 0x2b,
  0x1f, 0x24, 0x1f, 0x2c, 0x1f, 0x2c, 0xff, 0x2b, 0x1f, 0x2c, 0x1f, 0x2c, 0x1f, 0x2c, 0xff, 0x2b,
  0x1f, 0x2c, 0x1f, 0x2c, 0x1f, 0x2c, 0x1f, 0x2c, 0xff, 0x2b, 0x1f, 0x2c, 0x1f, 0x2c, 0x1f, 0x2c,
  0x1f, 0x2c, 0x1f, 0x2c, 0x1f, 0x2c, 0x1f, 0x2c, 0x1f, 0x2c, 0x1f, 0x2c, 0x1f, 0x24, 0x1f, 0x2c,
  0x1f, 0x2c, 0x1f, 0x2c, 0x1f, 0x24, 0x1f, 0x2c, 0x1f, 0x2c, 0x1f, 0x2c, 0x1f, 0x2c, 0x3f, 0x2c,
  0x1f, 0x2c, 0x00, 0x00, 0x5f, 0x55, 0x00, 0x00, 0x00, 0x00, 0x00, 0x00, 0x00, 0x00, 0x00, 0x00,
  0x00, 0x00, 0x00, 0x00, 0x00, 0x00, 0x00, 0x00, 0x00, 0x00, 0x00, 0x00, 0x5f, 0x55, 0x00, 0x00,
  0x1f, 0x2c, 0x5f, 0x2c, 0xff, 0x23, 0x1f, 0x2c, 0x1f, 0x2c, 0x1f, 0x2c, 0x1f, 0x24, 0xff, 0x2b,
  0x1f, 0x2c, 0x1f, 0x2c, 0x1f, 0x2c, 0xff, 0x2b, 0x1f, 0x2c, 0x1f, 0x2c, 0xff, 0x2b, 0x1f, 0x24,
  0x1f, 0x2c, 0x1f, 0x2c, 0x1f, 0x2c, 0x1f, 0x24, 0x1f, 0x2c, 0x1f, 0x2c, 0x1f, 0x2c, 0xff, 0x2b,
  0x1f, 0x2c, 0x1f, 0x24, 0x1f, 0x2c, 0x1f, 0x2c, 0x1f, 0x2c, 0x1f, 0x24, 0x1f, 0x2c, 0x1f, 0x2c,
  0x1f, 0x2c, 0x1f, 0x2c, 0x1f, 0x2c, 0x1f, 0x2c, 0x1f, 0x2c, 0xdf, 0x1b, 0x7f, 0x75, 0xff, 0xff,
  0xdf, 0xf7, 0xdf, 0xf7, 0xdf, 0xf7, 0xdf, 0xf7, 0xdf, 0xf7, 0xff, 0xf7, 0xdf, 0xf7, 0xdf, 0xff,
  0xdf, 0xf7, 0xff, 0xf7, 0xff, 0xff, 0xdf, 0xff, 0xff, 0xff, 0xff, 0xff, 0xdf, 0xf7, 0xdf, 0xf7,
  0xdf, 0xff, 0xdf, 0xf7, 0xdf, 0xf7, 0xdf, 0xf7, 0xdf, 0xf7, 0xdf, 0xf7, 0xdf, 0xff, 0xdf, 0xf7,
  0xff, 0xff, 0x7f, 0x75, 0xdf, 0x1b, 0x1f, 0x2c, 0x1f, 0x2c, 0x1f, 0x2c, 0x1f, 0x24, 0x1f, 0x2c,
  0x1f, 0x2c, 0x1f, 0x2c, 0x1f, 0x2c, 0x1f, 0x2c, 0x1f, 0x24, 0xff, 0x2b, 0x1f, 0x2c, 0x1f, 0x2c,
  0x1f, 0x24, 0x1f, 0x2c, 0xff, 0x2b, 0x1f, 0x2c, 0x1f, 0x24, 0x1f, 0x2c, 0x1f, 0x2c, 0x1f, 0x2c,
  0x1f, 0x24, 0xff, 0x2b, 0x1f, 0x2c, 0x1f, 0x24, 0xff, 0x2b, 0x1f, 0x2c, 0x1f, 0x2c, 0x1f, 0x2c,
  0x1f, 0x2c, 0xff, 0x2b, 0x1f, 0x2c, 0x1f, 0x2c, 0x1f, 0x2c, 0xff, 0x23, 0x5f, 0x2c, 0xff, 0x2b,
  0x00, 0x00, 0xbf, 0x02, 0x00, 0x00, 0x00, 0x00, 0x00, 0x00, 0x00, 0x00, 0x00, 0x00, 0x00, 0x00,
  0x00, 0x00, 0x00, 0x00, 0x00, 0x00, 0x00, 0x00, 0x00, 0x00, 0x00, 0x00, 0xff, 0x03, 0xff, 0x07,
  0x1f, 0x2c, 0x1f, 0x2c, 0x1f, 0x2c, 0x1f, 0x2c, 0x1f, 0x2c, 0x1f, 0x2c, 0x1f, 0x2c, 0x1f, 0x2c,
  0x1f, 0x2c, 0x1f, 0x2c, 0x1f, 0x2c, 0x1f, 0x2c, 0x1f, 0x24, 0x1f, 0x2c, 0x1f, 0x2c, 0x1f, 0x2c,
  0x1f, 0x2c, 0x1f, 0x24, 0xff, 0x2b, 0x1f, 0x2c, 0x1f, 0x2c, 0x1f, 0x2c, 0x1f, 0x24, 0x1f, 0x2c,
  0x1f, 0x2c, 0x1f, 0x2c, 0xff, 0x2b, 0x1f, 0x2c, 0x1f, 0x2c, 0x1f, 0x2c, 0x1f, 0x2c, 0x1f, 0x2c,
  0xff, 0x2b, 0x1f, 0x24, 0x1f, 0x2c, 0x1f, 0x2c, 0x1f, 0x2c, 0xff, 0x23, 0xff, 0x5c, 0xff, 0xff,
  0xff, 0xff, 0xff, 0xff, 0xff, 0xff, 0xff, 0xff, 0xff, 0xff, 0xff, 0xff, 0xff, 0xff, 0xff, 0xff,
  0xff, 0xff, 0xff, 0xff, 0xff, 0xff, 0xff, 0xff, 0xff, 0xff, 0xff, 0xff, 0xff, 0xff, 0xff, 0xff,
  0xff, 0xff, 0xff, 0xff, 0xff, 0xff, 0xff, 0xff, 0xff, 0xff, 0xff, 0xff, 0xff, 0xff, 0xff, 0xff,
  0xff, 0xff, 0xff, 0x5c, 0xff, 0x23, 0x1f, 0x2c, 0x1f, 0x2c, 0x1f, 0x2c, 0x1f, 0x2c, 0x1f, 0x2c,
  0xff, 0x2b, 0x1f, 0x2c, 0x1f, 0x2c, 0x1f, 0x2c, 0x1f, 0x2c, 0x1f, 0x2c, 0x1f, 0x2c, 0x1f, 0x2c,
  0x1f, 0x2c, 0x1f, 0x2c, 0x1f, 0x2c, 0x1f, 0x2c, 0x1f, 0x2c, 0x1f, 0x2c, 0x1f, 0x24, 0xff, 0x2b,
  0x1f, 0x2c, 0x1f, 0x2c, 0x1f, 0x2c, 0x1f, 0x2c, 0x1f, 0x2c, 0x1f, 0x2c, 0x1f, 0x2c, 0xff, 0x23,
  0x1f, 0x2c, 0x1f, 0x2c, 0x1f, 0x2c, 0x1f, 0x24, 0xff, 0x2b, 0x1f, 0x2c, 0x3f, 0x2c, 0xff, 0x2b,
  0x1f, 0x00, 0xff, 0x03, 0x00, 0x00, 0x00, 0x00, 0x00, 0x00, 0x00, 0x00, 0x00, 0x00, 0x00, 0x00,
  0x00, 0x00, 0x00, 0x00, 0x00, 0x00, 0x00, 0x00, 0x00, 0x00, 0x00, 0x00, 0x00, 0x00, 0x5f, 0x55,
  0x00, 0x00, 0x1f, 0x2c, 0x5f, 0x2c, 0x1f, 0x2c, 0x1f, 0x24, 0x1f, 0x2c, 0xff, 0x2b, 0x1f, 0x2c,
  0x1f, 0x24, 0xff, 0x2b, 0x1f, 0x2c, 0x1f, 0x2c, 0x1f, 0x2c, 0x1f, 0x2c, 0x1f, 0x2c, 0x1f, 0x2c,
  0xff, 0x2b, 0x1f, 0x2c, 0x1f, 0x2c, 0x1f, 0x2c, 0x1f, 0x2c, 0xff, 0x2b, 0x1f, 0x2c, 0x1f, 0x2c,
  0xff, 0x2b, 0x1f, 0x2c, 0x1f, 0x2c, 0x1f, 0x2c, 0x1f, 0x2c, 0xff, 0x2b, 0x1f, 0x2c, 0x1f, 0x24,
  0x1f, 0x2c, 0x1f, 0x2c, 0x1f, 0x2c, 0x1f, 0x2c, 0x1f, 0x2c, 0x1f, 0x2c, 0xff, 0x23, 0xdf, 0x8d,
  0x7f, 0xdf, 0x9f, 0xef, 0x9f, 0xe7, 0x9f, 0xe7, 0x9f, 0xef, 0x9f, 0xe7, 0x9f, 0xe7, 0x9f, 0xe7,
  0x9f, 0xe7, 0x9f, 0xe7, 0x9f, 0xe7, 0x9f, 0xe7, 0x9f, 0xe7, 0x9f, 0xe7, 0x9f, 0xe7, 0x9f, 0xe7,
  0x9f, 0xe7, 0x9f, 0xe7, 0x9f, 0xef, 0x9f, 0xe7, 0x9f, 0xe7, 0x9f, 0xef, 0x9f, 0xe7, 0x5f, 0xdf,
  0xdf, 0x8d, 0xff, 0x23, 0x1f, 0x2c, 0x1f, 0x2c, 0x1f, 0x2c, 0x1f, 0x2c, 0xff, 0x2b, 0x1f, 0x2c,
  0x1f, 0x2c, 0x1f, 0x24, 0x1f, 0x2c, 0xff, 0x2b, 0x1f, 0x2c, 0x1f, 0x24, 0x1f, 0x2c, 0x1f, 0x2c,
  0xff, 0x2b, 0x1f, 0x24, 0x1f, 0x2c, 0x1f, 0x2c, 0x1f, 0x2c, 0x1f, 0x2c, 0x1f, 0x2c, 0x1f, 0x2c,
  0x1f, 0x2c, 0x1f, 0x2c, 0x1f, 0x2c, 0x1f, 0x2c, 0x1f, 0x24, 0x1f, 0x2c, 0x1f, 0x2c, 0x1f, 0x2c,
  0x1f, 0x2c, 0x1f, 0x2c, 0x1f, 0x2c, 0x1f, 0x2c, 0x1f, 0x2c, 0x5f, 0x2c, 0xff, 0x2b, 0x00, 0x00,
  0x5f, 0x55, 0x00, 0x00, 0x00, 0x00, 0x00, 0x00, 0x00, 0x00, 0x00, 0x00, 0x00, 0x00, 0x00, 0x00,
  0x00, 0x00, 0x00, 0x00, 0x00, 0x00, 0x00, 0x00, 0x00, 0x00, 0x00, 0x00, 0x00, 0x00, 0x00, 0x00,
  0x5f, 0x55, 0xff, 0x03, 0x1f, 0x2c, 0x3f, 0x2c, 0x1f, 0x2c, 0x1f, 0x2c, 0x1f, 0x2c, 0x1f, 0x2c,
  0x1f, 0x2c, 0x1f, 0x2c, 0x1f, 0x24, 0x1f, 0x2c, 0xff, 0x2b, 0x1f, 0x2c, 0x1f, 0x24, 0x1f, 0x2c,
  0x1f, 0x2c, 0x1f, 0x2c, 0x1f, 0x2c, 0x1f, 0x24, 0x1f, 0x2c, 0x1f, 0x2c, 0x1f, 0x2c, 0x1f, 0x24,
  0x1f, 0x2c, 0x1f, 0x2c, 0x1f, 0x24, 0x1f, 0x2c, 0x1f, 0x2c, 0x1f, 0x24, 0x1f, 0x2c, 0x1f, 0x2c,
  0x1f, 0x2c, 0xff, 0x2b, 0x1f, 0x2c, 0x1f, 0x2c, 0x1f, 0x2c, 0x1f, 0x2c, 0x1f, 0x2c, 0xdf, 0x1b,
  0x1f, 0x34, 0x3f, 0x34, 0x3f, 0x34, 0x3f, 0x34, 0x3f, 0x34, 0x3f, 0x34, 0x3f, 0x34, 0x3f, 0x34,
  0x3f, 0x34, 0x3f, 0x34, 0x3f, 0x34, 0x3f, 0x34, 0x3f, 0x34, 0x3f, 0x34, 0x3f, 0x34, 0x3f, 0x34,
  0x3f, 0x34, 0x3f, 0x34, 0x3f, 0x34, 0x3f, 0x34, 0x3f, 0x34, 0x3f, 0x34, 0x3f, 0x34, 0x3f, 0x2c,
  0xdf, 0x23, 0x1f, 0x2c, 0x1f, 0x2c, 0x1f, 0x2c, 0x1f, 0x2c, 0x1f, 0x24, 0x1f, 0x2c, 0x1f, 0x2c,
  0x1f, 0x2c, 0x1f, 0x2c, 0x1f, 0x2c, 0x1f, 0x24, 0x1f, 0x2c, 0x1f, 0x2c, 0xff, 0x2b, 0x1f, 0x2c,
  0x1f, 0x2c, 0x1f, 0x2c, 0x1f, 0x2c, 0x1f, 0x24, 0xff, 0x2b, 0x1f, 0x2c, 0x1f, 0x2c, 0x1f, 0x2c,
  0x1f, 0x24, 0x1f, 0x2c, 0xff, 0x2b, 0x1f, 0x2c, 0x1f, 0x2c, 0xff, 0x2b, 0x1f, 0x2c, 0x1f, 0x2c,
  0x1f, 0x24, 0x1f, 0x2c, 0xff, 0x2b, 0x1f, 0x24, 0x3f, 0x2c, 0x1f, 0x2c, 0xff, 0x07, 0x5f, 0x05,
  0x00, 0x00, 0x00, 0x00, 0x00, 0x00, 0x00, 0x00, 0x00, 0x00, 0x00, 0x00, 0x00, 0x00, 0x00, 0x00,
  0x00, 0x00, 0x00, 0x00, 0x00, 0x00, 0x00, 0x00, 0x00, 0x00, 0x00, 0x00, 0x00, 0x00, 0x00, 0x00,
  0x1f, 0x04, 0x00, 0x00, 0xff, 0x2b, 0x3f, 0x2c, 0x1f, 0x2c, 0xff, 0x2b, 0x1f, 0x24, 0x1f, 0x2c,
  0x1f, 0x2c, 0x1f, 0x2c, 0x1f, 0x2c, 0x1f, 0x2c, 0x1f, 0x2c, 0x1f, 0x2c, 0xff, 0x2b, 0x1f, 0x2c,
  0x1f, 0x24, 0x1f, 0x2c, 0x1f, 0x2c, 0xff, 0x2b, 0x1f, 0x2c, 0x1f, 0x2c, 0x1f, 0x2c, 0x1f, 0x2c,
  0x1f, 0x2c, 0x1f, 0x2c, 0x1f, 0x2c, 0xff, 0x2b, 0x1f, 0x2c, 0x1f, 0x2c, 0x1f, 0x2c, 0xff, 0x2b,
  0x1f, 0x2c, 0x1f, 0x2c, 0x1f, 0x24, 0x1f, 0x2c, 0xff, 0x2b, 0x1f, 0x24, 0x1f, 0x2c, 0x1f, 0x2c,
  0x1f, 0x2c, 0xff, 0x23, 0x1f, 0x2c, 0xff, 0x23, 0x1f, 0x2c, 0xff, 0x23, 0x1f, 0x2c, 0x1f, 0x2c,
  0xff, 0x23, 0x1f, 0x2c, 0xff, 0x2b, 0x1f, 0x24, 0xff, 0x2b, 0x1f, 0x2c, 0xff, 0x23, 0x1f, 0x2c,
  0x1f, 0x2c, 0x1f, 0x24, 0x1f, 0x2c, 0xff, 0x23, 0x1f, 0x2c, 0xff, 0x23, 0x1f, 0x2c, 0xff, 0x2b,
  0x1f, 0x2c, 0x1f, 0x2c, 0x1f, 0x2c, 0x1f, 0x2c, 0x1f, 0x2c, 0xff, 0x2b, 0x1f, 0x2c, 0x1f, 0x24,
  0x1f, 0x2c, 0xff, 0x2b, 0x1f, 0x2c, 0x1f, 0x2c, 0x1f, 0x2c, 0x1f, 0x2c, 0x1f, 0x2c, 0x1f, 0x24,
  0x1f, 0x2c, 0x1f, 0x2c, 0xff, 0x2b, 0x1f, 0x2c, 0x1f, 0x2c, 0x1f, 0x24, 0x1f, 0x2c, 0xff, 0x2b,
  0x1f, 0x2c, 0x1f, 0x2c, 0x1f, 0x2c, 0x1f, 0x24, 0x1f, 0x2c, 0x1f, 0x2c, 0x1f, 0x24, 0x1f, 0x2c,
  0xff, 0x2b, 0x1f, 0x2c, 0x1f, 0x2c, 0x1f, 0x2c, 0x3f, 0x2c, 0x1f, 0x2c, 0x00, 0x00, 0x1f, 0x04,
  0x00, 0x00, 0x00, 0x00, 0x00, 0x00, 0x00, 0x00, 0x00, 0x00, 0x00, 0x00, 0x00, 0x00, 0x00, 0x00,
  0x00, 0x00, 0x00, 0x00, 0x00, 0x00, 0x00, 0x00, 0x00, 0x00, 0x00, 0x00, 0x00, 0x00, 0x00, 0x00,
  0x00, 0x00, 0x5f, 0x55, 0x00, 0x00, 0x1f, 0x2c, 0x5f, 0x2c, 0x1f, 0x2c, 0x1f, 0x2c, 0x1f, 0x2c,
  0xff, 0x2b, 0x1f, 0x2c, 0x1f, 0x2c, 0xff, 0x23, 0x1f, 0x2c, 0x1f, 0x2c, 0x1f, 0x24, 0x1f, 0x2c,
  0x1f, 0x2c, 0xff, 0x2b, 0x1f, 0x2c, 0x1f, 0x2c, 0x1f, 0x24, 0x1f, 0x2c, 0xff, 0x2b, 0x1f, 0x2c,
  0x1f, 0x24, 0xff, 0x2b, 0x1f, 0x2c, 0x1f, 0x24, 0x1f, 0x2c, 0x1f, 0x2c, 0x1f, 0x2c, 0x1f, 0x2c,
  0x1f, 0x24, 0x1f, 0x2c, 0x1f, 0x2c, 0x1f, 0x2c, 0x1f, 0x2c, 0x1f, 0x2c, 0x1f, 0x2c, 0x1f, 0x2c,
  0x1f, 0x2c, 0x1f, 0x2c, 0x1f, 0x2c, 0x1f, 0x2c, 0x1f, 0x2c, 0x1f, 0x2c, 0x1f, 0x2c, 0x1f, 0x2c,
  0x1f, 0x2c, 0x1f, 0x2c, 0x1f, 0x2c, 0x1f, 0x2c, 0x1f, 0x2c, 0x1f, 0x2c, 0x1f, 0x2c, 0x1f, 0x2c,
  0x1f, 0x2c, 0xff, 0x2b, 0x1f, 0x2c, 0x1f, 0x2c, 0x1f, 0x2c, 0x1f, 0x2c, 0x1f, 0x2c, 0x1f, 0x2c,
  0x1f, 0x2c, 0x1f, 0x2c, 0x1f, 0x24, 0x1f, 0x2c, 0x1f, 0x2c, 0x1f, 0x2c, 0x1f, 0x2c, 0x1f, 0x2c,
  0x1f, 0x2c, 0x1f, 0x2c, 0x1f, 0x2c, 0x1f, 0x2c, 0xff, 0x2b, 0x1f, 0x24, 0x1f, 0x2c, 0x1f, 0x2c,
  0x1f, 0x2c, 0x1f, 0x2c, 0x1f, 0x24, 0x1f, 0x2c, 0x1f, 0x2c, 0x1f, 0x2c, 0x1f, 0x2c, 0x1f, 0x2c,
  0x1f, 0x2c, 0x1f, 0x24, 0x1f, 0x2c, 0x1f, 0x2c, 0xff, 0x2b, 0x1f, 0x2c, 0x1f, 0x2c, 0x1f, 0x2c,
  0x1f, 0x2c, 0x1f, 0x2c, 0x1f, 0x24, 0x5f, 0x2c, 0xff, 0x2b, 0x00, 0x00, 0x5f, 0x55, 0x00, 0x00,
  0x00, 0x00, 0x00, 0x00, 0x00, 0x00, 0x00, 0x00, 0x00, 0x00, 0x00, 0x00, 0x00, 0x00, 0x00, 0x00,
  0x00, 0x00, 0x00, 0x00, 0x00, 0x00, 0x00, 0x00, 0x00, 0x00, 0x00, 0x00, 0x00, 0x00, 0x00, 0x00,
  0x00, 0x00, 0x00, 0x00, 0xff, 0x43, 0x00, 0x00, 0xff, 0x2b, 0x5f, 0x2c, 0x1f, 0x2c, 0x1f, 0x2c,
  0x1f, 0x24, 0x1f, 0x2c, 0x1f, 0x2c, 0x1f, 0x2c, 0x1f, 0x2c, 0x1f, 0x2c, 0x1f, 0x2c, 0x1f, 0x2c,
  0x1f, 0x2c, 0x1f, 0x2c, 0x1f, 0x24, 0x1f, 0x2c, 0x1f, 0x2c, 0x1f, 0x2c, 0x1f, 0x2c, 0x1f, 0x2c,
  0x1f, 0x2c, 0x1f, 0x2c, 0x1f, 0x2c, 0x1f, 0x2c, 0x1f, 0x2c, 0xff, 0x2b, 0x1f, 0x24, 0x1f, 0x2c,
  0x1f, 0x2c, 0x1f, 0x2c, 0xff, 0x2b, 0x1f, 0x2c, 0x1f, 0x2c, 0x1f, 0x2c, 0xff, 0x2b, 0x1f, 0x2c,
  0x1f, 0x2c, 0x1f, 0x2c, 0x1f, 0x2c, 0x1f, 0x2c, 0x1f, 0x2c, 0x1f, 0x2c, 0x1f, 0x2c, 0xff, 0x2b,
  0x1f, 0x2c, 0x1f, 0x2c, 0x1f, 0x2c, 0x1f, 0x2c, 0x1f, 0x2c, 0x1f, 0x2c, 0x1f, 0x2c, 0x1f, 0x2c,
  0x1f, 0x2c, 0x1f, 0x2c, 0x1f, 0x2c, 0x1f, 0x2c, 0x1f, 0x2c, 0x1f, 0x2c, 0x1f, 0x2c, 0x1f, 0x2c,
  0x1f, 0x24, 0x1f, 0x2c, 0x1f, 0x2c, 0xff, 0x2b, 0x1f, 0x2c, 0x1f, 0x24, 0x1f, 0x2c, 0xff, 0x2b,
  0x1f, 0x2c, 0x1f, 0x24, 0x1f, 0x2c, 0x1f, 0x24, 0x1f, 0x2c, 0x1f, 0x2c, 0x1f, 0x2c, 0xff, 0x2b,
  0x1f, 0x2c, 0x1f, 0x2c, 0x1f, 0x2c, 0x1f, 0x2c, 0x1f, 0x2c, 0xff, 0x2b, 0x1f, 0x2c, 0x1f, 0x24,
  0x1f, 0x2c, 0xff, 0x2b, 0x1f, 0x2c, 0x1f, 0x2c, 0x1f, 0x2c, 0x1f, 0x2c, 0x1f, 0x2c, 0x1f, 0x2c,
  0x1f, 0x2c, 0x1f, 0x24, 0x5f, 0x34, 0x1f, 0x2c, 0x00, 0x00, 0xff, 0x43, 0x00, 0x00, 0x00, 0x00,
  0x00, 0x00, 0x00, 0x00, 0x00, 0x00, 0x00, 0x00, 0x00, 0x00, 0x00, 0x00, 0x00, 0x00, 0x00, 0x00,
  0x00, 0x00, 0x00, 0x00, 0x00, 0x00, 0x00, 0x00, 0x00, 0x00, 0x00, 0x00, 0x00, 0x00, 0x00, 0x00,
  0x00, 0x00, 0x00, 0x00, 0xff, 0x07, 0xbf, 0x52, 0x1f, 0x24, 0x1f, 0x2c, 0x3f, 0x2c, 0x1f, 0x2c,
  0x1f, 0x2c, 0x1f, 0x2c, 0x1f, 0x2c, 0x1f, 0x2c, 0x1f, 0x24, 0xff, 0x2b, 0x1f, 0x2c, 0x1f, 0x2c,
  0x1f, 0x2c, 0x1f, 0x2c, 0x1f, 0x2c, 0x1f, 0x2c, 0xff, 0x2b, 0x1f, 0x2c, 0x1f, 0x24, 0x1f, 0x2c,
  0x1f, 0x2c, 0x1f, 0x2c, 0x1f, 0x2c, 0xff, 0x2b, 0x1f, 0x24, 0x1f, 0x2c, 0x1f, 0x2c, 0x1f, 0x2c,
  0xff, 0x2b, 0x1f, 0x2c, 0x1f, 0x2c, 0x1f, 0x24, 0x1f, 0x2c, 0x1f, 0x2c, 0x1f, 0x24, 0x1f, 0x2c,
  0x1f, 0x2c, 0x1f, 0x24, 0xff, 0x2b, 0x1f, 0x2c, 0x1f, 0x2c, 0xff, 0x23, 0x1f, 0x2c, 0x1f, 0x2c,
  0x1f, 0x2c, 0x1f, 0x24, 0x1f, 0x2c, 0xff, 0x2b, 0x1f, 0x2c, 0x1f, 0x24, 0xff, 0x2b, 0x1f, 0x2c,
  0x1f, 0x24, 0x1f, 0x2c, 0x1f, 0x2c, 0x1f, 0x2c, 0xff, 0x23, 0x1f, 0x2c, 0x1f, 0x2c, 0x1f, 0x2c,
  0x1f, 0x2c, 0xff, 0x2b, 0x1f, 0x2c, 0x1f, 0x2c, 0x1f, 0x2c, 0x1f, 0x2c, 0x1f, 0x2c, 0x1f, 0x2c,
  0x1f, 0x2c, 0x1f, 0x2c, 0xff, 0x2b, 0x1f, 0x2c, 0x1f, 0x2c, 0x1f, 0x2c, 0x1f, 0x2c, 0x1f, 0x2c,
  0x1f, 0x24, 0x1f, 0x2c, 0xff, 0x2b, 0x1f, 0x2c, 0x1f, 0x24, 0x1f, 0x2c, 0x1f, 0x2c, 0x1f, 0x2c,
  0x1f, 0x2c, 0x1f, 0x2c, 0x1f, 0x2c, 0x1f, 0x2c, 0x1f, 0x24, 0x1f, 0x2c, 0xff, 0x2b, 0x1f, 0x24,
  0xff, 0x2b, 0x5f, 0x2c, 0x1f, 0x2c, 0x9f, 0x24, 0xff, 0x7b, 0xff, 0x07, 0x00, 0x00, 0x00, 0x00,
  0x00, 0x00, 0x00, 0x00, 0x00, 0x00, 0x00, 0x00, 0x00, 0x00, 0x00, 0x00, 0x00, 0x00, 0x00, 0x00,
  0x00, 0x00, 0x00, 0x00, 0x00, 0x00, 0x00, 0x00, 0x00, 0x00, 0x00, 0x00, 0x00, 0x00, 0x00, 0x00,
  0x00, 0x00, 0x00, 0x00, 0x00, 0x00, 0xff, 0x03, 0x00, 0x00, 0xbf, 0x2b, 0x3f, 0x2c, 0x3f, 0x2c,
  0xff, 0x23, 0x1f, 0x2c, 0xff, 0x2b, 0x1f, 0x2c, 0x1f, 0x2c, 0x1f, 0x2c, 0x1f, 0x2c, 0x1f, 0x24,
  0xff, 0x2b, 0x1f, 0x2c, 0x1f, 0x2c, 0x1f, 0x2c, 0x1f, 0x24, 0x1f, 0x2c, 0x1f, 0x2c, 0xff, 0x2b,
  0x1f, 0x2c, 0x1f, 0x24, 0x1f, 0x2c, 0x1f, 0x2c, 0x1f, 0x2c, 0x1f, 0x2c, 0x1f, 0x2c, 0x1f, 0x2c,
  0x1f, 0x2c, 0x1f, 0x24, 0x1f, 0x2c, 0x1f, 0x2c, 0xff, 0x2b, 0x1f, 0x2c, 0x1f, 0x2c, 0x1f, 0x2c,
  0xff, 0x2b, 0x1f, 0x2c, 0x1f, 0x2c, 0x1f, 0x2c, 0x1f, 0x2c, 0x1f, 0x2c, 0x1f, 0x2c, 0x1f, 0x2c,
  0x1f, 0x2c, 0x1f, 0x2c, 0x1f, 0x2c, 0x1f, 0x2c, 0x1f, 0x2c, 0x1f, 0x2c, 0x1f, 0x2c, 0x1f, 0x2c,
  0xff, 0x2b, 0x1f, 0x2c, 0x1f, 0x2c, 0x1f, 0x2c, 0x1f, 0x2c, 0x1f, 0x2c, 0x1f, 0x2c, 0xff, 0x23,
  0x1f, 0x2c, 0x1f, 0x2c, 0x1f, 0x2c, 0x1f, 0x24, 0x1f, 0x2c, 0xff, 0x2b, 0x1f, 0x2c, 0x1f, 0x24,
  0x1f, 0x2c, 0x1f, 0x2c, 0x1f, 0x2c, 0x1f, 0x2c, 0x1f, 0x2c, 0xff, 0x2b, 0x1f, 0x24, 0x1f, 0x2c,
  0x1f, 0x2c, 0x1f, 0x2c, 0x1f, 0x2c, 0x1f, 0x2c, 0x1f, 0x2c, 0x1f, 0x2c, 0xff, 0x2b, 0x1f, 0x2c,
  0x1f, 0x2c, 0x1f, 0x2c, 0xff, 0x23, 0x1f, 0x2c, 0x1f, 0x2c, 0x1f, 0x2c, 0x1f, 0x2c, 0x1f, 0x2c,
  0x3f, 0x2c, 0x1f, 0x2c, 0xff, 0x2b, 0x00, 0x00, 0x1f, 0x04, 0x00, 0x00, 0x00, 0x00, 0x00, 0x00,
  0x00, 0x00, 0x00, 0x00, 0x00, 0x00, 0x00, 0x00, 0x00, 0x00, 0x00, 0x00, 0x00, 0x00, 0x00, 0x00,
  0x00, 0x00, 0x00, 0x00, 0x00, 0x00, 0x00, 0x00, 0x00, 0x00, 0x00, 0x00, 0x00, 0x00, 0x00, 0x00,
  0x00, 0x00, 0x00, 0x00, 0x00, 0x00, 0x00, 0x00, 0x5f, 0x05, 0x00, 0x00, 0xff, 0x2b, 0x3f, 0x2c,
  0x1f, 0x2c, 0x1f, 0x2c, 0x1f, 0x24, 0x1f, 0x2c, 0x1f, 0x2c, 0x1f, 0x2c, 0xff, 0x2b, 0x1f, 0x2c,
  0x1f, 0x2c, 0x1f, 0x2c, 0xff, 0x23, 0x1f, 0x2c, 0x1f, 0x2c, 0x1f, 0x2c, 0x1f, 0x2c, 0x1f, 0x2c,
  0x1f, 0x2c, 0xff, 0x2b, 0x1f, 0x2c, 0x1f, 0x2c, 0x1f, 0x2c, 0x1f, 0x2c, 0xff, 0x2b, 0x1f, 0x24,
  0x1f, 0x2c, 0x1f, 0x2c, 0x1f, 0x2c, 0x1f, 0x2c, 0x1f, 0x2c, 0x1f, 0x2c, 0x1f, 0x24, 0x1f, 0x2c,
  0x1f, 0x2c, 0x1f, 0x2c, 0x1f, 0x24, 0x1f, 0x2c, 0x1f, 0x2c, 0x1f, 0x2c, 0x1f, 0x24, 0x1f, 0x2c,
  0xff, 0x2b, 0x1f, 0x2c, 0x1f, 0x24, 0x1f, 0x2c, 0xff, 0x2b, 0x1f, 0x2c, 0x1f, 0x24, 0x1f, 0x2c,
  0x1f, 0x2c, 0x1f, 0x2c, 0xff, 0x23, 0x1f, 0x2c, 0x1f, 0x2c, 0x1f, 0x2c, 0x1f, 0x2c, 0x1f, 0x2c,
  0x1f, 0x2c, 0x1f, 0x2c, 0x1f, 0x2c, 0x1f, 0x2c, 0x1f, 0x2c, 0x1f, 0x2c, 0x1f, 0x2c, 0x1f, 0x2c,
  0xff, 0x2b, 0x1f, 0x2c, 0x1f, 0x24, 0x1f, 0x2c, 0x1f, 0x2c, 0x1f, 0x2c, 0x1f, 0x2c, 0x1f, 0x2c,
  0xff, 0x2b, 0x1f, 0x2c, 0x1f, 0x24, 0x1f, 0x2c, 0xff, 0x2b, 0x1f, 0x2c, 0x1f, 0x24, 0x1f, 0x2c,
  0x1f, 0x2c, 0x1f, 0x2c, 0x1f, 0x2c, 0x1f, 0x2c, 0x1f, 0x2c, 0xff, 0x2b, 0x1f, 0x24, 0x1f, 0x2c,
  0x3f, 0x2c, 0xff, 0x2b, 0x00, 0x00, 0xbf, 0x52, 0x00, 0x00, 0x00, 0x00, 0x00, 0x00, 0x00, 0x00,
  0x00, 0x00, 0x00, 0x00, 0x00, 0x00, 0x00, 0x00, 0x00, 0x00, 0x00, 0x00, 0x00, 0x00, 0x00, 0x00,
  0x00, 0x00, 0x00, 0x00, 0x00, 0x00, 0x00, 0x00, 0x00, 0x00, 0x00, 0x00, 0x00, 0x00, 0x00, 0x00,
  0x00, 0x00, 0x00, 0x00, 0x00, 0x00, 0x00, 0x00, 0x00, 0x00, 0xff, 0x43, 0x00, 0x00, 0xff, 0x2b,
  0x3f, 0x2c, 0x1f, 0x2c, 0x1f, 0x2c, 0x1f, 0x2c, 0xff, 0x2b, 0x1f, 0x24, 0x1f, 0x2c, 0x1f, 0x2c,
  0x1f, 0x24, 0x1f, 0x2c, 0x1f, 0x2c, 0x1f, 0x2c, 0x1f, 0x2c, 0xff, 0x2b, 0x1f, 0x2c, 0x1f, 0x24,
  0x1f, 0x2c, 0x1f, 0x2c, 0x1f, 0x24, 0x1f, 0x2c, 0xff, 0x2b, 0x1f, 0x24, 0x1f, 0x2c, 0x1f, 0x2c,
  0x1f, 0x2c, 0xff, 0x2b, 0x1f, 0x2c, 0x1f, 0x2c, 0x1f, 0x24, 0x1f, 0x2c, 0xff, 0x2b, 0x1f, 0x2c,
  0x1f, 0x2c, 0x1f, 0x2c, 0x1f, 0x2c, 0xff, 0x2b, 0x1f, 0x24, 0x1f, 0x2c, 0xff, 0x2b, 0x1f, 0x2c,
  0x1f, 0x2c, 0x1f, 0x2c, 0x1f, 0x2c, 0x1f, 0x2c, 0x1f, 0x24, 0x1f, 0x2c, 0x1f, 0x2c, 0x1f, 0x2c,
  0x1f, 0x2c, 0x1f, 0x2c, 0x1f, 0x2c, 0x1f, 0x2c, 0x1f, 0x24, 0xff, 0x2b, 0x1f, 0x2c, 0x1f, 0x2c,
  0x1f, 0x24, 0x1f, 0x2c, 0xff, 0x2b, 0x1f, 0x2c, 0x1f, 0x24, 0x1f, 0x2c, 0x1f, 0x2c, 0x1f, 0x24,
  0x1f, 0x2c, 0x1f, 0x2c, 0x1f, 0x2c, 0xff, 0x2b, 0x1f, 0x24, 0x1f, 0x2c, 0x1f, 0x2c, 0x1f, 0x2c,
  0x1f, 0x24, 0x1f, 0x2c, 0x1f, 0x2c, 0x1f, 0x2c, 0x1f, 0x2c, 0x1f, 0x2c, 0x1f, 0x2c, 0x1f, 0x2c,
  0xff, 0x23, 0x1f, 0x2c, 0x1f, 0x2c, 0x1f, 0x2c, 0x1f, 0x24, 0x1f, 0x2c, 0x1f, 0x2c, 0x3f, 0x2c,
  0xff, 0x2b, 0x00, 0x00, 0x1f, 0x44, 0x00, 0x00, 0x00, 0x00, 0x00, 0x00, 0x00, 0x00, 0x00, 0x00,
  0x00, 0x00, 0x00, 0x00, 0x00, 0x00, 0x00, 0x00, 0x00, 0x00, 0x00, 0x00, 0x00, 0x00, 0x00, 0x00,
  0x00, 0x00, 0x00, 0x00, 0x00, 0x00, 0x00, 0x00, 0x00, 0x00, 0x00, 0x00, 0x00, 0x00, 0x00, 0x00,
  0x00, 0x00, 0x00, 0x00, 0x00, 0x00, 0x00, 0x00, 0x00, 0x00, 0x00, 0x00, 0x1f, 0x3c, 0x00, 0x00,
  0xff, 0x23, 0x3f, 0x2c, 0x1f, 0x2c, 0x1f, 0x2c, 0x1f, 0x2c, 0x1f, 0x2c, 0x1f, 0x2c, 0x1f, 0x2c,
  0x1f, 0x2c, 0x1f, 0x2c, 0x1f, 0x2c, 0x1f, 0x2c, 0x1f, 0x2c, 0x1f, 0x24, 0x1f, 0x2c, 0x1f, 0x2c,
  0x1f, 0x2c, 0x1f, 0x2c, 0x1f, 0x2c, 0x1f, 0x2c, 0x1f, 0x2c, 0x1f, 0x2c, 0x1f, 0x2c, 0x1f, 0x2c,
  0x1f, 0x2c, 0x1f, 0x2c, 0x1f, 0x24, 0x1f, 0x2c, 0xff, 0x2b, 0x1f, 0x2c, 0x1f, 0x2c, 0x1f, 0x2c,
  0x1f, 0x24, 0xff, 0x2b, 0x1f, 0x2c, 0x1f, 0x2c, 0x1f, 0x2c, 0x1f, 0x2c, 0x1f, 0x2c, 0x1f, 0x2c,
  0x1f, 0x24, 0x1f, 0x2c, 0xff, 0x2b, 0x1f, 0x2c, 0x1f, 0x2c, 0x1f, 0x2c, 0xff, 0x2b, 0x1f, 0x2c,
  0x1f, 0x24, 0x1f, 0x2c, 0x1f, 0x2c, 0xff, 0x2b, 0x1f, 0x2c, 0x1f, 0x2c, 0x1f, 0x24, 0x1f, 0x2c,
  0xff, 0x2b, 0x1f, 0x2c, 0x1f, 0x2c, 0x1f, 0x2c, 0x1f, 0x2c, 0xff, 0x2b, 0x1f, 0x2c, 0x1f, 0x2c,
  0x1f, 0x2c, 0xff, 0x2b, 0x1f, 0x2c, 0x1f, 0x2c, 0x1f, 0x2c, 0x1f, 0x2c, 0xff, 0x2b, 0x1f, 0x2c,
  0x1f, 0x2c, 0xff, 0x2b, 0x1f, 0x2c, 0x1f, 0x2c, 0x1f, 0x24, 0x1f, 0x2c, 0xff, 0x2b, 0x1f, 0x2c,
  0x1f, 0x2c, 0x1f, 0x2c, 0x1f, 0x2c, 0xff, 0x2b, 0x1f, 0x2c, 0x1f, 0x2c, 0x3f, 0x2c, 0xff, 0x23,
  0x00, 0x00, 0xff, 0x3b, 0x00, 0x00, 0x00, 0x00, 0x00, 0x00, 0x00, 0x00, 0x00, 0x00, 0x00, 0x00,
  0x00, 0x00, 0x00, 0x00, 0x00, 0x00, 0x00, 0x00, 0x00, 0x00, 0x00, 0x00, 0x00, 0x00, 0x00, 0x00,
  0x00, 0x00, 0x00, 0x00, 0x00, 0x00, 0x00, 0x00, 0x00, 0x00, 0x00, 0x00, 0x00, 0x00, 0x00, 0x00,
  0x00, 0x00, 0x00, 0x00, 0x00, 0x00, 0x00, 0x00, 0x00, 0x00, 0x00, 0x00, 0x00, 0x00, 0xff, 0x43,
  0x00, 0x00, 0xff, 0x2b, 0x3f, 0x2c, 0x1f, 0x2c, 0x1f, 0x24, 0x1f, 0x2c, 0x1f, 0x2c, 0x1f, 0x2c,
  0xff, 0x2b, 0x1f, 0x2c, 0x1f, 0x2c, 0xff, 0x23, 0x1f, 0x2c, 0x1f, 0x2c, 0x1f, 0x2c, 0xff, 0x2b,
  0x1f, 0x2c, 0x1f, 0x2c, 0xff, 0x2b, 0x1f, 0x24, 0x1f, 0x2c, 0x1f, 0x2c, 0x1f, 0x2c, 0xff, 0x2b,
  0x1f, 0x24, 0x1f, 0x2c, 0x1f, 0x2c, 0x1f, 0x2c, 0x1f, 0x2c, 0x1f, 0x2c, 0x1f, 0x2c, 0x1f, 0x2c,
  0x1f, 0x2c, 0x1f, 0x2c, 0x1f, 0x2c, 0x1f, 0x2c, 0x1f, 0x2c, 0x1f, 0x2c, 0x1f, 0x24, 0x1f, 0x2c,
  0xff, 0x2b, 0x1f, 0x2c, 0x1f, 0x2c, 0x1f, 0x2c, 0x1f, 0x2c, 0x1f, 0x2c, 0x1f, 0x24, 0x1f, 0x2c,
  0xff, 0x2b, 0x1f, 0x2c, 0x1f, 0x2c, 0x1f, 0x2c, 0x1f, 0x2c, 0x1f, 0x2c, 0x1f, 0x2c, 0x1f, 0x2c,
  0x1f, 0x2c, 0x1f, 0x2c, 0x1f, 0x24, 0x1f, 0x2c, 0x1f, 0x2c, 0x1f, 0x24, 0x1f, 0x2c, 0xff, 0x2b,
  0x1f, 0x2c, 0x1f, 0x24, 0x1f, 0x2c, 0x1f, 0x2c, 0x1f, 0x2c, 0x1f, 0x24, 0x1f, 0x2c, 0x1f, 0x2c,
  0x1f, 0x2c, 0x1f, 0x2c, 0x1f, 0x24, 0x1f, 0x2c, 0xff, 0x2b, 0x1f, 0x2c, 0x1f, 0x2c, 0x1f, 0x2c,
  0x1f, 0x2c, 0x1f, 0x24, 0x1f, 0x2c, 0x1f, 0x2c, 0x1f, 0x2c, 0x3f, 0x2c, 0xff, 0x2b, 0x00, 0x00,
  0x1f, 0x44, 0x00, 0x00, 0x00, 0x00, 0x00, 0x00, 0x00, 0x00, 0x00, 0x00, 0x00, 0x00, 0x00, 0x00,
  0x00, 0x00, 0x00, 0x00, 0x00, 0x00, 0x00, 0x00, 0x00, 0x00, 0x00, 0x00, 0x00, 0x00, 0x00, 0x00,
  0x00, 0x00, 0x00, 0x00, 0x00, 0x00, 0x00, 0x00, 0x00, 0x00, 0x00, 0x00, 0x00, 0x00, 0x00, 0x00,
  0x00, 0x00, 0x00, 0x00, 0x00, 0x00, 0x00, 0x00, 0x00, 0x00, 0x00, 0x00, 0x00, 0x00, 0x00, 0x00,
  0x1f, 0x44, 0x00, 0x00, 0xff, 0x2b, 0x3f, 0x2c, 0x1f, 0x2c, 0x1f, 0x2c, 0xff, 0x2b, 0x1f, 0x24,
  0x1f, 0x2c, 0x1f, 0x2c, 0x1f, 0x2c, 0x1f, 0x2c, 0x1f, 0x2c, 0x1f, 0x2c, 0x1f, 0x2c, 0x1f, 0x2c,
  0x1f, 0x24, 0x1f, 0x2c, 0x1f, 0x2c, 0x1f, 0x2c, 0x1f, 0x2c, 0xff, 0x2b, 0x1f, 0x24, 0x1f, 0x2c,
  0x1f, 0x2c, 0x1f, 0x2c, 0xff, 0x2b, 0x1f, 0x2c, 0x1f, 0x2c, 0x1f, 0x24, 0x1f, 0x2c, 0xff, 0x2b,
  0x1f, 0x2c, 0x1f, 0x24, 0x1f, 0x2c, 0x1f, 0x2c, 0xff, 0x23, 0x1f, 0x2c, 0x1f, 0x2c, 0x1f, 0x2c,
  0x1f, 0x2c, 0x1f, 0x2c, 0x1f, 0x24, 0x1f, 0x2c, 0xff, 0x2b, 0x1f, 0x2c, 0x1f, 0x2c, 0x1f, 0x2c,
  0x1f, 0x2c, 0x1f, 0x2c, 0x1f, 0x24, 0x1f, 0x2c, 0x1f, 0x2c, 0x1f, 0x24, 0xff, 0x2b, 0x1f, 0x2c,
  0x1f, 0x2c, 0x1f, 0x2c, 0x1f, 0x2c, 0xff, 0x2b, 0x1f, 0x2c, 0x1f, 0x2c, 0x1f, 0x2c, 0x1f, 0x2c,
  0x1f, 0x2c, 0x1f, 0x2c, 0x1f, 0x2c, 0x1f, 0x24, 0xff, 0x2b, 0x1f, 0x2c, 0x1f, 0x2c, 0x1f, 0x2c,
  0x1f, 0x24, 0x1f, 0x2c, 0xff, 0x2b, 0x1f, 0x2c, 0x1f, 0x2c, 0x1f, 0x2c, 0x1f, 0x24, 0x1f, 0x2c,
  0x1f, 0x2c, 0xff, 0x2b, 0x1f, 0x2c, 0x1f, 0x2c, 0x3f, 0x2c, 0xff, 0x2b, 0x00, 0x00, 0x1f, 0x44,
  0x00, 0x00, 0x00, 0x00, 0x00, 0x00, 0x00, 0x00, 0x00, 0x00, 0x00, 0x00, 0x00, 0x00, 0x00, 0x00,
  0x00, 0x00, 0x00, 0x00, 0x00, 0x00, 0x00, 0x00, 0x00, 0x00, 0x00, 0x00, 0x00, 0x00, 0x00, 0x00,
  0x00, 0x00, 0x00, 0x00, 0x00, 0x00, 0x00, 0x00, 0x00, 0x00, 0x00, 0x00, 0x00, 0x00, 0x00, 0x00,
  0x00, 0x00, 0x00, 0x00, 0x00, 0x00, 0x00, 0x00, 0x00, 0x00, 0x00, 0x00, 0x00, 0x00, 0x00, 0x00,
  0x00, 0x00, 0xff, 0x03, 0x00, 0x00, 0xff, 0x2b, 0x3f, 0x2c, 0x3f, 0x2c, 0x1f, 0x2c, 0x1f, 0x2c,
  0x1f, 0x2c, 0x1f, 0x24, 0x1f, 0x2c, 0x1f, 0x2c, 0xff, 0x2b, 0x1f, 0x2c, 0x1f, 0x24, 0x1f, 0x2c,
  0xff, 0x2b, 0x1f, 0x2c, 0x1f, 0x2c, 0x1f, 0x2c, 0x1f, 0x24, 0x1f, 0x2c, 0x1f, 0x2c, 0x1f, 0x2c,
  0x1f, 0x2c, 0x1f, 0x2c, 0x1f, 0x2c, 0x1f, 0x24, 0x1f, 0x2c, 0xff, 0x2b, 0x1f, 0x2c, 0x1f, 0x2c,
  0x1f, 0x2c, 0x1f, 0x2c, 0xff, 0x2b, 0x1f, 0x2c, 0x1f, 0x2c, 0x1f, 0x2c, 0x1f, 0x2c, 0xff, 0x2b,
  0x1f, 0x2c, 0x1f, 0x2c, 0x1f, 0x2c, 0x1f, 0x2c, 0x1f, 0x24, 0x1f, 0x2c, 0x1f, 0x2c, 0x1f, 0x2c,
  0x1f, 0x2c, 0xff, 0x2b, 0x1f, 0x2c, 0x1f, 0x2c, 0xff, 0x2b, 0x1f, 0x2c, 0x1f, 0x2c, 0x1f, 0x2c,
  0x1f, 0x24, 0xff, 0x2b, 0x1f, 0x2c, 0x1f, 0x2c, 0x1f, 0x2c, 0x1f, 0x2c, 0x1f, 0x24, 0x1f, 0x2c,
  0x1f, 0x2c, 0x1f, 0x2c, 0xff, 0x2b, 0x1f, 0x2c, 0x1f, 0x2c, 0x1f, 0x2c, 0x1f, 0x2c, 0xff, 0x2b,
  0x1f, 0x2c, 0x1f, 0x2c, 0x1f, 0x2c, 0x1f, 0x2c, 0x1f, 0x2c, 0x1f, 0x2c, 0x1f, 0x2c, 0x1f, 0x2c,
  0x1f, 0x2c, 0x1f, 0x24, 0x3f, 0x2c, 0x1f, 0x2c, 0xff, 0x23, 0x00, 0x00, 0x1f, 0x04, 0x00, 0x00,
  0x00, 0x00, 0x00, 0x00, 0x00, 0x00, 0x00, 0x00, 0x00, 0x00, 0x00, 0x00, 0x00, 0x00, 0x00, 0x00,
  0x00, 0x00, 0x00, 0x00, 0x00, 0x00, 0x00, 0x00, 0x00, 0x00, 0x00, 0x00, 0x00, 0x00, 0x00, 0x00,
  0x00, 0x00, 0x00, 0x00, 0x00, 0x00, 0x00, 0x00, 0x00, 0x00, 0x00, 0x00, 0x00, 0x00, 0x00, 0x00,
  0x00, 0x00, 0x00, 0x00, 0x00, 0x00, 0x00, 0x00, 0x00, 0x00, 0x00, 0x00, 0x00, 0x00, 0x00, 0x00,
  0x00, 0x00, 0x00, 0x00, 0x1f, 0x3c, 0x00, 0x00, 0xff, 0x2b, 0x3f, 0x2c, 0x3f, 0x2c, 0x1f, 0x24,
  0xff, 0x2b, 0x1f, 0x2c, 0x1f, 0x2c, 0x1f, 0x2c, 0x1f, 0x24, 0x1f, 0x2c, 0xff, 0x2b, 0x1f, 0x2c,
  0x1f, 0x2c, 0x1f, 0x2c, 0x1f, 0x24, 0xff, 0x2b, 0x1f, 0x2c, 0x1f, 0x2c, 0x1f, 0x2c, 0x1f, 0x2c,
  0xff, 0x2b, 0x1f, 0x24, 0x1f, 0x2c, 0x1f, 0x2c, 0x1f, 0x2c, 0x1f, 0x2c, 0x1f, 0x2c, 0x1f, 0x24,
  0x1f, 0x2c, 0x1f, 0x2c, 0x1f, 0x24, 0x1f, 0x2c, 0x1f, 0x2c, 0x1f, 0x2c, 0x1f, 0x2c, 0x1f, 0x24,
  0x1f, 0x2c, 0x1f, 0x2c, 0xff, 0x2b, 0x1f, 0x2c, 0x1f, 0x2c, 0x1f, 0x2c, 0xff, 0x2b, 0x1f, 0x24,
  0x1f, 0x2c, 0x1f, 0x2c, 0x1f, 0x24, 0x1f, 0x2c, 0x1f, 0x2c, 0x1f, 0x2c, 0x1f, 0x2c, 0x1f, 0x2c,
  0x1f, 0x2c, 0x1f, 0x2c, 0x1f, 0x2c, 0x1f, 0x24, 0x1f, 0x2c, 0xff, 0x2b, 0x1f, 0x2c, 0x1f, 0x2c,
  0xff, 0x23, 0x1f, 0x2c, 0x1f, 0x2c, 0x1f, 0x2c, 0x1f, 0x2c, 0x1f, 0x24, 0x1f, 0x2c, 0x1f, 0x2c,
  0x1f, 0x2c, 0x1f, 0x2c, 0x1f, 0x2c, 0x1f, 0x24, 0x1f, 0x2c, 0xff, 0x2b, 0x1f, 0x2c, 0x1f, 0x24,
  0xff, 0x2b, 0x3f, 0x2c, 0x3f, 0x2c, 0xff, 0x2b, 0x00, 0x00, 0xff, 0x43, 0x00, 0x00, 0x00, 0x00,
  0x00, 0x00, 0x00, 0x00, 0x00, 0x00, 0x00, 0x00, 0x00, 0x00, 0x00, 0x00, 0x00, 0x00, 0x00, 0x00,
  0x00, 0x00, 0x00, 0x00, 0x00, 0x00, 0x00, 0x00, 0x00, 0x00, 0x00, 0x00, 0x00, 0x00, 0x00, 0x00,
  0x00, 0x00, 0x00, 0x00, 0x00, 0x00, 0x00, 0x00, 0x00, 0x00, 0x00, 0x00, 0x00, 0x00, 0x00, 0x00,
  0x00, 0x00, 0x00, 0x00, 0x00, 0x00, 0x00, 0x00, 0x00, 0x00, 0x00, 0x00, 0x00, 0x00, 0x00, 0x00,
  0x00, 0x00, 0x00, 0x00, 0x00, 0x00, 0xff, 0x03, 0x00, 0x00, 0xbf, 0x23, 0x1f, 0x2c, 0x5f, 0x2c,
  0x1f, 0x2c, 0xff, 0x2b, 0x1f, 0x2c, 0x1f, 0x2c, 0x1f, 0x2c, 0x1f, 0x2c, 0x1f, 0x2c, 0x1f, 0x2c,
  0x1f, 0x2c, 0x1f, 0x2c, 0x1f, 0x2c, 0x1f, 0x2c, 0x1f, 0x2c, 0x1f, 0x2c, 0xff, 0x2b, 0x1f, 0x24,
  0x1f, 0x2c, 0x1f, 0x2c, 0x1f, 0x2c, 0xff, 0x2b, 0x1f, 0x2c, 0x1f, 0x2c, 0x1f, 0x2c, 0x1f, 0x2c,
  0xff, 0x2b, 0x1f, 0x2c, 0x1f, 0x2c, 0x1f, 0x2c, 0x1f, 0x2c, 0xff, 0x23, 0x1f, 0x2c, 0x1f, 0x2c,
  0x1f, 0x2c, 0x1f, 0x2c, 0x1f, 0x24, 0x1f, 0x2c, 0x1f, 0x2c, 0x1f, 0x2c, 0x1f, 0x2c, 0x1f, 0x2c,
  0x1f, 0x2c, 0x1f, 0x2c, 0x1f, 0x2c, 0x1f, 0x2c, 0x1f, 0x2c, 0x1f, 0x24, 0x1f, 0x2c, 0xff, 0x2b,
  0x1f, 0x2c, 0x1f, 0x24, 0x1f, 0x2c, 0x1f, 0x2c, 0x1f, 0x2c, 0x1f, 0x2c, 0x1f, 0x2c, 0x1f, 0x2c,
  0x1f, 0x2c, 0x1f, 0x2c, 0x1f, 0x2c, 0x1f, 0x24, 0x1f, 0x2c, 0xff, 0x2b, 0x1f, 0x2c, 0x1f, 0x2c,
  0x1f, 0x24, 0xff, 0x2b, 0x1f, 0x2c, 0x1f, 0x2c, 0x1f, 0x2c, 0x1f, 0x24, 0xff, 0x2b, 0x1f, 0x2c,
  0x5f, 0x2c, 0x3f, 0x2c, 0xbf, 0x2b, 0x00, 0x00, 0x1f, 0x04, 0x00, 0x00, 0x00, 0x00, 0x00, 0x00,
  0x00, 0x00, 0x00, 0x00, 0x00, 0x00, 0x00, 0x00, 0x00, 0x00, 0x00, 0x00, 0x00, 0x00, 0x00, 0x00,
  0x00, 0x00, 0x00, 0x00, 0x00, 0x00, 0x00, 0x00, 0x00, 0x00, 0x00, 0x00, 0x00, 0x00, 0x00, 0x00,
  0x00, 0x00, 0x00, 0x00, 0x00, 0x00, 0x00, 0x00, 0x00, 0x00, 0x00, 0x00, 0x00, 0x00, 0x00, 0x00,
  0x00, 0x00, 0x00, 0x00, 0x00, 0x00, 0x00, 0x00, 0x00, 0x00, 0x00, 0x00, 0x00, 0x00, 0x00, 0x00,
  0x00, 0x00, 0x00, 0x00, 0x00, 0x00, 0x00, 0x00, 0x5f, 0x05, 0x00, 0x00, 0x1f, 0x24, 0x1f, 0x2c,
  0x5f, 0x2c, 0x1f, 0x2c, 0x1f, 0x24, 0x1f, 0x2c, 0xff, 0x2b, 0x1f, 0x2c, 0x1f, 0x2c, 0x1f, 0x24,
  0x1f, 0x2c, 0xff, 0x2b, 0x1f, 0x2c, 0x1f, 0x2c, 0x1f, 0x2c, 0x1f, 0x24, 0x1f, 0x2c, 0x1f, 0x2c,
  0x1f, 0x2c, 0x1f, 0x2c, 0x1f, 0x2c, 0x1f, 0x2c, 0x1f, 0x24, 0x1f, 0x2c, 0xff, 0x2b, 0x1f, 0x2c,
  0x1f, 0x24, 0x1f, 0x2c, 0x1f, 0x2c, 0xff, 0x2b, 0x1f, 0x2c, 0x1f, 0x2c, 0x1f, 0x2c, 0x1f, 0x2c,
  0xff, 0x2b, 0x1f, 0x2c, 0x1f, 0x2c, 0x1f, 0x2c, 0xff, 0x23, 0x1f, 0x2c, 0x1f, 0x2c, 0x1f, 0x24,
  0xff, 0x2b, 0x1f, 0x2c, 0x1f, 0x2c, 0xff, 0x23, 0x1f, 0x2c, 0x1f, 0x2c, 0x1f, 0x2c, 0x1f, 0x24,
  0x1f, 0x2c, 0x1f, 0x2c, 0xff, 0x2b, 0x1f, 0x2c, 0x1f, 0x2c, 0x1f, 0x24, 0x1f, 0x2c, 0xff, 0x2b,
  0x1f, 0x2c, 0x1f, 0x24, 0x1f, 0x2c, 0x1f, 0x2c, 0x1f, 0x2c, 0x1f, 0x2c, 0x1f, 0x2c, 0x1f, 0x2c,
  0x1f, 0x2c, 0x1f, 0x2c, 0x1f, 0x2c, 0x1f, 0x2c, 0xff, 0x2b, 0x1f, 0x2c, 0x1f, 0x2c, 0x5f, 0x2c,
  0x1f, 0x2c, 0x1f, 0x24, 0x00, 0x00, 0xff, 0x03, 0x00, 0x00, 0x00, 0x00, 0x00, 0x00, 0x00, 0x00,
  0x00, 0x00, 0x00, 0x00, 0x00, 0x00, 0x00, 0x00, 0x00, 0x00, 0x00, 0x00, 0x00, 0x00, 0x00, 0x00,
  0x00, 0x00, 0x00, 0x00, 0x00, 0x00, 0x00, 0x00, 0x00, 0x00, 0x00, 0x00, 0x00, 0x00, 0x00, 0x00,
  0x00, 0x00, 0x00, 0x00, 0x00, 0x00, 0x00, 0x00, 0x00, 0x00, 0x00, 0x00, 0x00, 0x00, 0x00, 0x00,
  0x00, 0x00, 0x00, 0x00, 0x00, 0x00, 0x00, 0x00, 0x00, 0x00, 0x00, 0x00, 0x00, 0x00, 0x00, 0x00,
  0x00, 0x00, 0x00, 0x00, 0x00, 0x00, 0x00, 0x00, 0x00, 0x00, 0x1f, 0x04, 0x00, 0x00, 0x00, 0x00,
  0x1f, 0x2c, 0x3f, 0x2c, 0x5f, 0x2c, 0x1f, 0x2c, 0x1f, 0x2c, 0x1f, 0x24, 0x1f, 0x2c, 0xff, 0x2b,
  0x1f, 0x2c, 0x1f, 0x2c, 0x1f, 0x24, 0x1f, 0x2c, 0xff, 0x2b, 0x1f, 0x2c, 0x1f, 0x2c, 0x1f, 0x2c,
  0x1f, 0x2c, 0xff, 0x2b, 0x1f, 0x24, 0x1f, 0x2c, 0x1f, 0x2c, 0x1f, 0x2c, 0x1f, 0x2c, 0x1f, 0x2c,
  0x1f, 0x2c, 0x1f, 0x2c, 0x1f, 0x2c, 0x1f, 0x24, 0x1f, 0x2c, 0x1f, 0x2c, 0x1f, 0x2c, 0x1f, 0x24,
  0x1f, 0x2c, 0x1f, 0x2c, 0x1f, 0x24, 0x1f, 0x2c, 0x1f, 0x2c, 0x1f, 0x2c, 0x1f, 0x2c, 0x1f, 0x2c,
  0x1f, 0x2c, 0x1f, 0x2c, 0x1f, 0x2c, 0x1f, 0x2c, 0x1f, 0x2c, 0xff, 0x2b, 0x1f, 0x2c, 0x1f, 0x2c,
  0x1f, 0x2c, 0x1f, 0x2c, 0x1f, 0x2c, 0x1f, 0x2c, 0x1f, 0x2c, 0xff, 0x2b, 0x1f, 0x2c, 0x1f, 0x24,
  0x1f, 0x2c, 0x1f, 0x2c, 0xff, 0x2b, 0x1f, 0x2c, 0x1f, 0x2c, 0x1f, 0x2c, 0x1f, 0x24, 0xff, 0x2b,
  0x1f, 0x2c, 0x1f, 0x24, 0x1f, 0x2c, 0xff, 0x2b, 0x1f, 0x24, 0x5f, 0x2c, 0x3f, 0x2c, 0x1f, 0x2c,
  0x00, 0x00, 0x00, 0x00, 0xff, 0x03, 0x00, 0x00, 0x00, 0x00, 0x00, 0x00, 0x00, 0x00, 0x00, 0x00,
  0x00, 0x00, 0x00, 0x00, 0x00, 0x00, 0x00, 0x00, 0x00, 0x00, 0x00, 0x00, 0x00, 0x00, 0x00, 0x00,
  0x00, 0x00, 0x00, 0x00, 0x00, 0x00, 0x00, 0x00, 0x00, 0x00, 0x00, 0x00, 0x00, 0x00, 0x00, 0x00,
  0x00, 0x00, 0x00, 0x00, 0x00, 0x00, 0x00, 0x00, 0x00, 0x00, 0x00, 0x00, 0x00, 0x00, 0x00, 0x00,
  0x00, 0x00, 0x00, 0x00, 0x00, 0x00, 0x00, 0x00, 0x00, 0x00, 0x00, 0x00, 0x00, 0x00, 0x00, 0x00,
  0x00, 0x00, 0x00, 0x00, 0x00, 0x00, 0x00, 0x00, 0x00, 0x00, 0x00, 0x00, 0x1f, 0x00, 0x5f, 0x05,
  0x00, 0x00, 0xff, 0x23, 0x1f, 0x2c, 0x5f, 0x2c, 0x1f, 0x2c, 0xff, 0x2b, 0x1f, 0x2c, 0x1f, 0x2c,
  0x1f, 0x2c, 0x1f, 0x2c, 0x1f, 0x2c, 0x1f, 0x2c, 0x1f, 0x2c, 0x1f, 0x2c, 0x1f, 0x2c, 0xff, 0x2b,
  0x1f, 0x24, 0x1f, 0x2c, 0x1f, 0x2c, 0x1f, 0x2c, 0xff, 0x2b, 0x1f, 0x2c, 0x1f, 0x24, 0x1f, 0x2c,
  0x1f, 0x2c, 0xff, 0x2b, 0x1f, 0x2c, 0x1f, 0x2c, 0x1f, 0x2c, 0x1f, 0x2c, 0xff, 0x2b, 0x1f, 0x2c,
  0x1f, 0x2c, 0x1f, 0x2c, 0xff, 0x2b, 0x1f, 0x2c, 0x1f, 0x2c, 0x1f, 0x2c, 0xff, 0x2b, 0x1f, 0x2c,
  0x1f, 0x24, 0x1f, 0x2c, 0xff, 0x2b, 0x1f, 0x2c, 0x1f, 0x2c, 0x1f, 0x24, 0x1f, 0x2c, 0x1f, 0x2c,
  0xff, 0x2b, 0x1f, 0x2c, 0x1f, 0x24, 0x1f, 0x2c, 0x1f, 0x2c, 0x1f, 0x2c, 0x1f, 0x2c, 0x1f, 0x2c,
  0x1f, 0x2c, 0x1f, 0x2c, 0x1f, 0x2c, 0x1f, 0x2c, 0x1f, 0x24, 0xff, 0x2b, 0x1f, 0x2c, 0x1f, 0x2c,
  0x1f, 0x2c, 0x1f, 0x2c, 0xff, 0x2b, 0x3f, 0x2c, 0x5f, 0x2c, 0x1f, 0x2c, 0xff, 0x2b, 0x00, 0x00,
  0x5f, 0x05, 0x1f, 0x00, 0x00, 0x00, 0x00, 0x00, 0x00, 0x00, 0x00, 0x00, 0x00, 0x00, 0x00, 0x00,
  0x00, 0x00, 0x00, 0x00, 0x00, 0x00, 0x00, 0x00, 0x00, 0x00, 0x00, 0x00, 0x00, 0x00, 0x00, 0x00,
  0x00, 0x00, 0x00, 0x00, 0x00, 0x00, 0x00, 0x00, 0x00, 0x00, 0x00, 0x00, 0x00, 0x00, 0x00, 0x00,
  0x00, 0x00, 0x00, 0x00, 0x00, 0x00, 0x00, 0x00, 0x00, 0x00, 0x00, 0x00, 0x00, 0x00, 0x00, 0x00,
  0x00, 0x00, 0x00, 0x00, 0x00, 0x00, 0x00, 0x00, 0x00, 0x00, 0x00, 0x00, 0x00, 0x00, 0x00, 0x00,
  0x00, 0x00, 0x00, 0x00, 0x00, 0x00, 0x00, 0x00, 0x00, 0x00, 0x00, 0x00, 0x00, 0x00, 0x00, 0x00,
  0xff, 0x03, 0x00, 0x00, 0x00, 0x00, 0x1f, 0x2c, 0x3f, 0x2c, 0x5f, 0x2c, 0x1f, 0x2c, 0xff, 0x2b,
  0x1f, 0x24, 0x1f, 0x2c, 0x1f, 0x2c, 0x1f, 0x24, 0x1f, 0x2c, 0xff, 0x2b, 0x1f, 0x24, 0x1f, 0x2c,
  0x1f, 0x2c, 0x1f, 0x2c, 0x1f, 0x2c, 0x1f, 0x2c, 0x1f, 0x2c, 0x1f, 0x2c, 0x1f, 0x2c, 0xff, 0x2b,
  0x1f, 0x2c, 0x1f, 0x24, 0x1f, 0x2c, 0x1f, 0x2c, 0xff, 0x23, 0x1f, 0x2c, 0x1f, 0x2c, 0x1f, 0x2c,
  0x1f, 0x24, 0x1f, 0x2c, 0x1f, 0x2c, 0x1f, 0x2c, 0x1f, 0x2c, 0x1f, 0x24, 0x1f, 0x2c, 0x1f, 0x2c,
  0x1f, 0x2c, 0x1f, 0x2c, 0x1f, 0x2c, 0x1f, 0x24, 0x1f, 0x2c, 0x1f, 0x2c, 0x1f, 0x2c, 0x1f, 0x2c,
  0x1f, 0x24, 0x1f, 0x2c, 0x1f, 0x2c, 0xff, 0x2b, 0x1f, 0x24, 0x1f, 0x2c, 0x1f, 0x2c, 0x1f, 0x2c,
  0xff, 0x2b, 0x1f, 0x2c, 0x1f, 0x24, 0x1f, 0x2c, 0x1f, 0x2c, 0x1f, 0x2c, 0x1f, 0x2c, 0x1f, 0x2c,
  0xff, 0x2b, 0x1f, 0x2c, 0x5f, 0x2c, 0x1f, 0x2c, 0x3f, 0x2c, 0x00, 0x00, 0x00, 0x00, 0xff, 0x03,
  0x00, 0x00, 0x00, 0x00, 0x00, 0x00, 0x00, 0x00, 0x00, 0x00, 0x00, 0x00, 0x00, 0x00, 0x00, 0x00,
  0x00, 0x00, 0x00, 0x00, 0x00, 0x00, 0x00, 0x00, 0x00, 0x00, 0x00, 0x00, 0x00, 0x00, 0x00, 0x00,
  0x00, 0x00, 0x00, 0x00, 0x00, 0x00, 0x00, 0x00, 0x00, 0x00, 0x00, 0x00, 0x00, 0x00, 0x00, 0x00,
  0x00, 0x00, 0x00, 0x00, 0x00, 0x00, 0x00, 0x00, 0x00, 0x00, 0x00, 0x00, 0x00, 0x00, 0x00, 0x00,
  0x00, 0x00, 0x00, 0x00, 0x00, 0x00, 0x00, 0x00, 0x00, 0x00, 0x00, 0x00, 0x00, 0x00, 0x00, 0x00,
  0x00, 0x00, 0x00, 0x00, 0x00, 0x00, 0x00, 0x00, 0x00, 0x00, 0x00, 0x00, 0x00, 0x00, 0x00, 0x00,
  0x00, 0x00, 0x1f, 0x04, 0x1f, 0x00, 0x00, 0x00, 0xff, 0x23, 0x3f, 0x2c, 0x3f, 0x2c, 0x3f, 0x2c,
  0x1f, 0x2c, 0x1f, 0x2c, 0xff, 0x2b, 0x1f, 0x2c, 0x1f, 0x2c, 0x1f, 0x2c, 0x1f, 0x2c, 0x1f, 0x2c,
  0x1f, 0x2c, 0x1f, 0x2c, 0x1f, 0x2c, 0xff, 0x23, 0x1f, 0x2c, 0x1f, 0x2c, 0x1f, 0x2c, 0x1f, 0x24,
  0x1f, 0x2c, 0x1f, 0x2c, 0x1f, 0x2c, 0x1f, 0x2c, 0x1f, 0x2c, 0x1f, 0x2c, 0x1f, 0x24, 0x1f, 0x2c,
  0x1f, 0x2c, 0xff, 0x2b, 0x1f, 0x2c, 0x1f, 0x24, 0xff, 0x2b, 0x1f, 0x2c, 0x1f, 0x2c, 0x1f, 0x2c,
  0xff, 0x2b, 0x1f, 0x24, 0x1f, 0x2c, 0x1f, 0x2c, 0xff, 0x2b, 0x1f, 0x2c, 0x1f, 0x2c, 0xff, 0x2b,
  0x1f, 0x2c, 0x1f, 0x2c, 0x1f, 0x2c, 0x1f, 0x2c, 0x1f, 0x2c, 0x1f, 0x2c, 0xff, 0x2b, 0x1f, 0x24,
  0x1f, 0x2c, 0x1f, 0x2c, 0x1f, 0x2c, 0xff, 0x2b, 0x1f, 0x2c, 0x1f, 0x2c, 0x1f, 0x2c, 0xff, 0x23,
  0x5f, 0x2c, 0x3f, 0x2c, 0x1f, 0x2c, 0xff, 0x23, 0x00, 0x00, 0x1f, 0x00, 0xff, 0x03, 0x00, 0x00,
  0x00, 0x00, 0x00, 0x00, 0x00, 0x00, 0x00, 0x00, 0x00, 0x00, 0x00, 0x00, 0x00, 0x00, 0x00, 0x00,
  0x00, 0x00, 0x00, 0x00, 0x00, 0x00, 0x00, 0x00, 0x00, 0x00, 0x00, 0x00, 0x00, 0x00, 0x00, 0x00,
  0x00, 0x00, 0x00, 0x00, 0x00, 0x00, 0x00, 0x00, 0x00, 0x00, 0x00, 0x00, 0x00, 0x00, 0x00, 0x00,
  0x00, 0x00, 0x00, 0x00, 0x00, 0x00, 0x00, 0x00, 0x00, 0x00, 0x00, 0x00, 0x00, 0x00, 0x00, 0x00,
  0x00, 0x00, 0x00, 0x00, 0x00, 0x00, 0x00, 0x00, 0x00, 0x00, 0x00, 0x00, 0x00, 0x00, 0x00, 0x00,
  0x00, 0x00, 0x00, 0x00, 0x00, 0x00, 0x00, 0x00, 0x00, 0x00, 0x00, 0x00, 0x00, 0x00, 0x00, 0x00,
  0x00, 0x00, 0x00, 0x00, 0x00, 0x00, 0xff, 0x43, 0x00, 0x00, 0x00, 0x00, 0x1f, 0x2c, 0x3f, 0x2c,
  0x5f, 0x2c, 0x3f, 0x2c, 0x1f, 0x2c, 0x1f, 0x2c, 0x1f, 0x2c, 0x1f, 0x24, 0x1f, 0x2c, 0x1f, 0x2c,
  0xff, 0x2b, 0x1f, 0x24, 0x1f, 0x2c, 0x1f, 0x2c, 0x1f, 0x2c, 0x1f, 0x2c, 0x1f, 0x2c, 0x1f, 0x2c,
  0x1f, 0x2c, 0x1f, 0x2c, 0xff, 0x2b, 0x1f, 0x2c, 0x1f, 0x2c, 0x1f, 0x2c, 0x1f, 0x2c, 0xff, 0x2b,
  0x1f, 0x2c, 0x1f, 0x2c, 0x1f, 0x2c, 0x1f, 0x2c, 0x1f, 0x2c, 0x1f, 0x2c, 0x1f, 0x2c, 0x1f, 0x24,
  0x1f, 0x2c, 0x1f, 0x2c, 0x1f, 0x2c, 0x1f, 0x2c, 0x1f, 0x2c, 0x1f, 0x2c, 0x1f, 0x24, 0x1f, 0x2c,
  0x1f, 0x2c, 0x1f, 0x2c, 0x1f, 0x2c, 0x1f, 0x2c, 0xff, 0x2b, 0x1f, 0x24, 0x1f, 0x2c, 0x1f, 0x2c,
  0x1f, 0x2c, 0x1f, 0x2c, 0x1f, 0x2c, 0x1f, 0x2c, 0x1f, 0x2c, 0x1f, 0x24, 0x3f, 0x2c, 0x3f, 0x2c,
  0x3f, 0x2c, 0x1f, 0x2c, 0x00, 0x00, 0x00, 0x00, 0xff, 0x43, 0x00, 0x00, 0x00, 0x00, 0x00, 0x00,
  0x00, 0x00, 0x00, 0x00, 0x00, 0x00, 0x00, 0x00, 0x00, 0x00, 0x00, 0x00, 0x00, 0x00, 0x00, 0x00,
  0x00, 0x00, 0x00, 0x00, 0x00, 0x00, 0x00, 0x00, 0x00, 0x00, 0x00, 0x00, 0x00, 0x00, 0x00, 0x00,
  0x00, 0x00, 0x00, 0x00, 0x00, 0x00, 0x00, 0x00, 0x00, 0x00, 0x00, 0x00, 0x00, 0x00, 0x00, 0x00,
  0x00, 0x00, 0x00, 0x00, 0x00, 0x00, 0x00, 0x00, 0x00, 0x00, 0x00, 0x00, 0x00, 0x00, 0x00, 0x00,
  0x00, 0x00, 0x00, 0x00, 0x00, 0x00, 0x00, 0x00, 0x00, 0x00, 0x00, 0x00, 0x00, 0x00, 0x00, 0x00,
  0x00, 0x00, 0x00, 0x00, 0x00, 0x00, 0x00, 0x00, 0x00, 0x00, 0x00, 0x00, 0x00, 0x00, 0x00, 0x00,
  0x00, 0x00, 0x00, 0x00, 0x00, 0x00, 0x00, 0x00, 0xff, 0x03, 0x1f, 0x04, 0x00, 0x00, 0x00, 0x00,
  0x3f, 0x2c, 0x1f, 0x2c, 0x3f, 0x2c, 0x3f, 0x2c, 0x1f, 0x2c, 0xff, 0x2b, 0xff, 0x2b, 0x1f, 0x2c,
  0x1f, 0x2c, 0x1f, 0x2c, 0x1f, 0x2c, 0x1f, 0x2c, 0x1f, 0x2c, 0xff, 0x23, 0x1f, 0x2c, 0x1f, 0x2c,
  0xff, 0x2b, 0x1f, 0x24, 0x1f, 0x2c, 0x1f, 0x2c, 0x1f, 0x24, 0x1f, 0x2c, 0x1f, 0x2c, 0x1f, 0x2c,
  0x1f, 0x2c, 0x1f, 0x24, 0x1f, 0x2c, 0x1f, 0x2c, 0x1f, 0x2c, 0x1f, 0x2c, 0xff, 0x2b, 0x1f, 0x2c,
  0x1f, 0x2c, 0x1f, 0x2c, 0xff, 0x2b, 0x1f, 0x2c, 0x1f, 0x24, 0x1f, 0x2c, 0x1f, 0x2c, 0x1f, 0x2c,
  0x1f, 0x2c, 0xff, 0x23, 0x1f, 0x2c, 0x1f, 0x2c, 0x1f, 0x2c, 0x1f, 0x2c, 0x1f, 0x2c, 0x1f, 0x2c,
  0x1f, 0x2c, 0xff, 0x23, 0x1f, 0x2c, 0xff, 0x23, 0x3f, 0x2c, 0x3f, 0x2c, 0x1f, 0x2c, 0x1f, 0x2c,
  0x00, 0x00, 0x00, 0x00, 0xff, 0x03, 0xff, 0x03, 0x00, 0x00, 0x00, 0x00, 0x00, 0x00, 0x00, 0x00,
  0x00, 0x00, 0x00, 0x00, 0x00, 0x00, 0x00, 0x00, 0x00, 0x00, 0x00, 0x00, 0x00, 0x00, 0x00, 0x00,
  0x00, 0x00, 0x00, 0x00, 0x00, 0x00, 0x00, 0x00, 0x00, 0x00, 0x00, 0x00, 0x00, 0x00, 0x00, 0x00,
  0x00, 0x00, 0x00, 0x00, 0x00, 0x00, 0x00, 0x00, 0x00, 0x00, 0x00, 0x00, 0x00, 0x00, 0x00, 0x00,
  0x00, 0x00, 0x00, 0x00, 0x00, 0x00, 0x00, 0x00, 0x00, 0x00, 0x00, 0x00, 0x00, 0x00, 0x00, 0x00,
  0x00, 0x00, 0x00, 0x00, 0x00, 0x00, 0x00, 0x00, 0x00, 0x00, 0x00, 0x00, 0x00, 0x00, 0x00, 0x00,
  0x00, 0x00, 0x00, 0x00, 0x00, 0x00, 0x00, 0x00, 0x00, 0x00, 0x00, 0x00, 0x00, 0x00, 0x00, 0x00,
  0x00, 0x00, 0x00, 0x00, 0x00, 0x00, 0x00, 0x00, 0x00, 0x00, 0x00, 0x00, 0xbf, 0x02, 0x1f, 0x00,
  0x00, 0x00, 0xff, 0x03, 0x3f, 0x2c, 0x3f, 0x2c, 0x3f, 0x2c, 0x5f, 0x2c, 0x1f, 0x2c, 0x1f, 0x24,
  0x1f, 0x2c, 0x1f, 0x2c, 0xff, 0x2b, 0x1f, 0x2c, 0x1f, 0x2c, 0x1f, 0x2c, 0x1f, 0x2c, 0x1f, 0x2c,
  0x1f, 0x2c, 0x1f, 0x2c, 0x1f, 0x2c, 0x1f, 0x2c, 0xff, 0x2b, 0x1f, 0x2c, 0x1f, 0x2c, 0x1f, 0x24,
  0x1f, 0x2c, 0x1f, 0x2c, 0xff, 0x2b, 0x1f, 0x2c, 0x1f, 0x24, 0x1f, 0x2c, 0x1f, 0x2c, 0x1f, 0x2c,
  0x1f, 0x2c, 0x1f, 0x24, 0x1f, 0x2c, 0x1f, 0x2c, 0x1f, 0x2c, 0xff, 0x2b, 0x1f, 0x2c, 0x1f, 0x2c,
  0x1f, 0x2c, 0x1f, 0x2c, 0x1f, 0x2c, 0x1f, 0x24, 0x1f, 0x2c, 0x1f, 0x2c, 0x1f, 0x2c, 0xff, 0x23,
  0x1f, 0x2c, 0x1f, 0x2c, 0x5f, 0x2c, 0x3f, 0x2c, 0x3f, 0x2c, 0x3f, 0x2c, 0xff, 0x03, 0x00, 0x00,
  0x1f, 0x00, 0xbf, 0x02, 0x00, 0x00, 0x00, 0x00, 0x00, 0x00, 0x00, 0x00, 0x00, 0x00, 0x00, 0x00,
  0x00, 0x00, 0x00, 0x00, 0x00, 0x00, 0x00, 0x00, 0x00, 0x00, 0x00, 0x00, 0x00, 0x00, 0x00, 0x00,
  0x00, 0x00, 0x00, 0x00, 0x00, 0x00, 0x00, 0x00, 0x00, 0x00, 0x00, 0x00, 0x00, 0x00, 0x00, 0x00,
  0x00, 0x00, 0x00, 0x00, 0x00, 0x00, 0x00, 0x00, 0x00, 0x00, 0x00, 0x00, 0x00, 0x00, 0x00, 0x00,
  0x00, 0x00, 0x00, 0x00, 0x00, 0x00, 0x00, 0x00, 0x00, 0x00, 0x00, 0x00, 0x00, 0x00, 0x00, 0x00,
  0x00, 0x00, 0x00, 0x00, 0x00, 0x00, 0x00, 0x00, 0x00, 0x00, 0x00, 0x00, 0x00, 0x00, 0x00, 0x00,
  0x00, 0x00, 0x00, 0x00, 0x00, 0x00, 0x00, 0x00, 0x00, 0x00, 0x00, 0x00, 0x00, 0x00, 0x00, 0x00,
  0x00, 0x00, 0x00, 0x00, 0x00, 0x00, 0x00, 0x00, 0x00, 0x00, 0x00, 0x00, 0x00, 0x00, 0x00, 0x00,
  0x5f, 0x05, 0x00, 0x00, 0x00, 0x00, 0x00, 0x00, 0x1f, 0x24, 0x1f, 0x2c, 0x1f, 0x2c, 0x5f, 0x2c,
  0x3f, 0x2c, 0x1f, 0x2c, 0x1f, 0x24, 0xff, 0x2b, 0x1f, 0x2c, 0x1f, 0x24, 0x1f, 0x2c, 0x1f, 0x2c,
  0x1f, 0x24, 0x1f, 0x2c, 0x1f, 0x2c, 0x1f, 0x2c, 0x1f, 0x2c, 0x1f, 0x24, 0x1f, 0x2c, 0xff, 0x2b,
  0x1f, 0x2c, 0x1f, 0x2c, 0x1f, 0x2c, 0x1f, 0x2c, 0x1f, 0x2c, 0xff, 0x2b, 0x1f, 0x24, 0x1f, 0x2c,
  0xff, 0x2b, 0x1f, 0x2c, 0x1f, 0x2c, 0x1f, 0x2c, 0x1f, 0x2c, 0x1f, 0x2c, 0x1f, 0x2c, 0xff, 0x23,
  0x1f, 0x2c, 0x1f, 0x2c, 0x1f, 0x2c, 0xff, 0x2b, 0xff, 0x2b, 0x1f, 0x24, 0x1f, 0x2c, 0x3f, 0x2c,
  0x5f, 0x2c, 0x1f, 0x2c, 0x3f, 0x2c, 0x1f, 0x2c, 0x00, 0x00, 0x00, 0x00, 0x00, 0x00, 0x5f, 0x05,
  0x00, 0x00, 0x00, 0x00, 0x00, 0x00, 0x00, 0x00, 0x00, 0x00, 0x00, 0x00, 0x00, 0x00, 0x00, 0x00,
  0x00, 0x00, 0x00, 0x00, 0x00, 0x00, 0x00, 0x00, 0x00, 0x00, 0x00, 0x00, 0x00, 0x00, 0x00, 0x00,
  0x00, 0x00, 0x00, 0x00, 0x00, 0x00, 0x00, 0x00, 0x00, 0x00, 0x00, 0x00, 0x00, 0x00, 0x00, 0x00,
  0x00, 0x00, 0x00, 0x00, 0x00, 0x00, 0x00, 0x00, 0x00, 0x00, 0x00, 0x00, 0x00, 0x00, 0x00, 0x00,
  0x00, 0x00, 0x00, 0x00, 0x00, 0x00, 0x00, 0x00, 0x00, 0x00, 0x00, 0x00, 0x00, 0x00, 0x00, 0x00,
  0x00, 0x00, 0x00, 0x00, 0x00, 0x00, 0x00, 0x00, 0x00, 0x00, 0x00, 0x00, 0x00, 0x00, 0x00, 0x00,
  0x00, 0x00, 0x00, 0x00, 0x00, 0x00, 0x00, 0x00, 0x00, 0x00, 0x00, 0x00, 0x00, 0x00, 0x00, 0x00,
  0x00, 0x00, 0x00, 0x00, 0x00, 0x00, 0x00, 0x00, 0x00, 0x00, 0x00, 0x00, 0x00, 0x00, 0x00, 0x00,
  0x00, 0x00, 0x1f, 0x00, 0x5f, 0x55, 0xff, 0x07, 0x00, 0x00, 0x00, 0x00, 0x3f, 0x24, 0x3f, 0x2c,
  0x1f, 0x2c, 0x1f, 0x2c, 0x5f, 0x2c, 0x5f, 0x2c, 0x1f, 0x2c, 0x1f, 0x2c, 0xff, 0x2b, 0x1f, 0x2c,
  0xff, 0x2b, 0x1f, 0x2c, 0x1f, 0x2c, 0xff, 0x23, 0x1f, 0x2c, 0x1f, 0x2c, 0x1f, 0x2c, 0x1f, 0x2c,
  0x1f, 0x2c, 0x1f, 0x2c, 0x1f, 0x24, 0xff, 0x2b, 0x1f, 0x2c, 0x1f, 0x2c, 0x1f, 0x2c, 0x1f, 0x2c,
  0x1f, 0x2c, 0x1f, 0x2c, 0x1f, 0x2c, 0xff, 0x23, 0x1f, 0x2c, 0x1f, 0x2c, 0x1f, 0x2c, 0x1f, 0x2c,
  0xff, 0x2b, 0x1f, 0x24, 0xff, 0x2b, 0x3f, 0x2c, 0x5f, 0x2c, 0x5f, 0x2c, 0x1f, 0x2c, 0x3f, 0x2c,
  0x1f, 0x2c, 0x1f, 0x2c, 0x00, 0x00, 0x00, 0x00, 0xff, 0x07, 0x5f, 0x05, 0x1f, 0x00, 0x00, 0x00,
  0x00, 0x00, 0x00, 0x00, 0x00, 0x00, 0x00, 0x00, 0x00, 0x00, 0x00, 0x00, 0x00, 0x00, 0x00, 0x00,
  0x00, 0x00, 0x00, 0x00, 0x00, 0x00, 0x00, 0x00, 0x00, 0x00, 0x00, 0x00, 0x00, 0x00, 0x00, 0x00,
  0x00, 0x00, 0x00, 0x00, 0x00, 0x00, 0x00, 0x00, 0x00, 0x00, 0x00, 0x00, 0x00, 0x00, 0x00, 0x00,
  0x00, 0x00, 0x00, 0x00, 0x00, 0x00, 0x00, 0x00, 0x00, 0x00, 0x00, 0x00, 0x00, 0x00, 0x00, 0x00,
  0x00, 0x00, 0x00, 0x00, 0x00, 0x00, 0x00, 0x00, 0x00, 0x00, 0x00, 0x00, 0x00, 0x00, 0x00, 0x00,
  0x00, 0x00, 0x00, 0x00, 0x00, 0x00, 0x00, 0x00, 0x00, 0x00, 0x00, 0x00, 0x00, 0x00, 0x00, 0x00,
  0x00, 0x00, 0x00, 0x00, 0x00, 0x00, 0x00, 0x00, 0x00, 0x00, 0x00, 0x00, 0x00, 0x00, 0x00, 0x00,
  0x00, 0x00, 0x00, 0x00, 0x00, 0x00, 0x00, 0x00, 0x00, 0x00, 0x00, 0x00, 0x00, 0x00, 0x00, 0x00,
  0x00, 0x00, 0x00, 0x00, 0x00, 0x00, 0x00, 0x00, 0xbf, 0x02, 0x5f, 0x05, 0x00, 0x00, 0x00, 0x00,
  0x00, 0x00, 0x3f, 0x2c, 0x1f, 0x2c, 0x1f, 0x2c, 0x1f, 0x2c, 0x3f, 0x2c, 0x5f, 0x2c, 0x5f, 0x2c,
  0x3f, 0x2c, 0x1f, 0x2c, 0x1f, 0x2c, 0x1f, 0x2c, 0x1f, 0x2c, 0x1f, 0x2c, 0x1f, 0x2c, 0xff, 0x2b,
  0x1f, 0x24, 0x1f, 0x2c, 0x1f, 0x2c, 0x1f, 0x2c, 0x1f, 0x2c, 0x1f, 0x2c, 0x1f, 0x2c, 0x1f, 0x24,
  0xff, 0x2b, 0x1f, 0x2c, 0x1f, 0x2c, 0x1f, 0x2c, 0x1f, 0x2c, 0x1f, 0x24, 0x1f, 0x2c, 0x3f, 0x2c,
  0x5f, 0x2c, 0x5f, 0x2c, 0x3f, 0x2c, 0x1f, 0x2c, 0xff, 0x2b, 0x1f, 0x2c, 0x1f, 0x2c, 0x00, 0x00,
  0x00, 0x00, 0x00, 0x00, 0x5f, 0x05, 0xbf, 0x02, 0x00, 0x00, 0x00, 0x00, 0x00, 0x00, 0x00, 0x00,
  0x00, 0x00, 0x00, 0x00, 0x00, 0x00, 0x00, 0x00, 0x00, 0x00, 0x00, 0x00, 0x00, 0x00, 0x00, 0x00,
  0x00, 0x00, 0x00, 0x00, 0x00, 0x00, 0x00, 0x00, 0x00, 0x00, 0x00, 0x00, 0x00, 0x00, 0x00, 0x00,
  0x00, 0x00, 0x00, 0x00, 0x00, 0x00, 0x00, 0x00, 0x00, 0x00, 0x00, 0x00, 0x00, 0x00, 0x00, 0x00,
  0x00, 0x00, 0x00, 0x00, 0x00, 0x00, 0x00, 0x00, 0x00, 0x00, 0x00, 0x00, 0x00, 0x00, 0x00, 0x00,
  0x00, 0x00, 0x00, 0x00, 0x00, 0x00, 0x00, 0x00, 0x00, 0x00, 0x00, 0x00, 0x00, 0x00, 0x00, 0x00,
  0x00, 0x00, 0x00, 0x00, 0x00, 0x00, 0x00, 0x00, 0x00, 0x00, 0x00, 0x00, 0x00, 0x00, 0x00, 0x00,
  0x00, 0x00, 0x00, 0x00, 0x00, 0x00, 0x00, 0x00, 0x00, 0x00, 0x00, 0x00, 0x00, 0x00, 0x00, 0x00,
  0x00, 0x00, 0x00, 0x00, 0x00, 0x00, 0x00, 0x00, 0x00, 0x00, 0x00, 0x00, 0x00, 0x00, 0x00, 0x00,
  0x00, 0x00, 0x00, 0x00, 0x00, 0x00, 0x00, 0x00, 0x00, 0x00, 0x00, 0x00, 0xff, 0x07, 0xff, 0x43,
  0x1f, 0x04, 0x00, 0x00, 0x00, 0x00, 0x00, 0x00, 0xff, 0x23, 0x1f, 0x2c, 0x1f, 0x2c, 0x1f, 0x2c,
  0x1f, 0x2c, 0x1f, 0x24, 0x1f, 0x2c, 0x3f, 0x2c, 0x5f, 0x2c, 0x3f, 0x2c, 0x3f, 0x2c, 0x3f, 0x2c,
  0x1f, 0x2c, 0x1f, 0x2c, 0x1f, 0x2c, 0x1f, 0x2c, 0x1f, 0x24, 0x1f, 0x2c, 0x1f, 0x2c, 0x1f, 0x2c,
  0x3f, 0x2c, 0x3f, 0x2c, 0x3f, 0x2c, 0x5f, 0x2c, 0x3f, 0x2c, 0x1f, 0x2c, 0x1f, 0x2c, 0x1f, 0x2c,
  0x1f, 0x2c, 0x1f, 0x2c, 0x1f, 0x2c, 0x5f, 0x2c, 0x00, 0x00, 0x00, 0x00, 0x00, 0x00, 0x1f, 0x04,
  0xff, 0x43, 0xff, 0x07, 0x00, 0x00, 0x00, 0x00, 0x00, 0x00, 0x00, 0x00, 0x00, 0x00, 0x00, 0x00,
  0x00, 0x00, 0x00, 0x00, 0x00, 0x00, 0x00, 0x00, 0x00, 0x00, 0x00, 0x00, 0x00, 0x00, 0x00, 0x00,
  0x00, 0x00, 0x00, 0x00, 0x00, 0x00, 0x00, 0x00, 0x00, 0x00, 0x00, 0x00, 0x00, 0x00, 0x00, 0x00,
  0x00, 0x00, 0x00, 0x00, 0x00, 0x00, 0x00, 0x00, 0x00, 0x00, 0x00, 0x00, 0x00, 0x00, 0x00, 0x00,
  0x00, 0x00, 0x00, 0x00, 0x00, 0x00, 0x00, 0x00, 0x00, 0x00, 0x00, 0x00, 0x00, 0x00, 0x00, 0x00,
  0x00, 0x00, 0x00, 0x00, 0x00, 0x00, 0x00, 0x00, 0x00, 0x00, 0x00, 0x00, 0x00, 0x00, 0x00, 0x00,
  0x00, 0x00, 0x00, 0x00, 0x00, 0x00, 0x00, 0x00, 0x00, 0x00, 0x00, 0x00, 0x00, 0x00, 0x00, 0x00,
  0x00, 0x00, 0x00, 0x00, 0x00, 0x00, 0x00, 0x00, 0x00, 0x00, 0x00, 0x00, 0x00, 0x00, 0x00, 0x00,
  0x00, 0x00, 0x00, 0x00, 0x00, 0x00, 0x00, 0x00, 0x00, 0x00, 0x00, 0x00, 0x00, 0x00, 0x00, 0x00,
  0x00, 0x00, 0x00, 0x00, 0x00, 0x00, 0x00, 0x00, 0x00, 0x00, 0x00, 0x00, 0x00, 0x00, 0x00, 0x00,
  0x00, 0x00, 0xff, 0x03, 0x1f, 0x3c, 0xbf, 0x02, 0x00, 0x00, 0x00, 0x00, 0x00, 0x00, 0x00, 0x00,
  0x5f, 0x55, 0x1f, 0x2c, 0x3f, 0x2c, 0xff, 0x2b, 0x1f, 0x2c, 0x1f, 0x2c, 0xff, 0x23, 0x1f, 0x2c,
  0x1f, 0x2c, 0x1f, 0x2c, 0x1f, 0x2c, 0xff, 0x2b, 0x1f, 0x2c, 0x1f, 0x2c, 0xff, 0x23, 0x1f, 0x2c,
  0x1f, 0x2c, 0x1f, 0x24, 0xff, 0x2b, 0x1f, 0x2c, 0x1f, 0x2c, 0x3f, 0x2c, 0xff, 0x23, 0x5f, 0x55,
  0x00, 0x00, 0x00, 0x00, 0x00, 0x00, 0x00, 0x00, 0xbf, 0x02, 0x1f, 0x3c, 0xff, 0x03, 0x00, 0x00,
  0x00, 0x00, 0x00, 0x00, 0x00, 0x00, 0x00, 0x00, 0x00, 0x00, 0x00, 0x00, 0x00, 0x00, 0x00, 0x00,
  0x00, 0x00, 0x00, 0x00, 0x00, 0x00, 0x00, 0x00, 0x00, 0x00, 0x00, 0x00, 0x00, 0x00, 0x00, 0x00,
  0x00, 0x00, 0x00, 0x00, 0x00, 0x00, 0x00, 0x00, 0x00, 0x00, 0x00, 0x00, 0x00, 0x00, 0x00, 0x00,
  0x00, 0x00, 0x00, 0x00, 0x00, 0x00, 0x00, 0x00, 0x00, 0x00, 0x00, 0x00, 0x00, 0x00, 0x00, 0x00,
  0x00, 0x00, 0x00, 0x00, 0x00, 0x00, 0x00, 0x00, 0x00, 0x00, 0x00, 0x00, 0x00, 0x00, 0x00, 0x00,
  0x00, 0x00, 0x00, 0x00, 0x00, 0x00, 0x00, 0x00, 0x00, 0x00, 0x00, 0x00, 0x00, 0x00, 0x00, 0x00,
  0x00, 0x00, 0x00, 0x00, 0x00, 0x00, 0x00, 0x00, 0x00, 0x00, 0x00, 0x00, 0x00, 0x00, 0x00, 0x00,
  0x00, 0x00, 0x00, 0x00, 0x00, 0x00, 0x00, 0x00, 0x00, 0x02, 0x04, 0x03, 0x00, 0x00, 0x00, 0x00,
  0x03, 0x22, 0x45, 0x6b, 0x8f, 0xb2, 0xc8, 0xda, 0xe8, 0xf4, 0xfb, 0xff, 0xff, 0xfb, 0xf3, 0xe9,
  0xdb, 0xc8, 0xb1, 0x8f, 0x6c, 0x44, 0x21, 0x03, 0x00, 0x00, 0x00, 0x00, 0x03, 0x04, 0x02, 0x00,
  0x00, 0x00, 0x00, 0x00, 0x00, 0x00, 0x00, 0x00, 0x00, 0x00, 0x00, 0x00, 0x00, 0x00, 0x00, 0x00,
  0x00, 0x00, 0x00, 0x00, 0x00, 0x00, 0x00, 0x00, 0x00, 0x00, 0x00, 0x00, 0x00, 0x00, 0x00, 0x00,
  0x00, 0x00, 0x00, 0x00, 0x00, 0x00, 0x00, 0x00, 0x00, 0x00, 0x00, 0x00, 0x00, 0x00, 0x00, 0x00,
  0x00, 0x00, 0x00, 0x00, 0x00, 0x00, 0x00, 0x00, 0x00, 0x00, 0x00, 0x00, 0x00, 0x00, 0x00, 0x00,
  0x00, 0x00, 0x00, 0x00, 0x00, 0x00, 0x00, 0x00, 0x00, 0x00, 0x00, 0x00, 0x00, 0x00, 0x01, 0x04,
  0x02, 0x00, 0x00, 0x00, 0x0d, 0x3a, 0x74, 0xa8, 0xd5, 0xf3, 0xff, 0xff, 0xff, 0xff, 0xff, 0xff,
  0xff, 0xff, 0xff, 0xff, 0xff, 0xff, 0xff, 0xff, 0xff, 0xff, 0xff, 0xff, 0xff, 0xff, 0xf3, 0xd5,
  0xa8, 0x73, 0x3a, 0x0e, 0x00, 0x00, 0x00, 0x02, 0x04, 0x01, 0x00, 0x00, 0x00, 0x00, 0x00, 0x00,
  0x00, 0x00, 0x00, 0x00, 0x00, 0x00, 0x00, 0x00, 0x00, 0x00, 0x00, 0x00, 0x00, 0x00, 0x00, 0x00,
  0x00, 0x00, 0x00, 0x00, 0x00, 0x00, 0x00, 0x00, 0x00, 0x00, 0x00, 0x00, 0x00, 0x00, 0x00, 0x00,
  0x00, 0x00, 0x00, 0x00, 0x00, 0x00, 0x00, 0x00, 0x00, 0x00, 0x00, 0x00, 0x00, 0x00, 0x00, 0x00,
  0x00, 0x00, 0x00, 0x00, 0x00, 0x00, 0x00, 0x00, 0x00, 0x00, 0x00, 0x00, 0x00, 0x00, 0x00, 0x00,
  0x00, 0x00, 0x00, 0x00, 0x03, 0x03, 0x00, 0x00, 0x00, 0x21, 0x65, 0xaf, 0xe6, 0xff, 0xff, 0xff,
  0xff, 0xff, 0xff, 0xfc, 0xfc, 0xfd, 0xfd, 0xfe, 0xfe, 0xff, 0xff, 0xff, 0xff, 0xff, 0xff, 0xfe,
  0xfe, 0xfd, 0xfd, 0xfc, 0xfc, 0xff, 0xff, 0xff, 0xff, 0xff, 0xff, 0xe6, 0xad, 0x64, 0x20, 0x00,
  0x00, 0x00, 0x03, 0x03, 0x00, 0x00, 0x00, 0x00, 0x00, 0x00, 0x00, 0x00, 0x00, 0x00, 0x00, 0x00,
  0x00, 0x00, 0x00, 0x00, 0x00, 0x00, 0x00, 0x00, 0x00, 0x00, 0x00, 0x00, 0x00, 0x00, 0x00, 0x00,
  0x00, 0x00, 0x00, 0x00, 0x00, 0x00, 0x00, 0x00, 0x00, 0x00, 0x00, 0x00, 0x00, 0x00, 0x00, 0x00,
  0x00, 0x00, 0x00, 0x00, 0x00, 0x00, 0x00, 0x00, 0x00, 0x00, 0x00, 0x00, 0x00, 0x00, 0x00, 0x00,
  0x00, 0x00, 0x00, 0x00, 0x00, 0x00, 0x00, 0x00, 0x00, 0x01, 0x03, 0x01, 0x00, 0x00, 0x18, 0x63,
  0xb7, 0xf4, 0xff, 0xff, 0xff, 0xfe, 0xfb, 0xfc, 0xfd, 0xfe, 0xff, 0xff, 0xff, 0xff, 0xff, 0xff,
  0xff, 0xff, 0xff, 0xff, 0xff, 0xff, 0xff, 0xff, 0xff, 0xff, 0xff, 0xff, 0xff, 0xff, 0xfe, 0xfd,
  0xfc, 0xfb, 0xfe, 0xff, 0xff, 0xff, 0xf4, 0xb7, 0x62, 0x17, 0x00, 0x00, 0x01, 0x03, 0x01, 0x00,
  0x00, 0x00, 0x00, 0x00, 0x00, 0x00, 0x00, 0x00, 0x00, 0x00, 0x00, 0x00, 0x00, 0x00, 0x00, 0x00,
  0x00, 0x00, 0x00, 0x00, 0x00, 0x00, 0x00, 0x00, 0x00, 0x00, 0x00, 0x00, 0x00, 0x00, 0x00, 0x00,
  0x00, 0x00, 0x00, 0x00, 0x00, 0x00, 0x00, 0x00, 0x00, 0x00, 0x00, 0x00, 0x00, 0x00, 0x00, 0x00,
  0x00, 0x00, 0x00, 0x00, 0x00, 0x00, 0x00, 0x00, 0x00, 0x00, 0x00, 0x00, 0x00, 0x00, 0x00, 0x00,
  0x03, 0x00, 0x00, 0x00, 0x3c, 0x9c, 0xed, 0xff, 0xff, 0xff, 0xfc, 0xfc, 0xfe, 0xff, 0xff, 0xff,
  0xff, 0xff, 0xff, 0xff, 0xff, 0xff, 0xff, 0xff, 0xff, 0xff, 0xff, 0xff, 0xff, 0xff, 0xff, 0xff,
  0xff, 0xff, 0xff, 0xff, 0xff, 0xff, 0xff, 0xff, 0xff, 0xff, 0xff, 0xfe, 0xfc, 0xfc, 0xff, 0xff,
  0xff, 0xeb, 0x9c, 0x3b, 0x00, 0x00, 0x00, 0x03, 0x00, 0x00, 0x00, 0x00, 0x00, 0x00, 0x00, 0x00,
  0x00, 0x00, 0x00, 0x00, 0x00, 0x00, 0x00, 0x00, 0x00, 0x00, 0x00, 0x00, 0x00, 0x00, 0x00, 0x00,
  0x00, 0x00, 0x00, 0x00, 0x00, 0x00, 0x00, 0x00, 0x00, 0x00, 0x00, 0x00, 0x00, 0x00, 0x00, 0x00,
  0x00, 0x00, 0x00, 0x00, 0x00, 0x00, 0x00, 0x00, 0x00, 0x00, 0x00, 0x00, 0x00, 0x00, 0x00, 0x00,
  0x00, 0x00, 0x00, 0x00, 0x00, 0x00, 0x03, 0x01, 0x00, 0x02, 0x4f, 0xbe, 0xff, 0xff, 0xff, 0xfc,
  0xfc, 0xfe, 0xff, 0xff, 0xff, 0xff, 0xff, 0xff, 0xff, 0xff, 0xff, 0xff, 0xff, 0xff, 0xff, 0xff,
  0xff, 0xff, 0xff, 0xff, 0xff, 0xff, 0xff, 0xff, 0xff, 0xff, 0xff, 0xff, 0xff, 0xff, 0xff, 0xff,
  0xff, 0xff, 0xff, 0xff, 0xff, 0xff, 0xfe, 0xfc, 0xfc, 0xff, 0xff, 0xff, 0xbd, 0x53, 0x02, 0x00,
  0x01, 0x03, 0x00, 0x00, 0x00, 0x00, 0x00, 0x00, 0x00, 0x00, 0x00, 0x00, 0x00, 0x00, 0x00, 0x00,
  0x00, 0x00, 0x00, 0x00, 0x00, 0x00, 0x00, 0x00, 0x00, 0x00, 0x00, 0x00, 0x00, 0x00, 0x00, 0x00,
  0x00, 0x00, 0x00, 0x00, 0x00, 0x00, 0x00, 0x00, 0x00, 0x00, 0x00, 0x00, 0x00, 0x00, 0x00, 0x00,
  0x00, 0x00, 0x00, 0x00, 0x00, 0x00, 0x00, 0x00, 0x00, 0x00, 0x00, 0x00, 0x02, 0x02, 0x00, 0x00,
  0x56, 0xcb, 0xff, 0xff, 0xfe, 0xfc, 0xfe, 0xff, 0xff, 0xff, 0xff, 0xff, 0xff, 0xff, 0xff, 0xff,
  0xff, 0xff, 0xff, 0xff, 0xff, 0xff, 0xff, 0xff, 0xff, 0xff, 0xff, 0xff, 0xff, 0xff, 0xff, 0xff,
  0xff, 0xff, 0xff, 0xff, 0xff, 0xff, 0xff, 0xff, 0xff, 0xff, 0xff, 0xff, 0xff, 0xff, 0xff, 0xff,
  0xff, 0xfe, 0xfc, 0xfe, 0xff, 0xff, 0xcb, 0x58, 0x00, 0x00, 0x02, 0x02, 0x00, 0x00, 0x00, 0x00,
  0x00, 0x00, 0x00, 0x00, 0x00, 0x00, 0x00, 0x00, 0x00, 0x00, 0x00, 0x00, 0x00, 0x00, 0x00, 0x00,
  0x00, 0x00, 0x00, 0x00, 0x00, 0x00, 0x00, 0x00, 0x00, 0x00, 0x00, 0x00, 0x00, 0x00, 0x00, 0x00,
  0x00, 0x00, 0x00, 0x00, 0x00, 0x00, 0x00, 0x00, 0x00, 0x00, 0x00, 0x00, 0x00, 0x00, 0x00, 0x00,
  0x00, 0x00, 0x00, 0x04, 0x00, 0x00, 0x45, 0xc3, 0xff, 0xff, 0xfd, 0xfc, 0xff, 0xff, 0xff, 0xff,
  0xff, 0xff, 0xff, 0xff, 0xff, 0xff, 0xff, 0xff, 0xff, 0xff, 0xff, 0xff, 0xff, 0xff, 0xff, 0xff,
  0xff, 0xff, 0xff, 0xff, 0xff, 0xff, 0xff, 0xff, 0xff, 0xff, 0xff, 0xff, 0xff, 0xff, 0xff, 0xff,
  0xff, 0xff, 0xff, 0xff, 0xff, 0xff, 0xff, 0xff, 0xff, 0xff, 0xff, 0xff, 0xfc, 0xfc, 0xff, 0xff,
  0xc1, 0x44, 0x00, 0x00, 0x04, 0x00, 0x00, 0x00, 0x00, 0x00, 0x00, 0x00, 0x00, 0x00, 0x00, 0x00,
  0x00, 0x00, 0x00, 0x00, 0x00, 0x00, 0x00, 0x00, 0x00, 0x00, 0x00, 0x00, 0x00, 0x00, 0x00, 0x00,
  0x00, 0x00, 0x00, 0x00, 0x00, 0x00, 0x00, 0x00, 0x00, 0x00, 0x00, 0x00, 0x00, 0x00, 0x00, 0x00,
  0x00, 0x00, 0x00, 0x00, 0x00, 0x00, 0x00, 0x00, 0x00, 0x02, 0x01, 0x00, 0x23, 0xa6, 0xff, 0xff,
  0xfc, 0xfd, 0xff, 0xff, 0xff, 0xff, 0xff, 0xff, 0xff, 0xff, 0xff, 0xff, 0xff, 0xff, 0xff, 0xff,
  0xff, 0xff, 0xff, 0xff, 0xff, 0xff, 0xff, 0xff, 0xff, 0xff, 0xff, 0xff, 0xff, 0xff, 0xff, 0xff,
  0xff, 0xff, 0xff, 0xff, 0xff, 0xff, 0xff, 0xff, 0xff, 0xff, 0xff, 0xff, 0xff, 0xff, 0xff, 0xff,
  0xff, 0xff, 0xff, 0xff, 0xff, 0xff, 0xfd, 0xfc, 0xff, 0xff, 0xa5, 0x22, 0x00, 0x01, 0x02, 0x00,
  0x00, 0x00, 0x00, 0x00, 0x00, 0x00, 0x00, 0x00, 0x00, 0x00, 0x00, 0x00, 0x00, 0x00, 0x00, 0x00,
  0x00, 0x00, 0x00, 0x00, 0x00, 0x00, 0x00, 0x00, 0x00, 0x00, 0x00, 0x00, 0x00, 0x00, 0x00, 0x00,
  0x00, 0x00, 0x00, 0x00, 0x00, 0x00, 0x00, 0x00, 0x00, 0x00, 0x00, 0x00, 0x00, 0x00, 0x00, 0x00,
  0x04, 0x00, 0x00, 0x6e, 0xef, 0xff, 0xfe, 0xfc, 0xff, 0xff, 0xff, 0xff, 0xff, 0xff, 0xff, 0xff,
  0xff, 0xff, 0xff, 0xff, 0xff, 0xff, 0xff, 0xff, 0xff, 0xff, 0xff, 0xff, 0xff, 0xff, 0xff, 0xff,
  0xff, 0xff, 0xff, 0xff, 0xff, 0xff, 0xff, 0xff, 0xff, 0xff, 0xff, 0xff, 0xff, 0xff, 0xff, 0xff,
  0xff, 0xff, 0xff, 0xff, 0xff, 0xff, 0xff, 0xff, 0xff, 0xff, 0xff, 0xff, 0xff, 0xff, 0xff, 0xff,
  0xfd, 0xfd, 0xff, 0xef, 0x71, 0x00, 0x00, 0x04, 0x00, 0x00, 0x00, 0x00, 0x00, 0x00, 0x00, 0x00,
  0x00, 0x00, 0x00, 0x00, 0x00, 0x00, 0x00, 0x00, 0x00, 0x00, 0x00, 0x00, 0x00, 0x00, 0x00, 0x00,
  0x00, 0x00, 0x00, 0x00, 0x00, 0x00, 0x00, 0x00, 0x00, 0x00, 0x00, 0x00, 0x00, 0x00, 0x00, 0x00,
  0x00, 0x00, 0x00, 0x00, 0x00, 0x00, 0x01, 0x03, 0x00, 0x29, 0xbd, 0xff, 0xff, 0xfc, 0xff, 0xff,
  0xff, 0xff, 0xff, 0xff, 0xff, 0xff, 0xff, 0xff, 0xff, 0xff, 0xff, 0xff, 0xff, 0xff, 0xff, 0xff,
  0xff, 0xff, 0xff, 0xff, 0xff, 0xff, 0xff, 0xff, 0xff, 0xff, 0xff, 0xff, 0xff, 0xff, 0xff, 0xff,
  0xff, 0xff, 0xff, 0xff, 0xff, 0xff, 0xff, 0xff, 0xff, 0xff, 0xff, 0xff, 0xff, 0xff, 0xff, 0xff,
  0xff, 0xff, 0xff, 0xff, 0xff, 0xff, 0xff, 0xff, 0xff, 0xff, 0xfc, 0xff, 0xff, 0xbd, 0x29, 0x00,
  0x03, 0x01, 0x00, 0x00, 0x00, 0x00, 0x00, 0x00, 0x00, 0x00, 0x00, 0x00, 0x00, 0x00, 0x00, 0x00,
  0x00, 0x00, 0x00, 0x00, 0x00, 0x00, 0x00, 0x00, 0x00, 0x00, 0x00, 0x00, 0x00, 0x00, 0x00, 0x00,
  0x00, 0x00, 0x00, 0x00, 0x00, 0x00, 0x00, 0x00, 0x00, 0x00, 0x00, 0x00, 0x00, 0x02, 0x00, 0x00,
  0x61, 0xf0, 0xff, 0xfb, 0xfe, 0xff, 0xff, 0xff, 0xff, 0xff, 0xff, 0xff, 0xff, 0xff, 0xff, 0xff,
  0xff, 0xff, 0xff, 0xff, 0xff, 0xff, 0xff, 0xff, 0xff, 0xff, 0xff, 0xff, 0xff, 0xff, 0xff, 0xff,
  0xff, 0xff, 0xff, 0xff, 0xff, 0xff, 0xff, 0xff, 0xff, 0xff, 0xff, 0xff, 0xff, 0xff, 0xff, 0xff,
  0xff, 0xff, 0xff, 0xff, 0xff, 0xff, 0xff, 0xff, 0xff, 0xff, 0xff, 0xff, 0xff, 0xff, 0xff, 0xff,
  0xff, 0xff, 0xff, 0xfe, 0xfb, 0xff, 0xef, 0x62, 0x00, 0x00, 0x02, 0x00, 0x00, 0x00, 0x00, 0x00,
  0x00, 0x00, 0x00, 0x00, 0x00, 0x00, 0x00, 0x00, 0x00, 0x00, 0x00, 0x00, 0x00, 0x00, 0x00, 0x00,
  0x00, 0x00, 0x00, 0x00, 0x00, 0x00, 0x00, 0x00, 0x00, 0x00, 0x00, 0x00, 0x00, 0x00, 0x00, 0x00,
  0x00, 0x00, 0x00, 0x00, 0x04, 0x00, 0x08, 0x9b, 0xff, 0xff, 0xfc, 0xff, 0xff, 0xff, 0xff, 0xff,
  0xff, 0xff, 0xff, 0xff, 0xff, 0xff, 0xff, 0xff, 0xff, 0xff, 0xff, 0xff, 0xff, 0xff, 0xff, 0xff,
  0xff, 0xff, 0xff, 0xff, 0xff, 0xff, 0xff, 0xff, 0xff, 0xff, 0xff, 0xff, 0xff, 0xff, 0xff, 0xff,
  0xff, 0xff, 0xff, 0xff, 0xff, 0xff, 0xff, 0xff, 0xff, 0xff, 0xff, 0xff, 0xff, 0xff, 0xff, 0xff,
  0xff, 0xff, 0xff, 0xff, 0xff, 0xff, 0xff, 0xff, 0xff, 0xff, 0xff, 0xff, 0xff, 0xfc, 0xff, 0xff,
  0x9b, 0x08, 0x00, 0x03, 0x00, 0x00, 0x00, 0x00, 0x00, 0x00, 0x00, 0x00, 0x00, 0x00, 0x00, 0x00,
  0x00, 0x00, 0x00, 0x00, 0x00, 0x00, 0x00, 0x00, 0x00, 0x00, 0x00, 0x00, 0x00, 0x00, 0x00, 0x00,
  0x00, 0x00, 0x00, 0x00, 0x00, 0x00, 0x00, 0x00, 0x00, 0x00, 0x00, 0x04, 0x00, 0x20, 0xc6, 0xff,
  0xfc, 0xfe, 0xff, 0xff, 0xff, 0xff, 0xff, 0xff, 0xff, 0xff, 0xff, 0xff, 0xff, 0xff, 0xff, 0xff,
  0xff, 0xff, 0xff, 0xff, 0xff, 0xff, 0xff, 0xff, 0xff, 0xff, 0xff, 0xff, 0xff, 0xff, 0xff, 0xff,
  0xff, 0xff, 0xff, 0xff, 0xff, 0xff, 0xff, 0xff, 0xff, 0xff, 0xff, 0xff, 0xff, 0xff, 0xff, 0xff,
  0xff, 0xff, 0xff, 0xff, 0xff, 0xff, 0xff, 0xff, 0xff, 0xff, 0xff, 0xff, 0xff, 0xff, 0xff, 0xff,
  0xff, 0xff, 0xff, 0xff, 0xff, 0xff, 0xfe, 0xfc, 0xff, 0xc7, 0x20, 0x00, 0x04, 0x00, 0x00, 0x00,
  0x00, 0x00, 0x00, 0x00, 0x00, 0x00, 0x00, 0x00, 0x00, 0x00, 0x00, 0x00, 0x00, 0x00, 0x00, 0x00,
  0x00, 0x00, 0x00, 0x00, 0x00, 0x00, 0x00, 0x00, 0x00, 0x00, 0x00, 0x00, 0x00, 0x00, 0x00, 0x00,
  0x00, 0x00, 0x04, 0x00, 0x39, 0xe3, 0xff, 0xfb, 0xff, 0xff, 0xff, 0xff, 0xff, 0xff, 0xff, 0xff,
  0xff, 0xff, 0xff, 0xff, 0xff, 0xff, 0xff, 0xff, 0xff, 0xff, 0xff, 0xff, 0xff, 0xff, 0xff, 0xff,
  0xff, 0xff, 0xff, 0xff, 0xff, 0xff, 0xff, 0xff, 0xff, 0xff, 0xff, 0xff, 0xff, 0xff, 0xff, 0xff,
  0xff, 0xff, 0xff, 0xff, 0xff, 0xff, 0xff, 0xff, 0xff, 0xff, 0xff, 0xff, 0xff, 0xff, 0xff, 0xff,
  0xff, 0xff, 0xff, 0xff, 0xff, 0xff, 0xff, 0xff, 0xff, 0xff, 0xff, 0xff, 0xff, 0xff, 0xff, 0xff,
  0xfb, 0xff, 0xe3, 0x3a, 0x00, 0x04, 0x00, 0x00, 0x00, 0x00, 0x00, 0x00, 0x00, 0x00, 0x00, 0x00,
  0x00, 0x00, 0x00, 0x00, 0x00, 0x00, 0x00, 0x00, 0x00, 0x00, 0x00, 0x00, 0x00, 0x00, 0x00, 0x00,
  0x00, 0x00, 0x00, 0x00, 0x00, 0x00, 0x00, 0x00, 0x00, 0x04, 0x00, 0x4d, 0xf4, 0xff, 0xfc, 0xff,
  0xff, 0xff, 0xff, 0xff, 0xff, 0xff, 0xff, 0xff, 0xff, 0xff, 0xff, 0xff, 0xff, 0xff, 0xff, 0xff,
  0xff, 0xff, 0xff, 0xff, 0xff, 0xff, 0xff, 0xff, 0xff, 0xff, 0xff, 0xff, 0xff, 0xff, 0xff, 0xff,
  0xff, 0xff, 0xff, 0xff, 0xff, 0xff, 0xff, 0xff, 0xff, 0xff, 0xff, 0xff, 0xff, 0xff, 0xff, 0xff,
  0xff, 0xff, 0xff, 0xff, 0xff, 0xff, 0xff, 0xff, 0xff, 0xff, 0xff, 0xff, 0xff, 0xff, 0xff, 0xff,
  0xff, 0xff, 0xff, 0xff, 0xff, 0xff, 0xff, 0xff, 0xff, 0xfc, 0xff, 0xf4, 0x4e, 0x00, 0x04, 0x00,
  0x00, 0x00, 0x00, 0x00, 0x00, 0x00, 0x00, 0x00, 0x00, 0x00, 0x00, 0x00, 0x00, 0x00, 0x00, 0x00,
  0x00, 0x00, 0x00, 0x00, 0x00, 0x00, 0x00, 0x00, 0x00, 0x00, 0x00, 0x00, 0x00, 0x00, 0x00, 0x00,
  0x04, 0x00, 0x5e, 0xfd, 0xff, 0xfd, 0xff, 0xff, 0xff, 0xff, 0xff, 0xff, 0xff, 0xff, 0xff, 0xff,
  0xff, 0xff, 0xff, 0xff, 0xff, 0xff, 0xff, 0xff, 0xff, 0xff, 0xff, 0xff, 0xff, 0xff, 0xff, 0xff,
  0xff, 0xff, 0xff, 0xff, 0xff, 0xff, 0xff, 0xff, 0xff, 0xff, 0xff, 0xff, 0xff, 0xff, 0xff, 0xff,
  0xff, 0xff, 0xff, 0xff, 0xff, 0xff, 0xff, 0xff, 0xff, 0xff, 0xff, 0xff, 0xff, 0xff, 0xff, 0xff,
  0xff, 0xff, 0xff, 0xff, 0xff, 0xff, 0xff, 0xff, 0xff, 0xff, 0xff, 0xff, 0xff, 0xff, 0xff, 0xff,
  0xff, 0xff, 0xfd, 0xff, 0xfe, 0x5e, 0x00, 0x04, 0x00, 0x00, 0x00, 0x00, 0x00, 0x00, 0x00, 0x00,
  0x00, 0x00, 0x00, 0x00, 0x00, 0x00, 0x00, 0x00, 0x00, 0x00, 0x00, 0x00, 0x00, 0x00, 0x00, 0x00,
  0x00, 0x00, 0x00, 0x00, 0x00, 0x00, 0x00, 0x04, 0x00, 0x5e, 0xff, 0xfe, 0xfd, 0xff, 0xff, 0xff,
  0xff, 0xff, 0xff, 0xff, 0xff, 0xff, 0xff, 0xff, 0xff, 0xff, 0xff, 0xff, 0xff, 0xff, 0xff, 0xff,
  0xff, 0xff, 0xff, 0xff, 0xff, 0xff, 0xff, 0xff, 0xff, 0xff, 0xff, 0xff, 0xff, 0xff, 0xff, 0xff,
  0xff, 0xff, 0xff, 0xff, 0xff, 0xff, 0xff, 0xff, 0xff, 0xff, 0xff, 0xff, 0xff, 0xff, 0xff, 0xff,
  0xff, 0xff, 0xff, 0xff, 0xff, 0xff, 0xff, 0xff, 0xff, 0xff, 0xff, 0xff, 0xff, 0xff, 0xff, 0xff,
  0xff, 0xff, 0xff, 0xff, 0xff, 0xff, 0xff, 0xff, 0xff, 0xff, 0xff, 0xfd, 0xfd, 0xff, 0x5e, 0x00,
  0x04, 0x00, 0x00, 0x00, 0x00, 0x00, 0x00, 0x00, 0x00, 0x00, 0x00, 0x00, 0x00, 0x00, 0x00, 0x00,
  0x00, 0x00, 0x00, 0x00, 0x00, 0x00, 0x00, 0x00, 0x00, 0x00, 0x00, 0x00, 0x00, 0x00, 0x04, 0x00,
  0x5e, 0xff, 0xfd, 0xfe, 0xff, 0xff, 0xff, 0xff, 0xff, 0xff, 0xff, 0xff, 0xff, 0xff, 0xff, 0xff,
  0xff, 0xff, 0xff, 0xff, 0xff, 0xff, 0xff, 0xff, 0xff, 0xff, 0xff, 0xff, 0xff, 0xff, 0xff, 0xff,
  0xff, 0xff, 0xff, 0xff, 0xff, 0xff, 0xff, 0xff, 0xff, 0xff, 0xff, 0xff, 0xff, 0xff, 0xff, 0xff,
  0xff, 0xff, 0xff, 0xff, 0xff, 0xff, 0xff, 0xff, 0xff, 0xff, 0xff, 0xff, 0xff, 0xff, 0xff, 0xff,
  0xff, 0xff, 0xff, 0xff, 0xff, 0xff, 0xff, 0xff, 0xff, 0xff, 0xff, 0xff, 0xff, 0xff, 0xff, 0xff,
  0xff, 0xff, 0xff, 0xff, 0xfe, 0xfd, 0xff, 0x5e, 0x00, 0x04, 0x00, 0x00, 0x00, 0x00, 0x00, 0x00,
  0x00, 0x00, 0x00, 0x00, 0x00, 0x00, 0x00, 0x00, 0x00, 0x00, 0x00, 0x00, 0x00, 0x00, 0x00, 0x00,
  0x00, 0x00, 0x00, 0x00, 0x00, 0x04, 0x00, 0x4d, 0xff, 0xfd, 0xfe, 0xff, 0xff, 0xff, 0xff, 0xff,
  0xff, 0xff, 0xff, 0xff, 0xff, 0xff, 0xff, 0xff, 0xff, 0xff, 0xff, 0xff, 0xff, 0xff, 0xff, 0xff,
  0xff, 0xff, 0xff, 0xff, 0xff, 0xff, 0xff, 0xff, 0xff, 0xff, 0xff, 0xff, 0xff, 0xff, 0xff, 0xff,
  0xff, 0xff, 0xff, 0xff, 0xff, 0xff, 0xff, 0xff, 0xff, 0xff, 0xff, 0xff, 0xff, 0xff, 0xff, 0xff,
  0xff, 0xff, 0xff, 0xff, 0xff, 0xff, 0xff, 0xff, 0xff, 0xff, 0xff, 0xff, 0xff, 0xff, 0xff, 0xff,
  0xff, 0xff, 0xff, 0xff, 0xff, 0xff, 0xff, 0xff, 0xff, 0xff, 0xff, 0xff, 0xff, 0xfe, 0xfd, 0xfe,
  0x4b, 0x00, 0x04, 0x00, 0x00, 0x00, 0x00, 0x00, 0x00, 0x00, 0x00, 0x00, 0x00, 0x00, 0x00, 0x00,
  0x00, 0x00, 0x00, 0x00, 0x00, 0x00, 0x00, 0x00, 0x00, 0x00, 0x00, 0x00, 0x03, 0x00, 0x38, 0xf5,
  0xfd, 0xfd, 0xff, 0xff, 0xff, 0xff, 0xff, 0xff, 0xff, 0xff, 0xff, 0xff, 0xff, 0xff, 0xff, 0xff,
  0xff, 0xff, 0xff, 0xff, 0xff, 0xff, 0xff, 0xff, 0xff, 0xff, 0xff, 0xff, 0xff, 0xff, 0xff, 0xff,
  0xff, 0xff, 0xff, 0xff, 0xff, 0xff, 0xff, 0xff, 0xff, 0xff, 0xff, 0xff, 0xff, 0xff, 0xff, 0xff,
  0xff, 0xff, 0xff, 0xff, 0xff, 0xff, 0xff, 0xff, 0xff, 0xff, 0xff, 0xff, 0xff, 0xff, 0xff, 0xff,
  0xff, 0xff, 0xff, 0xff, 0xff, 0xff, 0xff, 0xff, 0xff, 0xff, 0xff, 0xff, 0xff, 0xff, 0xff, 0xff,
  0xff, 0xff, 0xff, 0xff, 0xff, 0xff, 0xfd, 0xfe, 0xf5, 0x37, 0x00, 0x03, 0x00, 0x00, 0x00, 0x00,
  0x00, 0x00, 0x00, 0x00, 0x00, 0x00, 0x00, 0x00, 0x00, 0x00, 0x00, 0x00, 0x00, 0x00, 0x00, 0x00,
  0x00, 0x00, 0x00, 0x02, 0x00, 0x1e, 0xe7, 0xff, 0xfc, 0xff, 0xff, 0xff, 0xff, 0xff, 0xff, 0xff,
  0xff, 0xff, 0xff, 0xff, 0xff, 0xff, 0xff, 0xff, 0xff, 0xff, 0xff, 0xff, 0xff, 0xff, 0xff, 0xff,
  0xff, 0xff, 0xff, 0xff, 0xff, 0xff, 0xff, 0xff, 0xff, 0xff, 0xff, 0xff, 0xff, 0xff, 0xff, 0xff,
  0xff, 0xff, 0xff, 0xff, 0xff, 0xff, 0xff, 0xff, 0xff, 0xff, 0xff, 0xff, 0xff, 0xff, 0xff, 0xff,
  0xff, 0xff, 0xff, 0xff, 0xff, 0xff, 0xff, 0xff, 0xff, 0xff, 0xff, 0xff, 0xff, 0xff, 0xff, 0xff,
  0xff, 0xff, 0xff, 0xff, 0xff, 0xff, 0xff, 0xff, 0xff, 0xff, 0xff, 0xff, 0xff, 0xff, 0xff, 0xfc,
  0xff, 0xe6, 0x1e, 0x00, 0x02, 0x00, 0x00, 0x00, 0x00, 0x00, 0x00, 0x00, 0x00, 0x00, 0x00, 0x00,
  0x00, 0x00, 0x00, 0x00, 0x00, 0x00, 0x00, 0x00, 0x00, 0x00, 0x01, 0x02, 0x07, 0xc9, 0xff, 0xfc,
  0xff, 0xff, 0xff, 0xff, 0xff, 0xff, 0xff, 0xff, 0xff, 0xff, 0xff, 0xff, 0xff, 0xff, 0xff, 0xff,
  0xff, 0xff, 0xff, 0xff, 0xff, 0xff, 0xff, 0xff, 0xff, 0xff, 0xff, 0xff, 0xff, 0xff, 0xff, 0xff,
  0xff, 0xff, 0xff, 0xff, 0xff, 0xff, 0xff, 0xff, 0xff, 0xff, 0xff, 0xff, 0xff, 0xff, 0xff, 0xff,
  0xff, 0xff, 0xff, 0xff, 0xff, 0xff, 0xff, 0xff, 0xff, 0xff, 0xff, 0xff, 0xff, 0xff, 0xff, 0xff,
  0xff, 0xff, 0xff, 0xff, 0xff, 0xff, 0xff, 0xff, 0xff, 0xff, 0xff, 0xff, 0xff, 0xff, 0xff, 0xff,
  0xff, 0xff, 0xff, 0xff, 0xff, 0xff, 0xff, 0xff, 0xfc, 0xff, 0xc9, 0x08, 0x03, 0x01, 0x00, 0x00,
  0x00, 0x00, 0x00, 0x00, 0x00, 0x00, 0x00, 0x00, 0x00, 0x00, 0x00, 0x00, 0x00, 0x00, 0x00, 0x00,
  0x00, 0x00, 0x04, 0x00, 0x9c, 0xff, 0xfb, 0xff, 0xff, 0xff, 0xff, 0xff, 0xff, 0xff, 0xff, 0xff,
  0xff, 0xff, 0xff, 0xff, 0xff, 0xff, 0xff, 0xff, 0xff, 0xff, 0xff, 0xff, 0xff, 0xff, 0xff, 0xff,
  0xff, 0xff, 0xff, 0xff, 0xff, 0xff, 0xff, 0xff, 0xff, 0xff, 0xff, 0xff, 0xff, 0xff, 0xff, 0xff,
  0xff, 0xff, 0xff, 0xff, 0xff, 0xff, 0xff, 0xff, 0xff, 0xff, 0xff, 0xff, 0xff, 0xff, 0xff, 0xff,
  0xff, 0xff, 0xff, 0xff, 0xff, 0xff, 0xff, 0xff, 0xff, 0xff, 0xff, 0xff, 0xff, 0xff, 0xff, 0xff,
  0xff, 0xff, 0xff, 0xff, 0xff, 0xff, 0xff, 0xff, 0xff, 0xff, 0xff, 0xff, 0xff, 0xff, 0xff, 0xff,
  0xff, 0xfb, 0xff, 0x9d, 0x00, 0x04, 0x00, 0x00, 0x00, 0x00, 0x00, 0x00, 0x00, 0x00, 0x00, 0x00,
  0x00, 0x00, 0x00, 0x00, 0x00, 0x00, 0x00, 0x00, 0x00, 0x03, 0x00, 0x60, 0xff, 0xfb, 0xff, 0xff,
  0xff, 0xff, 0xff, 0xff, 0xff, 0xff, 0xff, 0xff, 0xff, 0xff, 0xff, 0xff, 0xff, 0xff, 0xff, 0xff,
  0xff, 0xff, 0xff, 0xff, 0xff, 0xff, 0xff, 0xff, 0xff, 0xff, 0xff, 0xff, 0xff, 0xff, 0xff, 0xff,
  0xff, 0xff, 0xff, 0xff, 0xff, 0xff, 0xff, 0xff, 0xff, 0xff, 0xff, 0xff, 0xff, 0xff, 0xff, 0xff,
  0xff, 0xff, 0xff, 0xff, 0xff, 0xff, 0xff, 0xff, 0xff, 0xff, 0xff, 0xff, 0xff, 0xff, 0xff, 0xff,
  0xff, 0xff, 0xff, 0xff, 0xff, 0xff, 0xff, 0xff, 0xff, 0xff, 0xff, 0xff, 0xff, 0xff, 0xff, 0xff,
  0xff, 0xff, 0xff, 0xff, 0xff, 0xff, 0xff, 0xff, 0xff, 0xff, 0xfb, 0xff, 0x5f, 0x00, 0x03, 0x00,
  0x00, 0x00, 0x00, 0x00, 0x00, 0x00, 0x00, 0x00, 0x00, 0x00, 0x00, 0x00, 0x00, 0x00, 0x00, 0x00,
  0x02, 0x00, 0x25, 0xf2, 0xfd, 0xfe, 0xff, 0xff, 0xff, 0xff, 0xff, 0xff, 0xff, 0xff, 0xff, 0xff,
  0xff, 0xff, 0xff, 0xff, 0xff, 0xff, 0xff, 0xff, 0xff, 0xff, 0xff, 0xff, 0xff, 0xff, 0xff, 0xff,
  0xff, 0xff, 0xff, 0xff, 0xff, 0xff, 0xff, 0xff, 0xff, 0xff, 0xff, 0xff, 0xff, 0xff, 0xff, 0xff,
  0xff, 0xff, 0xff, 0xff, 0xff, 0xff, 0xff, 0xff, 0xff, 0xff, 0xff, 0xff, 0xff, 0xff, 0xff, 0xff,
  0xff, 0xff, 0xff, 0xff, 0xff, 0xff, 0xff, 0xff, 0xff, 0xff, 0xff, 0xff, 0xff, 0xff, 0xff, 0xff,
  0xff, 0xff, 0xff, 0xff, 0xff, 0xff, 0xff, 0xff, 0xff, 0xff, 0xff, 0xff, 0xff, 0xff, 0xff, 0xff,
  0xff, 0xff, 0xfe, 0xfd, 0xf2, 0x24, 0x00, 0x02, 0x00, 0x00, 0x00, 0x00, 0x00, 0x00, 0x00, 0x00,
  0x00, 0x00, 0x00, 0x00, 0x00, 0x00, 0x00, 0x00, 0x03, 0x01, 0xc0, 0xff, 0xfc, 0xff, 0xff, 0xff,
  0xff, 0xff, 0xff, 0xff, 0xff, 0xff, 0xff, 0xff, 0xff, 0xff, 0xff, 0xff, 0xff, 0xff, 0xff, 0xff,
  0xff, 0xff, 0xff, 0xff, 0xff, 0xff, 0xff, 0xff, 0xff, 0xff, 0xff, 0xff, 0xff, 0xff, 0xff, 0xff,
  0xff, 0xff, 0xff, 0xff, 0xff, 0xff, 0xff, 0xff, 0xff, 0xff, 0xff, 0xff, 0xff, 0xff, 0xff, 0xff,
  0xff, 0xff, 0xff, 0xff, 0xff, 0xff, 0xff, 0xff, 0xff, 0xff, 0xff, 0xff, 0xff, 0xff, 0xff, 0xff,
  0xff, 0xff, 0xff, 0xff, 0xff, 0xff, 0xff, 0xff, 0xff, 0xff, 0xff, 0xff, 0xff, 0xff, 0xff, 0xff,
  0xff, 0xff, 0xff, 0xff, 0xff, 0xff, 0xff, 0xff, 0xff, 0xff, 0xff, 0xfc, 0xff, 0xc1, 0x02, 0x03,
  0x00, 0x00, 0x00, 0x00, 0x00, 0x00, 0x00, 0x00, 0x00, 0x00, 0x00, 0x00, 0x00, 0x00, 0x00, 0x03,
  0x00, 0x70, 0xff, 0xfb, 0xff, 0xff, 0xff, 0xff, 0xff, 0xff, 0xff, 0xff, 0xff, 0xff, 0xff, 0xff,
  0xff, 0xff, 0xff, 0xff, 0xff, 0xff, 0xff, 0xff, 0xff, 0xff, 0xff, 0xff, 0xff, 0xff, 0xff, 0xff,
  0xff, 0xff, 0xff, 0xff, 0xff, 0xff, 0xff, 0xff, 0xff, 0xff, 0xff, 0xff, 0xff, 0xff, 0xff, 0xff,
  0xff, 0xff, 0xff, 0xff, 0xff, 0xff, 0xff, 0xff, 0xff, 0xff, 0xff, 0xff, 0xff, 0xff, 0xff, 0xff,
  0xff, 0xff, 0xff, 0xff, 0xff, 0xff, 0xff, 0xff, 0xff, 0xff, 0xff, 0xff, 0xff, 0xff, 0xff, 0xff,
  0xff, 0xff, 0xff, 0xff, 0xff, 0xff, 0xff, 0xff, 0xff, 0xff, 0xff, 0xff, 0xff, 0xff, 0xff, 0xff,
  0xff, 0xff, 0xff, 0xff, 0xfb, 0xff, 0x6d, 0x00, 0x03, 0x00, 0x00, 0x00, 0x00, 0x00, 0x00, 0x00,
  0x00, 0x00, 0x00, 0x00, 0x00, 0x00, 0x02, 0x01, 0x1e, 0xf2, 0xfd, 0xfe, 0xff, 0xff, 0xff, 0xff,
  0xff, 0xff, 0xff, 0xff, 0xff, 0xff, 0xff, 0xff, 0xff, 0xff, 0xff, 0xff, 0xff, 0xff, 0xff, 0xff,
  0xff, 0xff, 0xff, 0xff, 0xff, 0xff, 0xff, 0xff, 0xff, 0xff, 0xff, 0xff, 0xff, 0xff, 0xff, 0xff,
  0xff, 0xff, 0xff, 0xff, 0xff, 0xff, 0xff, 0xff, 0xff, 0xff, 0xff, 0xff, 0xff, 0xff, 0xff, 0xff,
  0xff, 0xff, 0xff, 0xff, 0xff, 0xff, 0xff, 0xff, 0xff, 0xff, 0xff, 0xff, 0xff, 0xff, 0xff, 0xff,
  0xff, 0xff, 0xff, 0xff, 0xff, 0xff, 0xff, 0xff, 0xff, 0xff, 0xff, 0xff, 0xff, 0xff, 0xff, 0xff,
  0xff, 0xff, 0xff, 0xff, 0xff, 0xff, 0xff, 0xff, 0xff, 0xff, 0xff, 0xff, 0xfe, 0xfd, 0xf2, 0x1f,
  0x01, 0x02, 0x00, 0x00, 0x00, 0x00, 0x00, 0x00, 0x00, 0x00, 0x00, 0x00, 0x00, 0x00, 0x03, 0x00,
  0xaa, 0xff, 0xfc, 0xff, 0xff, 0xff, 0xff, 0xff, 0xff, 0xff, 0xff, 0xff, 0xff, 0xff, 0xff, 0xff,
  0xff, 0xff, 0xff, 0xff, 0xff, 0xff, 0xff, 0xff, 0xff, 0xff, 0xff, 0xff, 0xff, 0xff, 0xff, 0xff,
  0xff, 0xff, 0xff, 0xff, 0xff, 0xff, 0xff, 0xff, 0xff, 0xff, 0xff, 0xff, 0xff, 0xff, 0xff, 0xff,
  0xff, 0xff, 0xff, 0xff, 0xff, 0xff, 0xff, 0xff, 0xff, 0xff, 0xff, 0xff, 0xff, 0xff, 0xff, 0xff,
  0xff, 0xff, 0xff, 0xff, 0xff, 0xff, 0xff, 0xff, 0xff, 0xff, 0xff, 0xff, 0xff, 0xff, 0xff, 0xff,
  0xff, 0xff, 0xff, 0xff, 0xff, 0xff, 0xff, 0xff, 0xff, 0xff, 0xff, 0xff, 0xff, 0xff, 0xff, 0xff,
  0xff, 0xff, 0xff, 0xff, 0xff, 0xfc, 0xff, 0xaa, 0x00, 0x03, 0x00, 0x00, 0x00, 0x00, 0x00, 0x00,
  0x00, 0x00, 0x00, 0x00, 0x00, 0x03, 0x00, 0x40, 0xff, 0xfc, 0xff, 0xff, 0xff, 0xff, 0xff, 0xff,
  0xff, 0xff, 0xff, 0xff, 0xff, 0xff, 0xff, 0xff, 0xff, 0xff, 0xff, 0xff, 0xff, 0xff, 0xff, 0xff,
  0xff, 0xff, 0xff, 0xff, 0xff, 0xff, 0xff, 0xff, 0xff, 0xff, 0xff, 0xff, 0xff, 0xff, 0xff, 0xff,
  0xff, 0xff, 0xff, 0xff, 0xff, 0xff, 0xff, 0xff, 0xff, 0xff, 0xff, 0xff, 0xff, 0xff, 0xff, 0xff,
  0xff, 0xff, 0xff, 0xff, 0xff, 0xff, 0xff, 0xff, 0xff, 0xff, 0xff, 0xff, 0xff, 0xff, 0xff, 0xff,
  0xff, 0xff, 0xff, 0xff, 0xff, 0xff, 0xff, 0xff, 0xff, 0xff, 0xff, 0xff, 0xff, 0xff, 0xff, 0xff,
  0xff, 0xff, 0xff, 0xff, 0xff, 0xff, 0xff, 0xff, 0xff, 0xff, 0xff, 0xff, 0xff, 0xff, 0xfc, 0xff,
  0x42, 0x00, 0x03, 0x00, 0x00, 0x00, 0x00, 0x00, 0x00, 0x00, 0x00, 0x00, 0x00, 0x02, 0x03, 0xc7,
  0xff, 0xfc, 0xff, 0xff, 0xff, 0xff, 0xff, 0xff, 0xff, 0xff, 0xff, 0xff, 0xff, 0xff, 0xff, 0xff,
  0xff, 0xff, 0xff, 0xff, 0xff, 0xff, 0xff, 0xff, 0xff, 0xff, 0xff, 0xff, 0xff, 0xff, 0xff, 0xff,
  0xff, 0xff, 0xff, 0xff, 0xff, 0xff, 0xff, 0xff, 0xff, 0xff, 0xff, 0xff, 0xff, 0xff, 0xff, 0xff,
  0xff, 0xff, 0xff, 0xff, 0xff, 0xff, 0xff, 0xff, 0xff, 0xff, 0xff, 0xff, 0xff, 0xff, 0xff, 0xff,
  0xff, 0xff, 0xff, 0xff, 0xff, 0xff, 0xff, 0xff, 0xff, 0xff, 0xff, 0xff, 0xff, 0xff, 0xff, 0xff,
  0xff, 0xff, 0xff, 0xff, 0xff, 0xff, 0xff, 0xff, 0xff, 0xff, 0xff, 0xff, 0xff, 0xff, 0xff, 0xff,
  0xff, 0xff, 0xff, 0xff, 0xff, 0xff, 0xfc, 0xff, 0xc9, 0x01, 0x02, 0x00, 0x00, 0x00, 0x00, 0x00,
  0x00, 0x00, 0x00, 0x00, 0x03, 0x00, 0x54, 0xff, 0xfc, 0xff, 0xff, 0xff, 0xff, 0xff, 0xff, 0xff,
  0xff, 0xff, 0xff, 0xff, 0xff, 0xff, 0xff, 0xff, 0xff, 0xff, 0xff, 0xff, 0xff, 0xff, 0xff, 0xff,
  0xff, 0xff, 0xff, 0xff, 0xff, 0xff, 0xff, 0xff, 0xff, 0xff, 0xff, 0xff, 0xff, 0xff, 0xff, 0xff,
  0xff, 0xff, 0xff, 0xff, 0xff, 0xff, 0xff, 0xff, 0xff, 0xff, 0xff, 0xff, 0xff, 0xff, 0xff, 0xff,
  0xff, 0xff, 0xff, 0xff, 0xff, 0xff, 0xff, 0xff, 0xff, 0xff, 0xff, 0xff, 0xff, 0xff, 0xff, 0xff,
  0xff, 0xff, 0xff, 0xff, 0xff, 0xff, 0xff, 0xff, 0xff, 0xff, 0xff, 0xff, 0xff, 0xff, 0xff, 0xff,
  0xff, 0xff, 0xff, 0xff, 0xff, 0xff, 0xff, 0xff, 0xff, 0xff, 0xff, 0xff, 0xff, 0xff, 0xff, 0xfc,
  0xff, 0x52, 0x00, 0x03, 0x00, 0x00, 0x00, 0x00, 0x00, 0x00, 0x00, 0x00, 0x01, 0x04, 0xd0, 0xfe,
  0xfd, 0xff, 0xff, 0xff, 0xff, 0xff, 0xff, 0xff, 0xff, 0xff, 0xff, 0xff, 0xff, 0xff, 0xff, 0xff,
  0xff, 0xff, 0xff, 0xff, 0xff, 0xff, 0xff, 0xff, 0xff, 0xff, 0xff, 0xff, 0xff, 0xff, 0xff, 0xff,
  0xff, 0xff, 0xff, 0xff, 0xff, 0xff, 0xff, 0xff, 0xff, 0xff, 0xff, 0xff, 0xff, 0xff, 0xff, 0xff,
  0xff, 0xff, 0xff, 0xff, 0xff, 0xff, 0xff, 0xff, 0xff, 0xff, 0xff, 0xff, 0xff, 0xff, 0xff, 0xff,
  0xff, 0xff, 0xff, 0xff, 0xff, 0xff, 0xff, 0xff, 0xff, 0xff, 0xff, 0xff, 0xff, 0xff, 0xff, 0xff,
  0xff, 0xff, 0xff, 0xff, 0xff, 0xff, 0xff, 0xff, 0xff, 0xff, 0xff, 0xff, 0xff, 0xff, 0xff, 0xff,
  0xff, 0xff, 0xff, 0xff, 0xff, 0xff, 0xff, 0xfc, 0xff, 0xd0, 0x03, 0x01, 0x00, 0x00, 0x00, 0x00,
  0x00, 0x00, 0x00, 0x03, 0x00, 0x50, 0xff, 0xfd, 0xff, 0xff, 0xff, 0xff, 0xff, 0xff, 0xff, 0xff,
  0xff, 0xff, 0xff, 0xff, 0xff, 0xff, 0xff, 0xff, 0xff, 0xff, 0xff, 0xff, 0xff, 0xff, 0xff, 0xff,
  0xff, 0xff, 0xff, 0xff, 0xff, 0xff, 0xff, 0xff, 0xff, 0xff, 0xff, 0xff, 0xff, 0xff, 0xff, 0xff,
  0xff, 0xff, 0xff, 0xff, 0xff, 0xff, 0xff, 0xff, 0xff, 0xff, 0xff, 0xff, 0xff, 0xff, 0xff, 0xff,
  0xff, 0xff, 0xff, 0xff, 0xff, 0xff, 0xff, 0xff, 0xff, 0xff, 0xff, 0xff, 0xff, 0xff, 0xff, 0xff,
  0xff, 0xff, 0xff, 0xff, 0xff, 0xff, 0xff, 0xff, 0xff, 0xff, 0xff, 0xff, 0xff, 0xff, 0xff, 0xff,
  0xff, 0xff, 0xff, 0xff, 0xff, 0xff, 0xff, 0xff, 0xff, 0xff, 0xff, 0xff, 0xff, 0xff, 0xff, 0xff,
  0xfd, 0xff, 0x4d, 0x00, 0x03, 0x00, 0x00, 0x00, 0x00, 0x00, 0x00, 0x02, 0x01, 0xc1, 0xfe, 0xfc,
  0xff, 0xff, 0xff, 0xff, 0xff, 0xff, 0xff, 0xff, 0xff, 0xff, 0xff, 0xff, 0xff, 0xff, 0xff, 0xff,
  0xff, 0xff, 0xff, 0xff, 0xff, 0xff, 0xff, 0xff, 0xff, 0xff, 0xff, 0xff, 0xff, 0xff, 0xff, 0xff,
  0xff, 0xff, 0xff, 0xff, 0xff, 0xff, 0xff, 0xff, 0xff, 0xff, 0xff, 0xff, 0xff, 0xff, 0xff, 0xff,
  0xff, 0xff, 0xff, 0xff, 0xff, 0xff, 0xff, 0xff, 0xff, 0xff, 0xff, 0xff, 0xff, 0xff, 0xff, 0xff,
  0xff, 0xff, 0xff, 0xff, 0xff, 0xff, 0xff, 0xff, 0xff, 0xff, 0xff, 0xff, 0xff, 0xff, 0xff, 0xff,
  0xff, 0xff, 0xff, 0xff, 0xff, 0xff, 0xff, 0xff, 0xff, 0xff, 0xff, 0xff, 0xff, 0xff, 0xff, 0xff,
  0xff, 0xff, 0xff, 0xff, 0xff, 0xff, 0xff, 0xff, 0xfc, 0xff, 0xc3, 0x00, 0x02, 0x00, 0x00, 0x00,
  0x00, 0x00, 0x03, 0x00, 0x38, 0xff, 0xfe, 0xff, 0xff, 0xff, 0xff, 0xff, 0xff, 0xff, 0xff, 0xff,
  0xff, 0xff, 0xff, 0xff, 0xff, 0xff, 0xff, 0xff, 0xff, 0xff, 0xff, 0xff, 0xff, 0xff, 0xff, 0xff,
  0xff, 0xff, 0xff, 0xff, 0xff, 0xff, 0xff, 0xff, 0xff, 0xff, 0xff, 0xff, 0xff, 0xff, 0xff, 0xff,
  0xff, 0xff, 0xff, 0xff, 0xff, 0xff, 0xff, 0xff, 0xff, 0xff, 0xff, 0xff, 0xff, 0xff, 0xff, 0xff,
  0xff, 0xff, 0xff, 0xff, 0xff, 0xff, 0xff, 0xff, 0xff, 0xff, 0xff, 0xff, 0xff, 0xff, 0xff, 0xff,
  0xff, 0xff, 0xff, 0xff, 0xff, 0xff, 0xff, 0xff, 0xff, 0xff, 0xff, 0xff, 0xff, 0xff, 0xff, 0xff,
  0xff, 0xff, 0xff, 0xff, 0xff, 0xff, 0xff, 0xff, 0xff, 0xff, 0xff, 0xff, 0xff, 0xff, 0xff, 0xff,
  0xff, 0xfd, 0xfe, 0x39, 0x00, 0x03, 0x00, 0x00, 0x00, 0x00, 0x03, 0x00, 0x9e, 0xff, 0xfb, 0xff,
  0xff, 0xff, 0xff, 0xff, 0xff, 0xff, 0xff, 0xff, 0xff, 0xff, 0xff, 0xff, 0xff, 0xff, 0xff, 0xff,
  0xff, 0xff, 0xff, 0xff, 0xff, 0xff, 0xff, 0xff, 0xff, 0xff, 0xff, 0xff, 0xff, 0xff, 0xff, 0xff,
  0xff, 0xff, 0xff, 0xff, 0xff, 0xff, 0xff, 0xff, 0xff, 0xff, 0xff, 0xff, 0xff, 0xff, 0xff, 0xff,
  0xff, 0xff, 0xff, 0xff, 0xff, 0xff, 0xff, 0xff, 0xff, 0xff, 0xff, 0xff, 0xff, 0xff, 0xff, 0xff,
  0xff, 0xff, 0xff, 0xff, 0xff, 0xff, 0xff, 0xff, 0xff, 0xff, 0xff, 0xff, 0xff, 0xff, 0xff, 0xff,
  0xff, 0xff, 0xff, 0xff, 0xff, 0xff, 0xff, 0xff, 0xff, 0xff, 0xff, 0xff, 0xff, 0xff, 0xff, 0xff,
  0xff, 0xff, 0xff, 0xff, 0xff, 0xff, 0xff, 0xff, 0xff, 0xfb, 0xff, 0x9e, 0x00, 0x03, 0x00, 0x00,
  0x00, 0x01, 0x00, 0x14, 0xee, 0xff, 0xfe, 0xff, 0xff, 0xff, 0xff, 0xff, 0xff, 0xff, 0xff, 0xff,
  0xff, 0xff, 0xff, 0xff, 0xff, 0xff, 0xff, 0xff, 0xff, 0xff, 0xff, 0xff, 0xff, 0xff, 0xff, 0xff,
  0xff, 0xff, 0xff, 0xff, 0xff, 0xff, 0xff, 0xff, 0xff, 0xff, 0xff, 0xff, 0xff, 0xff, 0xff, 0xff,
  0xff, 0xff, 0xff, 0xff, 0xff, 0xff, 0xff, 0xff, 0xff, 0xff, 0xff, 0xff, 0xff, 0xff, 0xff, 0xff,
  0xff, 0xff, 0xff, 0xff, 0xff, 0xff, 0xff, 0xff, 0xff, 0xff, 0xff, 0xff, 0xff, 0xff, 0xff, 0xff,
  0xff, 0xff, 0xff, 0xff, 0xff, 0xff, 0xff, 0xff, 0xff, 0xff, 0xff, 0xff, 0xff, 0xff, 0xff, 0xff,
  0xff, 0xff, 0xff, 0xff, 0xff, 0xff, 0xff, 0xff, 0xff, 0xff, 0xff, 0xff, 0xff, 0xff, 0xff, 0xff,
  0xff, 0xfe, 0xff, 0xef, 0x15, 0x00, 0x01, 0x00, 0x00, 0x04, 0x00, 0x63, 0xff, 0xfc, 0xff, 0xff,
  0xff, 0xff, 0xff, 0xff, 0xff, 0xff, 0xff, 0xff, 0xff, 0xff, 0xff, 0xff, 0xff, 0xff, 0xff, 0xff,
  0xff, 0xff, 0xff, 0xff, 0xff, 0xff, 0xff, 0xff, 0xff, 0xff, 0xff, 0xff, 0xff, 0xff, 0xff, 0xff,
  0xff, 0xff, 0xff, 0xff, 0xff, 0xff, 0xff, 0xff, 0xff, 0xff, 0xff, 0xff, 0xff, 0xff, 0xff, 0xff,
  0xff, 0xff, 0xff, 0xff, 0xff, 0xff, 0xff, 0xff, 0xff, 0xff, 0xff, 0xff, 0xff, 0xff, 0xff, 0xff,
  0xff, 0xff, 0xff, 0xff, 0xff, 0xff, 0xff, 0xff, 0xff, 0xff, 0xff, 0xff, 0xff, 0xff, 0xff, 0xff,
  0xff, 0xff, 0xff, 0xff, 0xff, 0xff, 0xff, 0xff, 0xff, 0xff, 0xff, 0xff, 0xff, 0xff, 0xff, 0xff,
  0xff, 0xff, 0xff, 0xff, 0xff, 0xff, 0xff, 0xff, 0xff, 0xff, 0xfc, 0xff, 0x64, 0x00, 0x04, 0x00,
  0x00, 0x02, 0x00, 0xba, 0xfe, 0xfc, 0xff, 0xff, 0xff, 0xff, 0xff, 0xff, 0xff, 0xff, 0xff, 0xff,
  0xff, 0xff, 0xff, 0xff, 0xff, 0xff, 0xff, 0xff, 0xff, 0xff, 0xff, 0xff, 0xff, 0xff, 0xff, 0xff,
  0xff, 0xff, 0xff, 0xff, 0xff, 0xff, 0xff, 0xff, 0xff, 0xff, 0xff, 0xff, 0xff, 0xff, 0xff, 0xff,
  0xff, 0xff, 0xff, 0xff, 0xff, 0xff, 0xff, 0xff, 0xff, 0xff, 0xff, 0xff, 0xff, 0xff, 0xff, 0xff,
  0xff, 0xff, 0xff, 0xff, 0xff, 0xff, 0xff, 0xff, 0xff, 0xff, 0xff, 0xff, 0xff, 0xff, 0xff, 0xff,
  0xff, 0xff, 0xff, 0xff, 0xff, 0xff, 0xff, 0xff, 0xff, 0xff, 0xff, 0xff, 0xff, 0xff, 0xff, 0xff,
  0xff, 0xff, 0xff, 0xff, 0xff, 0xff, 0xff, 0xff, 0xff, 0xff, 0xff, 0xff, 0xff, 0xff, 0xff, 0xff,
  0xff, 0xff, 0xfc, 0xfe, 0xbb, 0x00, 0x02, 0x00, 0x02, 0x00, 0x1e, 0xf7, 0xff, 0xfe, 0xff, 0xff,
  0xff, 0xff, 0xff, 0xff, 0xff, 0xff, 0xff, 0xff, 0xff, 0xff, 0xff, 0xff, 0xff, 0xff, 0xff, 0xff,
  0xff, 0xff, 0xff, 0xff, 0xff, 0xff, 0xff, 0xff, 0xff, 0xff, 0xff, 0xff, 0xff, 0xff, 0xff, 0xff,
  0xff, 0xff, 0xff, 0xff, 0xff, 0xff, 0xff, 0xff, 0xff, 0xff, 0xff, 0xff, 0xff, 0xff, 0xff, 0xff,
  0xff, 0xff, 0xff, 0xff, 0xff, 0xff, 0xff, 0xff, 0xff, 0xff, 0xff, 0xff, 0xff, 0xff, 0xff, 0xff,
  0xff, 0xff, 0xff, 0xff, 0xff, 0xff, 0xff, 0xff, 0xff, 0xff, 0xff, 0xff, 0xff, 0xff, 0xff, 0xff,
  0xff, 0xff, 0xff, 0xff, 0xff, 0xff, 0xff, 0xff, 0xff, 0xff, 0xff, 0xff, 0xff, 0xff, 0xff, 0xff,
  0xff, 0xff, 0xff, 0xff, 0xff, 0xff, 0xff, 0xff, 0xff, 0xff, 0xfe, 0xff, 0xf7, 0x1e, 0x00, 0x02,
  0x04, 0x00, 0x64, 0xff, 0xfc, 0xff, 0xff, 0xff, 0xff, 0xff, 0xff, 0xff, 0xff, 0xff, 0xff, 0xff,
  0xff, 0xff, 0xff, 0xff, 0xff, 0xff, 0xff, 0xff, 0xff, 0xff, 0xff, 0xff, 0xff, 0xff, 0xff, 0xff,
  0xff, 0xff, 0xff, 0xff, 0xff, 0xff, 0xff, 0xff, 0xff, 0xff, 0xff, 0xff, 0xff, 0xff, 0xff, 0xff,
  0xff, 0xff, 0xff, 0xff, 0xff, 0xff, 0xff, 0xff, 0xff, 0xff, 0xff, 0xff, 0xff, 0xff, 0xff, 0xff,
  0xff, 0xff, 0xff, 0xff, 0xff, 0xff, 0xff, 0xff, 0xff, 0xff, 0xff, 0xff, 0xff, 0xff, 0xff, 0xff,
  0xff, 0xff, 0xff, 0xff, 0xff, 0xff, 0xff, 0xff, 0xff, 0xff, 0xff, 0xff, 0xff, 0xff, 0xff, 0xff,
  0xff, 0xff, 0xff, 0xff, 0xff, 0xff, 0xff, 0xff, 0xff, 0xff, 0xff, 0xff, 0xff, 0xff, 0xff, 0xff,
  0xff, 0xff, 0xff, 0xfc, 0xff, 0x65, 0x00, 0x04, 0x03, 0x00, 0xad, 0xff, 0xfb, 0xff, 0xff, 0xff,
  0xff, 0xff, 0xff, 0xff, 0xff, 0xff, 0xff, 0xff, 0xff, 0xff, 0xff, 0xff, 0xff, 0xff, 0xff, 0xff,
  0xff, 0xff, 0xff, 0xff, 0xff, 0xff, 0xff, 0xff, 0xff, 0xff, 0xff, 0xff, 0xff, 0xff, 0xff, 0xff,
  0xff, 0xff, 0xff, 0xff, 0xff, 0xff, 0xff, 0xff, 0xff, 0xff, 0xff, 0xff, 0xff, 0xff, 0xff, 0xff,
  0xff, 0xff, 0xff, 0xff, 0xff, 0xff, 0xff, 0xff, 0xff, 0xff, 0xff, 0xff, 0xff, 0xff, 0xff, 0xff,
  0xff, 0xff, 0xff, 0xff, 0xff, 0xff, 0xff, 0xff, 0xff, 0xff, 0xff, 0xff, 0xff, 0xff, 0xff, 0xff,
  0xff, 0xff, 0xff, 0xff, 0xff, 0xff, 0xff, 0xff, 0xff, 0xff, 0xff, 0xff, 0xff, 0xff, 0xff, 0xff,
  0xff, 0xff, 0xff, 0xff, 0xff, 0xff, 0xff, 0xff, 0xff, 0xff, 0xff, 0xfb, 0xff, 0xb0, 0x00, 0x03,
  0x00, 0x0d, 0xe9, 0xff, 0xfe, 0xff, 0xff, 0xff, 0xff, 0xff, 0xff, 0xff, 0xff, 0xff, 0xff, 0xff,
  0xff, 0xff, 0xff, 0xff, 0xff, 0xff, 0xff, 0xff, 0xff, 0xff, 0xff, 0xff, 0xff, 0xff, 0xff, 0xff,
  0xff, 0xff, 0xff, 0xff, 0xff, 0xff, 0xff, 0xff, 0xff, 0xff, 0xff, 0xff, 0xff, 0xff, 0xff, 0xff,
  0xff, 0xff, 0xff, 0xff, 0xff, 0xff, 0xff, 0xff, 0xff, 0xff, 0xff, 0xff, 0xff, 0xff, 0xff, 0xff,
  0xff, 0xff, 0xff, 0xff, 0xff, 0xff, 0xff, 0xff, 0xff, 0xff, 0xff, 0xff, 0xff, 0xff, 0xff, 0xff,
  0xff, 0xff, 0xff, 0xff, 0xff, 0xff, 0xff, 0xff, 0xff, 0xff, 0xff, 0xff, 0xff, 0xff, 0xff, 0xff,
  0xff, 0xff, 0xff, 0xff, 0xff, 0xff, 0xff, 0xff, 0xff, 0xff, 0xff, 0xff, 0xff, 0xff, 0xff, 0xff,
  0xff, 0xff, 0xff, 0xfe, 0xff, 0xe8, 0x0c, 0x00, 0x00, 0x3b, 0xff, 0xfe, 0xff, 0xff, 0xff, 0xff,
  0xff, 0xff, 0xff, 0xff, 0xff, 0xff, 0xff, 0xff, 0xff, 0xff, 0xff, 0xff, 0xff, 0xff, 0xff, 0xff,
  0xff, 0xff, 0xff, 0xff, 0xff, 0xff, 0xff, 0xff, 0xff, 0xff, 0xff, 0xff, 0xff, 0xff, 0xff, 0xff,
  0xff, 0xff, 0xff, 0xff, 0xff, 0xff, 0xff, 0xff, 0xff, 0xff, 0xff, 0xff, 0xff, 0xff, 0xff, 0xff,
  0xff, 0xff, 0xff, 0xff, 0xff, 0xff, 0xff, 0xff, 0xff, 0xff, 0xff, 0xff, 0xff, 0xff, 0xff, 0xff,
  0xff, 0xff, 0xff, 0xff, 0xff, 0xff, 0xff, 0xff, 0xff, 0xff, 0xff, 0xff, 0xff, 0xff, 0xff, 0xff,
  0xff, 0xff, 0xff, 0xff, 0xff, 0xff, 0xff, 0xff, 0xff, 0xff, 0xff, 0xff, 0xff, 0xff, 0xff, 0xff,
  0xff, 0xff, 0xff, 0xff, 0xff, 0xff, 0xff, 0xff, 0xff, 0xff, 0xff, 0xff, 0xfd, 0xff, 0x3b, 0x00,
  0x00, 0x74, 0xff, 0xfb, 0xff, 0xff, 0xff, 0xff, 0xff, 0xff, 0xff, 0xff, 0xff, 0xff, 0xff, 0xff,
  0xff, 0xff, 0xff, 0xff, 0xff, 0xff, 0xff, 0xff, 0xff, 0xff, 0xff, 0xff, 0xff, 0xff, 0xff, 0xff,
  0xff, 0xff, 0xff, 0xff, 0xff, 0xff, 0xff, 0xff, 0xff, 0xff, 0xff, 0xff, 0xff, 0xff, 0xff, 0xff,
  0xff, 0xff, 0xff, 0xff, 0xff, 0xff, 0xff, 0xff, 0xff, 0xff, 0xff, 0xff, 0xff, 0xff, 0xff, 0xff,
  0xff, 0xff, 0xff, 0xff, 0xff, 0xff, 0xff, 0xff, 0xff, 0xff, 0xff, 0xff, 0xff, 0xff, 0xff, 0xff,
  0xff, 0xff, 0xff, 0xff, 0xff, 0xff, 0xff, 0xff, 0xff, 0xff, 0xff, 0xff, 0xff, 0xff, 0xff, 0xff,
  0xff, 0xff, 0xff, 0xff, 0xff, 0xff, 0xff, 0xff, 0xff, 0xff, 0xff, 0xff, 0xff, 0xff, 0xff, 0xff,
  0xff, 0xff, 0xff, 0xff, 0xfb, 0xff, 0x74, 0x00, 0x00, 0xa9, 0xff, 0xfc, 0xff, 0xff, 0xff, 0xff,
  0xff, 0xff, 0xff, 0xff, 0xff, 0xff, 0xff, 0xff, 0xff, 0xff, 0xff, 0xff, 0xff, 0xff, 0xff, 0xff,
  0xff, 0xff, 0xff, 0xff, 0xff, 0xff, 0xff, 0xff, 0xff, 0xff, 0xff, 0xff, 0xff, 0xff, 0xff, 0xff,
  0xff, 0xff, 0xff, 0xff, 0xff, 0xff, 0xff, 0xff, 0xff, 0xff, 0xff, 0xff, 0xff, 0xff, 0xff, 0xff,
  0xff, 0xff, 0xff, 0xff, 0xff, 0xff, 0xff, 0xff, 0xff, 0xff, 0xff, 0xff, 0xff, 0xff, 0xff, 0xff,
  0xff, 0xff, 0xff, 0xff, 0xff, 0xff, 0xff, 0xff, 0xff, 0xff, 0xff, 0xff, 0xff, 0xff, 0xff, 0xff,
  0xff, 0xff, 0xff, 0xff, 0xff, 0xff, 0xff, 0xff, 0xff, 0xff, 0xff, 0xff, 0xff, 0xff, 0xff, 0xff,
  0xff, 0xff, 0xff, 0xff, 0xff, 0xff, 0xff, 0xff, 0xff, 0xff, 0xff, 0xff, 0xfc, 0xff, 0xaa, 0x00,
  0x05, 0xd5, 0xff, 0xfd, 0xff, 0xff, 0xff, 0xff, 0xff, 0xff, 0xff, 0xff, 0xff, 0xff, 0xff, 0xff,
  0xff, 0xff, 0xff, 0xff, 0xff, 0xff, 0xff, 0xff, 0xff, 0xff, 0xff, 0xff, 0xff, 0xff, 0xff, 0xff,
  0xff, 0xff, 0xff, 0xff, 0xff, 0xff, 0xff, 0xff, 0xff, 0xff, 0xff, 0xff, 0xff, 0xff, 0xff, 0xff,
  0xff, 0xff, 0xff, 0xff, 0xff, 0xff, 0xff, 0xff, 0xff, 0xff, 0xff, 0xff, 0xff, 0xff, 0xff, 0xff,
  0xff, 0xff, 0xff, 0xff, 0xff, 0xff, 0xff, 0xff, 0xff, 0xff, 0xff, 0xff, 0xff, 0xff, 0xff, 0xff,
  0xff, 0xff, 0xff, 0xff, 0xff, 0xff, 0xff, 0xff, 0xff, 0xff, 0xff, 0xff, 0xff, 0xff, 0xff, 0xff,
  0xff, 0xff, 0xff, 0xff, 0xff, 0xff, 0xff, 0xff, 0xff, 0xff, 0xff, 0xff, 0xff, 0xff, 0xff, 0xff,
  0xff, 0xff, 0xff, 0xff, 0xfd, 0xff, 0xd5, 0x05, 0x21, 0xf4, 0xff, 0xfe, 0xff, 0xff, 0xff, 0xff,
  0xff, 0xff, 0xff, 0xff, 0xff, 0xff, 0xff, 0xff, 0xff, 0xff, 0xff, 0xff, 0xff, 0xff, 0xff, 0xff,
  0xff, 0xff, 0xff, 0xff, 0xff, 0xff, 0xff, 0xff, 0xff, 0xff, 0xff, 0xff, 0xff, 0xff, 0xff, 0xff,
  0xff, 0xff, 0xff, 0xff, 0xff, 0xff, 0xff, 0xff, 0xff, 0xff, 0xff, 0xff, 0xff, 0xff, 0xff, 0xff,
  0xff, 0xff, 0xff, 0xff, 0xff, 0xff, 0xff, 0xff, 0xff, 0xff, 0xff, 0xff, 0xff, 0xff, 0xff, 0xff,
  0xff, 0xff, 0xff, 0xff, 0xff, 0xff, 0xff, 0xff, 0xff, 0xff, 0xff, 0xff, 0xff, 0xff, 0xff, 0xff,
  0xff, 0xff, 0xff, 0xff, 0xff, 0xff, 0xff, 0xff, 0xff, 0xff, 0xff, 0xff, 0xff, 0xff, 0xff, 0xff,
  0xff, 0xff, 0xff, 0xff, 0xff, 0xff, 0xff, 0xff, 0xff, 0xff, 0xff, 0xff, 0xfe, 0xff, 0xf4, 0x22,
  0x45, 0xff, 0xfe, 0xff, 0xff, 0xff, 0xff, 0xff, 0xff, 0xff, 0xff, 0xff, 0xff, 0xff, 0xff, 0xff,
  0xff, 0xff, 0xff, 0xff, 0xff, 0xff, 0xff, 0xff, 0xff, 0xff, 0xff, 0xff, 0xff, 0xff, 0xff, 0xff,
  0xff, 0xff, 0xff, 0xff, 0xff, 0xff, 0xff, 0xff, 0xff, 0xff, 0xff, 0xff, 0xff, 0xff, 0xff, 0xff,
  0xff, 0xff, 0xff, 0xff, 0xff, 0xff, 0xff, 0xff, 0xff, 0xff, 0xff, 0xff, 0xff, 0xff, 0xff, 0xff,
  0xff, 0xff, 0xff, 0xff, 0xff, 0xff, 0xff, 0xff, 0xff, 0xff, 0xff, 0xff, 0xff, 0xff, 0xff, 0xff,
  0xff, 0xff, 0xff, 0xff, 0xff, 0xff, 0xff, 0xff, 0xff, 0xff, 0xff, 0xff, 0xff, 0xff, 0xff, 0xff,
  0xff, 0xff, 0xff, 0xff, 0xff, 0xff, 0xff, 0xff, 0xff, 0xff, 0xff, 0xff, 0xff, 0xff, 0xff, 0xff,
  0xff, 0xff, 0xff, 0xff, 0xff, 0xff, 0xff, 0x47, 0x6c, 0xff, 0xfc, 0xff, 0xff, 0xff, 0xff, 0xff,
  0xff, 0xff, 0xff, 0xff, 0xff, 0xff, 0xff, 0xff, 0xff, 0xff, 0xff, 0xff, 0xff, 0xff, 0xff, 0xff,
  0xff, 0xff, 0xff, 0xff, 0xff, 0xff, 0xff, 0xff, 0xff, 0xff, 0xff, 0xff, 0xff, 0xff, 0xff, 0xff,
  0xff, 0xff, 0xff, 0xff, 0xff, 0xff, 0xff, 0xff, 0xff, 0xff, 0xff, 0xff, 0xff, 0xff, 0xff, 0xff,
  0xff, 0xff, 0xff, 0xff, 0xff, 0xff, 0xff, 0xff, 0xff, 0xff, 0xff, 0xff, 0xff, 0xff, 0xff, 0xff,
  0xff, 0xff, 0xff, 0xff, 0xff, 0xff, 0xff, 0xff, 0xff, 0xff, 0xff, 0xff, 0xff, 0xff, 0xff, 0xff,
  0xff, 0xff, 0xff, 0xff, 0xff, 0xff, 0xff, 0xff, 0xff, 0xff, 0xff, 0xff, 0xff, 0xff, 0xff, 0xff,
  0xff, 0xff, 0xff, 0xff, 0xff, 0xff, 0xff, 0xff, 0xff, 0xff, 0xff, 0xff, 0xff, 0xfd, 0xff, 0x6b,
  0x8f, 0xff, 0xfc, 0xff, 0xff, 0xff, 0xff, 0xff, 0xff, 0xff, 0xff, 0xff, 0xff, 0xff, 0xff, 0xff,
  0xff, 0xff, 0xff, 0xff, 0xff, 0xff, 0xff, 0xff, 0xff, 0xff, 0xff, 0xff, 0xff, 0xff, 0xff, 0xff,
  0xff, 0xff, 0xff, 0xff, 0xff, 0xff, 0xff, 0xff, 0xff, 0xff, 0xff, 0xff, 0xff, 0xff, 0xff, 0xff,
  0xff, 0xff, 0xff, 0xff, 0xff, 0xff, 0xff, 0xff, 0xff, 0xff, 0xff, 0xff, 0xff, 0xff, 0xff, 0xff,
  0xff, 0xff, 0xff, 0xff, 0xff, 0xff, 0xff, 0xff, 0xff, 0xff, 0xff, 0xff, 0xff, 0xff, 0xff, 0xff,
  0xff, 0xff, 0xff, 0xff, 0xff, 0xff, 0xff, 0xff, 0xff, 0xff, 0xff, 0xff, 0xff, 0xff, 0xff, 0xff,
  0xff, 0xff, 0xff, 0xff, 0xff, 0xff, 0xff, 0xff, 0xff, 0xff, 0xff, 0xff, 0xff, 0xff, 0xff, 0xff,
  0xff, 0xff, 0xff, 0xff, 0xff, 0xfc, 0xff, 0x90, 0xb1, 0xff, 0xfd, 0xff, 0xff, 0xff, 0xff, 0xff,
  0xff, 0xff, 0xff, 0xff, 0xff, 0xff, 0xff, 0xff, 0xff, 0xff, 0xff, 0xff, 0xff, 0xff, 0xff, 0xff,
  0xff, 0xff, 0xff, 0xff, 0xff, 0xff, 0xff, 0xff, 0xff, 0xff, 0xff, 0xff, 0xff, 0xff, 0xff, 0xff,
  0xff, 0xff, 0xff, 0xff, 0xff, 0xff, 0xff, 0xff, 0xff, 0xff, 0xff, 0xff, 0xff, 0xff, 0xff, 0xff,
  0xff, 0xff, 0xff, 0xff, 0xff, 0xff, 0xff, 0xff, 0xff, 0xff, 0xff, 0xff, 0xff, 0xff, 0xff, 0xff,
  0xff, 0xff, 0xff, 0xff, 0xff, 0xff, 0xff, 0xff, 0xff, 0xff, 0xff, 0xff, 0xff, 0xff, 0xff, 0xff,
  0xff, 0xff, 0xff, 0xff, 0xff, 0xff, 0xff, 0xff, 0xff, 0xff, 0xff, 0xff, 0xff, 0xff, 0xff, 0xff,
  0xff, 0xff, 0xff, 0xff, 0xff, 0xff, 0xff, 0xff, 0xff, 0xff, 0xff, 0xff, 0xff, 0xfd, 0xff, 0xb1,
  0xc8, 0xff, 0xfd, 0xff, 0xff, 0xff, 0xff, 0xff, 0xff, 0xff, 0xff, 0xff, 0xff, 0xff, 0xff, 0xff,
  0xff, 0xff, 0xff, 0xff, 0xff, 0xff, 0xff, 0xff, 0xff, 0xff, 0xff, 0xff, 0xff, 0xff, 0xff, 0xff,
  0xff, 0xff, 0xff, 0xff, 0xff, 0xff, 0xff, 0xff, 0xff, 0xff, 0xff, 0xff, 0xff, 0xff, 0xff, 0xff,
  0xff, 0xff, 0xff, 0xff, 0xff, 0xff, 0xff, 0xff, 0xff, 0xff, 0xff, 0xff, 0xff, 0xff, 0xff, 0xff,
  0xff, 0xff, 0xff, 0xff, 0xff, 0xff, 0xff, 0xff, 0xff, 0xff, 0xff, 0xff, 0xff, 0xff, 0xff, 0xff,
  0xff, 0xff, 0xff, 0xff, 0xff, 0xff, 0xff, 0xff, 0xff, 0xff, 0xff, 0xff, 0xff, 0xff, 0xff, 0xff,
  0xff, 0xff, 0xff, 0xff, 0xff, 0xff, 0xff, 0xff, 0xff, 0xff, 0xff, 0xff, 0xff, 0xff, 0xff, 0xff,
  0xff, 0xff, 0xff, 0xff, 0xff, 0xfd, 0xff, 0xc8, 0xdb, 0xff, 0xfe, 0xff, 0xff, 0xff, 0xff, 0xff,
  0xff, 0xff, 0xff, 0xff, 0xff, 0xff, 0xff, 0xff, 0xff, 0xff, 0xff, 0xff, 0xff, 0xff, 0xff, 0xff,
  0xff, 0xff, 0xff, 0xff, 0xff, 0xff, 0xff, 0xff, 0xff, 0xff, 0xff, 0xff, 0xff, 0xff, 0xff, 0xff,
  0xff, 0xff, 0xff, 0xff, 0xff, 0xff, 0xff, 0xff, 0xff, 0xff, 0xff, 0xff, 0xff, 0xff, 0xff, 0xff,
  0xff, 0xff, 0xff, 0xff, 0xff, 0xff, 0xff, 0xff, 0xff, 0xff, 0xff, 0xff, 0xff, 0xff, 0xff, 0xff,
  0xff, 0xff, 0xff, 0xff, 0xff, 0xff, 0xff, 0xff, 0xff, 0xff, 0xff, 0xff, 0xff, 0xff, 0xff, 0xff,
  0xff, 0xff, 0xff, 0xff, 0xff, 0xff, 0xff, 0xff, 0xff, 0xff, 0xff, 0xff, 0xff, 0xff, 0xff, 0xff,
  0xff, 0xff, 0xff, 0xff, 0xff, 0xff, 0xff, 0xff, 0xff, 0xff, 0xff, 0xff, 0xff, 0xfe, 0xff, 0xda,
  0xea, 0xff, 0xfe, 0xff, 0xff, 0xff, 0xff, 0xff, 0xff, 0xff, 0xff, 0xff, 0xff, 0xff, 0xff, 0xff,
  0xff, 0xff, 0xff, 0xff, 0xff, 0xff, 0xff, 0xff, 0xff, 0xff, 0xff, 0xff, 0xff, 0xff, 0xff, 0xff,
  0xff, 0xff, 0xff, 0xff, 0xff, 0xff, 0xff, 0xff, 0xff, 0xff, 0xff, 0xff, 0xff, 0xff, 0xff, 0xff,
  0xff, 0xff, 0xff, 0xff, 0xff, 0xff, 0xff, 0xff, 0xff, 0xff, 0xff, 0xff, 0xff, 0xff, 0xff, 0xff,
  0xff, 0xff, 0xff, 0xff, 0xff, 0xff, 0xff, 0xff, 0xff, 0xff, 0xff, 0xff, 0xff, 0xff, 0xff, 0xff,
  0xff, 0xff, 0xff, 0xff, 0xff, 0xff, 0xff, 0xff, 0xff, 0xff, 0xff, 0xff, 0xff, 0xff, 0xff, 0xff,
  0xff, 0xff, 0xff, 0xff, 0xff, 0xff, 0xff, 0xff, 0xff, 0xff, 0xff, 0xff, 0xff, 0xff, 0xff, 0xff,
  0xff, 0xff, 0xff, 0xff, 0xff, 0xfe, 0xff, 0xe8, 0xf3, 0xff, 0xfe, 0xff, 0xff, 0xff, 0xff, 0xff,
  0xff, 0xff, 0xff, 0xff, 0xff, 0xff, 0xff, 0xff, 0xff, 0xff, 0xff, 0xff, 0xff, 0xff, 0xff, 0xff,
  0xff, 0xff, 0xff, 0xff, 0xff, 0xff, 0xff, 0xff, 0xff, 0xff, 0xff, 0xff, 0xff, 0xff, 0xff, 0xff,
  0xff, 0xff, 0xff, 0xff, 0xff, 0xff, 0xff, 0xff, 0xff, 0xff, 0xff, 0xff, 0xff, 0xff, 0xff, 0xff,
  0xff, 0xff, 0xff, 0xff, 0xff, 0xff, 0xff, 0xff, 0xff, 0xff, 0xff, 0xff, 0xff, 0xff, 0xff, 0xff,
  0xff, 0xff, 0xff, 0xff, 0xff, 0xff, 0xff, 0xff, 0xff, 0xff, 0xff, 0xff, 0xff, 0xff, 0xff, 0xff,
  0xff, 0xff, 0xff, 0xff, 0xff, 0xff, 0xff, 0xff, 0xff, 0xff, 0xff, 0xff, 0xff, 0xff, 0xff, 0xff,
  0xff, 0xff, 0xff, 0xff, 0xff, 0xff, 0xff, 0xff, 0xff, 0xff, 0xff, 0xff, 0xff, 0xff, 0xff, 0xf4,
  0xfb, 0xff, 0xff, 0xff, 0xff, 0xff, 0xff, 0xff, 0xff, 0xff, 0xff, 0xff, 0xff, 0xff, 0xff, 0xff,
  0xff, 0xff, 0xff, 0xff, 0xff, 0xff, 0xff, 0xff, 0xff, 0xff, 0xff, 0xff, 0xff, 0xff, 0xff, 0xff,
  0xff, 0xff, 0xff, 0xff, 0xff, 0xff, 0xff, 0xff, 0xff, 0xff, 0xff, 0xff, 0xff, 0xff, 0xff, 0xff,
  0xff, 0xff, 0xff, 0xff, 0xff, 0xff, 0xff, 0xff, 0xff, 0xff, 0xff, 0xff, 0xff, 0xff, 0xff, 0xff,
  0xff, 0xff, 0xff, 0xff, 0xff, 0xff, 0xff, 0xff, 0xff, 0xff, 0xff, 0xff, 0xff, 0xff, 0xff, 0xff,
  0xff, 0xff, 0xff, 0xff, 0xff, 0xff, 0xff, 0xff, 0xff, 0xff, 0xff, 0xff, 0xff, 0xff, 0xff, 0xff,
  0xff, 0xff, 0xff, 0xff, 0xff, 0xff, 0xff, 0xff, 0xff, 0xff, 0xff, 0xff, 0xff, 0xff, 0xff, 0xff,
  0xff, 0xff, 0xff, 0xff, 0xff, 0xff, 0xff, 0xfb, 0xff, 0xff, 0xff, 0xff, 0xff, 0xff, 0xff, 0xff,
  0xff, 0xff, 0xff, 0xff, 0xff, 0xff, 0xff, 0xff, 0xff, 0xff, 0xff, 0xff, 0xff, 0xff, 0xff, 0xff,
  0xff, 0xff, 0xff, 0xff, 0xff, 0xff, 0xff, 0xff, 0xff, 0xff, 0xff, 0xff, 0xff, 0xff, 0xff, 0xff,
  0xff, 0xff, 0xff, 0xff, 0xff, 0xff, 0xff, 0xff, 0xff, 0xff, 0xff, 0xff, 0xff, 0xff, 0xff, 0xff,
  0xff, 0xff, 0xff, 0xff, 0xff, 0xff, 0xff, 0xff, 0xff, 0xff, 0xff, 0xff, 0xff, 0xff, 0xff, 0xff,
  0xff, 0xff, 0xff, 0xff, 0xff, 0xff, 0xff, 0xff, 0xff, 0xff, 0xff, 0xff, 0xff, 0xff, 0xff, 0xff,
  0xff, 0xff, 0xff, 0xff, 0xff, 0xff, 0xff, 0xff, 0xff, 0xff, 0xff, 0xff, 0xff, 0xff, 0xff, 0xff,
  0xff, 0xff, 0xff, 0xff, 0xff, 0xff, 0xff, 0xff, 0xff, 0xff, 0xff, 0xff, 0xff, 0xff, 0xff, 0xff,
  0xff, 0xff, 0xff, 0xff, 0xff, 0xff, 0xff, 0xff, 0xff, 0xff, 0xff, 0xff, 0xff, 0xff, 0xff, 0xff,
  0xff, 0xff, 0xff, 0xff, 0xff, 0xff, 0xff, 0xff, 0xff, 0xff, 0xff, 0xff, 0xff, 0xff, 0xff, 0xff,
  0xff, 0xff, 0xff, 0xff, 0xff, 0xff, 0xff, 0xff, 0xff, 0xff, 0xff, 0xff, 0xff, 0xff, 0xff, 0xff,
  0xff, 0xff, 0xff, 0xff, 0xff, 0xff, 0xff, 0xff, 0xff, 0xff, 0xff, 0xff, 0xff, 0xff, 0xff, 0xff,
  0xff, 0xff, 0xff, 0xff, 0xff, 0xff, 0xff, 0xff, 0xff, 0xff, 0xff, 0xff, 0xff, 0xff, 0xff, 0xff,
  0xff, 0xff, 0xff, 0xff, 0xff, 0xff, 0xff, 0xff, 0xff, 0xff, 0xff, 0xff, 0xff, 0xff, 0xff, 0xff,
  0xff, 0xff, 0xff, 0xff, 0xff, 0xff, 0xff, 0xff, 0xff, 0xff, 0xff, 0xff, 0xff, 0xff, 0xff, 0xff,
  0xff, 0xff, 0xff, 0xff, 0xff, 0xff, 0xff, 0xff, 0xfb, 0xff, 0xff, 0xff, 0xff, 0xff, 0xff, 0xff,
  0xff, 0xff, 0xff, 0xff, 0xff, 0xff, 0xff, 0xff, 0xff, 0xff, 0xff, 0xff, 0xff, 0xff, 0xff, 0xff,
  0xff, 0xff, 0xff, 0xff, 0xff, 0xff, 0xff, 0xff, 0xff, 0xff, 0xff, 0xff, 0xff, 0xff, 0xff, 0xff,
  0xff, 0xff, 0xff, 0xff, 0xff, 0xff, 0xff, 0xff, 0xff, 0xff, 0xff, 0xff, 0xff, 0xff, 0xff, 0xff,
  0xff, 0xff, 0xff, 0xff, 0xff, 0xff, 0xff, 0xff, 0xff, 0xff, 0xff, 0xff, 0xff, 0xff, 0xff, 0xff,
  0xff, 0xff, 0xff, 0xff, 0xff, 0xff, 0xff, 0xff, 0xff, 0xff, 0xff, 0xff, 0xff, 0xff, 0xff, 0xff,
  0xff, 0xff, 0xff, 0xff, 0xff, 0xff, 0xff, 0xff, 0xff, 0xff, 0xff, 0xff, 0xff, 0xff, 0xff, 0xff,
  0xff, 0xff, 0xff, 0xff, 0xff, 0xff, 0xff, 0xff, 0xff, 0xff, 0xff, 0xff, 0xff, 0xff, 0xff, 0xfb,
  0xf3, 0xff, 0xff, 0xff, 0xff, 0xff, 0xff, 0xff, 0xff, 0xff, 0xff, 0xff, 0xff, 0xff, 0xff, 0xff,
  0xff, 0xff, 0xff, 0xff, 0xff, 0xff, 0xff, 0xff, 0xff, 0xff, 0xff, 0xff, 0xff, 0xff, 0xff, 0xff,
  0xff, 0xff, 0xff, 0xff, 0xff, 0xff, 0xff, 0xff, 0xff, 0xff, 0xff, 0xff, 0xff, 0xff, 0xff, 0xff,
  0xff, 0xff, 0xff, 0xff, 0xff, 0xff, 0xff, 0xff, 0xff, 0xff, 0xff, 0xff, 0xff, 0xff, 0xff, 0xff,
  0xff, 0xff, 0xff, 0xff, 0xff, 0xff, 0xff, 0xff, 0xff, 0xff, 0xff, 0xff, 0xff, 0xff, 0xff, 0xff,
  0xff, 0xff, 0xff, 0xff, 0xff, 0xff, 0xff, 0xff, 0xff, 0xff, 0xff, 0xff, 0xff, 0xff, 0xff, 0xff,
  0xff, 0xff, 0xff, 0xff, 0xff, 0xff, 0xff, 0xff, 0xff, 0xff, 0xff, 0xff, 0xff, 0xff, 0xff, 0xff,
  0xff, 0xff, 0xff, 0xff, 0xff, 0xfe, 0xff, 0xf3, 0xe9, 0xff, 0xfe, 0xff, 0xff, 0xff, 0xff, 0xff,
  0xff, 0xff, 0xff, 0xff, 0xff, 0xff, 0xff, 0xff, 0xff, 0xff, 0xff, 0xff, 0xff, 0xff, 0xff, 0xff,
  0xff, 0xff, 0xff, 0xff, 0xff, 0xff, 0xff, 0xff, 0xff, 0xff, 0xff, 0xff, 0xff, 0xff, 0xff, 0xff,
  0xff, 0xff, 0xff, 0xff, 0xff, 0xff, 0xff, 0xff, 0xff, 0xff, 0xff, 0xff, 0xff, 0xff, 0xff, 0xff,
  0xff, 0xff, 0xff, 0xff, 0xff, 0xff, 0xff, 0xff, 0xff, 0xff, 0xff, 0xff, 0xff, 0xff, 0xff, 0xff,
  0xff, 0xff, 0xff, 0xff, 0xff, 0xff, 0xff, 0xff, 0xff, 0xff, 0xff, 0xff, 0xff, 0xff, 0xff, 0xff,
  0xff, 0xff, 0xff, 0xff, 0xff, 0xff, 0xff, 0xff, 0xff, 0xff, 0xff, 0xff, 0xff, 0xff, 0xff, 0xff,
  0xff, 0xff, 0xff, 0xff, 0xff, 0xff, 0xff, 0xff, 0xff, 0xff, 0xff, 0xff, 0xff, 0xfe, 0xff, 0xe9,
  0xda, 0xff, 0xfe, 0xff, 0xff, 0xff, 0xff, 0xff, 0xff, 0xff, 0xff, 0xff, 0xff, 0xff, 0xff, 0xff,
  0xff, 0xff, 0xff, 0xff, 0xff, 0xff, 0xff, 0xff, 0xff, 0xff, 0xff, 0xff, 0xff, 0xff, 0xff, 0xff,
  0xff, 0xff, 0xff, 0xff, 0xff, 0xff, 0xff, 0xff, 0xff, 0xff, 0xff, 0xff, 0xff, 0xff, 0xff, 0xff,
  0xff, 0xff, 0xff, 0xff, 0xff, 0xff, 0xff, 0xff, 0xff, 0xff, 0xff, 0xff, 0xff, 0xff, 0xff, 0xff,
  0xff, 0xff, 0xff, 0xff, 0xff, 0xff, 0xff, 0xff, 0xff, 0xff, 0xff, 0xff, 0xff, 0xff, 0xff, 0xff,
  0xff, 0xff, 0xff, 0xff, 0xff, 0xff, 0xff, 0xff, 0xff, 0xff, 0xff, 0xff, 0xff, 0xff, 0xff, 0xff,
  0xff, 0xff, 0xff, 0xff, 0xff, 0xff, 0xff, 0xff, 0xff, 0xff, 0xff, 0xff, 0xff, 0xff, 0xff, 0xff,
  0xff, 0xff, 0xff, 0xff, 0xff, 0xfe, 0xff, 0xdb, 0xc8, 0xff, 0xfd, 0xff, 0xff, 0xff, 0xff, 0xff,
  0xff, 0xff, 0xff, 0xff, 0xff, 0xff, 0xff, 0xff, 0xff, 0xff, 0xff, 0xff, 0xff, 0xff, 0xff, 0xff,
  0xff, 0xff, 0xff, 0xff, 0xff, 0xff, 0xff, 0xff, 0xff, 0xff, 0xff, 0xff, 0xff, 0xff, 0xff, 0xff,
  0xff, 0xff, 0xff, 0xff, 0xff, 0xff, 0xff, 0xff, 0xff, 0xff, 0xff, 0xff, 0xff, 0xff, 0xff, 0xff,
  0xff, 0xff, 0xff, 0xff, 0xff, 0xff, 0xff, 0xff, 0xff, 0xff, 0xff, 0xff, 0xff, 0xff, 0xff, 0xff,
  0xff, 0xff, 0xff, 0xff, 0xff, 0xff, 0xff, 0xff, 0xff, 0xff, 0xff, 0xff, 0xff, 0xff, 0xff, 0xff,
  0xff, 0xff, 0xff, 0xff, 0xff, 0xff, 0xff, 0xff, 0xff, 0xff, 0xff, 0xff, 0xff, 0xff, 0xff, 0xff,
  0xff, 0xff, 0xff, 0xff, 0xff, 0xff, 0xff, 0xff, 0xff, 0xff, 0xff, 0xff, 0xff, 0xfd, 0xff, 0xc8,
  0xb1, 0xff, 0xfd, 0xff, 0xff, 0xff, 0xff, 0xff, 0xff, 0xff, 0xff, 0xff, 0xff, 0xff, 0xff, 0xff,
  0xff, 0xff, 0xff, 0xff, 0xff, 0xff, 0xff, 0xff, 0xff, 0xff, 0xff, 0xff, 0xff, 0xff, 0xff, 0xff,
  0xff, 0xff, 0xff, 0xff, 0xff, 0xff, 0xff, 0xff, 0xff, 0xff, 0xff, 0xff, 0xff, 0xff, 0xff, 0xff,
  0xff, 0xff, 0xff, 0xff, 0xff, 0xff, 0xff, 0xff, 0xff, 0xff, 0xff, 0xff, 0xff, 0xff, 0xff, 0xff,
  0xff, 0xff, 0xff, 0xff, 0xff, 0xff, 0xff, 0xff, 0xff, 0xff, 0xff, 0xff, 0xff, 0xff, 0xff, 0xff,
  0xff, 0xff, 0xff, 0xff, 0xff, 0xff, 0xff, 0xff, 0xff, 0xff, 0xff, 0xff, 0xff, 0xff, 0xff, 0xff,
  0xff, 0xff, 0xff, 0xff, 0xff, 0xff, 0xff, 0xff, 0xff, 0xff, 0xff, 0xff, 0xff, 0xff, 0xff, 0xff,
  0xff, 0xff, 0xff, 0xff, 0xff, 0xfd, 0xff, 0xb1, 0x90, 0xff, 0xfc, 0xff, 0xff, 0xff, 0xff, 0xff,
  0xff, 0xff, 0xff, 0xff, 0xff, 0xff, 0xff, 0xff, 0xff, 0xff, 0xff, 0xff, 0xff, 0xff, 0xff, 0xff,
  0xff, 0xff, 0xff, 0xff, 0xff, 0xff, 0xff, 0xff, 0xff, 0xff, 0xff, 0xff, 0xff, 0xff, 0xff, 0xff,
  0xff, 0xff, 0xff, 0xff, 0xff, 0xff, 0xff, 0xff, 0xff, 0xff, 0xff, 0xff, 0xff, 0xff, 0xff, 0xff,
  0xff, 0xff, 0xff, 0xff, 0xff, 0xff, 0xff, 0xff, 0xff, 0xff, 0xff, 0xff, 0xff, 0xff, 0xff, 0xff,
  0xff, 0xff, 0xff, 0xff, 0xff, 0xff, 0xff, 0xff, 0xff, 0xff, 0xff, 0xff, 0xff, 0xff, 0xff, 0xff,
  0xff, 0xff, 0xff, 0xff, 0xff, 0xff, 0xff, 0xff, 0xff, 0xff, 0xff, 0xff, 0xff, 0xff, 0xff, 0xff,
  0xff, 0xff, 0xff, 0xff, 0xff, 0xff, 0xff, 0xff, 0xff, 0xff, 0xff, 0xff, 0xff, 0xfc, 0xff, 0x8f,
  0x6b, 0xff, 0xfc, 0xff, 0xff, 0xff, 0xff, 0xff, 0xff, 0xff, 0xff, 0xff, 0xff, 0xff, 0xff, 0xff,
  0xff, 0xff, 0xff, 0xff, 0xff, 0xff, 0xff, 0xff, 0xff, 0xff, 0xff, 0xff, 0xff, 0xff, 0xff, 0xff,
  0xff, 0xff, 0xff, 0xff, 0xff, 0xff, 0xff, 0xff, 0xff, 0xff, 0xff, 0xff, 0xff, 0xff, 0xff, 0xff,
  0xff, 0xff, 0xff, 0xff, 0xff, 0xff, 0xff, 0xff, 0xff, 0xff, 0xff, 0xff, 0xff, 0xff, 0xff, 0xff,
  0xff, 0xff, 0xff, 0xff, 0xff, 0xff, 0xff, 0xff, 0xff, 0xff, 0xff, 0xff, 0xff, 0xff, 0xff, 0xff,
  0xff, 0xff, 0xff, 0xff, 0xff, 0xff, 0xff, 0xff, 0xff, 0xff, 0xff, 0xff, 0xff, 0xff, 0xff, 0xff,
  0xff, 0xff, 0xff, 0xff, 0xff, 0xff, 0xff, 0xff, 0xff, 0xff, 0xff, 0xff, 0xff, 0xff, 0xff, 0xff,
  0xff, 0xff, 0xff, 0xff, 0xff, 0xfc, 0xff, 0x6c, 0x47, 0xff, 0xfe, 0xff, 0xff, 0xff, 0xff, 0xff,
  0xff, 0xff, 0xff, 0xff, 0xff, 0xff, 0xff, 0xff, 0xff, 0xff, 0xff, 0xff, 0xff, 0xff, 0xff, 0xff,
  0xff, 0xff, 0xff, 0xff, 0xff, 0xff, 0xff, 0xff, 0xff, 0xff, 0xff, 0xff, 0xff, 0xff, 0xff, 0xff,
  0xff, 0xff, 0xff, 0xff, 0xff, 0xff, 0xff, 0xff, 0xff, 0xff, 0xff, 0xff, 0xff, 0xff, 0xff, 0xff,
  0xff, 0xff, 0xff, 0xff, 0xff, 0xff, 0xff, 0xff, 0xff, 0xff, 0xff, 0xff, 0xff, 0xff, 0xff, 0xff,
  0xff, 0xff, 0xff, 0xff, 0xff, 0xff, 0xff, 0xff, 0xff, 0xff, 0xff, 0xff, 0xff, 0xff, 0xff, 0xff,
  0xff, 0xff, 0xff, 0xff, 0xff, 0xff, 0xff, 0xff, 0xff, 0xff, 0xff, 0xff, 0xff, 0xff, 0xff, 0xff,
  0xff, 0xff, 0xff, 0xff, 0xff, 0xff, 0xff, 0xff, 0xff, 0xff, 0xff, 0xff, 0xff, 0xfe, 0xff, 0x45,
  0x22, 0xf4, 0xff, 0xfe, 0xff, 0xff, 0xff, 0xff, 0xff, 0xff, 0xff, 0xff, 0xff, 0xff, 0xff, 0xff,
  0xff, 0xff, 0xff, 0xff, 0xff, 0xff, 0xff, 0xff, 0xff, 0xff, 0xff, 0xff, 0xff, 0xff, 0xff, 0xff,
  0xff, 0xff, 0xff, 0xff, 0xff, 0xff, 0xff, 0xff, 0xff, 0xff, 0xff, 0xff, 0xff, 0xff, 0xff, 0xff,
  0xff, 0xff, 0xff, 0xff, 0xff, 0xff, 0xff, 0xff, 0xff, 0xff, 0xff, 0xff, 0xff, 0xff, 0xff, 0xff,
  0xff, 0xff, 0xff, 0xff, 0xff, 0xff, 0xff, 0xff, 0xff, 0xff, 0xff, 0xff, 0xff, 0xff, 0xff, 0xff,
  0xff, 0xff, 0xff, 0xff, 0xff, 0xff, 0xff, 0xff, 0xff, 0xff, 0xff, 0xff, 0xff, 0xff, 0xff, 0xff,
  0xff, 0xff, 0xff, 0xff, 0xff, 0xff, 0xff, 0xff, 0xff, 0xff, 0xff, 0xff, 0xff, 0xff, 0xff, 0xff,
  0xff, 0xff, 0xff, 0xff, 0xfe, 0xff, 0xf4, 0x21, 0x05, 0xd5, 0xff, 0xfd, 0xff, 0xff, 0xff, 0xff,
  0xff, 0xff, 0xff, 0xff, 0xff, 0xff, 0xff, 0xff, 0xff, 0xff, 0xff, 0xff, 0xff, 0xff, 0xff, 0xff,
  0xff, 0xff, 0xff, 0xff, 0xff, 0xff, 0xff, 0xff, 0xff, 0xff, 0xff, 0xff, 0xff, 0xff, 0xff, 0xff,
  0xff, 0xff, 0xff, 0xff, 0xff, 0xff, 0xff, 0xff, 0xff, 0xff, 0xff, 0xff, 0xff, 0xff, 0xff, 0xff,
  0xff, 0xff, 0xff, 0xff, 0xff, 0xff, 0xff, 0xff, 0xff, 0xff, 0xff, 0xff, 0xff, 0xff, 0xff, 0xff,
  0xff, 0xff, 0xff, 0xff, 0xff, 0xff, 0xff, 0xff, 0xff, 0xff, 0xff, 0xff, 0xff, 0xff, 0xff, 0xff,
  0xff, 0xff, 0xff, 0xff, 0xff, 0xff, 0xff, 0xff, 0xff, 0xff, 0xff, 0xff, 0xff, 0xff, 0xff, 0xff,
  0xff, 0xff, 0xff, 0xff, 0xff, 0xff, 0xff, 0xff, 0xff, 0xff, 0xff, 0xff, 0xfd, 0xff, 0xd5, 0x05,
  0x00, 0xa9, 0xff, 0xfc, 0xff, 0xff, 0xff, 0xff, 0xff, 0xff, 0xff, 0xff, 0xff, 0xff, 0xff, 0xff,
  0xff, 0xff, 0xff, 0xff, 0xff, 0xff, 0xff, 0xff, 0xff, 0xff, 0xff, 0xff, 0xff, 0xff, 0xff, 0xff,
  0xff, 0xff, 0xff, 0xff, 0xff, 0xff, 0xff, 0xff, 0xff, 0xff, 0xff, 0xff, 0xff, 0xff, 0xff, 0xff,
  0xff, 0xff, 0xff, 0xff, 0xff, 0xff, 0xff, 0xff, 0xff, 0xff, 0xff, 0xff, 0xff, 0xff, 0xff, 0xff,
  0xff, 0xff, 0xff, 0xff, 0xff, 0xff, 0xff, 0xff, 0xff, 0xff, 0xff, 0xff, 0xff, 0xff, 0xff, 0xff,
  0xff, 0xff, 0xff, 0xff, 0xff, 0xff, 0xff, 0xff, 0xff, 0xff, 0xff, 0xff, 0xff, 0xff, 0xff, 0xff,
  0xff, 0xff, 0xff, 0xff, 0xff, 0xff, 0xff, 0xff, 0xff, 0xff, 0xff, 0xff, 0xff, 0xff, 0xff, 0xff,
  0xff, 0xff, 0xff, 0xff, 0xfc, 0xff, 0xaa, 0x00, 0x00, 0x74, 0xff, 0xfb, 0xff, 0xff, 0xff, 0xff,
  0xff, 0xff, 0xff, 0xff, 0xff, 0xff, 0xff, 0xff, 0xff, 0xff, 0xff, 0xff, 0xff, 0xff, 0xff, 0xff,
  0xff, 0xff, 0xff, 0xff, 0xff, 0xff, 0xff, 0xff, 0xff, 0xff, 0xff, 0xff, 0xff, 0xff, 0xff, 0xff,
  0xff, 0xff, 0xff, 0xff, 0xff, 0xff, 0xff, 0xff, 0xff, 0xff, 0xff, 0xff, 0xff, 0xff, 0xff, 0xff,
  0xff, 0xff, 0xff, 0xff, 0xff, 0xff, 0xff, 0xff, 0xff, 0xff, 0xff, 0xff, 0xff, 0xff, 0xff, 0xff,
  0xff, 0xff, 0xff, 0xff, 0xff, 0xff, 0xff, 0xff, 0xff, 0xff, 0xff, 0xff, 0xff, 0xff, 0xff, 0xff,
  0xff, 0xff, 0xff, 0xff, 0xff, 0xff, 0xff, 0xff, 0xff, 0xff, 0xff, 0xff, 0xff, 0xff, 0xff, 0xff,
  0xff, 0xff, 0xff, 0xff, 0xff, 0xff, 0xff, 0xff, 0xff, 0xff, 0xff, 0xff, 0xfb, 0xff, 0x74, 0x00,
  0x00, 0x3b, 0xff, 0xfd, 0xff, 0xff, 0xff, 0xff, 0xff, 0xff, 0xff, 0xff, 0xff, 0xff, 0xff, 0xff,
  0xff, 0xff, 0xff, 0xff, 0xff, 0xff, 0xff, 0xff, 0xff, 0xff, 0xff, 0xff, 0xff, 0xff, 0xff, 0xff,
  0xff, 0xff, 0xff, 0xff, 0xff, 0xff, 0xff, 0xff, 0xff, 0xff, 0xff, 0xff, 0xff, 0xff, 0xff, 0xff,
  0xff, 0xff, 0xff, 0xff, 0xff, 0xff, 0xff, 0xff, 0xff, 0xff, 0xff, 0xff, 0xff, 0xff, 0xff, 0xff,
  0xff, 0xff, 0xff, 0xff, 0xff, 0xff, 0xff, 0xff, 0xff, 0xff, 0xff, 0xff, 0xff, 0xff, 0xff, 0xff,
  0xff, 0xff, 0xff, 0xff, 0xff, 0xff, 0xff, 0xff, 0xff, 0xff, 0xff, 0xff, 0xff, 0xff, 0xff, 0xff,
  0xff, 0xff, 0xff, 0xff, 0xff, 0xff, 0xff, 0xff, 0xff, 0xff, 0xff, 0xff, 0xff, 0xff, 0xff, 0xff,
  0xff, 0xff, 0xff, 0xff, 0xfe, 0xff, 0x3b, 0x00, 0x00, 0x0c, 0xe8, 0xff, 0xfe, 0xff, 0xff, 0xff,
  0xff, 0xff, 0xff, 0xff, 0xff, 0xff, 0xff, 0xff, 0xff, 0xff, 0xff, 0xff, 0xff, 0xff, 0xff, 0xff,
  0xff, 0xff, 0xff, 0xff, 0xff, 0xff, 0xff, 0xff, 0xff, 0xff, 0xff, 0xff, 0xff, 0xff, 0xff, 0xff,
  0xff, 0xff, 0xff, 0xff, 0xff, 0xff, 0xff, 0xff, 0xff, 0xff, 0xff, 0xff, 0xff, 0xff, 0xff, 0xff,
  0xff, 0xff, 0xff, 0xff, 0xff, 0xff, 0xff, 0xff, 0xff, 0xff, 0xff, 0xff, 0xff, 0xff, 0xff, 0xff,
  0xff, 0xff, 0xff, 0xff, 0xff, 0xff, 0xff, 0xff, 0xff, 0xff, 0xff, 0xff, 0xff, 0xff, 0xff, 0xff,
  0xff, 0xff, 0xff, 0xff, 0xff, 0xff, 0xff, 0xff, 0xff, 0xff, 0xff, 0xff, 0xff, 0xff, 0xff, 0xff,
  0xff, 0xff, 0xff, 0xff, 0xff, 0xff, 0xff, 0xff, 0xff, 0xff, 0xff, 0xfe, 0xff, 0xe9, 0x0d, 0x00,
  0x03, 0x00, 0xb0, 0xff, 0xfb, 0xff, 0xff, 0xff, 0xff, 0xff, 0xff, 0xff, 0xff, 0xff, 0xff, 0xff,
  0xff, 0xff, 0xff, 0xff, 0xff, 0xff, 0xff, 0xff, 0xff, 0xff, 0xff, 0xff, 0xff, 0xff, 0xff, 0xff,
  0xff, 0xff, 0xff, 0xff, 0xff, 0xff, 0xff, 0xff, 0xff, 0xff, 0xff, 0xff, 0xff, 0xff, 0xff, 0xff,
  0xff, 0xff, 0xff, 0xff, 0xff, 0xff, 0xff, 0xff, 0xff, 0xff, 0xff, 0xff, 0xff, 0xff, 0xff, 0xff,
  0xff, 0xff, 0xff, 0xff, 0xff, 0xff, 0xff, 0xff, 0xff, 0xff, 0xff, 0xff, 0xff, 0xff, 0xff, 0xff,
  0xff, 0xff, 0xff, 0xff, 0xff, 0xff, 0xff, 0xff, 0xff, 0xff, 0xff, 0xff, 0xff, 0xff, 0xff, 0xff,
  0xff, 0xff, 0xff, 0xff, 0xff, 0xff, 0xff, 0xff, 0xff, 0xff, 0xff, 0xff, 0xff, 0xff, 0xff, 0xff,
  0xff, 0xff, 0xff, 0xfb, 0xff, 0xae, 0x00, 0x03, 0x04, 0x00, 0x65, 0xff, 0xfc, 0xff, 0xff, 0xff,
  0xff, 0xff, 0xff, 0xff, 0xff, 0xff, 0xff, 0xff, 0xff, 0xff, 0xff, 0xff, 0xff, 0xff, 0xff, 0xff,
  0xff, 0xff, 0xff, 0xff, 0xff, 0xff, 0xff, 0xff, 0xff, 0xff, 0xff, 0xff, 0xff, 0xff, 0xff, 0xff,
  0xff, 0xff, 0xff, 0xff, 0xff, 0xff, 0xff, 0xff, 0xff, 0xff, 0xff, 0xff, 0xff, 0xff, 0xff, 0xff,
  0xff, 0xff, 0xff, 0xff, 0xff, 0xff, 0xff, 0xff, 0xff, 0xff, 0xff, 0xff, 0xff, 0xff, 0xff, 0xff,
  0xff, 0xff, 0xff, 0xff, 0xff, 0xff, 0xff, 0xff, 0xff, 0xff, 0xff, 0xff, 0xff, 0xff, 0xff, 0xff,
  0xff, 0xff, 0xff, 0xff, 0xff, 0xff, 0xff, 0xff, 0xff, 0xff, 0xff, 0xff, 0xff, 0xff, 0xff, 0xff,
  0xff, 0xff, 0xff, 0xff, 0xff, 0xff, 0xff, 0xff, 0xff, 0xff, 0xff, 0xfc, 0xff, 0x64, 0x00, 0x04,
  0x02, 0x00, 0x1e, 0xf7, 0xff, 0xfe, 0xff, 0xff, 0xff, 0xff, 0xff, 0xff, 0xff, 0xff, 0xff, 0xff,
  0xff, 0xff, 0xff, 0xff, 0xff, 0xff, 0xff, 0xff, 0xff, 0xff, 0xff, 0xff, 0xff, 0xff, 0xff, 0xff,
  0xff, 0xff, 0xff, 0xff, 0xff, 0xff, 0xff, 0xff, 0xff, 0xff, 0xff, 0xff, 0xff, 0xff, 0xff, 0xff,
  0xff, 0xff, 0xff, 0xff, 0xff, 0xff, 0xff, 0xff, 0xff, 0xff, 0xff, 0xff, 0xff, 0xff, 0xff, 0xff,
  0xff, 0xff, 0xff, 0xff, 0xff, 0xff, 0xff, 0xff, 0xff, 0xff, 0xff, 0xff, 0xff, 0xff, 0xff, 0xff,
  0xff, 0xff, 0xff, 0xff, 0xff, 0xff, 0xff, 0xff, 0xff, 0xff, 0xff, 0xff, 0xff, 0xff, 0xff, 0xff,
  0xff, 0xff, 0xff, 0xff, 0xff, 0xff, 0xff, 0xff, 0xff, 0xff, 0xff, 0xff, 0xff, 0xff, 0xff, 0xff,
  0xff, 0xff, 0xfe, 0xff, 0xf7, 0x1e, 0x00, 0x02, 0x00, 0x02, 0x00, 0xbb, 0xfe, 0xfc, 0xff, 0xff,
  0xff, 0xff, 0xff, 0xff, 0xff, 0xff, 0xff, 0xff, 0xff, 0xff, 0xff, 0xff, 0xff, 0xff, 0xff, 0xff,
  0xff, 0xff, 0xff, 0xff, 0xff, 0xff, 0xff, 0xff, 0xff, 0xff, 0xff, 0xff, 0xff, 0xff, 0xff, 0xff,
  0xff, 0xff, 0xff, 0xff, 0xff, 0xff, 0xff, 0xff, 0xff, 0xff, 0xff, 0xff, 0xff, 0xff, 0xff, 0xff,
  0xff, 0xff, 0xff, 0xff, 0xff, 0xff, 0xff, 0xff, 0xff, 0xff, 0xff, 0xff, 0xff, 0xff, 0xff, 0xff,
  0xff, 0xff, 0xff, 0xff, 0xff, 0xff, 0xff, 0xff, 0xff, 0xff, 0xff, 0xff, 0xff, 0xff, 0xff, 0xff,
  0xff, 0xff, 0xff, 0xff, 0xff, 0xff, 0xff, 0xff, 0xff, 0xff, 0xff, 0xff, 0xff, 0xff, 0xff, 0xff,
  0xff, 0xff, 0xff, 0xff, 0xff, 0xff, 0xff, 0xff, 0xff, 0xff, 0xfc, 0xfe, 0xba, 0x00, 0x02, 0x00,
  0x00, 0x04, 0x00, 0x64, 0xff, 0xfc, 0xff, 0xff, 0xff, 0xff, 0xff, 0xff, 0xff, 0xff, 0xff, 0xff,
  0xff, 0xff, 0xff, 0xff, 0xff, 0xff, 0xff, 0xff, 0xff, 0xff, 0xff, 0xff, 0xff, 0xff, 0xff, 0xff,
  0xff, 0xff, 0xff, 0xff, 0xff, 0xff, 0xff, 0xff, 0xff, 0xff, 0xff, 0xff, 0xff, 0xff, 0xff, 0xff,
  0xff, 0xff, 0xff, 0xff, 0xff, 0xff, 0xff, 0xff, 0xff, 0xff, 0xff, 0xff, 0xff, 0xff, 0xff, 0xff,
  0xff, 0xff, 0xff, 0xff, 0xff, 0xff, 0xff, 0xff, 0xff, 0xff, 0xff, 0xff, 0xff, 0xff, 0xff, 0xff,
  0xff, 0xff, 0xff, 0xff, 0xff, 0xff, 0xff, 0xff, 0xff, 0xff, 0xff, 0xff, 0xff, 0xff, 0xff, 0xff,
  0xff, 0xff, 0xff, 0xff, 0xff, 0xff, 0xff, 0xff, 0xff, 0xff, 0xff, 0xff, 0xff, 0xff, 0xff, 0xff,
  0xff, 0xff, 0xfc, 0xff, 0x63, 0x00, 0x04, 0x00, 0x00, 0x01, 0x00, 0x15, 0xef, 0xff, 0xfe, 0xff,
  0xff, 0xff, 0xff, 0xff, 0xff, 0xff, 0xff, 0xff, 0xff, 0xff, 0xff, 0xff, 0xff, 0xff, 0xff, 0xff,
  0xff, 0xff, 0xff, 0xff, 0xff, 0xff, 0xff, 0xff, 0xff, 0xff, 0xff, 0xff, 0xff, 0xff, 0xff, 0xff,
  0xff, 0xff, 0xff, 0xff, 0xff, 0xff, 0xff, 0xff, 0xff, 0xff, 0xff, 0xff, 0xff, 0xff, 0xff, 0xff,
  0xff, 0xff, 0xff, 0xff, 0xff, 0xff, 0xff, 0xff, 0xff, 0xff, 0xff, 0xff, 0xff, 0xff, 0xff, 0xff,
  0xff, 0xff, 0xff, 0xff, 0xff, 0xff, 0xff, 0xff, 0xff, 0xff, 0xff, 0xff, 0xff, 0xff, 0xff, 0xff,
  0xff, 0xff, 0xff, 0xff, 0xff, 0xff, 0xff, 0xff, 0xff, 0xff, 0xff, 0xff, 0xff, 0xff, 0xff, 0xff,
  0xff, 0xff, 0xff, 0xff, 0xff, 0xff, 0xff, 0xff, 0xff, 0xfe, 0xff, 0xed, 0x14, 0x00, 0x01, 0x00,
  0x00, 0x00, 0x03, 0x00, 0x9e, 0xff, 0xfb, 0xff, 0xff, 0xff, 0xff, 0xff, 0xff, 0xff, 0xff, 0xff,
  0xff, 0xff, 0xff, 0xff, 0xff, 0xff, 0xff, 0xff, 0xff, 0xff, 0xff, 0xff, 0xff, 0xff, 0xff, 0xff,
  0xff, 0xff, 0xff, 0xff, 0xff, 0xff, 0xff, 0xff, 0xff, 0xff, 0xff, 0xff, 0xff, 0xff, 0xff, 0xff,
  0xff, 0xff, 0xff, 0xff, 0xff, 0xff, 0xff, 0xff, 0xff, 0xff, 0xff, 0xff, 0xff, 0xff, 0xff, 0xff,
  0xff, 0xff, 0xff, 0xff, 0xff, 0xff, 0xff, 0xff, 0xff, 0xff, 0xff, 0xff, 0xff, 0xff, 0xff, 0xff,
  0xff, 0xff, 0xff, 0xff, 0xff, 0xff, 0xff, 0xff, 0xff, 0xff, 0xff, 0xff, 0xff, 0xff, 0xff, 0xff,
  0xff, 0xff, 0xff, 0xff, 0xff, 0xff, 0xff, 0xff, 0xff, 0xff, 0xff, 0xff, 0xff, 0xff, 0xff, 0xff,
  0xff, 0xfb, 0xff, 0x9f, 0x00, 0x03, 0x00, 0x00, 0x00, 0x00, 0x03, 0x00, 0x39, 0xfe, 0xfd, 0xff,
  0xff, 0xff, 0xff, 0xff, 0xff, 0xff, 0xff, 0xff, 0xff, 0xff, 0xff, 0xff, 0xff, 0xff, 0xff, 0xff,
  0xff, 0xff, 0xff, 0xff, 0xff, 0xff, 0xff, 0xff, 0xff, 0xff, 0xff, 0xff, 0xff, 0xff, 0xff, 0xff,
  0xff, 0xff, 0xff, 0xff, 0xff, 0xff, 0xff, 0xff, 0xff, 0xff, 0xff, 0xff, 0xff, 0xff, 0xff, 0xff,
  0xff, 0xff, 0xff, 0xff, 0xff, 0xff, 0xff, 0xff, 0xff, 0xff, 0xff, 0xff, 0xff, 0xff, 0xff, 0xff,
  0xff, 0xff, 0xff, 0xff, 0xff, 0xff, 0xff, 0xff, 0xff, 0xff, 0xff, 0xff, 0xff, 0xff, 0xff, 0xff,
  0xff, 0xff, 0xff, 0xff, 0xff, 0xff, 0xff, 0xff, 0xff, 0xff, 0xff, 0xff, 0xff, 0xff, 0xff, 0xff,
  0xff, 0xff, 0xff, 0xff, 0xff, 0xff, 0xff, 0xff, 0xff, 0xfe, 0xff, 0x38, 0x00, 0x03, 0x00, 0x00,
  0x00, 0x00, 0x00, 0x02, 0x00, 0xc3, 0xff, 0xfc, 0xff, 0xff, 0xff, 0xff, 0xff, 0xff, 0xff, 0xff,
  0xff, 0xff, 0xff, 0xff, 0xff, 0xff, 0xff, 0xff, 0xff, 0xff, 0xff, 0xff, 0xff, 0xff, 0xff, 0xff,
  0xff, 0xff, 0xff, 0xff, 0xff, 0xff, 0xff, 0xff, 0xff, 0xff, 0xff, 0xff, 0xff, 0xff, 0xff, 0xff,
  0xff, 0xff, 0xff, 0xff, 0xff, 0xff, 0xff, 0xff, 0xff, 0xff, 0xff, 0xff, 0xff, 0xff, 0xff, 0xff,
  0xff, 0xff, 0xff, 0xff, 0xff, 0xff, 0xff, 0xff, 0xff, 0xff, 0xff, 0xff, 0xff, 0xff, 0xff, 0xff,
  0xff, 0xff, 0xff, 0xff, 0xff, 0xff, 0xff, 0xff, 0xff, 0xff, 0xff, 0xff, 0xff, 0xff, 0xff, 0xff,
  0xff, 0xff, 0xff, 0xff, 0xff, 0xff, 0xff, 0xff, 0xff, 0xff, 0xff, 0xff, 0xff, 0xff, 0xff, 0xff,
  0xfc, 0xfe, 0xc1, 0x01, 0x02, 0x00, 0x00, 0x00, 0x00, 0x00, 0x00, 0x03, 0x00, 0x4d, 0xff, 0xfd,
  0xff, 0xff, 0xff, 0xff, 0xff, 0xff, 0xff, 0xff, 0xff, 0xff, 0xff, 0xff, 0xff, 0xff, 0xff, 0xff,
  0xff, 0xff, 0xff, 0xff, 0xff, 0xff, 0xff, 0xff, 0xff, 0xff, 0xff, 0xff, 0xff, 0xff, 0xff, 0xff,
  0xff, 0xff, 0xff, 0xff, 0xff, 0xff, 0xff, 0xff, 0xff, 0xff, 0xff, 0xff, 0xff, 0xff, 0xff, 0xff,
  0xff, 0xff, 0xff, 0xff, 0xff, 0xff, 0xff, 0xff, 0xff, 0xff, 0xff, 0xff, 0xff, 0xff, 0xff, 0xff,
  0xff, 0xff, 0xff, 0xff, 0xff, 0xff, 0xff, 0xff, 0xff, 0xff, 0xff, 0xff, 0xff, 0xff, 0xff, 0xff,
  0xff, 0xff, 0xff, 0xff, 0xff, 0xff, 0xff, 0xff, 0xff, 0xff, 0xff, 0xff, 0xff, 0xff, 0xff, 0xff,
  0xff, 0xff, 0xff, 0xff, 0xff, 0xff, 0xff, 0xff, 0xfd, 0xff, 0x50, 0x00, 0x03, 0x00, 0x00, 0x00,
  0x00, 0x00, 0x00, 0x00, 0x01, 0x03, 0xd0, 0xff, 0xfc, 0xff, 0xff, 0xff, 0xff, 0xff, 0xff, 0xff,
  0xff, 0xff, 0xff, 0xff, 0xff, 0xff, 0xff, 0xff, 0xff, 0xff, 0xff, 0xff, 0xff, 0xff, 0xff, 0xff,
  0xff, 0xff, 0xff, 0xff, 0xff, 0xff, 0xff, 0xff, 0xff, 0xff, 0xff, 0xff, 0xff, 0xff, 0xff, 0xff,
  0xff, 0xff, 0xff, 0xff, 0xff, 0xff, 0xff, 0xff, 0xff, 0xff, 0xff, 0xff, 0xff, 0xff, 0xff, 0xff,
  0xff, 0xff, 0xff, 0xff, 0xff, 0xff, 0xff, 0xff, 0xff, 0xff, 0xff, 0xff, 0xff, 0xff, 0xff, 0xff,
  0xff, 0xff, 0xff, 0xff, 0xff, 0xff, 0xff, 0xff, 0xff, 0xff, 0xff, 0xff, 0xff, 0xff, 0xff, 0xff,
  0xff, 0xff, 0xff, 0xff, 0xff, 0xff, 0xff, 0xff, 0xff, 0xff, 0xff, 0xff, 0xff, 0xff, 0xff, 0xfd,
  0xfe, 0xd0, 0x04, 0x01, 0x00, 0x00, 0x00, 0x00, 0x00, 0x00, 0x00, 0x00, 0x03, 0x00, 0x52, 0xff,
  0xfc, 0xff, 0xff, 0xff, 0xff, 0xff, 0xff, 0xff, 0xff, 0xff, 0xff, 0xff, 0xff, 0xff, 0xff, 0xff,
  0xff, 0xff, 0xff, 0xff, 0xff, 0xff, 0xff, 0xff, 0xff, 0xff, 0xff, 0xff, 0xff, 0xff, 0xff, 0xff,
  0xff, 0xff, 0xff, 0xff, 0xff, 0xff, 0xff, 0xff, 0xff, 0xff, 0xff, 0xff, 0xff, 0xff, 0xff, 0xff,
  0xff, 0xff, 0xff, 0xff, 0xff, 0xff, 0xff, 0xff, 0xff, 0xff, 0xff, 0xff, 0xff, 0xff, 0xff, 0xff,
  0xff, 0xff, 0xff, 0xff, 0xff, 0xff, 0xff, 0xff, 0xff, 0xff, 0xff, 0xff, 0xff, 0xff, 0xff, 0xff,
  0xff, 0xff, 0xff, 0xff, 0xff, 0xff, 0xff, 0xff, 0xff, 0xff, 0xff, 0xff, 0xff, 0xff, 0xff, 0xff,
  0xff, 0xff, 0xff, 0xff, 0xff, 0xff, 0xff, 0xfc, 0xff, 0x54, 0x00, 0x03, 0x00, 0x00, 0x00, 0x00,
  0x00, 0x00, 0x00, 0x00, 0x00, 0x02, 0x01, 0xc9, 0xff, 0xfc, 0xff, 0xff, 0xff, 0xff, 0xff, 0xff,
  0xff, 0xff, 0xff, 0xff, 0xff, 0xff, 0xff, 0xff, 0xff, 0xff, 0xff, 0xff, 0xff, 0xff, 0xff, 0xff,
  0xff, 0xff, 0xff, 0xff, 0xff, 0xff, 0xff, 0xff, 0xff, 0xff, 0xff, 0xff, 0xff, 0xff, 0xff, 0xff,
  0xff, 0xff, 0xff, 0xff, 0xff, 0xff, 0xff, 0xff, 0xff, 0xff, 0xff, 0xff, 0xff, 0xff, 0xff, 0xff,
  0xff, 0xff, 0xff, 0xff, 0xff, 0xff, 0xff, 0xff, 0xff, 0xff, 0xff, 0xff, 0xff, 0xff, 0xff, 0xff,
  0xff, 0xff, 0xff, 0xff, 0xff, 0xff, 0xff, 0xff, 0xff, 0xff, 0xff, 0xff, 0xff, 0xff, 0xff, 0xff,
  0xff, 0xff, 0xff, 0xff, 0xff, 0xff, 0xff, 0xff, 0xff, 0xff, 0xff, 0xff, 0xff, 0xff, 0xfc, 0xff,
  0xc7, 0x03, 0x02, 0x00, 0x00, 0x00, 0x00, 0x00, 0x00, 0x00, 0x00, 0x00, 0x00, 0x03, 0x00, 0x42,
  0xff, 0xfc, 0xff, 0xff, 0xff, 0xff, 0xff, 0xff, 0xff, 0xff, 0xff, 0xff, 0xff, 0xff, 0xff, 0xff,
  0xff, 0xff, 0xff, 0xff, 0xff, 0xff, 0xff, 0xff, 0xff, 0xff, 0xff, 0xff, 0xff, 0xff, 0xff, 0xff,
  0xff, 0xff, 0xff, 0xff, 0xff, 0xff, 0xff, 0xff, 0xff, 0xff, 0xff, 0xff, 0xff, 0xff, 0xff, 0xff,
  0xff, 0xff, 0xff, 0xff, 0xff, 0xff, 0xff, 0xff, 0xff, 0xff, 0xff, 0xff, 0xff, 0xff, 0xff, 0xff,
  0xff, 0xff, 0xff, 0xff, 0xff, 0xff, 0xff, 0xff, 0xff, 0xff, 0xff, 0xff, 0xff, 0xff, 0xff, 0xff,
  0xff, 0xff, 0xff, 0xff, 0xff, 0xff, 0xff, 0xff, 0xff, 0xff, 0xff, 0xff, 0xff, 0xff, 0xff, 0xff,
  0xff, 0xff, 0xff, 0xff, 0xff, 0xff, 0xfc, 0xff, 0x40, 0x00, 0x03, 0x00, 0x00, 0x00, 0x00, 0x00,
  0x00, 0x00, 0x00, 0x00, 0x00, 0x00, 0x03, 0x00, 0xaa, 0xff, 0xfc, 0xff, 0xff, 0xff, 0xff, 0xff,
  0xff, 0xff, 0xff, 0xff, 0xff, 0xff, 0xff, 0xff, 0xff, 0xff, 0xff, 0xff, 0xff, 0xff, 0xff, 0xff,
  0xff, 0xff, 0xff, 0xff, 0xff, 0xff, 0xff, 0xff, 0xff, 0xff, 0xff, 0xff, 0xff, 0xff, 0xff, 0xff,
  0xff, 0xff, 0xff, 0xff, 0xff, 0xff, 0xff, 0xff, 0xff, 0xff, 0xff, 0xff, 0xff, 0xff, 0xff, 0xff,
  0xff, 0xff, 0xff, 0xff, 0xff, 0xff, 0xff, 0xff, 0xff, 0xff, 0xff, 0xff, 0xff, 0xff, 0xff, 0xff,
  0xff, 0xff, 0xff, 0xff, 0xff, 0xff, 0xff, 0xff, 0xff, 0xff, 0xff, 0xff, 0xff, 0xff, 0xff, 0xff,
  0xff, 0xff, 0xff, 0xff, 0xff, 0xff, 0xff, 0xff, 0xff, 0xff, 0xff, 0xff, 0xff, 0xfc, 0xff, 0xaa,
  0x00, 0x03, 0x00, 0x00, 0x00, 0x00, 0x00, 0x00, 0x00, 0x00, 0x00, 0x00, 0x00, 0x00, 0x02, 0x01,
  0x1f, 0xf2, 0xfd, 0xfe, 0xff, 0xff, 0xff, 0xff, 0xff, 0xff, 0xff, 0xff, 0xff, 0xff, 0xff, 0xff,
  0xff, 0xff, 0xff, 0xff, 0xff, 0xff, 0xff, 0xff, 0xff, 0xff, 0xff, 0xff, 0xff, 0xff, 0xff, 0xff,
  0xff, 0xff, 0xff, 0xff, 0xff, 0xff, 0xff, 0xff, 0xff, 0xff, 0xff, 0xff, 0xff, 0xff, 0xff, 0xff,
  0xff, 0xff, 0xff, 0xff, 0xff, 0xff, 0xff, 0xff, 0xff, 0xff, 0xff, 0xff, 0xff, 0xff, 0xff, 0xff,
  0xff, 0xff, 0xff, 0xff, 0xff, 0xff, 0xff, 0xff, 0xff, 0xff, 0xff, 0xff, 0xff, 0xff, 0xff, 0xff,
  0xff, 0xff, 0xff, 0xff, 0xff, 0xff, 0xff, 0xff, 0xff, 0xff, 0xff, 0xff, 0xff, 0xff, 0xff, 0xff,
  0xff, 0xff, 0xff, 0xff, 0xfe, 0xfd, 0xf2, 0x1e, 0x01, 0x02, 0x00, 0x00, 0x00, 0x00, 0x00, 0x00,
  0x00, 0x00, 0x00, 0x00, 0x00, 0x00, 0x00, 0x03, 0x00, 0x6d, 0xff, 0xfb, 0xff, 0xff, 0xff, 0xff,
  0xff, 0xff, 0xff, 0xff, 0xff, 0xff, 0xff, 0xff, 0xff, 0xff, 0xff, 0xff, 0xff, 0xff, 0xff, 0xff,
  0xff, 0xff, 0xff, 0xff, 0xff, 0xff, 0xff, 0xff, 0xff, 0xff, 0xff, 0xff, 0xff, 0xff, 0xff, 0xff,
  0xff, 0xff, 0xff, 0xff, 0xff, 0xff, 0xff, 0xff, 0xff, 0xff, 0xff, 0xff, 0xff, 0xff, 0xff, 0xff,
  0xff, 0xff, 0xff, 0xff, 0xff, 0xff, 0xff, 0xff, 0xff, 0xff, 0xff, 0xff, 0xff, 0xff, 0xff, 0xff,
  0xff, 0xff, 0xff, 0xff, 0xff, 0xff, 0xff, 0xff, 0xff, 0xff, 0xff, 0xff, 0xff, 0xff, 0xff, 0xff,
  0xff, 0xff, 0xff, 0xff, 0xff, 0xff, 0xff, 0xff, 0xff, 0xff, 0xff, 0xff, 0xfb, 0xff, 0x70, 0x00,
  0x03, 0x00, 0x00, 0x00, 0x00, 0x00, 0x00, 0x00, 0x00, 0x00, 0x00, 0x00, 0x00, 0x00, 0x00, 0x00,
  0x03, 0x02, 0xc1, 0xff, 0xfc, 0xff, 0xff, 0xff, 0xff, 0xff, 0xff, 0xff, 0xff, 0xff, 0xff, 0xff,
  0xff, 0xff, 0xff, 0xff, 0xff, 0xff, 0xff, 0xff, 0xff, 0xff, 0xff, 0xff, 0xff, 0xff, 0xff, 0xff,
  0xff, 0xff, 0xff, 0xff, 0xff, 0xff, 0xff, 0xff, 0xff, 0xff, 0xff, 0xff, 0xff, 0xff, 0xff, 0xff,
  0xff, 0xff, 0xff, 0xff, 0xff, 0xff, 0xff, 0xff, 0xff, 0xff, 0xff, 0xff, 0xff, 0xff, 0xff, 0xff,
  0xff, 0xff, 0xff, 0xff, 0xff, 0xff, 0xff, 0xff, 0xff, 0xff, 0xff, 0xff, 0xff, 0xff, 0xff, 0xff,
  0xff, 0xff, 0xff, 0xff, 0xff, 0xff, 0xff, 0xff, 0xff, 0xff, 0xff, 0xff, 0xff, 0xff, 0xff, 0xff,
  0xff, 0xff, 0xff, 0xfc, 0xff, 0xc0, 0x01, 0x03, 0x00, 0x00, 0x00, 0x00, 0x00, 0x00, 0x00, 0x00,
  0x00, 0x00, 0x00, 0x00, 0x00, 0x00, 0x00, 0x00, 0x02, 0x00, 0x24, 0xf2, 0xfd, 0xfe, 0xff, 0xff,
  0xff, 0xff, 0xff, 0xff, 0xff, 0xff, 0xff, 0xff, 0xff, 0xff, 0xff, 0xff, 0xff, 0xff, 0xff, 0xff,
  0xff, 0xff, 0xff, 0xff, 0xff, 0xff, 0xff, 0xff, 0xff, 0xff, 0xff, 0xff, 0xff, 0xff, 0xff, 0xff,
  0xff, 0xff, 0xff, 0xff, 0xff, 0xff, 0xff, 0xff, 0xff, 0xff, 0xff, 0xff, 0xff, 0xff, 0xff, 0xff,
  0xff, 0xff, 0xff, 0xff, 0xff, 0xff, 0xff, 0xff, 0xff, 0xff, 0xff, 0xff, 0xff, 0xff, 0xff, 0xff,
  0xff, 0xff, 0xff, 0xff, 0xff, 0xff, 0xff, 0xff, 0xff, 0xff, 0xff, 0xff, 0xff, 0xff, 0xff, 0xff,
  0xff, 0xff, 0xff, 0xff, 0xff, 0xff, 0xff, 0xff, 0xff, 0xff, 0xfe, 0xfd, 0xf1, 0x25, 0x00, 0x02,
  0x00, 0x00, 0x00, 0x00, 0x00, 0x00, 0x00, 0x00, 0x00, 0x00, 0x00, 0x00, 0x00, 0x00, 0x00, 0x00,
  0x00, 0x03, 0x00, 0x5f, 0xff, 0xfb, 0xff, 0xff, 0xff, 0xff, 0xff, 0xff, 0xff, 0xff, 0xff, 0xff,
  0xff, 0xff, 0xff, 0xff, 0xff, 0xff, 0xff, 0xff, 0xff, 0xff, 0xff, 0xff, 0xff, 0xff, 0xff, 0xff,
  0xff, 0xff, 0xff, 0xff, 0xff, 0xff, 0xff, 0xff, 0xff, 0xff, 0xff, 0xff, 0xff, 0xff, 0xff, 0xff,
  0xff, 0xff, 0xff, 0xff, 0xff, 0xff, 0xff, 0xff, 0xff, 0xff, 0xff, 0xff, 0xff, 0xff, 0xff, 0xff,
  0xff, 0xff, 0xff, 0xff, 0xff, 0xff, 0xff, 0xff, 0xff, 0xff, 0xff, 0xff, 0xff, 0xff, 0xff, 0xff,
  0xff, 0xff, 0xff, 0xff, 0xff, 0xff, 0xff, 0xff, 0xff, 0xff, 0xff, 0xff, 0xff, 0xff, 0xff, 0xff,
  0xff, 0xff, 0xfb, 0xff, 0x60, 0x00, 0x03, 0x00, 0x00, 0x00, 0x00, 0x00, 0x00, 0x00, 0x00, 0x00,
  0x00, 0x00, 0x00, 0x00, 0x00, 0x00, 0x00, 0x00, 0x00, 0x00, 0x04, 0x00, 0x9d, 0xff, 0xfb, 0xff,
  0xff, 0xff, 0xff, 0xff, 0xff, 0xff, 0xff, 0xff, 0xff, 0xff, 0xff, 0xff, 0xff, 0xff, 0xff, 0xff,
  0xff, 0xff, 0xff, 0xff, 0xff, 0xff, 0xff, 0xff, 0xff, 0xff, 0xff, 0xff, 0xff, 0xff, 0xff, 0xff,
  0xff, 0xff, 0xff, 0xff, 0xff, 0xff, 0xff, 0xff, 0xff, 0xff, 0xff, 0xff, 0xff, 0xff, 0xff, 0xff,
  0xff, 0xff, 0xff, 0xff, 0xff, 0xff, 0xff, 0xff, 0xff, 0xff, 0xff, 0xff, 0xff, 0xff, 0xff, 0xff,
  0xff, 0xff, 0xff, 0xff, 0xff, 0xff, 0xff, 0xff, 0xff, 0xff, 0xff, 0xff, 0xff, 0xff, 0xff, 0xff,
  0xff, 0xff, 0xff, 0xff, 0xff, 0xff, 0xff, 0xff, 0xff, 0xfb, 0xff, 0x9c, 0x00, 0x04, 0x00, 0x00,
  0x00, 0x00, 0x00, 0x00, 0x00, 0x00, 0x00, 0x00, 0x00, 0x00, 0x00, 0x00, 0x00, 0x00, 0x00, 0x00,
  0x00, 0x00, 0x01, 0x03, 0x08, 0xc9, 0xff, 0xfc, 0xff, 0xff, 0xff, 0xff, 0xff, 0xff, 0xff, 0xff,
  0xff, 0xff, 0xff, 0xff, 0xff, 0xff, 0xff, 0xff, 0xff, 0xff, 0xff, 0xff, 0xff, 0xff, 0xff, 0xff,
  0xff, 0xff, 0xff, 0xff, 0xff, 0xff, 0xff, 0xff, 0xff, 0xff, 0xff, 0xff, 0xff, 0xff, 0xff, 0xff,
  0xff, 0xff, 0xff, 0xff, 0xff, 0xff, 0xff, 0xff, 0xff, 0xff, 0xff, 0xff, 0xff, 0xff, 0xff, 0xff,
  0xff, 0xff, 0xff, 0xff, 0xff, 0xff, 0xff, 0xff, 0xff, 0xff, 0xff, 0xff, 0xff, 0xff, 0xff, 0xff,
  0xff, 0xff, 0xff, 0xff, 0xff, 0xff, 0xff, 0xff, 0xff, 0xff, 0xff, 0xff, 0xff, 0xff, 0xff, 0xff,
  0xfc, 0xff, 0xc9, 0x07, 0x02, 0x01, 0x00, 0x00, 0x00, 0x00, 0x00, 0x00, 0x00, 0x00, 0x00, 0x00,
  0x00, 0x00, 0x00, 0x00, 0x00, 0x00, 0x00, 0x00, 0x00, 0x00, 0x00, 0x02, 0x00, 0x1e, 0xe6, 0xff,
  0xfc, 0xff, 0xff, 0xff, 0xff, 0xff, 0xff, 0xff, 0xff, 0xff, 0xff, 0xff, 0xff, 0xff, 0xff, 0xff,
  0xff, 0xff, 0xff, 0xff, 0xff, 0xff, 0xff, 0xff, 0xff, 0xff, 0xff, 0xff, 0xff, 0xff, 0xff, 0xff,
  0xff, 0xff, 0xff, 0xff, 0xff, 0xff, 0xff, 0xff, 0xff, 0xff, 0xff, 0xff, 0xff, 0xff, 0xff, 0xff,
  0xff, 0xff, 0xff, 0xff, 0xff, 0xff, 0xff, 0xff, 0xff, 0xff, 0xff, 0xff, 0xff, 0xff, 0xff, 0xff,
  0xff, 0xff, 0xff, 0xff, 0xff, 0xff, 0xff, 0xff, 0xff, 0xff, 0xff, 0xff, 0xff, 0xff, 0xff, 0xff,
  0xff, 0xff, 0xff, 0xff, 0xff, 0xff, 0xff, 0xfc, 0xff, 0xe7, 0x1e, 0x00, 0x02, 0x00, 0x00, 0x00,
  0x00, 0x00, 0x00, 0x00, 0x00, 0x00, 0x00, 0x00, 0x00, 0x00, 0x00, 0x00, 0x00, 0x00, 0x00, 0x00,
  0x00, 0x00, 0x00, 0x00, 0x03, 0x00, 0x37, 0xf5, 0xfe, 0xfd, 0xff, 0xff, 0xff, 0xff, 0xff, 0xff,
  0xff, 0xff, 0xff, 0xff, 0xff, 0xff, 0xff, 0xff, 0xff, 0xff, 0xff, 0xff, 0xff, 0xff, 0xff, 0xff,
  0xff, 0xff, 0xff, 0xff, 0xff, 0xff, 0xff, 0xff, 0xff, 0xff, 0xff, 0xff, 0xff, 0xff, 0xff, 0xff,
  0xff, 0xff, 0xff, 0xff, 0xff, 0xff, 0xff, 0xff, 0xff, 0xff, 0xff, 0xff, 0xff, 0xff, 0xff, 0xff,
  0xff, 0xff, 0xff, 0xff, 0xff, 0xff, 0xff, 0xff, 0xff, 0xff, 0xff, 0xff, 0xff, 0xff, 0xff, 0xff,
  0xff, 0xff, 0xff, 0xff, 0xff, 0xff, 0xff, 0xff, 0xff, 0xff, 0xff, 0xff, 0xff, 0xff, 0xfd, 0xfd,
  0xf5, 0x38, 0x00, 0x03, 0x00, 0x00, 0x00, 0x00, 0x00, 0x00, 0x00, 0x00, 0x00, 0x00, 0x00, 0x00,
  0x00, 0x00, 0x00, 0x00, 0x00, 0x00, 0x00, 0x00, 0x00, 0x00, 0x00, 0x00, 0x00, 0x04, 0x00, 0x4b,
  0xfe, 0xfd, 0xfe, 0xff, 0xff, 0xff, 0xff, 0xff, 0xff, 0xff, 0xff, 0xff, 0xff, 0xff, 0xff, 0xff,
  0xff, 0xff, 0xff, 0xff, 0xff, 0xff, 0xff, 0xff, 0xff, 0xff, 0xff, 0xff, 0xff, 0xff, 0xff, 0xff,
  0xff, 0xff, 0xff, 0xff, 0xff, 0xff, 0xff, 0xff, 0xff, 0xff, 0xff, 0xff, 0xff, 0xff, 0xff, 0xff,
  0xff, 0xff, 0xff, 0xff, 0xff, 0xff, 0xff, 0xff, 0xff, 0xff, 0xff, 0xff, 0xff, 0xff, 0xff, 0xff,
  0xff, 0xff, 0xff, 0xff, 0xff, 0xff, 0xff, 0xff, 0xff, 0xff, 0xff, 0xff, 0xff, 0xff, 0xff, 0xff,
  0xff, 0xff, 0xff, 0xff, 0xff, 0xfe, 0xfd, 0xff, 0x4d, 0x00, 0x04, 0x00, 0x00, 0x00, 0x00, 0x00,
  0x00, 0x00, 0x00, 0x00, 0x00, 0x00, 0x00, 0x00, 0x00, 0x00, 0x00, 0x00, 0x00, 0x00, 0x00, 0x00,
  0x00, 0x00, 0x00, 0x00, 0x00, 0x00, 0x04, 0x00, 0x5e, 0xff, 0xfd, 0xfe, 0xff, 0xff, 0xff, 0xff,
  0xff, 0xff, 0xff, 0xff, 0xff, 0xff, 0xff, 0xff, 0xff, 0xff, 0xff, 0xff, 0xff, 0xff, 0xff, 0xff,
  0xff, 0xff, 0xff, 0xff, 0xff, 0xff, 0xff, 0xff, 0xff, 0xff, 0xff, 0xff, 0xff, 0xff, 0xff, 0xff,
  0xff, 0xff, 0xff, 0xff, 0xff, 0xff, 0xff, 0xff, 0xff, 0xff, 0xff, 0xff, 0xff, 0xff, 0xff, 0xff,
  0xff, 0xff, 0xff, 0xff, 0xff, 0xff, 0xff, 0xff, 0xff, 0xff, 0xff, 0xff, 0xff, 0xff, 0xff, 0xff,
  0xff, 0xff, 0xff, 0xff, 0xff, 0xff, 0xff, 0xff, 0xff, 0xff, 0xff, 0xff, 0xfe, 0xfd, 0xff, 0x5e,
  0x00, 0x04, 0x00, 0x00, 0x00, 0x00, 0x00, 0x00, 0x00, 0x00, 0x00, 0x00, 0x00, 0x00, 0x00, 0x00,
  0x00, 0x00, 0x00, 0x00, 0x00, 0x00, 0x00, 0x00, 0x00, 0x00, 0x00, 0x00, 0x00, 0x00, 0x00, 0x04,
  0x00, 0x5f, 0xff, 0xfd, 0xfd, 0xff, 0xff, 0xff, 0xff, 0xff, 0xff, 0xff, 0xff, 0xff, 0xff, 0xff,
  0xff, 0xff, 0xff, 0xff, 0xff, 0xff, 0xff, 0xff, 0xff, 0xff, 0xff, 0xff, 0xff, 0xff, 0xff, 0xff,
  0xff, 0xff, 0xff, 0xff, 0xff, 0xff, 0xff, 0xff, 0xff, 0xff, 0xff, 0xff, 0xff, 0xff, 0xff, 0xff,
  0xff, 0xff, 0xff, 0xff, 0xff, 0xff, 0xff, 0xff, 0xff, 0xff, 0xff, 0xff, 0xff, 0xff, 0xff, 0xff,
  0xff, 0xff, 0xff, 0xff, 0xff, 0xff, 0xff, 0xff, 0xff, 0xff, 0xff, 0xff, 0xff, 0xff, 0xff, 0xff,
  0xff, 0xff, 0xff, 0xfd, 0xfe, 0xff, 0x5f, 0x00, 0x04, 0x00, 0x00, 0x00, 0x00, 0x00, 0x00, 0x00,
  0x00, 0x00, 0x00, 0x00, 0x00, 0x00, 0x00, 0x00, 0x00, 0x00, 0x00, 0x00, 0x00, 0x00, 0x00, 0x00,
  0x00, 0x00, 0x00, 0x00, 0x00, 0x00, 0x00, 0x00, 0x04, 0x00, 0x5f, 0xfe, 0xff, 0xfd, 0xff, 0xff,
  0xff, 0xff, 0xff, 0xff, 0xff, 0xff, 0xff, 0xff, 0xff, 0xff, 0xff, 0xff, 0xff, 0xff, 0xff, 0xff,
  0xff, 0xff, 0xff, 0xff, 0xff, 0xff, 0xff, 0xff, 0xff, 0xff, 0xff, 0xff, 0xff, 0xff, 0xff, 0xff,
  0xff, 0xff, 0xff, 0xff, 0xff, 0xff, 0xff, 0xff, 0xff, 0xff, 0xff, 0xff, 0xff, 0xff, 0xff, 0xff,
  0xff, 0xff, 0xff, 0xff, 0xff, 0xff, 0xff, 0xff, 0xff, 0xff, 0xff, 0xff, 0xff, 0xff, 0xff, 0xff,
  0xff, 0xff, 0xff, 0xff, 0xff, 0xff, 0xff, 0xff, 0xff, 0xff, 0xfd, 0xff, 0xfd, 0x5e, 0x00, 0x04,
  0x00, 0x00, 0x00, 0x00, 0x00, 0x00, 0x00, 0x00, 0x00, 0x00, 0x00, 0x00, 0x00, 0x00, 0x00, 0x00,
  0x00, 0x00, 0x00, 0x00, 0x00, 0x00, 0x00, 0x00, 0x00, 0x00, 0x00, 0x00, 0x00, 0x00, 0x00, 0x00,
  0x00, 0x04, 0x00, 0x4e, 0xf4, 0xff, 0xfc, 0xff, 0xff, 0xff, 0xff, 0xff, 0xff, 0xff, 0xff, 0xff,
  0xff, 0xff, 0xff, 0xff, 0xff, 0xff, 0xff, 0xff, 0xff, 0xff, 0xff, 0xff, 0xff, 0xff, 0xff, 0xff,
  0xff, 0xff, 0xff, 0xff, 0xff, 0xff, 0xff, 0xff, 0xff, 0xff, 0xff, 0xff, 0xff, 0xff, 0xff, 0xff,
  0xff, 0xff, 0xff, 0xff, 0xff, 0xff, 0xff, 0xff, 0xff, 0xff, 0xff, 0xff, 0xff, 0xff, 0xff, 0xff,
  0xff, 0xff, 0xff, 0xff, 0xff, 0xff, 0xff, 0xff, 0xff, 0xff, 0xff, 0xff, 0xff, 0xff, 0xff, 0xff,
  0xff, 0xfc, 0xff, 0xf4, 0x4d, 0x00, 0x04, 0x00, 0x00, 0x00, 0x00, 0x00, 0x00, 0x00, 0x00, 0x00,
  0x00, 0x00, 0x00, 0x00, 0x00, 0x00, 0x00, 0x00, 0x00, 0x00, 0x00, 0x00, 0x00, 0x00, 0x00, 0x00,
  0x00, 0x00, 0x00, 0x00, 0x00, 0x00, 0x00, 0x00, 0x00, 0x00, 0x04, 0x00, 0x3a, 0xe3, 0xff, 0xfb,
  0xff, 0xff, 0xff, 0xff, 0xff, 0xff, 0xff, 0xff, 0xff, 0xff, 0xff, 0xff, 0xff, 0xff, 0xff, 0xff,
  0xff, 0xff, 0xff, 0xff, 0xff, 0xff, 0xff, 0xff, 0xff, 0xff, 0xff, 0xff, 0xff, 0xff, 0xff, 0xff,
  0xff, 0xff, 0xff, 0xff, 0xff, 0xff, 0xff, 0xff, 0xff, 0xff, 0xff, 0xff, 0xff, 0xff, 0xff, 0xff,
  0xff, 0xff, 0xff, 0xff, 0xff, 0xff, 0xff, 0xff, 0xff, 0xff, 0xff, 0xff, 0xff, 0xff, 0xff, 0xff,
  0xff, 0xff, 0xff, 0xff, 0xff, 0xff, 0xff, 0xff, 0xfb, 0xff, 0xe3, 0x39, 0x00, 0x04, 0x00, 0x00,
  0x00, 0x00, 0x00, 0x00, 0x00, 0x00, 0x00, 0x00, 0x00, 0x00, 0x00, 0x00, 0x00, 0x00, 0x00, 0x00,
  0x00, 0x00, 0x00, 0x00, 0x00, 0x00, 0x00, 0x00, 0x00, 0x00, 0x00, 0x00, 0x00, 0x00, 0x00, 0x00,
  0x00, 0x00, 0x00, 0x04, 0x00, 0x20, 0xc7, 0xff, 0xfc, 0xfe, 0xff, 0xff, 0xff, 0xff, 0xff, 0xff,
  0xff, 0xff, 0xff, 0xff, 0xff, 0xff, 0xff, 0xff, 0xff, 0xff, 0xff, 0xff, 0xff, 0xff, 0xff, 0xff,
  0xff, 0xff, 0xff, 0xff, 0xff, 0xff, 0xff, 0xff, 0xff, 0xff, 0xff, 0xff, 0xff, 0xff, 0xff, 0xff,
  0xff, 0xff, 0xff, 0xff, 0xff, 0xff, 0xff, 0xff, 0xff, 0xff, 0xff, 0xff, 0xff, 0xff, 0xff, 0xff,
  0xff, 0xff, 0xff, 0xff, 0xff, 0xff, 0xff, 0xff, 0xff, 0xff, 0xff, 0xff, 0xff, 0xff, 0xfe, 0xfc,
  0xff, 0xc6, 0x20, 0x00, 0x04, 0x00, 0x00, 0x00, 0x00, 0x00, 0x00, 0x00, 0x00, 0x00, 0x00, 0x00,
  0x00, 0x00, 0x00, 0x00, 0x00, 0x00, 0x00, 0x00, 0x00, 0x00, 0x00, 0x00, 0x00, 0x00, 0x00, 0x00,
  0x00, 0x00, 0x00, 0x00, 0x00, 0x00, 0x00, 0x00, 0x00, 0x00, 0x00, 0x00, 0x03, 0x00, 0x08, 0x9b,
  0xff, 0xff, 0xfc, 0xff, 0xff, 0xff, 0xff, 0xff, 0xff, 0xff, 0xff, 0xff, 0xff, 0xff, 0xff, 0xff,
  0xff, 0xff, 0xff, 0xff, 0xff, 0xff, 0xff, 0xff, 0xff, 0xff, 0xff, 0xff, 0xff, 0xff, 0xff, 0xff,
  0xff, 0xff, 0xff, 0xff, 0xff, 0xff, 0xff, 0xff, 0xff, 0xff, 0xff, 0xff, 0xff, 0xff, 0xff, 0xff,
  0xff, 0xff, 0xff, 0xff, 0xff, 0xff, 0xff, 0xff, 0xff, 0xff, 0xff, 0xff, 0xff, 0xff, 0xff, 0xff,
  0xff, 0xff, 0xff, 0xff, 0xff, 0xfc, 0xff, 0xff, 0x9b, 0x08, 0x00, 0x04, 0x00, 0x00, 0x00, 0x00,
  0x00, 0x00, 0x00, 0x00, 0x00, 0x00, 0x00, 0x00, 0x00, 0x00, 0x00, 0x00, 0x00, 0x00, 0x00, 0x00,
  0x00, 0x00, 0x00, 0x00, 0x00, 0x00, 0x00, 0x00, 0x00, 0x00, 0x00, 0x00, 0x00, 0x00, 0x00, 0x00,
  0x00, 0x00, 0x00, 0x00, 0x00, 0x02, 0x00, 0x00, 0x61, 0xef, 0xff, 0xfb, 0xfe, 0xff, 0xff, 0xff,
  0xff, 0xff, 0xff, 0xff, 0xff, 0xff, 0xff, 0xff, 0xff, 0xff, 0xff, 0xff, 0xff, 0xff, 0xff, 0xff,
  0xff, 0xff, 0xff, 0xff, 0xff, 0xff, 0xff, 0xff, 0xff, 0xff, 0xff, 0xff, 0xff, 0xff, 0xff, 0xff,
  0xff, 0xff, 0xff, 0xff, 0xff, 0xff, 0xff, 0xff, 0xff, 0xff, 0xff, 0xff, 0xff, 0xff, 0xff, 0xff,
  0xff, 0xff, 0xff, 0xff, 0xff, 0xff, 0xff, 0xff, 0xff, 0xff, 0xff, 0xfe, 0xfb, 0xff, 0xf0, 0x61,
  0x00, 0x00, 0x02, 0x00, 0x00, 0x00, 0x00, 0x00, 0x00, 0x00, 0x00, 0x00, 0x00, 0x00, 0x00, 0x00,
  0x00, 0x00, 0x00, 0x00, 0x00, 0x00, 0x00, 0x00, 0x00, 0x00, 0x00, 0x00, 0x00, 0x00, 0x00, 0x00,
  0x00, 0x00, 0x00, 0x00, 0x00, 0x00, 0x00, 0x00, 0x00, 0x00, 0x00, 0x00, 0x00, 0x00, 0x01, 0x03,
  0x00, 0x29, 0xbd, 0xff, 0xff, 0xfc, 0xff, 0xff, 0xff, 0xff, 0xff, 0xff, 0xff, 0xff, 0xff, 0xff,
  0xff, 0xff, 0xff, 0xff, 0xff, 0xff, 0xff, 0xff, 0xff, 0xff, 0xff, 0xff, 0xff, 0xff, 0xff, 0xff,
  0xff, 0xff, 0xff, 0xff, 0xff, 0xff, 0xff, 0xff, 0xff, 0xff, 0xff, 0xff, 0xff, 0xff, 0xff, 0xff,
  0xff, 0xff, 0xff, 0xff, 0xff, 0xff, 0xff, 0xff, 0xff, 0xff, 0xff, 0xff, 0xff, 0xff, 0xff, 0xff,
  0xff, 0xff, 0xfc, 0xff, 0xff, 0xbd, 0x29, 0x00, 0x03, 0x01, 0x00, 0x00, 0x00, 0x00, 0x00, 0x00,
  0x00, 0x00, 0x00, 0x00, 0x00, 0x00, 0x00, 0x00, 0x00, 0x00, 0x00, 0x00, 0x00, 0x00, 0x00, 0x00,
  0x00, 0x00, 0x00, 0x00, 0x00, 0x00, 0x00, 0x00, 0x00, 0x00, 0x00, 0x00, 0x00, 0x00, 0x00, 0x00,
  0x00, 0x00, 0x00, 0x00, 0x00, 0x00, 0x00, 0x00, 0x04, 0x00, 0x00, 0x71, 0xef, 0xff, 0xfd, 0xfd,
  0xff, 0xff, 0xff, 0xff, 0xff, 0xff, 0xff, 0xff, 0xff, 0xff, 0xff, 0xff, 0xff, 0xff, 0xff, 0xff,
  0xff, 0xff, 0xff, 0xff, 0xff, 0xff, 0xff, 0xff, 0xff, 0xff, 0xff, 0xff, 0xff, 0xff, 0xff, 0xff,
  0xff, 0xff, 0xff, 0xff, 0xff, 0xff, 0xff, 0xff, 0xff, 0xff, 0xff, 0xff, 0xff, 0xff, 0xff, 0xff,
  0xff, 0xff, 0xff, 0xff, 0xff, 0xff, 0xff, 0xff, 0xfc, 0xfe, 0xff, 0xef, 0x6e, 0x00, 0x00, 0x04,
  0x00, 0x00, 0x00, 0x00, 0x00, 0x00, 0x00, 0x00, 0x00, 0x00, 0x00, 0x00, 0x00, 0x00, 0x00, 0x00,
  0x00, 0x00, 0x00, 0x00, 0x00, 0x00, 0x00, 0x00, 0x00, 0x00, 0x00, 0x00, 0x00, 0x00, 0x00, 0x00,
  0x00, 0x00, 0x00, 0x00, 0x00, 0x00, 0x00, 0x00, 0x00, 0x00, 0x00, 0x00, 0x00, 0x00, 0x00, 0x00,
  0x00, 0x02, 0x01, 0x00, 0x22, 0xa5, 0xff, 0xff, 0xfc, 0xfd, 0xff, 0xff, 0xff, 0xff, 0xff, 0xff,
  0xff, 0xff, 0xff, 0xff, 0xff, 0xff, 0xff, 0xff, 0xff, 0xff, 0xff, 0xff, 0xff, 0xff, 0xff, 0xff,
  0xff, 0xff, 0xff, 0xff, 0xff, 0xff, 0xff, 0xff, 0xff, 0xff, 0xff, 0xff, 0xff, 0xff, 0xff, 0xff,
  0xff, 0xff, 0xff, 0xff, 0xff, 0xff, 0xff, 0xff, 0xff, 0xff, 0xff, 0xff, 0xff, 0xff, 0xfd, 0xfc,
  0xff, 0xff, 0xa6, 0x23, 0x00, 0x01, 0x02, 0x00, 0x00, 0x00, 0x00, 0x00, 0x00, 0x00, 0x00, 0x00,
  0x00, 0x00, 0x00, 0x00, 0x00, 0x00, 0x00, 0x00, 0x00, 0x00, 0x00, 0x00, 0x00, 0x00, 0x00, 0x00,
  0x00, 0x00, 0x00, 0x00, 0x00, 0x00, 0x00, 0x00, 0x00, 0x00, 0x00, 0x00, 0x00, 0x00, 0x00, 0x00,
  0x00, 0x00, 0x00, 0x00, 0x00, 0x00, 0x00, 0x00, 0x00, 0x00, 0x00, 0x04, 0x00, 0x00, 0x44, 0xc1,
  0xff, 0xff, 0xfc, 0xfc, 0xff, 0xff, 0xff, 0xff, 0xff, 0xff, 0xff, 0xff, 0xff, 0xff, 0xff, 0xff,
  0xff, 0xff, 0xff, 0xff, 0xff, 0xff, 0xff, 0xff, 0xff, 0xff, 0xff, 0xff, 0xff, 0xff, 0xff, 0xff,
  0xff, 0xff, 0xff, 0xff, 0xff, 0xff, 0xff, 0xff, 0xff, 0xff, 0xff, 0xff, 0xff, 0xff, 0xff, 0xff,
  0xff, 0xff, 0xff, 0xff, 0xfc, 0xfd, 0xff, 0xff, 0xc3, 0x45, 0x00, 0x00, 0x04, 0x00, 0x00, 0x00,
  0x00, 0x00, 0x00, 0x00, 0x00, 0x00, 0x00, 0x00, 0x00, 0x00, 0x00, 0x00, 0x00, 0x00, 0x00, 0x00,
  0x00, 0x00, 0x00, 0x00, 0x00, 0x00, 0x00, 0x00, 0x00, 0x00, 0x00, 0x00, 0x00, 0x00, 0x00, 0x00,
  0x00, 0x00, 0x00, 0x00, 0x00, 0x00, 0x00, 0x00, 0x00, 0x00, 0x00, 0x00, 0x00, 0x00, 0x00, 0x00,
  0x00, 0x00, 0x00, 0x00, 0x02, 0x02, 0x00, 0x00, 0x58, 0xcb, 0xff, 0xff, 0xfe, 0xfc, 0xfe, 0xff,
  0xff, 0xff, 0xff, 0xff, 0xff, 0xff, 0xff, 0xff, 0xff, 0xff, 0xff, 0xff, 0xff, 0xff, 0xff, 0xff,
  0xff, 0xff, 0xff, 0xff, 0xff, 0xff, 0xff, 0xff, 0xff, 0xff, 0xff, 0xff, 0xff, 0xff, 0xff, 0xff,
  0xff, 0xff, 0xff, 0xff, 0xff, 0xff, 0xff, 0xff, 0xff, 0xfe, 0xfc, 0xfe, 0xff, 0xff, 0xcb, 0x56,
  0x00, 0x00, 0x02, 0x02, 0x00, 0x00, 0x00, 0x00, 0x00, 0x00, 0x00, 0x00, 0x00, 0x00, 0x00, 0x00,
  0x00, 0x00, 0x00, 0x00, 0x00, 0x00, 0x00, 0x00, 0x00, 0x00, 0x00, 0x00, 0x00, 0x00, 0x00, 0x00,
  0x00, 0x00, 0x00, 0x00, 0x00, 0x00, 0x00, 0x00, 0x00, 0x00, 0x00, 0x00, 0x00, 0x00, 0x00, 0x00,
  0x00, 0x00, 0x00, 0x00, 0x00, 0x00, 0x00, 0x00, 0x00, 0x00, 0x00, 0x00, 0x00, 0x00, 0x03, 0x01,
  0x00, 0x02, 0x53, 0xbd, 0xff, 0xff, 0xff, 0xfc, 0xfc, 0xfe, 0xff, 0xff, 0xff, 0xff, 0xff, 0xff,
  0xff, 0xff, 0xff, 0xff, 0xff, 0xff, 0xff, 0xff, 0xff, 0xff, 0xff, 0xff, 0xff, 0xff, 0xff, 0xff,
  0xff, 0xff, 0xff, 0xff, 0xff, 0xff, 0xff, 0xff, 0xff, 0xff, 0xff, 0xff, 0xff, 0xff, 0xfe, 0xfc,
  0xfc, 0xff, 0xff, 0xff, 0xbe, 0x4f, 0x02, 0x00, 0x01, 0x03, 0x00, 0x00, 0x00, 0x00, 0x00, 0x00,
  0x00, 0x00, 0x00, 0x00, 0x00, 0x00, 0x00, 0x00, 0x00, 0x00, 0x00, 0x00, 0x00, 0x00, 0x00, 0x00,
  0x00, 0x00, 0x00, 0x00, 0x00, 0x00, 0x00, 0x00, 0x00, 0x00, 0x00, 0x00, 0x00, 0x00, 0x00, 0x00,
  0x00, 0x00, 0x00, 0x00, 0x00, 0x00, 0x00, 0x00, 0x00, 0x00, 0x00, 0x00, 0x00, 0x00, 0x00, 0x00,
  0x00, 0x00, 0x00, 0x00, 0x00, 0x00, 0x00, 0x00, 0x03, 0x00, 0x00, 0x00, 0x3b, 0x9c, 0xeb, 0xff,
  0xff, 0xff, 0xfc, 0xfc, 0xfe, 0xff, 0xff, 0xff, 0xff, 0xff, 0xff, 0xff, 0xff, 0xff, 0xff, 0xff,
  0xff, 0xff, 0xff, 0xff, 0xff, 0xff, 0xff, 0xff, 0xff, 0xff, 0xff, 0xff, 0xff, 0xff, 0xff, 0xff,
  0xff, 0xff, 0xff, 0xfe, 0xfc, 0xfc, 0xff, 0xff, 0xff, 0xed, 0x9c, 0x3c, 0x00, 0x00, 0x00, 0x03,
  0x00, 0x00, 0x00, 0x00, 0x00, 0x00, 0x00, 0x00, 0x00, 0x00, 0x00, 0x00, 0x00, 0x00, 0x00, 0x00,
  0x00, 0x00, 0x00, 0x00, 0x00, 0x00, 0x00, 0x00, 0x00, 0x00, 0x00, 0x00, 0x00, 0x00, 0x00, 0x00,
  0x00, 0x00, 0x00, 0x00, 0x00, 0x00, 0x00, 0x00, 0x00, 0x00, 0x00, 0x00, 0x00, 0x00, 0x00, 0x00,
  0x00, 0x00, 0x00, 0x00, 0x00, 0x00, 0x00, 0x00, 0x00, 0x00, 0x00, 0x00, 0x00, 0x00, 0x00, 0x00,
  0x00, 0x01, 0x03, 0x01, 0x00, 0x00, 0x17, 0x62, 0xb7, 0xf4, 0xff, 0xff, 0xff, 0xfe, 0xfb, 0xfc,
  0xfd, 0xfe, 0xff, 0xff, 0xff, 0xff, 0xff, 0xff, 0xff, 0xff, 0xff, 0xff, 0xff, 0xff, 0xff, 0xff,
  0xff, 0xff, 0xff, 0xff, 0xff, 0xff, 0xfe, 0xfd, 0xfc, 0xfb, 0xfe, 0xff, 0xff, 0xff, 0xf4, 0xb7,
  0x63, 0x18, 0x00, 0x00, 0x01, 0x03, 0x01, 0x00, 0x00, 0x00, 0x00, 0x00, 0x00, 0x00, 0x00, 0x00,
  0x00, 0x00, 0x00, 0x00, 0x00, 0x00, 0x00, 0x00, 0x00, 0x00, 0x00, 0x00, 0x00, 0x00, 0x00, 0x00,
  0x00, 0x00, 0x00, 0x00, 0x00, 0x00, 0x00, 0x00, 0x00, 0x00, 0x00, 0x00, 0x00, 0x00, 0x00, 0x00,
  0x00, 0x00, 0x00, 0x00, 0x00, 0x00, 0x00, 0x00, 0x00, 0x00, 0x00, 0x00, 0x00, 0x00, 0x00, 0x00,
  0x00, 0x00, 0x00, 0x00, 0x00, 0x00, 0x00, 0x00, 0x00, 0x00, 0x00, 0x00, 0x03, 0x03, 0x00, 0x00,
  0x00, 0x20, 0x64, 0xad, 0xe7, 0xff, 0xff, 0xff, 0xff, 0xff, 0xff, 0xfc, 0xfc, 0xfd, 0xfd, 0xfe,
  0xfe, 0xff, 0xff, 0xff, 0xff, 0xff, 0xff, 0xfe, 0xfe, 0xfd, 0xfd, 0xfc, 0xfc, 0xff, 0xff, 0xff,
  0xff, 0xff, 0xff, 0xe6, 0xb0, 0x65, 0x21, 0x00, 0x00, 0x00, 0x03, 0x03, 0x00, 0x00, 0x00, 0x00,
  0x00, 0x00, 0x00, 0x00, 0x00, 0x00, 0x00, 0x00, 0x00, 0x00, 0x00, 0x00, 0x00, 0x00, 0x00, 0x00,
  0x00, 0x00, 0x00, 0x00, 0x00, 0x00, 0x00, 0x00, 0x00, 0x00, 0x00, 0x00, 0x00, 0x00, 0x00, 0x00,
  0x00, 0x00, 0x00, 0x00, 0x00, 0x00, 0x00, 0x00, 0x00, 0x00, 0x00, 0x00, 0x00, 0x00, 0x00, 0x00,
  0x00, 0x00, 0x00, 0x00, 0x00, 0x00, 0x00, 0x00, 0x00, 0x00, 0x00, 0x00, 0x00, 0x00, 0x00, 0x00,
  0x00, 0x00, 0x00, 0x00, 0x00, 0x00, 0x01, 0x04, 0x02, 0x00, 0x00, 0x00, 0x0e, 0x3a, 0x73, 0xa8,
  0xd5, 0xf3, 0xff, 0xff, 0xff, 0xff, 0xff, 0xff, 0xff, 0xff, 0xff, 0xff, 0xff, 0xff, 0xff, 0xff,
  0xff, 0xff, 0xff, 0xff, 0xff, 0xff, 0xf3, 0xd5, 0xa8, 0x74, 0x3a, 0x0d, 0x00, 0x00, 0x00, 0x02,
  0x04, 0x01, 0x00, 0x00, 0x00, 0x00, 0x00, 0x00, 0x00, 0x00, 0x00, 0x00, 0x00, 0x00, 0x00, 0x00,
  0x00, 0x00, 0x00, 0x00, 0x00, 0x00, 0x00, 0x00, 0x00, 0x00, 0x00, 0x00, 0x00, 0x00, 0x00, 0x00,
  0x00, 0x00, 0x00, 0x00, 0x00, 0x00, 0x00, 0x00, 0x00, 0x00, 0x00, 0x00, 0x00, 0x00, 0x00, 0x00,
  0x00, 0x00, 0x00, 0x00, 0x00, 0x00, 0x00, 0x00, 0x00, 0x00, 0x00, 0x00, 0x00, 0x00, 0x00, 0x00,
  0x00, 0x00, 0x00, 0x00, 0x00, 0x00, 0x00, 0x00, 0x00, 0x00, 0x00, 0x00, 0x00, 0x00, 0x00, 0x00,
  0x00, 0x02, 0x04, 0x03, 0x00, 0x00, 0x00, 0x00, 0x03, 0x21, 0x44, 0x6c, 0x8f, 0xb1, 0xc8, 0xdb,
  0xe9, 0xf3, 0xfb, 0xff, 0xff, 0xfb, 0xf4, 0xe8, 0xda, 0xc8, 0xb2, 0x8f, 0x6b, 0x45, 0x22, 0x03,
  0x00, 0x00, 0x00, 0x00, 0x03, 0x04, 0x02, 0x00, 0x00, 0x00, 0x00, 0x00, 0x00, 0x00, 0x00, 0x00,
  0x00, 0x00, 0x00, 0x00, 0x00, 0x00, 0x00, 0x00, 0x00, 0x00, 0x00, 0x00, 0x00, 0x00, 0x00, 0x00,
  0x00, 0x00, 0x00, 0x00, 0x00, 0x00, 0x00, 0x00, 0x00, 0x00, 0x00, 0x00, 0x00, 0x00, 0x00, 0x00,
};

const lv_image_dsc_t btn_mic = {
  .header.cf = LV_COLOR_FORMAT_RGB565A8,
  .header.magic = LV_IMAGE_HEADER_MAGIC,
  .header.w = 120,
  .header.h = 120,
  .data_size = 14400 * 3,
  .data = btn_mic_map,
};
