/*******************************************************************************
 * Size: 25 px
 * Bpp: 4
 * Opts: --font fonts/Pretendard-Medium.ttf --size 25 --bpp 4 --format lvgl --lv-include lvgl.h --lv-font-name pretendard_medium_25 -o assets/pretendard_medium_25.c --no-compress -r 0x20-0x7E --symbols 게고님답데류리말메모버보봇부사생서성세송스식어에오요용을음응의이인있자재전족중처청키하해
 ******************************************************************************/

#ifdef LV_LVGL_H_INCLUDE_SIMPLE
#include "lvgl.h"
#else
#include "lvgl.h"
#endif

#ifndef PRETENDARD_MEDIUM_25
#define PRETENDARD_MEDIUM_25 1
#endif

#if PRETENDARD_MEDIUM_25

/*-----------------
 *    BITMAPS
 *----------------*/

/*Store the image of the glyphs*/
static LV_ATTRIBUTE_LARGE_CONST const uint8_t glyph_bitmap[] = {
    /* U+0020 " " */

    /* U+0021 "!" */
    0xf, 0xfd, 0x0, 0xff, 0xc0, 0xf, 0xfc, 0x0,
    0xff, 0xc0, 0xf, 0xfc, 0x0, 0xef, 0xb0, 0xe,
    0xfb, 0x0, 0xef, 0xb0, 0xe, 0xfb, 0x0, 0xdf,
    0xa0, 0xd, 0xfa, 0x0, 0xdf, 0xa0, 0xc, 0xf9,
    0x0, 0x12, 0x10, 0x4, 0x83, 0x2, 0xff, 0xe0,
    0x4f, 0xff, 0x10, 0xaf, 0x80,

    /* U+0022 "\"" */
    0x9f, 0x90, 0x2f, 0xf9, 0xf9, 0x2, 0xff, 0x9f,
    0x90, 0x2f, 0xf9, 0xf9, 0x2, 0xff, 0x9f, 0x90,
    0x2f, 0xf9, 0xf9, 0x2, 0xff, 0x59, 0x50, 0x19,
    0x90,

    /* U+0023 "#" */
    0x0, 0x0, 0x3f, 0xe0, 0x0, 0xf, 0xf2, 0x0,
    0x0, 0x5, 0xfb, 0x0, 0x2, 0xff, 0x0, 0x0,
    0x0, 0x8f, 0x90, 0x0, 0x4f, 0xc0, 0x0, 0x0,
    0xa, 0xf6, 0x0, 0x7, 0xfa, 0x0, 0x8, 0xff,
    0xff, 0xff, 0xff, 0xff, 0xff, 0xe0, 0xaf, 0xff,
    0xff, 0xff, 0xff, 0xff, 0xfc, 0x2, 0x25, 0xff,
    0x22, 0x22, 0xff, 0x42, 0x10, 0x0, 0x5f, 0xc0,
    0x0, 0x1f, 0xf0, 0x0, 0x0, 0x7, 0xf9, 0x0,
    0x4, 0xfd, 0x0, 0x0, 0x0, 0xaf, 0x70, 0x0,
    0x6f, 0xa0, 0x0, 0x12, 0x2d, 0xf6, 0x22, 0x2a,
    0xf9, 0x22, 0x9, 0xff, 0xff, 0xff, 0xff, 0xff,
    0xff, 0xd0, 0xbf, 0xff, 0xff, 0xff, 0xff, 0xff,
    0xfa, 0x0, 0x4, 0xfc, 0x0, 0x1, 0xff, 0x0,
    0x0, 0x0, 0x7f, 0xa0, 0x0, 0x3f, 0xd0, 0x0,
    0x0, 0x9, 0xf7, 0x0, 0x6, 0xfb, 0x0, 0x0,
    0x0, 0xcf, 0x50, 0x0, 0x8f, 0x80, 0x0, 0x0,
    0xf, 0xf2, 0x0, 0xb, 0xf6, 0x0, 0x0,

    /* U+0024 "$" */
    0x0, 0x0, 0x0, 0xf6, 0x0, 0x0, 0x0, 0x0,
    0x0, 0x0, 0xf6, 0x0, 0x0, 0x0, 0x0, 0x0,
    0x0, 0xf6, 0x0, 0x0, 0x0, 0x0, 0x4, 0xae,
    0xff, 0xd8, 0x20, 0x0, 0x0, 0xbf, 0xff, 0xff,
    0xff, 0xf6, 0x0, 0xa, 0xff, 0xe9, 0xfb, 0xaf,
    0xff, 0x40, 0x2f, 0xfc, 0x10, 0xf6, 0x4, 0xff,
    0xc0, 0x5f, 0xf5, 0x0, 0xf6, 0x0, 0xae, 0xe0,
    0x5f, 0xf5, 0x0, 0xf6, 0x0, 0x0, 0x0, 0x2f,
    0xfd, 0x20, 0xf6, 0x0, 0x0, 0x0, 0x8, 0xff,
    0xfb, 0xf7, 0x0, 0x0, 0x0, 0x0, 0x6e, 0xff,
    0xff, 0xe8, 0x20, 0x0, 0x0, 0x0, 0x5a, 0xff,
    0xff, 0xf8, 0x0, 0x0, 0x0, 0x0, 0xf8, 0x7e,
    0xff, 0x90, 0x0, 0x0, 0x0, 0xf6, 0x1, 0xdf,
    0xf1, 0x33, 0x20, 0x0, 0xf6, 0x0, 0x6f, 0xf3,
    0xcf, 0xe0, 0x0, 0xf6, 0x0, 0x8f, 0xf3, 0x8f,
    0xfa, 0x0, 0xf6, 0x4, 0xff, 0xf0, 0x1e, 0xff,
    0xe9, 0xfb, 0xcf, 0xff, 0x70, 0x3, 0xef, 0xff,
    0xff, 0xff, 0xf9, 0x0, 0x0, 0x7, 0xce, 0xff,
    0xd9, 0x30, 0x0, 0x0, 0x0, 0x0, 0xf6, 0x0,
    0x0, 0x0, 0x0, 0x0, 0x0, 0xf6, 0x0, 0x0,
    0x0,

    /* U+0025 "%" */
    0x0, 0x6d, 0xfe, 0x90, 0x0, 0x0, 0x0, 0x4f,
    0xe0, 0x0, 0x6, 0xff, 0xdf, 0xfa, 0x0, 0x0,
    0x1, 0xef, 0x40, 0x0, 0xe, 0xf5, 0x2, 0xff,
    0x10, 0x0, 0xa, 0xf9, 0x0, 0x0, 0x1f, 0xf0,
    0x0, 0xcf, 0x40, 0x0, 0x5f, 0xd0, 0x0, 0x0,
    0x1f, 0xf0, 0x0, 0xcf, 0x40, 0x1, 0xef, 0x30,
    0x0, 0x0, 0xe, 0xf5, 0x2, 0xff, 0x10, 0xa,
    0xf9, 0x0, 0x0, 0x0, 0x6, 0xff, 0xdf, 0xfa,
    0x0, 0x5f, 0xd0, 0x0, 0x0, 0x0, 0x0, 0x6d,
    0xfe, 0x80, 0x1, 0xef, 0x30, 0x0, 0x0, 0x0,
    0x0, 0x0, 0x0, 0x0, 0xb, 0xf8, 0x0, 0x0,
    0x0, 0x0, 0x0, 0x0, 0x0, 0x0, 0x6f, 0xd0,
    0x3, 0xcf, 0xe9, 0x0, 0x0, 0x0, 0x0, 0x1,
    0xff, 0x30, 0x2f, 0xfd, 0xef, 0xb0, 0x0, 0x0,
    0x0, 0xb, 0xf8, 0x0, 0xaf, 0x90, 0x1e, 0xf2,
    0x0, 0x0, 0x0, 0x6f, 0xc0, 0x0, 0xdf, 0x20,
    0xa, 0xf6, 0x0, 0x0, 0x2, 0xff, 0x20, 0x0,
    0xef, 0x10, 0x8, 0xf7, 0x0, 0x0, 0xc, 0xf7,
    0x0, 0x0, 0xdf, 0x20, 0xa, 0xf6, 0x0, 0x0,
    0x6f, 0xc0, 0x0, 0x0, 0xaf, 0x90, 0x1e, 0xf2,
    0x0, 0x2, 0xff, 0x20, 0x0, 0x0, 0x2f, 0xfd,
    0xff, 0xa0, 0x0, 0xc, 0xf7, 0x0, 0x0, 0x0,
    0x3, 0xcf, 0xe9, 0x0,

    /* U+0026 "&" */
    0x0, 0x6, 0xcf, 0xfc, 0x50, 0x0, 0x0, 0x0,
    0x8, 0xff, 0xff, 0xff, 0x70, 0x0, 0x0, 0x2,
    0xff, 0xd5, 0x5d, 0xff, 0x10, 0x0, 0x0, 0x7f,
    0xf1, 0x0, 0x2f, 0xf4, 0x0, 0x0, 0x8, 0xff,
    0x0, 0x1, 0xff, 0x40, 0x0, 0x0, 0x5f, 0xf4,
    0x0, 0xaf, 0xe0, 0x0, 0x0, 0x0, 0xef, 0xd2,
    0xbf, 0xf5, 0x0, 0x0, 0x0, 0x4, 0xff, 0xff,
    0xf5, 0x0, 0x0, 0x0, 0x0, 0x1d, 0xff, 0xe2,
    0x0, 0x0, 0x0, 0x0, 0x2e, 0xff, 0xff, 0x50,
    0x0, 0x66, 0x20, 0x1e, 0xff, 0x5d, 0xff, 0x30,
    0xf, 0xf5, 0xa, 0xff, 0x30, 0x1e, 0xfe, 0x13,
    0xff, 0x30, 0xff, 0xb0, 0x0, 0x3f, 0xfc, 0xaf,
    0xf0, 0xf, 0xfa, 0x0, 0x0, 0x5f, 0xff, 0xfa,
    0x0, 0xcf, 0xf3, 0x0, 0x0, 0x9f, 0xff, 0x10,
    0x5, 0xff, 0xf8, 0x45, 0xaf, 0xff, 0xf5, 0x0,
    0x8, 0xff, 0xff, 0xff, 0xfe, 0xcf, 0xf3, 0x0,
    0x4, 0xae, 0xff, 0xc7, 0x1, 0xdf, 0xe1,

    /* U+0027 "'" */
    0x9f, 0x99, 0xf9, 0x9f, 0x99, 0xf9, 0x9f, 0x99,
    0xf9, 0x59, 0x50,

    /* U+0028 "(" */
    0x0, 0x3, 0x87, 0x0, 0x0, 0xdf, 0x80, 0x0,
    0x7f, 0xf1, 0x0, 0xe, 0xfa, 0x0, 0x5, 0xff,
    0x40, 0x0, 0xbf, 0xf0, 0x0, 0xf, 0xfb, 0x0,
    0x4, 0xff, 0x70, 0x0, 0x7f, 0xf3, 0x0, 0xa,
    0xff, 0x10, 0x0, 0xcf, 0xf0, 0x0, 0xd, 0xfd,
    0x0, 0x0, 0xdf, 0xd0, 0x0, 0xd, 0xfd, 0x0,
    0x0, 0xcf, 0xe0, 0x0, 0xb, 0xff, 0x0, 0x0,
    0x8f, 0xf2, 0x0, 0x6, 0xff, 0x50, 0x0, 0x2f,
    0xf9, 0x0, 0x0, 0xdf, 0xd0, 0x0, 0x8, 0xff,
    0x10, 0x0, 0x2f, 0xf7, 0x0, 0x0, 0xaf, 0xd0,
    0x0, 0x2, 0xff, 0x40, 0x0, 0x9, 0xfd, 0x0,

    /* U+0029 ")" */
    0x7, 0x82, 0x0, 0x0, 0x9f, 0xc0, 0x0, 0x2,
    0xff, 0x50, 0x0, 0xb, 0xfd, 0x0, 0x0, 0x5f,
    0xf4, 0x0, 0x0, 0xff, 0xa0, 0x0, 0xc, 0xff,
    0x0, 0x0, 0x8f, 0xf3, 0x0, 0x4, 0xff, 0x60,
    0x0, 0x2f, 0xf9, 0x0, 0x0, 0xff, 0xb0, 0x0,
    0xe, 0xfc, 0x0, 0x0, 0xef, 0xc0, 0x0, 0xe,
    0xfc, 0x0, 0x0, 0xff, 0xb0, 0x0, 0x1f, 0xfa,
    0x0, 0x3, 0xff, 0x70, 0x0, 0x6f, 0xf4, 0x0,
    0xa, 0xff, 0x10, 0x0, 0xef, 0xc0, 0x0, 0x2f,
    0xf7, 0x0, 0x8, 0xff, 0x10, 0x0, 0xef, 0x90,
    0x0, 0x5f, 0xf1, 0x0, 0xd, 0xf8, 0x0, 0x0,

    /* U+002A "*" */
    0x0, 0x0, 0xbf, 0x10, 0x0, 0x1, 0x0, 0xbf,
    0x0, 0x0, 0x2f, 0x70, 0xaf, 0x3, 0xd7, 0x5f,
    0xfc, 0xbf, 0x9f, 0xfa, 0x1, 0x9f, 0xff, 0xfc,
    0x30, 0x0, 0x3c, 0xff, 0xf6, 0x0, 0x2a, 0xff,
    0xef, 0xef, 0xd5, 0x4f, 0xc2, 0xaf, 0x9, 0xfa,
    0x5, 0x0, 0xaf, 0x0, 0x41, 0x0, 0x0, 0xbf,
    0x10, 0x0, 0x0, 0x0, 0x45, 0x0, 0x0,

    /* U+002B "+" */
    0x0, 0x0, 0x3f, 0xf1, 0x0, 0x0, 0x0, 0x0,
    0x3f, 0xf1, 0x0, 0x0, 0x0, 0x0, 0x3f, 0xf1,
    0x0, 0x0, 0x0, 0x0, 0x3f, 0xf1, 0x0, 0x0,
    0x0, 0x0, 0x3f, 0xf1, 0x0, 0x0, 0xef, 0xff,
    0xff, 0xff, 0xff, 0xfc, 0xef, 0xff, 0xff, 0xff,
    0xff, 0xfc, 0x67, 0x77, 0x9f, 0xf8, 0x77, 0x75,
    0x0, 0x0, 0x3f, 0xf1, 0x0, 0x0, 0x0, 0x0,
    0x3f, 0xf1, 0x0, 0x0, 0x0, 0x0, 0x3f, 0xf1,
    0x0, 0x0, 0x0, 0x0, 0x3f, 0xf1, 0x0, 0x0,

    /* U+002C "," */
    0x0, 0x0, 0x0, 0x1f, 0xf9, 0x4, 0xff, 0x50,
    0x7f, 0xf0, 0xa, 0xfc, 0x0, 0xdf, 0x70, 0xf,
    0xf3, 0x3, 0xfe, 0x0,

    /* U+002D "-" */
    0x25, 0x55, 0x55, 0x55, 0x27, 0xff, 0xff, 0xff,
    0xf6, 0x7f, 0xff, 0xff, 0xff, 0x60,

    /* U+002E "." */
    0x5, 0x82, 0x4, 0xff, 0xd0, 0x5f, 0xff, 0x0,
    0xbf, 0x60,

    /* U+002F "/" */
    0x0, 0x0, 0x1, 0xff, 0x30, 0x0, 0x0, 0x6f,
    0xf0, 0x0, 0x0, 0xa, 0xfb, 0x0, 0x0, 0x0,
    0xef, 0x70, 0x0, 0x0, 0x2f, 0xf2, 0x0, 0x0,
    0x6, 0xfe, 0x0, 0x0, 0x0, 0xaf, 0xa0, 0x0,
    0x0, 0xe, 0xf6, 0x0, 0x0, 0x2, 0xff, 0x20,
    0x0, 0x0, 0x7f, 0xe0, 0x0, 0x0, 0xb, 0xf9,
    0x0, 0x0, 0x0, 0xff, 0x50, 0x0, 0x0, 0x3f,
    0xf1, 0x0, 0x0, 0x7, 0xfd, 0x0, 0x0, 0x0,
    0xbf, 0x90, 0x0, 0x0, 0xf, 0xf5, 0x0, 0x0,
    0x4, 0xff, 0x10, 0x0, 0x0, 0x8f, 0xc0, 0x0,
    0x0, 0xc, 0xf8, 0x0, 0x0, 0x0, 0xff, 0x40,
    0x0, 0x0, 0x4f, 0xf0, 0x0, 0x0, 0x8, 0xfc,
    0x0, 0x0, 0x0,

    /* U+0030 "0" */
    0x0, 0x2, 0x9e, 0xff, 0xc5, 0x0, 0x0, 0x0,
    0x4f, 0xff, 0xff, 0xff, 0xa0, 0x0, 0x2, 0xff,
    0xfa, 0x67, 0xef, 0xf8, 0x0, 0xb, 0xff, 0x50,
    0x0, 0x1d, 0xff, 0x20, 0x1f, 0xfb, 0x0, 0x0,
    0x4, 0xff, 0x80, 0x6f, 0xf5, 0x0, 0x0, 0x0,
    0xef, 0xd0, 0x9f, 0xf1, 0x0, 0x0, 0x0, 0xbf,
    0xf0, 0xbf, 0xf0, 0x0, 0x0, 0x0, 0x8f, 0xf2,
    0xcf, 0xe0, 0x0, 0x0, 0x0, 0x8f, 0xf3, 0xcf,
    0xe0, 0x0, 0x0, 0x0, 0x7f, 0xf3, 0xbf, 0xf0,
    0x0, 0x0, 0x0, 0x8f, 0xf2, 0x9f, 0xf1, 0x0,
    0x0, 0x0, 0xaf, 0xf0, 0x6f, 0xf5, 0x0, 0x0,
    0x0, 0xef, 0xd0, 0x1f, 0xfb, 0x0, 0x0, 0x4,
    0xff, 0x80, 0xb, 0xff, 0x50, 0x0, 0x1d, 0xff,
    0x20, 0x2, 0xff, 0xfa, 0x78, 0xef, 0xf9, 0x0,
    0x0, 0x5f, 0xff, 0xff, 0xff, 0xb0, 0x0, 0x0,
    0x2, 0x9e, 0xff, 0xc5, 0x0, 0x0,

    /* U+0031 "1" */
    0x0, 0x3, 0xdf, 0xf4, 0x0, 0x9f, 0xff, 0xf4,
    0x3d, 0xff, 0xef, 0xf4, 0xcf, 0xf6, 0x7f, 0xf4,
    0xcb, 0x10, 0x7f, 0xf4, 0x30, 0x0, 0x7f, 0xf4,
    0x0, 0x0, 0x7f, 0xf4, 0x0, 0x0, 0x7f, 0xf4,
    0x0, 0x0, 0x7f, 0xf4, 0x0, 0x0, 0x7f, 0xf4,
    0x0, 0x0, 0x7f, 0xf4, 0x0, 0x0, 0x7f, 0xf4,
    0x0, 0x0, 0x7f, 0xf4, 0x0, 0x0, 0x7f, 0xf4,
    0x0, 0x0, 0x7f, 0xf4, 0x0, 0x0, 0x7f, 0xf4,
    0x0, 0x0, 0x7f, 0xf4, 0x0, 0x0, 0x7f, 0xf4,

    /* U+0032 "2" */
    0x0, 0x5, 0xbe, 0xfe, 0xa4, 0x0, 0x0, 0xb,
    0xff, 0xff, 0xff, 0xf9, 0x0, 0x9, 0xff, 0xd7,
    0x58, 0xef, 0xf6, 0x1, 0xff, 0xb0, 0x0, 0x1,
    0xef, 0xe0, 0x5f, 0xf3, 0x0, 0x0, 0x8, 0xff,
    0x13, 0x77, 0x0, 0x0, 0x0, 0x7f, 0xf1, 0x0,
    0x0, 0x0, 0x0, 0xa, 0xfe, 0x0, 0x0, 0x0,
    0x0, 0x4, 0xff, 0x80, 0x0, 0x0, 0x0, 0x2,
    0xef, 0xd0, 0x0, 0x0, 0x0, 0x2, 0xef, 0xf2,
    0x0, 0x0, 0x0, 0x2, 0xef, 0xf4, 0x0, 0x0,
    0x0, 0x2, 0xef, 0xf4, 0x0, 0x0, 0x0, 0x2,
    0xef, 0xf4, 0x0, 0x0, 0x0, 0x1, 0xdf, 0xf4,
    0x0, 0x0, 0x0, 0x1, 0xdf, 0xf5, 0x0, 0x0,
    0x0, 0x1, 0xdf, 0xfc, 0x77, 0x77, 0x77, 0x73,
    0x7f, 0xff, 0xff, 0xff, 0xff, 0xff, 0x77, 0xff,
    0xff, 0xff, 0xff, 0xff, 0xf7,

    /* U+0033 "3" */
    0x0, 0x3, 0xae, 0xff, 0xd8, 0x10, 0x0, 0x0,
    0x9f, 0xff, 0xff, 0xff, 0xf4, 0x0, 0x7, 0xff,
    0xe8, 0x56, 0xaf, 0xff, 0x10, 0xf, 0xfd, 0x10,
    0x0, 0x6, 0xff, 0x60, 0x18, 0x84, 0x0, 0x0,
    0x1, 0xff, 0x80, 0x0, 0x0, 0x0, 0x0, 0x4,
    0xff, 0x50, 0x0, 0x0, 0x0, 0x1, 0x6e, 0xfd,
    0x0, 0x0, 0x0, 0xf, 0xff, 0xff, 0x91, 0x0,
    0x0, 0x0, 0xf, 0xff, 0xfe, 0x91, 0x0, 0x0,
    0x0, 0x4, 0x45, 0x9f, 0xfe, 0x20, 0x0, 0x0,
    0x0, 0x0, 0x4, 0xff, 0xc0, 0x0, 0x0, 0x0,
    0x0, 0x0, 0xaf, 0xf1, 0x12, 0x20, 0x0, 0x0,
    0x0, 0x8f, 0xf3, 0x7f, 0xf5, 0x0, 0x0, 0x0,
    0xaf, 0xf1, 0x2f, 0xfd, 0x10, 0x0, 0x5, 0xff,
    0xd0, 0xa, 0xff, 0xf9, 0x77, 0xbf, 0xff, 0x40,
    0x0, 0xbf, 0xff, 0xff, 0xff, 0xf5, 0x0, 0x0,
    0x4, 0xae, 0xff, 0xd8, 0x10, 0x0,

    /* U+0034 "4" */
    0x0, 0x0, 0x0, 0x5, 0xff, 0xf5, 0x0, 0x0,
    0x0, 0x0, 0x1e, 0xff, 0xf5, 0x0, 0x0, 0x0,
    0x0, 0xaf, 0xff, 0xf5, 0x0, 0x0, 0x0, 0x4,
    0xff, 0xbf, 0xf5, 0x0, 0x0, 0x0, 0xd, 0xfd,
    0x4f, 0xf5, 0x0, 0x0, 0x0, 0x8f, 0xf3, 0x3f,
    0xf5, 0x0, 0x0, 0x3, 0xff, 0x80, 0x3f, 0xf5,
    0x0, 0x0, 0xd, 0xfd, 0x0, 0x3f, 0xf5, 0x0,
    0x0, 0x7f, 0xf4, 0x0, 0x3f, 0xf5, 0x0, 0x2,
    0xff, 0x90, 0x0, 0x3f, 0xf5, 0x0, 0xb, 0xfe,
    0x0, 0x0, 0x3f, 0xf5, 0x0, 0x6f, 0xf4, 0x0,
    0x0, 0x3f, 0xf5, 0x0, 0xcf, 0xff, 0xff, 0xff,
    0xff, 0xff, 0xfb, 0xdf, 0xff, 0xff, 0xff, 0xff,
    0xff, 0xfb, 0x57, 0x77, 0x77, 0x77, 0x9f, 0xfa,
    0x74, 0x0, 0x0, 0x0, 0x0, 0x4f, 0xf5, 0x0,
    0x0, 0x0, 0x0, 0x0, 0x4f, 0xf5, 0x0, 0x0,
    0x0, 0x0, 0x0, 0x4f, 0xf5, 0x0,

    /* U+0035 "5" */
    0x1, 0xff, 0xff, 0xff, 0xff, 0xff, 0x0, 0x3f,
    0xff, 0xff, 0xff, 0xff, 0xf0, 0x5, 0xff, 0x86,
    0x66, 0x66, 0x66, 0x0, 0x7f, 0xf0, 0x0, 0x0,
    0x0, 0x0, 0x9, 0xfe, 0x0, 0x0, 0x0, 0x0,
    0x0, 0xbf, 0xc0, 0x14, 0x42, 0x0, 0x0, 0xd,
    0xfb, 0x9f, 0xff, 0xfc, 0x30, 0x0, 0xff, 0xff,
    0xff, 0xff, 0xff, 0x50, 0xf, 0xff, 0x71, 0x2,
    0x9f, 0xff, 0x11, 0x99, 0x50, 0x0, 0x0, 0x8f,
    0xf7, 0x0, 0x0, 0x0, 0x0, 0x0, 0xff, 0xc0,
    0x0, 0x0, 0x0, 0x0, 0xc, 0xfd, 0x1, 0x10,
    0x0, 0x0, 0x0, 0xdf, 0xd5, 0xff, 0x50, 0x0,
    0x0, 0x1f, 0xfa, 0x1f, 0xfd, 0x10, 0x0, 0xb,
    0xff, 0x40, 0x8f, 0xfe, 0x85, 0x7d, 0xff, 0xb0,
    0x0, 0xaf, 0xff, 0xff, 0xff, 0xb0, 0x0, 0x0,
    0x4b, 0xef, 0xeb, 0x50, 0x0,

    /* U+0036 "6" */
    0x0, 0x0, 0x7c, 0xff, 0xea, 0x30, 0x0, 0x0,
    0x1d, 0xff, 0xff, 0xff, 0xf7, 0x0, 0x0, 0xdf,
    0xfc, 0x87, 0xaf, 0xff, 0x50, 0x7, 0xff, 0x70,
    0x0, 0x3, 0xff, 0xd0, 0xe, 0xfb, 0x0, 0x0,
    0x0, 0x58, 0x80, 0x3f, 0xf4, 0x0, 0x24, 0x30,
    0x0, 0x0, 0x7f, 0xf0, 0x5d, 0xff, 0xfe, 0x70,
    0x0, 0x9f, 0xe6, 0xff, 0xff, 0xff, 0xfa, 0x0,
    0xaf, 0xff, 0xe5, 0x0, 0x5e, 0xff, 0x60, 0xbf,
    0xfe, 0x10, 0x0, 0x1, 0xef, 0xe0, 0xbf, 0xf7,
    0x0, 0x0, 0x0, 0x8f, 0xf2, 0x9f, 0xf3, 0x0,
    0x0, 0x0, 0x5f, 0xf4, 0x7f, 0xf4, 0x0, 0x0,
    0x0, 0x6f, 0xf3, 0x2f, 0xf9, 0x0, 0x0, 0x0,
    0xbf, 0xf1, 0xc, 0xff, 0x40, 0x0, 0x6, 0xff,
    0xb0, 0x3, 0xff, 0xfa, 0x56, 0xaf, 0xff, 0x20,
    0x0, 0x5f, 0xff, 0xff, 0xff, 0xf4, 0x0, 0x0,
    0x2, 0x8d, 0xff, 0xd8, 0x10, 0x0,

    /* U+0037 "7" */
    0x1f, 0xff, 0xff, 0xff, 0xff, 0xff, 0xd1, 0xff,
    0xff, 0xff, 0xff, 0xff, 0xfd, 0x7, 0x77, 0x77,
    0x77, 0x78, 0xff, 0xc0, 0x0, 0x0, 0x0, 0x0,
    0x7f, 0xf5, 0x0, 0x0, 0x0, 0x0, 0xe, 0xfd,
    0x0, 0x0, 0x0, 0x0, 0x7, 0xff, 0x50, 0x0,
    0x0, 0x0, 0x0, 0xef, 0xc0, 0x0, 0x0, 0x0,
    0x0, 0x7f, 0xf4, 0x0, 0x0, 0x0, 0x0, 0x1f,
    0xfc, 0x0, 0x0, 0x0, 0x0, 0x8, 0xff, 0x40,
    0x0, 0x0, 0x0, 0x1, 0xff, 0xc0, 0x0, 0x0,
    0x0, 0x0, 0x8f, 0xf4, 0x0, 0x0, 0x0, 0x0,
    0x1f, 0xfc, 0x0, 0x0, 0x0, 0x0, 0x8, 0xff,
    0x40, 0x0, 0x0, 0x0, 0x1, 0xff, 0xc0, 0x0,
    0x0, 0x0, 0x0, 0x9f, 0xf3, 0x0, 0x0, 0x0,
    0x0, 0x1f, 0xfb, 0x0, 0x0, 0x0, 0x0, 0x9,
    0xff, 0x30, 0x0, 0x0, 0x0,

    /* U+0038 "8" */
    0x0, 0x4, 0xbe, 0xff, 0xc8, 0x10, 0x0, 0x0,
    0xbf, 0xff, 0xff, 0xff, 0xf4, 0x0, 0x9, 0xff,
    0xd7, 0x45, 0xaf, 0xff, 0x10, 0xf, 0xfd, 0x0,
    0x0, 0x7, 0xff, 0x70, 0x1f, 0xf8, 0x0, 0x0,
    0x1, 0xff, 0x80, 0xe, 0xfb, 0x0, 0x0, 0x4,
    0xff, 0x50, 0x5, 0xff, 0xa2, 0x1, 0x5e, 0xfc,
    0x0, 0x0, 0x5d, 0xff, 0xff, 0xff, 0x91, 0x0,
    0x0, 0x6d, 0xff, 0xff, 0xff, 0xa1, 0x0, 0x9,
    0xff, 0xc5, 0x34, 0x9f, 0xfe, 0x10, 0x3f, 0xfb,
    0x0, 0x0, 0x4, 0xff, 0xa0, 0x9f, 0xf2, 0x0,
    0x0, 0x0, 0xbf, 0xf1, 0xbf, 0xf0, 0x0, 0x0,
    0x0, 0x8f, 0xf3, 0xbf, 0xf2, 0x0, 0x0, 0x0,
    0xaf, 0xf2, 0x6f, 0xfa, 0x0, 0x0, 0x4, 0xff,
    0xe0, 0xd, 0xff, 0xd7, 0x56, 0xaf, 0xff, 0x50,
    0x2, 0xdf, 0xff, 0xff, 0xff, 0xf6, 0x0, 0x0,
    0x6, 0xbe, 0xff, 0xd8, 0x20, 0x0,

    /* U+0039 "9" */
    0x0, 0x4, 0xbe, 0xff, 0xc6, 0x0, 0x0, 0x0,
    0xbf, 0xff, 0xff, 0xff, 0xc1, 0x0, 0xa, 0xff,
    0xe8, 0x67, 0xcf, 0xfc, 0x0, 0x3f, 0xfc, 0x10,
    0x0, 0x8, 0xff, 0x60, 0x9f, 0xf2, 0x0, 0x0,
    0x0, 0xdf, 0xc0, 0xbf, 0xf0, 0x0, 0x0, 0x0,
    0xaf, 0xf0, 0xaf, 0xf1, 0x0, 0x0, 0x0, 0xcf,
    0xf3, 0x6f, 0xf8, 0x0, 0x0, 0x4, 0xff, 0xf4,
    0xe, 0xff, 0x92, 0x1, 0x7f, 0xff, 0xf4, 0x4,
    0xff, 0xff, 0xff, 0xfd, 0x5f, 0xf4, 0x0, 0x2b,
    0xff, 0xff, 0xa1, 0x5f, 0xf2, 0x0, 0x0, 0x13,
    0x31, 0x0, 0x8f, 0xf0, 0x12, 0x20, 0x0, 0x0,
    0x0, 0xdf, 0xd0, 0x6f, 0xf5, 0x0, 0x0, 0x4,
    0xff, 0x70, 0x1f, 0xfd, 0x10, 0x0, 0x2e, 0xff,
    0x10, 0x8, 0xff, 0xe9, 0x7a, 0xff, 0xf6, 0x0,
    0x0, 0x9f, 0xff, 0xff, 0xff, 0x80, 0x0, 0x0,
    0x4, 0xbe, 0xfe, 0xa3, 0x0, 0x0,

    /* U+003A ":" */
    0xc, 0xf6, 0x5, 0xff, 0xf0, 0x3f, 0xfd, 0x0,
    0x59, 0x20, 0x0, 0x0, 0x0, 0x0, 0x0, 0x0,
    0x0, 0x0, 0x0, 0x0, 0x0, 0x0, 0x0, 0x0,
    0x0, 0x5, 0x82, 0x4, 0xff, 0xd0, 0x5f, 0xff,
    0x0, 0xbf, 0x60,

    /* U+003B ";" */
    0x0, 0xbf, 0x60, 0x5, 0xff, 0xf0, 0x3, 0xff,
    0xd0, 0x0, 0x59, 0x20, 0x0, 0x0, 0x0, 0x0,
    0x0, 0x0, 0x0, 0x0, 0x0, 0x0, 0x0, 0x0,
    0x0, 0x0, 0x0, 0x0, 0x0, 0x0, 0x0, 0x0,
    0x0, 0x0, 0x0, 0x0, 0x1, 0xff, 0x90, 0x4,
    0xff, 0x50, 0x7, 0xff, 0x0, 0xa, 0xfc, 0x0,
    0xd, 0xf7, 0x0, 0xf, 0xf3, 0x0, 0x3f, 0xe0,
    0x0,

    /* U+003C "<" */
    0x0, 0x0, 0x0, 0x0, 0x0, 0x0, 0x0, 0x0,
    0x0, 0x0, 0x0, 0x7a, 0x0, 0x0, 0x0, 0x0,
    0x7e, 0xfb, 0x0, 0x0, 0x0, 0x7e, 0xff, 0xf9,
    0x0, 0x0, 0x7e, 0xff, 0xfb, 0x40, 0x0, 0x7e,
    0xff, 0xfa, 0x30, 0x0, 0x6e, 0xff, 0xfa, 0x20,
    0x0, 0x0, 0xcf, 0xfb, 0x10, 0x0, 0x0, 0x0,
    0xbf, 0xff, 0x92, 0x0, 0x0, 0x0, 0x6, 0xef,
    0xff, 0xa3, 0x0, 0x0, 0x0, 0x6, 0xef, 0xff,
    0xb4, 0x0, 0x0, 0x0, 0x7, 0xef, 0xff, 0xc4,
    0x0, 0x0, 0x0, 0x7, 0xef, 0xfb, 0x0, 0x0,
    0x0, 0x0, 0x7, 0xeb, 0x0, 0x0, 0x0, 0x0,
    0x0, 0x4,

    /* U+003D "=" */
    0x9f, 0xff, 0xff, 0xff, 0xff, 0xf7, 0x9f, 0xff,
    0xff, 0xff, 0xff, 0xf7, 0x36, 0x66, 0x66, 0x66,
    0x66, 0x63, 0x0, 0x0, 0x0, 0x0, 0x0, 0x0,
    0x0, 0x0, 0x0, 0x0, 0x0, 0x0, 0x36, 0x66,
    0x66, 0x66, 0x66, 0x62, 0x9f, 0xff, 0xff, 0xff,
    0xff, 0xf7, 0x9f, 0xff, 0xff, 0xff, 0xff, 0xf7,

    /* U+003E ">" */
    0x0, 0x0, 0x0, 0x0, 0x0, 0x0, 0xb7, 0x0,
    0x0, 0x0, 0x0, 0x0, 0xcf, 0xe7, 0x0, 0x0,
    0x0, 0x0, 0xaf, 0xff, 0xe6, 0x0, 0x0, 0x0,
    0x4, 0xcf, 0xff, 0xe6, 0x0, 0x0, 0x0, 0x3,
    0xbf, 0xff, 0xe6, 0x0, 0x0, 0x0, 0x3, 0xaf,
    0xff, 0xd5, 0x0, 0x0, 0x0, 0x2, 0xcf, 0xfb,
    0x0, 0x0, 0x0, 0x3a, 0xff, 0xfa, 0x0, 0x0,
    0x3b, 0xff, 0xfd, 0x60, 0x0, 0x4c, 0xff, 0xfd,
    0x60, 0x0, 0x5d, 0xff, 0xfd, 0x60, 0x0, 0x0,
    0xcf, 0xfe, 0x60, 0x0, 0x0, 0x0, 0xce, 0x60,
    0x0, 0x0, 0x0, 0x0, 0x40, 0x0, 0x0, 0x0,
    0x0, 0x0,

    /* U+003F "?" */
    0x0, 0x6, 0xcf, 0xfd, 0x92, 0x0, 0x0, 0xcf,
    0xff, 0xff, 0xff, 0x40, 0x9, 0xff, 0xc5, 0x59,
    0xff, 0xe0, 0xf, 0xfd, 0x0, 0x0, 0x8f, 0xf5,
    0x2d, 0xd6, 0x0, 0x0, 0x3f, 0xf7, 0x0, 0x0,
    0x0, 0x0, 0x5f, 0xf6, 0x0, 0x0, 0x0, 0x1,
    0xdf, 0xf1, 0x0, 0x0, 0x0, 0x3d, 0xff, 0x70,
    0x0, 0x0, 0x6, 0xff, 0xf6, 0x0, 0x0, 0x0,
    0x1f, 0xfd, 0x20, 0x0, 0x0, 0x0, 0x6f, 0xf4,
    0x0, 0x0, 0x0, 0x0, 0x8f, 0xf0, 0x0, 0x0,
    0x0, 0x0, 0x6a, 0x90, 0x0, 0x0, 0x0, 0x0,
    0x0, 0x0, 0x0, 0x0, 0x0, 0x0, 0x28, 0x50,
    0x0, 0x0, 0x0, 0x0, 0xdf, 0xf4, 0x0, 0x0,
    0x0, 0x0, 0xff, 0xf6, 0x0, 0x0, 0x0, 0x0,
    0x6f, 0xc0, 0x0, 0x0,

    /* U+0040 "@" */
    0x0, 0x0, 0x0, 0x6b, 0xef, 0xfe, 0xb6, 0x10,
    0x0, 0x0, 0x0, 0x0, 0x5e, 0xff, 0xff, 0xff,
    0xff, 0xf7, 0x0, 0x0, 0x0, 0x8, 0xff, 0xd7,
    0x31, 0x13, 0x7c, 0xff, 0xb0, 0x0, 0x0, 0x7f,
    0xf8, 0x0, 0x0, 0x0, 0x0, 0x5f, 0xfa, 0x0,
    0x3, 0xff, 0x60, 0x0, 0x0, 0x0, 0x0, 0x3,
    0xff, 0x50, 0xb, 0xfa, 0x0, 0x8, 0xef, 0xb2,
    0xdf, 0x40, 0x6f, 0xd0, 0x1f, 0xf1, 0x0, 0xaf,
    0xff, 0xfd, 0xef, 0x40, 0xe, 0xf3, 0x6f, 0xb0,
    0x4, 0xff, 0x92, 0x3d, 0xff, 0x40, 0x9, 0xf8,
    0x9f, 0x70, 0x9, 0xfd, 0x0, 0x2, 0xff, 0x40,
    0x6, 0xfa, 0xbf, 0x50, 0xc, 0xf8, 0x0, 0x0,
    0xef, 0x40, 0x5, 0xfb, 0xcf, 0x40, 0xd, 0xf7,
    0x0, 0x0, 0xdf, 0x40, 0x5, 0xfa, 0xbf, 0x50,
    0xc, 0xf8, 0x0, 0x0, 0xef, 0x40, 0x8, 0xf9,
    0xaf, 0x60, 0x9, 0xfd, 0x0, 0x3, 0xff, 0x40,
    0xd, 0xf5, 0x7f, 0xa0, 0x4, 0xff, 0xa2, 0x3d,
    0xef, 0x92, 0x9f, 0xe0, 0x3f, 0xf0, 0x0, 0xaf,
    0xff, 0xfb, 0x9f, 0xff, 0xff, 0x50, 0xd, 0xf7,
    0x0, 0x8, 0xef, 0xb1, 0x9, 0xef, 0xc4, 0x0,
    0x6, 0xff, 0x20, 0x0, 0x0, 0x0, 0x0, 0x0,
    0x0, 0x0, 0x0, 0xbf, 0xe4, 0x0, 0x0, 0x0,
    0x0, 0x0, 0x0, 0x0, 0x0, 0x1c, 0xff, 0xb5,
    0x21, 0x11, 0x36, 0x20, 0x0, 0x0, 0x0, 0x0,
    0x9f, 0xff, 0xff, 0xff, 0xff, 0x40, 0x0, 0x0,
    0x0, 0x0, 0x2, 0x8c, 0xef, 0xfe, 0xc9, 0x10,
    0x0, 0x0,

    /* U+0041 "A" */
    0x0, 0x0, 0x0, 0x5f, 0xff, 0x10, 0x0, 0x0,
    0x0, 0x0, 0x0, 0xb, 0xff, 0xf7, 0x0, 0x0,
    0x0, 0x0, 0x0, 0x1, 0xff, 0xff, 0xc0, 0x0,
    0x0, 0x0, 0x0, 0x0, 0x6f, 0xfa, 0xff, 0x20,
    0x0, 0x0, 0x0, 0x0, 0xc, 0xfd, 0x2f, 0xf8,
    0x0, 0x0, 0x0, 0x0, 0x2, 0xff, 0x80, 0xcf,
    0xd0, 0x0, 0x0, 0x0, 0x0, 0x7f, 0xf2, 0x7,
    0xff, 0x30, 0x0, 0x0, 0x0, 0xd, 0xfd, 0x0,
    0x1f, 0xf9, 0x0, 0x0, 0x0, 0x2, 0xff, 0x80,
    0x0, 0xcf, 0xe0, 0x0, 0x0, 0x0, 0x8f, 0xf2,
    0x0, 0x7, 0xff, 0x40, 0x0, 0x0, 0xe, 0xfe,
    0x55, 0x55, 0x7f, 0xfa, 0x0, 0x0, 0x3, 0xff,
    0xff, 0xff, 0xff, 0xff, 0xf0, 0x0, 0x0, 0x9f,
    0xff, 0xff, 0xff, 0xff, 0xff, 0x50, 0x0, 0xe,
    0xfd, 0x0, 0x0, 0x0, 0x1f, 0xfb, 0x0, 0x4,
    0xff, 0x70, 0x0, 0x0, 0x0, 0xcf, 0xf1, 0x0,
    0xaf, 0xf2, 0x0, 0x0, 0x0, 0x6, 0xff, 0x60,
    0xf, 0xfc, 0x0, 0x0, 0x0, 0x0, 0x1f, 0xfc,
    0x5, 0xff, 0x70, 0x0, 0x0, 0x0, 0x0, 0xbf,
    0xf1,

    /* U+0042 "B" */
    0x3f, 0xff, 0xff, 0xff, 0xeb, 0x40, 0x0, 0x3f,
    0xff, 0xff, 0xff, 0xff, 0xf9, 0x0, 0x3f, 0xfb,
    0x66, 0x66, 0x9f, 0xff, 0x50, 0x3f, 0xf8, 0x0,
    0x0, 0x3, 0xff, 0xb0, 0x3f, 0xf8, 0x0, 0x0,
    0x0, 0xdf, 0xd0, 0x3f, 0xf8, 0x0, 0x0, 0x0,
    0xdf, 0xc0, 0x3f, 0xf8, 0x0, 0x0, 0x4, 0xff,
    0x80, 0x3f, 0xf9, 0x33, 0x33, 0x8f, 0xfc, 0x0,
    0x3f, 0xff, 0xff, 0xff, 0xff, 0x70, 0x0, 0x3f,
    0xff, 0xff, 0xff, 0xff, 0xfb, 0x10, 0x3f, 0xf8,
    0x0, 0x0, 0x28, 0xff, 0xc0, 0x3f, 0xf8, 0x0,
    0x0, 0x0, 0x8f, 0xf4, 0x3f, 0xf8, 0x0, 0x0,
    0x0, 0x3f, 0xf8, 0x3f, 0xf8, 0x0, 0x0, 0x0,
    0x2f, 0xf8, 0x3f, 0xf8, 0x0, 0x0, 0x0, 0xaf,
    0xf6, 0x3f, 0xfb, 0x66, 0x66, 0x8d, 0xff, 0xe1,
    0x3f, 0xff, 0xff, 0xff, 0xff, 0xff, 0x40, 0x3f,
    0xff, 0xff, 0xff, 0xfd, 0x81, 0x0,

    /* U+0043 "C" */
    0x0, 0x0, 0x29, 0xdf, 0xfe, 0xa5, 0x0, 0x0,
    0x0, 0x7, 0xff, 0xff, 0xff, 0xff, 0xc1, 0x0,
    0x0, 0x9f, 0xff, 0xd9, 0x9b, 0xff, 0xfd, 0x10,
    0x5, 0xff, 0xe5, 0x0, 0x0, 0x1b, 0xff, 0x90,
    0xd, 0xff, 0x30, 0x0, 0x0, 0x0, 0xdf, 0xf1,
    0x4f, 0xf9, 0x0, 0x0, 0x0, 0x0, 0x5f, 0xf6,
    0x8f, 0xf3, 0x0, 0x0, 0x0, 0x0, 0x0, 0x0,
    0xaf, 0xf0, 0x0, 0x0, 0x0, 0x0, 0x0, 0x0,
    0xcf, 0xe0, 0x0, 0x0, 0x0, 0x0, 0x0, 0x0,
    0xcf, 0xe0, 0x0, 0x0, 0x0, 0x0, 0x0, 0x0,
    0xaf, 0xf0, 0x0, 0x0, 0x0, 0x0, 0x0, 0x0,
    0x8f, 0xf3, 0x0, 0x0, 0x0, 0x0, 0x0, 0x0,
    0x4f, 0xf9, 0x0, 0x0, 0x0, 0x0, 0x5f, 0xf5,
    0xd, 0xff, 0x30, 0x0, 0x0, 0x0, 0xcf, 0xf1,
    0x5, 0xff, 0xe4, 0x0, 0x0, 0x1b, 0xff, 0x90,
    0x0, 0x9f, 0xff, 0xd9, 0x9b, 0xff, 0xfd, 0x0,
    0x0, 0x8, 0xff, 0xff, 0xff, 0xff, 0xb1, 0x0,
    0x0, 0x0, 0x29, 0xdf, 0xfe, 0xa4, 0x0, 0x0,

    /* U+0044 "D" */
    0x3f, 0xff, 0xff, 0xff, 0xda, 0x40, 0x0, 0x0,
    0x3f, 0xff, 0xff, 0xff, 0xff, 0xfb, 0x10, 0x0,
    0x3f, 0xfb, 0x77, 0x78, 0xbf, 0xff, 0xd1, 0x0,
    0x3f, 0xf8, 0x0, 0x0, 0x1, 0xbf, 0xfa, 0x0,
    0x3f, 0xf8, 0x0, 0x0, 0x0, 0xc, 0xff, 0x30,
    0x3f, 0xf8, 0x0, 0x0, 0x0, 0x4, 0xff, 0x80,
    0x3f, 0xf8, 0x0, 0x0, 0x0, 0x0, 0xef, 0xc0,
    0x3f, 0xf8, 0x0, 0x0, 0x0, 0x0, 0xbf, 0xf0,
    0x3f, 0xf8, 0x0, 0x0, 0x0, 0x0, 0xaf, 0xf0,
    0x3f, 0xf8, 0x0, 0x0, 0x0, 0x0, 0xaf, 0xf0,
    0x3f, 0xf8, 0x0, 0x0, 0x0, 0x0, 0xbf, 0xf0,
    0x3f, 0xf8, 0x0, 0x0, 0x0, 0x0, 0xef, 0xc0,
    0x3f, 0xf8, 0x0, 0x0, 0x0, 0x4, 0xff, 0x80,
    0x3f, 0xf8, 0x0, 0x0, 0x0, 0xd, 0xff, 0x20,
    0x3f, 0xf8, 0x0, 0x0, 0x2, 0xcf, 0xfa, 0x0,
    0x3f, 0xfb, 0x77, 0x78, 0xbf, 0xff, 0xc0, 0x0,
    0x3f, 0xff, 0xff, 0xff, 0xff, 0xfa, 0x0, 0x0,
    0x3f, 0xff, 0xff, 0xff, 0xd9, 0x30, 0x0, 0x0,

    /* U+0045 "E" */
    0x3f, 0xff, 0xff, 0xff, 0xff, 0xfe, 0x3f, 0xff,
    0xff, 0xff, 0xff, 0xfe, 0x3f, 0xfb, 0x66, 0x66,
    0x66, 0x65, 0x3f, 0xf8, 0x0, 0x0, 0x0, 0x0,
    0x3f, 0xf8, 0x0, 0x0, 0x0, 0x0, 0x3f, 0xf8,
    0x0, 0x0, 0x0, 0x0, 0x3f, 0xf8, 0x0, 0x0,
    0x0, 0x0, 0x3f, 0xfb, 0x66, 0x66, 0x66, 0x61,
    0x3f, 0xff, 0xff, 0xff, 0xff, 0xf5, 0x3f, 0xff,
    0xff, 0xff, 0xff, 0xf5, 0x3f, 0xf8, 0x0, 0x0,
    0x0, 0x0, 0x3f, 0xf8, 0x0, 0x0, 0x0, 0x0,
    0x3f, 0xf8, 0x0, 0x0, 0x0, 0x0, 0x3f, 0xf8,
    0x0, 0x0, 0x0, 0x0, 0x3f, 0xf8, 0x0, 0x0,
    0x0, 0x0, 0x3f, 0xfb, 0x66, 0x66, 0x66, 0x66,
    0x3f, 0xff, 0xff, 0xff, 0xff, 0xff, 0x3f, 0xff,
    0xff, 0xff, 0xff, 0xff,

    /* U+0046 "F" */
    0x3f, 0xff, 0xff, 0xff, 0xff, 0xfc, 0x3f, 0xff,
    0xff, 0xff, 0xff, 0xfc, 0x3f, 0xfb, 0x66, 0x66,
    0x66, 0x65, 0x3f, 0xf8, 0x0, 0x0, 0x0, 0x0,
    0x3f, 0xf8, 0x0, 0x0, 0x0, 0x0, 0x3f, 0xf8,
    0x0, 0x0, 0x0, 0x0, 0x3f, 0xf8, 0x0, 0x0,
    0x0, 0x0, 0x3f, 0xfb, 0x66, 0x66, 0x66, 0x60,
    0x3f, 0xff, 0xff, 0xff, 0xff, 0xf0, 0x3f, 0xff,
    0xff, 0xff, 0xff, 0xf0, 0x3f, 0xf8, 0x0, 0x0,
    0x0, 0x0, 0x3f, 0xf8, 0x0, 0x0, 0x0, 0x0,
    0x3f, 0xf8, 0x0, 0x0, 0x0, 0x0, 0x3f, 0xf8,
    0x0, 0x0, 0x0, 0x0, 0x3f, 0xf8, 0x0, 0x0,
    0x0, 0x0, 0x3f, 0xf8, 0x0, 0x0, 0x0, 0x0,
    0x3f, 0xf8, 0x0, 0x0, 0x0, 0x0, 0x3f, 0xf8,
    0x0, 0x0, 0x0, 0x0,

    /* U+0047 "G" */
    0x0, 0x0, 0x29, 0xdf, 0xfe, 0xa5, 0x0, 0x0,
    0x0, 0x8, 0xff, 0xff, 0xff, 0xff, 0xd2, 0x0,
    0x0, 0x9f, 0xff, 0xd9, 0x9b, 0xff, 0xfe, 0x20,
    0x5, 0xff, 0xe4, 0x0, 0x0, 0x1a, 0xff, 0xc0,
    0xd, 0xff, 0x30, 0x0, 0x0, 0x0, 0xbf, 0xf3,
    0x4f, 0xf9, 0x0, 0x0, 0x0, 0x0, 0x26, 0x63,
    0x8f, 0xf3, 0x0, 0x0, 0x0, 0x0, 0x0, 0x0,
    0xaf, 0xf0, 0x0, 0x0, 0x0, 0x0, 0x0, 0x0,
    0xcf, 0xe0, 0x0, 0x0, 0x5f, 0xff, 0xff, 0xfa,
    0xbf, 0xe0, 0x0, 0x0, 0x5f, 0xff, 0xff, 0xfa,
    0xaf, 0xf0, 0x0, 0x0, 0x15, 0x55, 0x5f, 0xf9,
    0x8f, 0xf3, 0x0, 0x0, 0x0, 0x0, 0x1f, 0xf8,
    0x4f, 0xf9, 0x0, 0x0, 0x0, 0x0, 0x6f, 0xf5,
    0xd, 0xff, 0x30, 0x0, 0x0, 0x0, 0xdf, 0xf1,
    0x5, 0xff, 0xe5, 0x0, 0x0, 0x1c, 0xff, 0x80,
    0x0, 0x9f, 0xff, 0xd9, 0x9b, 0xff, 0xfd, 0x0,
    0x0, 0x7, 0xff, 0xff, 0xff, 0xff, 0xb1, 0x0,
    0x0, 0x0, 0x28, 0xdf, 0xfe, 0xb5, 0x0, 0x0,

    /* U+0048 "H" */
    0x3f, 0xf8, 0x0, 0x0, 0x0, 0x0, 0xbf, 0xf3,
    0xff, 0x80, 0x0, 0x0, 0x0, 0xb, 0xff, 0x3f,
    0xf8, 0x0, 0x0, 0x0, 0x0, 0xbf, 0xf3, 0xff,
    0x80, 0x0, 0x0, 0x0, 0xb, 0xff, 0x3f, 0xf8,
    0x0, 0x0, 0x0, 0x0, 0xbf, 0xf3, 0xff, 0x80,
    0x0, 0x0, 0x0, 0xb, 0xff, 0x3f, 0xf8, 0x0,
    0x0, 0x0, 0x0, 0xbf, 0xf3, 0xff, 0xb6, 0x66,
    0x66, 0x66, 0x6d, 0xff, 0x3f, 0xff, 0xff, 0xff,
    0xff, 0xff, 0xff, 0xf3, 0xff, 0xff, 0xff, 0xff,
    0xff, 0xff, 0xff, 0x3f, 0xf8, 0x0, 0x0, 0x0,
    0x0, 0xbf, 0xf3, 0xff, 0x80, 0x0, 0x0, 0x0,
    0xb, 0xff, 0x3f, 0xf8, 0x0, 0x0, 0x0, 0x0,
    0xbf, 0xf3, 0xff, 0x80, 0x0, 0x0, 0x0, 0xb,
    0xff, 0x3f, 0xf8, 0x0, 0x0, 0x0, 0x0, 0xbf,
    0xf3, 0xff, 0x80, 0x0, 0x0, 0x0, 0xb, 0xff,
    0x3f, 0xf8, 0x0, 0x0, 0x0, 0x0, 0xbf, 0xf3,
    0xff, 0x80, 0x0, 0x0, 0x0, 0xb, 0xff,

    /* U+0049 "I" */
    0x3f, 0xf8, 0x3f, 0xf8, 0x3f, 0xf8, 0x3f, 0xf8,
    0x3f, 0xf8, 0x3f, 0xf8, 0x3f, 0xf8, 0x3f, 0xf8,
    0x3f, 0xf8, 0x3f, 0xf8, 0x3f, 0xf8, 0x3f, 0xf8,
    0x3f, 0xf8, 0x3f, 0xf8, 0x3f, 0xf8, 0x3f, 0xf8,
    0x3f, 0xf8, 0x3f, 0xf8,

    /* U+004A "J" */
    0x0, 0x0, 0x0, 0x0, 0x5f, 0xf5, 0x0, 0x0,
    0x0, 0x0, 0x5f, 0xf5, 0x0, 0x0, 0x0, 0x0,
    0x5f, 0xf5, 0x0, 0x0, 0x0, 0x0, 0x5f, 0xf5,
    0x0, 0x0, 0x0, 0x0, 0x5f, 0xf5, 0x0, 0x0,
    0x0, 0x0, 0x5f, 0xf5, 0x0, 0x0, 0x0, 0x0,
    0x5f, 0xf5, 0x0, 0x0, 0x0, 0x0, 0x5f, 0xf5,
    0x0, 0x0, 0x0, 0x0, 0x5f, 0xf5, 0x0, 0x0,
    0x0, 0x0, 0x5f, 0xf5, 0x0, 0x0, 0x0, 0x0,
    0x5f, 0xf5, 0x0, 0x0, 0x0, 0x0, 0x5f, 0xf5,
    0x0, 0x0, 0x0, 0x0, 0x5f, 0xf5, 0x3c, 0xc5,
    0x0, 0x0, 0x7f, 0xf4, 0x2f, 0xfc, 0x0, 0x0,
    0xdf, 0xf1, 0xc, 0xff, 0xc7, 0x7c, 0xff, 0xa0,
    0x2, 0xef, 0xff, 0xff, 0xfd, 0x10, 0x0, 0x18,
    0xdf, 0xfd, 0x70, 0x0,

    /* U+004B "K" */
    0x3f, 0xf8, 0x0, 0x0, 0x0, 0x5f, 0xfe, 0x23,
    0xff, 0x80, 0x0, 0x0, 0x3f, 0xff, 0x30, 0x3f,
    0xf8, 0x0, 0x0, 0x2e, 0xff, 0x40, 0x3, 0xff,
    0x80, 0x0, 0x1d, 0xff, 0x60, 0x0, 0x3f, 0xf8,
    0x0, 0xb, 0xff, 0x80, 0x0, 0x3, 0xff, 0x80,
    0xa, 0xff, 0xa0, 0x0, 0x0, 0x3f, 0xf8, 0x7,
    0xff, 0xb0, 0x0, 0x0, 0x3, 0xff, 0x85, 0xff,
    0xd0, 0x0, 0x0, 0x0, 0x3f, 0xfc, 0xff, 0xfa,
    0x0, 0x0, 0x0, 0x3, 0xff, 0xff, 0xff, 0xf5,
    0x0, 0x0, 0x0, 0x3f, 0xff, 0xf4, 0xff, 0xf2,
    0x0, 0x0, 0x3, 0xff, 0xf4, 0x5, 0xff, 0xc0,
    0x0, 0x0, 0x3f, 0xf9, 0x0, 0xa, 0xff, 0x80,
    0x0, 0x3, 0xff, 0x80, 0x0, 0xe, 0xff, 0x40,
    0x0, 0x3f, 0xf8, 0x0, 0x0, 0x3f, 0xfe, 0x10,
    0x3, 0xff, 0x80, 0x0, 0x0, 0x8f, 0xfb, 0x0,
    0x3f, 0xf8, 0x0, 0x0, 0x0, 0xcf, 0xf6, 0x3,
    0xff, 0x80, 0x0, 0x0, 0x2, 0xff, 0xf2,

    /* U+004C "L" */
    0x3f, 0xf8, 0x0, 0x0, 0x0, 0x0, 0x3f, 0xf8,
    0x0, 0x0, 0x0, 0x0, 0x3f, 0xf8, 0x0, 0x0,
    0x0, 0x0, 0x3f, 0xf8, 0x0, 0x0, 0x0, 0x0,
    0x3f, 0xf8, 0x0, 0x0, 0x0, 0x0, 0x3f, 0xf8,
    0x0, 0x0, 0x0, 0x0, 0x3f, 0xf8, 0x0, 0x0,
    0x0, 0x0, 0x3f, 0xf8, 0x0, 0x0, 0x0, 0x0,
    0x3f, 0xf8, 0x0, 0x0, 0x0, 0x0, 0x3f, 0xf8,
    0x0, 0x0, 0x0, 0x0, 0x3f, 0xf8, 0x0, 0x0,
    0x0, 0x0, 0x3f, 0xf8, 0x0, 0x0, 0x0, 0x0,
    0x3f, 0xf8, 0x0, 0x0, 0x0, 0x0, 0x3f, 0xf8,
    0x0, 0x0, 0x0, 0x0, 0x3f, 0xf8, 0x0, 0x0,
    0x0, 0x0, 0x3f, 0xfb, 0x66, 0x66, 0x66, 0x63,
    0x3f, 0xff, 0xff, 0xff, 0xff, 0xf7, 0x3f, 0xff,
    0xff, 0xff, 0xff, 0xf7,

    /* U+004D "M" */
    0x3f, 0xff, 0x40, 0x0, 0x0, 0x0, 0x0, 0xb,
    0xff, 0xc3, 0xff, 0xfa, 0x0, 0x0, 0x0, 0x0,
    0x1, 0xff, 0xfc, 0x3f, 0xff, 0xf1, 0x0, 0x0,
    0x0, 0x0, 0x8f, 0xff, 0xc3, 0xff, 0xff, 0x70,
    0x0, 0x0, 0x0, 0xe, 0xff, 0xfc, 0x3f, 0xff,
    0xfd, 0x0, 0x0, 0x0, 0x4, 0xff, 0xff, 0xc3,
    0xff, 0xaf, 0xf4, 0x0, 0x0, 0x0, 0xbf, 0xdc,
    0xfc, 0x3f, 0xf6, 0xef, 0xa0, 0x0, 0x0, 0x1f,
    0xf6, 0xcf, 0xc3, 0xff, 0x67, 0xff, 0x10, 0x0,
    0x8, 0xff, 0x1c, 0xfc, 0x3f, 0xf6, 0x1f, 0xf7,
    0x0, 0x0, 0xef, 0xa0, 0xcf, 0xc3, 0xff, 0x60,
    0xaf, 0xe0, 0x0, 0x5f, 0xf3, 0xc, 0xfc, 0x3f,
    0xf6, 0x4, 0xff, 0x40, 0xb, 0xfd, 0x0, 0xcf,
    0xc3, 0xff, 0x60, 0xe, 0xfb, 0x2, 0xff, 0x60,
    0xc, 0xfc, 0x3f, 0xf6, 0x0, 0x7f, 0xf1, 0x8f,
    0xf1, 0x0, 0xcf, 0xc3, 0xff, 0x60, 0x1, 0xff,
    0x8e, 0xfa, 0x0, 0xc, 0xfc, 0x3f, 0xf6, 0x0,
    0xa, 0xff, 0xff, 0x30, 0x0, 0xcf, 0xc3, 0xff,
    0x60, 0x0, 0x4f, 0xff, 0xd0, 0x0, 0xc, 0xfc,
    0x3f, 0xf6, 0x0, 0x0, 0xef, 0xf6, 0x0, 0x0,
    0xcf, 0xc3, 0xff, 0x60, 0x0, 0x7, 0xff, 0x10,
    0x0, 0xc, 0xfc,

    /* U+004E "N" */
    0x3f, 0xfa, 0x0, 0x0, 0x0, 0x0, 0x9f, 0xf1,
    0x3f, 0xff, 0x50, 0x0, 0x0, 0x0, 0x9f, 0xf1,
    0x3f, 0xff, 0xe1, 0x0, 0x0, 0x0, 0x9f, 0xf1,
    0x3f, 0xff, 0xfa, 0x0, 0x0, 0x0, 0x9f, 0xf1,
    0x3f, 0xff, 0xff, 0x50, 0x0, 0x0, 0x9f, 0xf1,
    0x3f, 0xf8, 0xdf, 0xe1, 0x0, 0x0, 0x9f, 0xf1,
    0x3f, 0xf8, 0x3f, 0xfb, 0x0, 0x0, 0x9f, 0xf1,
    0x3f, 0xf8, 0x8, 0xff, 0x60, 0x0, 0x9f, 0xf1,
    0x3f, 0xf8, 0x0, 0xdf, 0xf2, 0x0, 0x9f, 0xf1,
    0x3f, 0xf8, 0x0, 0x3f, 0xfc, 0x0, 0x9f, 0xf1,
    0x3f, 0xf8, 0x0, 0x7, 0xff, 0x60, 0x9f, 0xf1,
    0x3f, 0xf8, 0x0, 0x0, 0xcf, 0xf2, 0x9f, 0xf1,
    0x3f, 0xf8, 0x0, 0x0, 0x2f, 0xfc, 0x9f, 0xf1,
    0x3f, 0xf8, 0x0, 0x0, 0x7, 0xff, 0xff, 0xf1,
    0x3f, 0xf8, 0x0, 0x0, 0x0, 0xcf, 0xff, 0xf1,
    0x3f, 0xf8, 0x0, 0x0, 0x0, 0x2f, 0xff, 0xf1,
    0x3f, 0xf8, 0x0, 0x0, 0x0, 0x6, 0xff, 0xf1,
    0x3f, 0xf8, 0x0, 0x0, 0x0, 0x0, 0xbf, 0xf1,

    /* U+004F "O" */
    0x0, 0x0, 0x29, 0xdf, 0xfe, 0xa5, 0x0, 0x0,
    0x0, 0x0, 0x7f, 0xff, 0xff, 0xff, 0xfc, 0x10,
    0x0, 0x0, 0x9f, 0xff, 0xd9, 0x9b, 0xff, 0xfd,
    0x10, 0x0, 0x5f, 0xfe, 0x40, 0x0, 0x1, 0xbf,
    0xfb, 0x0, 0xd, 0xff, 0x30, 0x0, 0x0, 0x0,
    0xcf, 0xf4, 0x4, 0xff, 0x90, 0x0, 0x0, 0x0,
    0x3, 0xff, 0xa0, 0x8f, 0xf3, 0x0, 0x0, 0x0,
    0x0, 0xd, 0xfe, 0xa, 0xff, 0x0, 0x0, 0x0,
    0x0, 0x0, 0x9f, 0xf1, 0xcf, 0xe0, 0x0, 0x0,
    0x0, 0x0, 0x8, 0xff, 0x2c, 0xfe, 0x0, 0x0,
    0x0, 0x0, 0x0, 0x8f, 0xf2, 0xaf, 0xf0, 0x0,
    0x0, 0x0, 0x0, 0x9, 0xff, 0x18, 0xff, 0x30,
    0x0, 0x0, 0x0, 0x0, 0xdf, 0xe0, 0x4f, 0xf9,
    0x0, 0x0, 0x0, 0x0, 0x3f, 0xfa, 0x0, 0xdf,
    0xf3, 0x0, 0x0, 0x0, 0xc, 0xff, 0x40, 0x5,
    0xff, 0xe4, 0x0, 0x0, 0x1b, 0xff, 0xb0, 0x0,
    0x9, 0xff, 0xfd, 0x99, 0xbf, 0xff, 0xd1, 0x0,
    0x0, 0x7, 0xff, 0xff, 0xff, 0xff, 0xc1, 0x0,
    0x0, 0x0, 0x2, 0x9d, 0xff, 0xea, 0x50, 0x0,
    0x0,

    /* U+0050 "P" */
    0x3f, 0xff, 0xff, 0xff, 0xea, 0x30, 0x0, 0x3f,
    0xff, 0xff, 0xff, 0xff, 0xf8, 0x0, 0x3f, 0xfb,
    0x66, 0x67, 0xaf, 0xff, 0x60, 0x3f, 0xf8, 0x0,
    0x0, 0x3, 0xff, 0xd0, 0x3f, 0xf8, 0x0, 0x0,
    0x0, 0xaf, 0xf2, 0x3f, 0xf8, 0x0, 0x0, 0x0,
    0x7f, 0xf3, 0x3f, 0xf8, 0x0, 0x0, 0x0, 0x9f,
    0xf3, 0x3f, 0xf8, 0x0, 0x0, 0x0, 0xef, 0xf0,
    0x3f, 0xf8, 0x0, 0x0, 0x4c, 0xff, 0x90, 0x3f,
    0xff, 0xff, 0xff, 0xff, 0xfd, 0x10, 0x3f, 0xff,
    0xff, 0xff, 0xff, 0x91, 0x0, 0x3f, 0xfb, 0x66,
    0x65, 0x40, 0x0, 0x0, 0x3f, 0xf8, 0x0, 0x0,
    0x0, 0x0, 0x0, 0x3f, 0xf8, 0x0, 0x0, 0x0,
    0x0, 0x0, 0x3f, 0xf8, 0x0, 0x0, 0x0, 0x0,
    0x0, 0x3f, 0xf8, 0x0, 0x0, 0x0, 0x0, 0x0,
    0x3f, 0xf8, 0x0, 0x0, 0x0, 0x0, 0x0, 0x3f,
    0xf8, 0x0, 0x0, 0x0, 0x0, 0x0,

    /* U+0051 "Q" */
    0x0, 0x0, 0x29, 0xdf, 0xfe, 0xa5, 0x0, 0x0,
    0x0, 0x0, 0x7f, 0xff, 0xff, 0xff, 0xfc, 0x10,
    0x0, 0x0, 0x9f, 0xff, 0xd9, 0x9b, 0xff, 0xfd,
    0x10, 0x0, 0x5f, 0xfe, 0x40, 0x0, 0x1, 0xbf,
    0xfb, 0x0, 0xd, 0xff, 0x30, 0x0, 0x0, 0x0,
    0xcf, 0xf4, 0x4, 0xff, 0x90, 0x0, 0x0, 0x0,
    0x3, 0xff, 0xa0, 0x8f, 0xf3, 0x0, 0x0, 0x0,
    0x0, 0xd, 0xfe, 0xa, 0xff, 0x0, 0x0, 0x0,
    0x0, 0x0, 0x9f, 0xf1, 0xcf, 0xe0, 0x0, 0x0,
    0x0, 0x0, 0x8, 0xff, 0x2c, 0xfe, 0x0, 0x0,
    0x0, 0x0, 0x0, 0x8f, 0xf2, 0xaf, 0xf0, 0x0,
    0x0, 0x0, 0x0, 0x9, 0xff, 0x18, 0xff, 0x30,
    0x0, 0x0, 0x0, 0x0, 0xdf, 0xe0, 0x4f, 0xf9,
    0x0, 0x5, 0xff, 0x40, 0x3f, 0xfa, 0x0, 0xdf,
    0xf3, 0x0, 0x9, 0xfe, 0x2c, 0xff, 0x40, 0x5,
    0xff, 0xe4, 0x0, 0xd, 0xff, 0xff, 0xb0, 0x0,
    0x9, 0xff, 0xfd, 0x99, 0xcf, 0xff, 0xd1, 0x0,
    0x0, 0x7, 0xff, 0xff, 0xff, 0xff, 0xf6, 0x0,
    0x0, 0x0, 0x2, 0x9d, 0xff, 0xea, 0xbf, 0xf2,
    0x0, 0x0, 0x0, 0x0, 0x0, 0x0, 0x0, 0xdf,
    0xc0, 0x0, 0x0, 0x0, 0x0, 0x0, 0x0, 0x2,
    0x88, 0x30,

    /* U+0052 "R" */
    0x3f, 0xff, 0xff, 0xff, 0xea, 0x40, 0x0, 0x3f,
    0xff, 0xff, 0xff, 0xff, 0xfa, 0x0, 0x3f, 0xfb,
    0x66, 0x67, 0xaf, 0xff, 0x70, 0x3f, 0xf8, 0x0,
    0x0, 0x2, 0xff, 0xe0, 0x3f, 0xf8, 0x0, 0x0,
    0x0, 0x9f, 0xf2, 0x3f, 0xf8, 0x0, 0x0, 0x0,
    0x7f, 0xf3, 0x3f, 0xf8, 0x0, 0x0, 0x0, 0x9f,
    0xf2, 0x3f, 0xf8, 0x0, 0x0, 0x2, 0xff, 0xe0,
    0x3f, 0xfb, 0x77, 0x77, 0xaf, 0xff, 0x70, 0x3f,
    0xff, 0xff, 0xff, 0xff, 0xfa, 0x0, 0x3f, 0xff,
    0xff, 0xff, 0xff, 0x50, 0x0, 0x3f, 0xf8, 0x0,
    0x7, 0xff, 0x80, 0x0, 0x3f, 0xf8, 0x0, 0x0,
    0xef, 0xf1, 0x0, 0x3f, 0xf8, 0x0, 0x0, 0x7f,
    0xf8, 0x0, 0x3f, 0xf8, 0x0, 0x0, 0xe, 0xff,
    0x10, 0x3f, 0xf8, 0x0, 0x0, 0x7, 0xff, 0x90,
    0x3f, 0xf8, 0x0, 0x0, 0x0, 0xef, 0xf2, 0x3f,
    0xf8, 0x0, 0x0, 0x0, 0x6f, 0xfa,

    /* U+0053 "S" */
    0x0, 0x4, 0xae, 0xff, 0xd8, 0x20, 0x0, 0x0,
    0xbf, 0xff, 0xff, 0xff, 0xf6, 0x0, 0xa, 0xff,
    0xe9, 0x77, 0xaf, 0xff, 0x40, 0x2f, 0xfc, 0x10,
    0x0, 0x4, 0xff, 0xc0, 0x5f, 0xf5, 0x0, 0x0,
    0x0, 0xae, 0xe0, 0x5f, 0xf5, 0x0, 0x0, 0x0,
    0x0, 0x0, 0x2f, 0xfd, 0x20, 0x0, 0x0, 0x0,
    0x0, 0x8, 0xff, 0xfb, 0x62, 0x0, 0x0, 0x0,
    0x0, 0x6e, 0xff, 0xff, 0xe8, 0x20, 0x0, 0x0,
    0x0, 0x5a, 0xef, 0xff, 0xf8, 0x0, 0x0, 0x0,
    0x0, 0x2, 0x7e, 0xff, 0x90, 0x0, 0x0, 0x0,
    0x0, 0x1, 0xdf, 0xf1, 0x33, 0x20, 0x0, 0x0,
    0x0, 0x6f, 0xf3, 0xcf, 0xe0, 0x0, 0x0, 0x0,
    0x8f, 0xf3, 0x8f, 0xfa, 0x0, 0x0, 0x4, 0xff,
    0xf0, 0x1e, 0xff, 0xe9, 0x78, 0xcf, 0xff, 0x70,
    0x3, 0xef, 0xff, 0xff, 0xff, 0xf9, 0x0, 0x0,
    0x7, 0xce, 0xff, 0xd9, 0x30, 0x0,

    /* U+0054 "T" */
    0x1f, 0xff, 0xff, 0xff, 0xff, 0xff, 0xff, 0xa1,
    0xff, 0xff, 0xff, 0xff, 0xff, 0xff, 0xfa, 0x6,
    0x66, 0x66, 0xbf, 0xf7, 0x66, 0x66, 0x40, 0x0,
    0x0, 0x9, 0xff, 0x20, 0x0, 0x0, 0x0, 0x0,
    0x0, 0x9f, 0xf2, 0x0, 0x0, 0x0, 0x0, 0x0,
    0x9, 0xff, 0x20, 0x0, 0x0, 0x0, 0x0, 0x0,
    0x9f, 0xf2, 0x0, 0x0, 0x0, 0x0, 0x0, 0x9,
    0xff, 0x20, 0x0, 0x0, 0x0, 0x0, 0x0, 0x9f,
    0xf2, 0x0, 0x0, 0x0, 0x0, 0x0, 0x9, 0xff,
    0x20, 0x0, 0x0, 0x0, 0x0, 0x0, 0x9f, 0xf2,
    0x0, 0x0, 0x0, 0x0, 0x0, 0x9, 0xff, 0x20,
    0x0, 0x0, 0x0, 0x0, 0x0, 0x9f, 0xf2, 0x0,
    0x0, 0x0, 0x0, 0x0, 0x9, 0xff, 0x20, 0x0,
    0x0, 0x0, 0x0, 0x0, 0x9f, 0xf2, 0x0, 0x0,
    0x0, 0x0, 0x0, 0x9, 0xff, 0x20, 0x0, 0x0,
    0x0, 0x0, 0x0, 0x9f, 0xf2, 0x0, 0x0, 0x0,
    0x0, 0x0, 0x9, 0xff, 0x20, 0x0, 0x0,

    /* U+0055 "U" */
    0x3f, 0xf8, 0x0, 0x0, 0x0, 0x0, 0xdf, 0xd3,
    0xff, 0x80, 0x0, 0x0, 0x0, 0xd, 0xfd, 0x3f,
    0xf8, 0x0, 0x0, 0x0, 0x0, 0xdf, 0xd3, 0xff,
    0x80, 0x0, 0x0, 0x0, 0xd, 0xfd, 0x3f, 0xf8,
    0x0, 0x0, 0x0, 0x0, 0xdf, 0xd3, 0xff, 0x80,
    0x0, 0x0, 0x0, 0xd, 0xfd, 0x3f, 0xf8, 0x0,
    0x0, 0x0, 0x0, 0xdf, 0xd3, 0xff, 0x80, 0x0,
    0x0, 0x0, 0xd, 0xfd, 0x3f, 0xf8, 0x0, 0x0,
    0x0, 0x0, 0xdf, 0xd3, 0xff, 0x80, 0x0, 0x0,
    0x0, 0xd, 0xfd, 0x3f, 0xf8, 0x0, 0x0, 0x0,
    0x0, 0xdf, 0xd2, 0xff, 0x80, 0x0, 0x0, 0x0,
    0xd, 0xfd, 0x1f, 0xfa, 0x0, 0x0, 0x0, 0x0,
    0xff, 0xc0, 0xef, 0xf1, 0x0, 0x0, 0x0, 0x6f,
    0xf9, 0x8, 0xff, 0xd2, 0x0, 0x0, 0x5f, 0xff,
    0x30, 0xd, 0xff, 0xfb, 0x99, 0xdf, 0xff, 0x80,
    0x0, 0x1c, 0xff, 0xff, 0xff, 0xff, 0x80, 0x0,
    0x0, 0x5, 0xbe, 0xff, 0xd9, 0x20, 0x0,

    /* U+0056 "V" */
    0x5f, 0xf8, 0x0, 0x0, 0x0, 0x0, 0xc, 0xff,
    0x10, 0xff, 0xd0, 0x0, 0x0, 0x0, 0x1, 0xff,
    0xc0, 0xa, 0xff, 0x30, 0x0, 0x0, 0x0, 0x7f,
    0xf6, 0x0, 0x4f, 0xf8, 0x0, 0x0, 0x0, 0xc,
    0xff, 0x10, 0x0, 0xef, 0xd0, 0x0, 0x0, 0x1,
    0xff, 0xb0, 0x0, 0x9, 0xff, 0x20, 0x0, 0x0,
    0x6f, 0xf5, 0x0, 0x0, 0x3f, 0xf7, 0x0, 0x0,
    0xc, 0xff, 0x0, 0x0, 0x0, 0xef, 0xd0, 0x0,
    0x1, 0xff, 0xa0, 0x0, 0x0, 0x8, 0xff, 0x20,
    0x0, 0x6f, 0xf4, 0x0, 0x0, 0x0, 0x2f, 0xf7,
    0x0, 0xb, 0xfe, 0x0, 0x0, 0x0, 0x0, 0xdf,
    0xc0, 0x1, 0xff, 0x90, 0x0, 0x0, 0x0, 0x7,
    0xff, 0x20, 0x6f, 0xf3, 0x0, 0x0, 0x0, 0x0,
    0x2f, 0xf7, 0xb, 0xfd, 0x0, 0x0, 0x0, 0x0,
    0x0, 0xcf, 0xc1, 0xff, 0x80, 0x0, 0x0, 0x0,
    0x0, 0x6, 0xff, 0x8f, 0xf2, 0x0, 0x0, 0x0,
    0x0, 0x0, 0x1f, 0xff, 0xfc, 0x0, 0x0, 0x0,
    0x0, 0x0, 0x0, 0xbf, 0xff, 0x70, 0x0, 0x0,
    0x0, 0x0, 0x0, 0x5, 0xff, 0xf1, 0x0, 0x0,
    0x0,

    /* U+0057 "W" */
    0x7f, 0xf5, 0x0, 0x0, 0x0, 0xbf, 0xf5, 0x0,
    0x0, 0x0, 0xcf, 0xf1, 0x3f, 0xf9, 0x0, 0x0,
    0x0, 0xff, 0xf9, 0x0, 0x0, 0x0, 0xff, 0xc0,
    0xe, 0xfd, 0x0, 0x0, 0x4, 0xff, 0xfd, 0x0,
    0x0, 0x4, 0xff, 0x80, 0xa, 0xff, 0x10, 0x0,
    0x8, 0xff, 0xff, 0x10, 0x0, 0x8, 0xff, 0x30,
    0x6, 0xff, 0x50, 0x0, 0xc, 0xfe, 0xff, 0x50,
    0x0, 0xb, 0xff, 0x0, 0x1, 0xff, 0x90, 0x0,
    0xf, 0xf7, 0xdf, 0x90, 0x0, 0xf, 0xfb, 0x0,
    0x0, 0xdf, 0xd0, 0x0, 0x4f, 0xf3, 0x9f, 0xd0,
    0x0, 0x3f, 0xf6, 0x0, 0x0, 0x9f, 0xf1, 0x0,
    0x8f, 0xe0, 0x5f, 0xf1, 0x0, 0x7f, 0xf2, 0x0,
    0x0, 0x4f, 0xf5, 0x0, 0xcf, 0xa0, 0x1f, 0xf6,
    0x0, 0xbf, 0xd0, 0x0, 0x0, 0xf, 0xf9, 0x0,
    0xff, 0x50, 0xc, 0xfa, 0x0, 0xff, 0x90, 0x0,
    0x0, 0xb, 0xfd, 0x4, 0xff, 0x10, 0x8, 0xfe,
    0x3, 0xff, 0x50, 0x0, 0x0, 0x7, 0xff, 0x18,
    0xfc, 0x0, 0x3, 0xff, 0x27, 0xff, 0x10, 0x0,
    0x0, 0x3, 0xff, 0x5d, 0xf8, 0x0, 0x0, 0xff,
    0x6b, 0xfc, 0x0, 0x0, 0x0, 0x0, 0xef, 0xaf,
    0xf4, 0x0, 0x0, 0xaf, 0xbf, 0xf8, 0x0, 0x0,
    0x0, 0x0, 0xaf, 0xff, 0xf0, 0x0, 0x0, 0x6f,
    0xff, 0xf3, 0x0, 0x0, 0x0, 0x0, 0x6f, 0xff,
    0xb0, 0x0, 0x0, 0x2f, 0xff, 0xf0, 0x0, 0x0,
    0x0, 0x0, 0x1f, 0xff, 0x60, 0x0, 0x0, 0xd,
    0xff, 0xb0, 0x0, 0x0, 0x0, 0x0, 0xd, 0xff,
    0x20, 0x0, 0x0, 0x9, 0xff, 0x60, 0x0, 0x0,

    /* U+0058 "X" */
    0x2f, 0xfe, 0x0, 0x0, 0x0, 0x1, 0xff, 0xf1,
    0x8, 0xff, 0x80, 0x0, 0x0, 0xa, 0xff, 0x60,
    0x0, 0xdf, 0xf2, 0x0, 0x0, 0x3f, 0xfc, 0x0,
    0x0, 0x4f, 0xfb, 0x0, 0x0, 0xcf, 0xf3, 0x0,
    0x0, 0xa, 0xff, 0x40, 0x6, 0xff, 0x90, 0x0,
    0x0, 0x1, 0xff, 0xd0, 0x1e, 0xfe, 0x10, 0x0,
    0x0, 0x0, 0x6f, 0xf7, 0x9f, 0xf5, 0x0, 0x0,
    0x0, 0x0, 0xc, 0xff, 0xff, 0xc0, 0x0, 0x0,
    0x0, 0x0, 0x2, 0xff, 0xff, 0x20, 0x0, 0x0,
    0x0, 0x0, 0x2, 0xff, 0xff, 0x20, 0x0, 0x0,
    0x0, 0x0, 0xc, 0xff, 0xff, 0xc0, 0x0, 0x0,
    0x0, 0x0, 0x6f, 0xfa, 0xbf, 0xf6, 0x0, 0x0,
    0x0, 0x1, 0xff, 0xe1, 0x2f, 0xfe, 0x10, 0x0,
    0x0, 0xa, 0xff, 0x60, 0x8, 0xff, 0x90, 0x0,
    0x0, 0x4f, 0xfc, 0x0, 0x0, 0xdf, 0xf3, 0x0,
    0x0, 0xef, 0xf3, 0x0, 0x0, 0x4f, 0xfd, 0x0,
    0x8, 0xff, 0x90, 0x0, 0x0, 0xa, 0xff, 0x70,
    0x3f, 0xfe, 0x0, 0x0, 0x0, 0x1, 0xff, 0xf1,

    /* U+0059 "Y" */
    0x4f, 0xfc, 0x0, 0x0, 0x0, 0x0, 0x6f, 0xfa,
    0xa, 0xff, 0x50, 0x0, 0x0, 0x0, 0xef, 0xf1,
    0x2, 0xff, 0xd0, 0x0, 0x0, 0x8, 0xff, 0x70,
    0x0, 0x8f, 0xf7, 0x0, 0x0, 0x2f, 0xfd, 0x0,
    0x0, 0xe, 0xff, 0x10, 0x0, 0xaf, 0xf4, 0x0,
    0x0, 0x5, 0xff, 0x90, 0x3, 0xff, 0xb0, 0x0,
    0x0, 0x0, 0xcf, 0xf2, 0xc, 0xff, 0x20, 0x0,
    0x0, 0x0, 0x2f, 0xfb, 0x5f, 0xf8, 0x0, 0x0,
    0x0, 0x0, 0x9, 0xff, 0xff, 0xe0, 0x0, 0x0,
    0x0, 0x0, 0x1, 0xef, 0xff, 0x50, 0x0, 0x0,
    0x0, 0x0, 0x0, 0x6f, 0xfc, 0x0, 0x0, 0x0,
    0x0, 0x0, 0x0, 0x2f, 0xf8, 0x0, 0x0, 0x0,
    0x0, 0x0, 0x0, 0x2f, 0xf8, 0x0, 0x0, 0x0,
    0x0, 0x0, 0x0, 0x2f, 0xf8, 0x0, 0x0, 0x0,
    0x0, 0x0, 0x0, 0x2f, 0xf8, 0x0, 0x0, 0x0,
    0x0, 0x0, 0x0, 0x2f, 0xf8, 0x0, 0x0, 0x0,
    0x0, 0x0, 0x0, 0x2f, 0xf8, 0x0, 0x0, 0x0,
    0x0, 0x0, 0x0, 0x2f, 0xf8, 0x0, 0x0, 0x0,

    /* U+005A "Z" */
    0xbf, 0xff, 0xff, 0xff, 0xff, 0xff, 0xeb, 0xff,
    0xff, 0xff, 0xff, 0xff, 0xfe, 0x46, 0x66, 0x66,
    0x66, 0x6b, 0xff, 0x70, 0x0, 0x0, 0x0, 0x2,
    0xff, 0xc0, 0x0, 0x0, 0x0, 0x0, 0xcf, 0xf2,
    0x0, 0x0, 0x0, 0x0, 0x7f, 0xf7, 0x0, 0x0,
    0x0, 0x0, 0x2f, 0xfc, 0x0, 0x0, 0x0, 0x0,
    0xc, 0xff, 0x20, 0x0, 0x0, 0x0, 0x7, 0xff,
    0x60, 0x0, 0x0, 0x0, 0x3, 0xff, 0xc0, 0x0,
    0x0, 0x0, 0x0, 0xdf, 0xf2, 0x0, 0x0, 0x0,
    0x0, 0x8f, 0xf6, 0x0, 0x0, 0x0, 0x0, 0x3f,
    0xfb, 0x0, 0x0, 0x0, 0x0, 0xd, 0xff, 0x10,
    0x0, 0x0, 0x0, 0x9, 0xff, 0x50, 0x0, 0x0,
    0x0, 0x3, 0xff, 0xe6, 0x66, 0x66, 0x66, 0x66,
    0xaf, 0xff, 0xff, 0xff, 0xff, 0xff, 0xfa, 0xff,
    0xff, 0xff, 0xff, 0xff, 0xff,

    /* U+005B "[" */
    0x2, 0x22, 0x22, 0x6, 0xff, 0xff, 0xf5, 0x6f,
    0xff, 0xff, 0x56, 0xff, 0x10, 0x0, 0x6f, 0xf1,
    0x0, 0x6, 0xff, 0x10, 0x0, 0x6f, 0xf1, 0x0,
    0x6, 0xff, 0x10, 0x0, 0x6f, 0xf1, 0x0, 0x6,
    0xff, 0x10, 0x0, 0x6f, 0xf1, 0x0, 0x6, 0xff,
    0x10, 0x0, 0x6f, 0xf1, 0x0, 0x6, 0xff, 0x10,
    0x0, 0x6f, 0xf1, 0x0, 0x6, 0xff, 0x10, 0x0,
    0x6f, 0xf1, 0x0, 0x6, 0xff, 0x10, 0x0, 0x6f,
    0xf1, 0x0, 0x6, 0xff, 0x10, 0x0, 0x6f, 0xf1,
    0x0, 0x6, 0xff, 0x10, 0x0, 0x6f, 0xf4, 0x22,
    0x6, 0xff, 0xff, 0xf5, 0x6f, 0xff, 0xff, 0x50,

    /* U+005C "\\" */
    0x8f, 0xc0, 0x0, 0x0, 0x4, 0xff, 0x0, 0x0,
    0x0, 0xf, 0xf4, 0x0, 0x0, 0x0, 0xcf, 0x80,
    0x0, 0x0, 0x8, 0xfc, 0x0, 0x0, 0x0, 0x4f,
    0xf1, 0x0, 0x0, 0x0, 0xff, 0x50, 0x0, 0x0,
    0xb, 0xf9, 0x0, 0x0, 0x0, 0x7f, 0xd0, 0x0,
    0x0, 0x3, 0xff, 0x10, 0x0, 0x0, 0xf, 0xf5,
    0x0, 0x0, 0x0, 0xbf, 0x90, 0x0, 0x0, 0x7,
    0xfe, 0x0, 0x0, 0x0, 0x2f, 0xf2, 0x0, 0x0,
    0x0, 0xef, 0x60, 0x0, 0x0, 0xa, 0xfa, 0x0,
    0x0, 0x0, 0x6f, 0xe0, 0x0, 0x0, 0x2, 0xff,
    0x20, 0x0, 0x0, 0xe, 0xf7, 0x0, 0x0, 0x0,
    0xaf, 0xb0, 0x0, 0x0, 0x6, 0xff, 0x0, 0x0,
    0x0, 0x1f, 0xf3,

    /* U+005D "]" */
    0x2, 0x22, 0x22, 0x6, 0xff, 0xff, 0xf5, 0x6f,
    0xff, 0xff, 0x50, 0x0, 0x2f, 0xf5, 0x0, 0x2,
    0xff, 0x50, 0x0, 0x2f, 0xf5, 0x0, 0x2, 0xff,
    0x50, 0x0, 0x2f, 0xf5, 0x0, 0x2, 0xff, 0x50,
    0x0, 0x2f, 0xf5, 0x0, 0x2, 0xff, 0x50, 0x0,
    0x2f, 0xf5, 0x0, 0x2, 0xff, 0x50, 0x0, 0x2f,
    0xf5, 0x0, 0x2, 0xff, 0x50, 0x0, 0x2f, 0xf5,
    0x0, 0x2, 0xff, 0x50, 0x0, 0x2f, 0xf5, 0x0,
    0x2, 0xff, 0x50, 0x0, 0x2f, 0xf5, 0x0, 0x2,
    0xff, 0x50, 0x0, 0x2f, 0xf5, 0x12, 0x24, 0xff,
    0x56, 0xff, 0xff, 0xf5, 0x6f, 0xff, 0xff, 0x50,

    /* U+005E "^" */
    0x0, 0x0, 0x68, 0x80, 0x0, 0x0, 0x0, 0x2f,
    0xff, 0x50, 0x0, 0x0, 0x9, 0xff, 0xfc, 0x0,
    0x0, 0x1, 0xff, 0x7f, 0xf4, 0x0, 0x0, 0x7f,
    0xe0, 0xaf, 0xb0, 0x0, 0xe, 0xf7, 0x3, 0xff,
    0x20, 0x5, 0xff, 0x10, 0xc, 0xf9, 0x0, 0xdf,
    0x90, 0x0, 0x5f, 0xf1, 0x17, 0x72, 0x0, 0x0,
    0x77, 0x20,

    /* U+005F "_" */
    0x4, 0x44, 0x44, 0x44, 0x44, 0x44, 0x3, 0xff,
    0xff, 0xff, 0xff, 0xff, 0xf1, 0x3f, 0xff, 0xff,
    0xff, 0xff, 0xff, 0x10,

    /* U+0060 "`" */
    0x2f, 0xf8, 0x0, 0x7, 0xff, 0x10, 0x0, 0xcf,
    0x80, 0x0, 0x2f, 0xf1,

    /* U+0061 "a" */
    0x0, 0x3, 0xae, 0xff, 0xc7, 0x0, 0x0, 0x6f,
    0xff, 0xff, 0xff, 0xc0, 0x2, 0xff, 0xe6, 0x34,
    0xaf, 0xf8, 0x7, 0xee, 0x20, 0x0, 0xc, 0xfd,
    0x0, 0x0, 0x0, 0x0, 0x9, 0xff, 0x0, 0x0,
    0x0, 0x0, 0x9, 0xff, 0x0, 0x2a, 0xef, 0xff,
    0xff, 0xff, 0x4, 0xff, 0xff, 0xed, 0xbe, 0xff,
    0xd, 0xff, 0x60, 0x0, 0x9, 0xff, 0xf, 0xf9,
    0x0, 0x0, 0xa, 0xff, 0xf, 0xfa, 0x0, 0x0,
    0x2f, 0xff, 0xb, 0xff, 0x83, 0x37, 0xef, 0xff,
    0x2, 0xff, 0xff, 0xff, 0xd9, 0xff, 0x0, 0x2a,
    0xef, 0xe9, 0x18, 0xff,

    /* U+0062 "b" */
    0x3f, 0xf6, 0x0, 0x0, 0x0, 0x0, 0x3, 0xff,
    0x60, 0x0, 0x0, 0x0, 0x0, 0x3f, 0xf6, 0x0,
    0x0, 0x0, 0x0, 0x3, 0xff, 0x60, 0x0, 0x0,
    0x0, 0x0, 0x3f, 0xf6, 0x19, 0xef, 0xe8, 0x10,
    0x3, 0xff, 0x7d, 0xff, 0xff, 0xfe, 0x20, 0x3f,
    0xfe, 0xf9, 0x56, 0xcf, 0xfc, 0x3, 0xff, 0xf5,
    0x0, 0x0, 0xbf, 0xf5, 0x3f, 0xfc, 0x0, 0x0,
    0x2, 0xff, 0xa3, 0xff, 0x70, 0x0, 0x0, 0xd,
    0xfd, 0x3f, 0xf5, 0x0, 0x0, 0x0, 0xbf, 0xe3,
    0xff, 0x50, 0x0, 0x0, 0xb, 0xfe, 0x3f, 0xf7,
    0x0, 0x0, 0x0, 0xdf, 0xd3, 0xff, 0xc0, 0x0,
    0x0, 0x2f, 0xfa, 0x3f, 0xff, 0x50, 0x0, 0xb,
    0xff, 0x43, 0xff, 0xdf, 0x95, 0x6c, 0xff, 0xc0,
    0x3f, 0xf5, 0xcf, 0xff, 0xff, 0xe2, 0x3, 0xff,
    0x51, 0x9e, 0xfe, 0x81, 0x0,

    /* U+0063 "c" */
    0x0, 0x0, 0x6c, 0xff, 0xd9, 0x10, 0x0, 0x1,
    0xcf, 0xff, 0xff, 0xff, 0x40, 0x0, 0xbf, 0xfb,
    0x54, 0x8f, 0xfe, 0x10, 0x4f, 0xfa, 0x0, 0x0,
    0x6f, 0xf6, 0xa, 0xff, 0x10, 0x0, 0x0, 0x89,
    0x50, 0xef, 0xc0, 0x0, 0x0, 0x0, 0x0, 0xf,
    0xfa, 0x0, 0x0, 0x0, 0x0, 0x0, 0xff, 0xa0,
    0x0, 0x0, 0x0, 0x0, 0xe, 0xfc, 0x0, 0x0,
    0x0, 0x0, 0x0, 0xaf, 0xf1, 0x0, 0x0, 0x9,
    0x95, 0x4, 0xff, 0xb0, 0x0, 0x5, 0xff, 0x60,
    0xb, 0xff, 0xc6, 0x59, 0xff, 0xe0, 0x0, 0x1c,
    0xff, 0xff, 0xff, 0xe3, 0x0, 0x0, 0x6, 0xcf,
    0xfd, 0x91, 0x0,

    /* U+0064 "d" */
    0x0, 0x0, 0x0, 0x0, 0x7, 0xff, 0x20, 0x0,
    0x0, 0x0, 0x0, 0x7f, 0xf2, 0x0, 0x0, 0x0,
    0x0, 0x7, 0xff, 0x20, 0x0, 0x0, 0x0, 0x0,
    0x7f, 0xf2, 0x0, 0x19, 0xef, 0xe9, 0x17, 0xff,
    0x20, 0x2e, 0xff, 0xff, 0xfc, 0x8f, 0xf2, 0xd,
    0xff, 0xb6, 0x59, 0xfe, 0xff, 0x26, 0xff, 0xa0,
    0x0, 0x6, 0xff, 0xf2, 0xbf, 0xf1, 0x0, 0x0,
    0xc, 0xff, 0x2e, 0xfc, 0x0, 0x0, 0x0, 0x8f,
    0xf2, 0xff, 0xa0, 0x0, 0x0, 0x6, 0xff, 0x2f,
    0xfa, 0x0, 0x0, 0x0, 0x6f, 0xf2, 0xef, 0xc0,
    0x0, 0x0, 0x8, 0xff, 0x2b, 0xff, 0x10, 0x0,
    0x0, 0xdf, 0xf2, 0x5f, 0xfa, 0x0, 0x0, 0x6f,
    0xff, 0x20, 0xdf, 0xfc, 0x55, 0x9f, 0xef, 0xf2,
    0x2, 0xef, 0xff, 0xff, 0xc7, 0xff, 0x20, 0x1,
    0x9e, 0xfe, 0x90, 0x6f, 0xf2,

    /* U+0065 "e" */
    0x0, 0x0, 0x6c, 0xff, 0xd8, 0x10, 0x0, 0x0,
    0x1c, 0xff, 0xff, 0xff, 0xe2, 0x0, 0x0, 0xbf,
    0xfa, 0x44, 0x8f, 0xfd, 0x0, 0x4, 0xff, 0x70,
    0x0, 0x4, 0xff, 0x60, 0xa, 0xfd, 0x0, 0x0,
    0x0, 0xcf, 0xb0, 0xe, 0xfa, 0x0, 0x0, 0x0,
    0x9f, 0xe0, 0xf, 0xff, 0xff, 0xff, 0xff, 0xff,
    0xf0, 0xf, 0xff, 0xff, 0xff, 0xff, 0xff, 0xf0,
    0xe, 0xfa, 0x0, 0x0, 0x0, 0x0, 0x0, 0xa,
    0xfe, 0x0, 0x0, 0x0, 0x0, 0x0, 0x5, 0xff,
    0x80, 0x0, 0x0, 0x99, 0x70, 0x0, 0xbf, 0xfa,
    0x54, 0x6d, 0xff, 0x50, 0x0, 0x1c, 0xff, 0xff,
    0xff, 0xf8, 0x0, 0x0, 0x0, 0x6c, 0xff, 0xea,
    0x40, 0x0,

    /* U+0066 "f" */
    0x0, 0x0, 0x26, 0x76, 0x10, 0x0, 0x7f, 0xff,
    0xf3, 0x0, 0x3f, 0xff, 0xed, 0x20, 0x7, 0xff,
    0x70, 0x0, 0x0, 0x8f, 0xf1, 0x0, 0x9, 0xff,
    0xff, 0xff, 0xe0, 0x9f, 0xff, 0xff, 0xfe, 0x1,
    0x2a, 0xff, 0x42, 0x20, 0x0, 0x8f, 0xf1, 0x0,
    0x0, 0x8, 0xff, 0x10, 0x0, 0x0, 0x8f, 0xf1,
    0x0, 0x0, 0x8, 0xff, 0x10, 0x0, 0x0, 0x8f,
    0xf1, 0x0, 0x0, 0x8, 0xff, 0x10, 0x0, 0x0,
    0x8f, 0xf1, 0x0, 0x0, 0x8, 0xff, 0x10, 0x0,
    0x0, 0x8f, 0xf1, 0x0, 0x0, 0x8, 0xff, 0x10,
    0x0, 0x0, 0x8f, 0xf1, 0x0, 0x0,

    /* U+0067 "g" */
    0x0, 0x19, 0xef, 0xe9, 0x16, 0xff, 0x20, 0x2e,
    0xff, 0xff, 0xfc, 0x7f, 0xf2, 0xd, 0xff, 0xc6,
    0x59, 0xfe, 0xff, 0x25, 0xff, 0xb0, 0x0, 0x6,
    0xff, 0xf2, 0xbf, 0xf2, 0x0, 0x0, 0xd, 0xff,
    0x2e, 0xfd, 0x0, 0x0, 0x0, 0x8f, 0xf2, 0xff,
    0xb0, 0x0, 0x0, 0x7, 0xff, 0x2f, 0xfa, 0x0,
    0x0, 0x0, 0x6f, 0xf2, 0xef, 0xc0, 0x0, 0x0,
    0x8, 0xff, 0x2b, 0xff, 0x10, 0x0, 0x0, 0xcf,
    0xf2, 0x6f, 0xf9, 0x0, 0x0, 0x5f, 0xff, 0x20,
    0xdf, 0xfb, 0x54, 0x8f, 0xef, 0xf2, 0x2, 0xef,
    0xff, 0xff, 0xd7, 0xff, 0x20, 0x1, 0x9e, 0xfe,
    0x91, 0x7f, 0xf2, 0x0, 0x0, 0x0, 0x0, 0x7,
    0xff, 0x16, 0xcc, 0x20, 0x0, 0x0, 0xcf, 0xe0,
    0x4f, 0xfe, 0x63, 0x35, 0xcf, 0xf7, 0x0, 0x8f,
    0xff, 0xff, 0xff, 0xfa, 0x0, 0x0, 0x3a, 0xdf,
    0xfe, 0xb5, 0x0, 0x0,

    /* U+0068 "h" */
    0x6f, 0xf2, 0x0, 0x0, 0x0, 0x0, 0x6f, 0xf2,
    0x0, 0x0, 0x0, 0x0, 0x6f, 0xf2, 0x0, 0x0,
    0x0, 0x0, 0x6f, 0xf2, 0x0, 0x0, 0x0, 0x0,
    0x6f, 0xf2, 0x2b, 0xff, 0xd7, 0x0, 0x6f, 0xf5,
    0xff, 0xff, 0xff, 0xb0, 0x6f, 0xfe, 0xd7, 0x59,
    0xff, 0xf4, 0x6f, 0xfd, 0x10, 0x0, 0x5f, 0xf9,
    0x6f, 0xf6, 0x0, 0x0, 0xe, 0xfc, 0x6f, 0xf3,
    0x0, 0x0, 0xd, 0xfc, 0x6f, 0xf3, 0x0, 0x0,
    0xd, 0xfc, 0x6f, 0xf3, 0x0, 0x0, 0xd, 0xfc,
    0x6f, 0xf3, 0x0, 0x0, 0xd, 0xfc, 0x6f, 0xf3,
    0x0, 0x0, 0xd, 0xfc, 0x6f, 0xf3, 0x0, 0x0,
    0xd, 0xfc, 0x6f, 0xf3, 0x0, 0x0, 0xd, 0xfc,
    0x6f, 0xf3, 0x0, 0x0, 0xd, 0xfc, 0x6f, 0xf3,
    0x0, 0x0, 0xd, 0xfc,

    /* U+0069 "i" */
    0x6, 0x50, 0x9f, 0xf6, 0xaf, 0xf7, 0x19, 0x80,
    0x0, 0x0, 0x6f, 0xf3, 0x6f, 0xf3, 0x6f, 0xf3,
    0x6f, 0xf3, 0x6f, 0xf3, 0x6f, 0xf3, 0x6f, 0xf3,
    0x6f, 0xf3, 0x6f, 0xf3, 0x6f, 0xf3, 0x6f, 0xf3,
    0x6f, 0xf3, 0x6f, 0xf3, 0x6f, 0xf3,

    /* U+006A "j" */
    0x0, 0x6, 0x50, 0x0, 0x9f, 0xf5, 0x0, 0xaf,
    0xf6, 0x0, 0x1a, 0x80, 0x0, 0x0, 0x0, 0x0,
    0x6f, 0xf3, 0x0, 0x6f, 0xf3, 0x0, 0x6f, 0xf3,
    0x0, 0x6f, 0xf3, 0x0, 0x6f, 0xf3, 0x0, 0x6f,
    0xf3, 0x0, 0x6f, 0xf3, 0x0, 0x6f, 0xf3, 0x0,
    0x6f, 0xf3, 0x0, 0x6f, 0xf3, 0x0, 0x6f, 0xf3,
    0x0, 0x6f, 0xf3, 0x0, 0x6f, 0xf3, 0x0, 0x6f,
    0xf3, 0x0, 0x6f, 0xf3, 0x0, 0x8f, 0xf2, 0x37,
    0xff, 0xe0, 0x9f, 0xff, 0x60, 0x9f, 0xc5, 0x0,

    /* U+006B "k" */
    0x6f, 0xf3, 0x0, 0x0, 0x0, 0x0, 0x6, 0xff,
    0x30, 0x0, 0x0, 0x0, 0x0, 0x6f, 0xf3, 0x0,
    0x0, 0x0, 0x0, 0x6, 0xff, 0x30, 0x0, 0x0,
    0x0, 0x0, 0x6f, 0xf3, 0x0, 0x0, 0xbf, 0xf6,
    0x6, 0xff, 0x30, 0x0, 0x9f, 0xf7, 0x0, 0x6f,
    0xf3, 0x0, 0x8f, 0xf9, 0x0, 0x6, 0xff, 0x30,
    0x6f, 0xfb, 0x0, 0x0, 0x6f, 0xf3, 0x4f, 0xfc,
    0x0, 0x0, 0x6, 0xff, 0x6f, 0xfe, 0x10, 0x0,
    0x0, 0x6f, 0xff, 0xff, 0xb0, 0x0, 0x0, 0x6,
    0xff, 0xff, 0xff, 0x70, 0x0, 0x0, 0x6f, 0xfb,
    0x1e, 0xff, 0x30, 0x0, 0x6, 0xff, 0x30, 0x4f,
    0xfd, 0x0, 0x0, 0x6f, 0xf3, 0x0, 0x8f, 0xf9,
    0x0, 0x6, 0xff, 0x30, 0x0, 0xcf, 0xf5, 0x0,
    0x6f, 0xf3, 0x0, 0x2, 0xff, 0xf2, 0x6, 0xff,
    0x30, 0x0, 0x6, 0xff, 0xc0,

    /* U+006C "l" */
    0x6f, 0xf3, 0x6f, 0xf3, 0x6f, 0xf3, 0x6f, 0xf3,
    0x6f, 0xf3, 0x6f, 0xf3, 0x6f, 0xf3, 0x6f, 0xf3,
    0x6f, 0xf3, 0x6f, 0xf3, 0x6f, 0xf3, 0x6f, 0xf3,
    0x6f, 0xf3, 0x6f, 0xf3, 0x6f, 0xf3, 0x6f, 0xf3,
    0x6f, 0xf3, 0x6f, 0xf3,

    /* U+006D "m" */
    0x6f, 0xf1, 0x4c, 0xff, 0xb2, 0x1, 0x9e, 0xfe,
    0x80, 0x6, 0xff, 0x6f, 0xff, 0xff, 0xe2, 0xdf,
    0xff, 0xff, 0xb0, 0x6f, 0xff, 0xa3, 0x4b, 0xff,
    0xee, 0x63, 0x5e, 0xff, 0x46, 0xff, 0xb0, 0x0,
    0xe, 0xff, 0x40, 0x0, 0x3f, 0xf8, 0x6f, 0xf4,
    0x0, 0x0, 0xbf, 0xf0, 0x0, 0x0, 0xff, 0xa6,
    0xff, 0x30, 0x0, 0xb, 0xfe, 0x0, 0x0, 0xf,
    0xfa, 0x6f, 0xf3, 0x0, 0x0, 0xbf, 0xe0, 0x0,
    0x0, 0xff, 0xa6, 0xff, 0x30, 0x0, 0xb, 0xfe,
    0x0, 0x0, 0xf, 0xfa, 0x6f, 0xf3, 0x0, 0x0,
    0xbf, 0xe0, 0x0, 0x0, 0xff, 0xa6, 0xff, 0x30,
    0x0, 0xb, 0xfe, 0x0, 0x0, 0xf, 0xfa, 0x6f,
    0xf3, 0x0, 0x0, 0xbf, 0xe0, 0x0, 0x0, 0xff,
    0xa6, 0xff, 0x30, 0x0, 0xb, 0xfe, 0x0, 0x0,
    0xf, 0xfa, 0x6f, 0xf3, 0x0, 0x0, 0xbf, 0xe0,
    0x0, 0x0, 0xff, 0xa6, 0xff, 0x30, 0x0, 0xb,
    0xfe, 0x0, 0x0, 0xf, 0xfa,

    /* U+006E "n" */
    0x6f, 0xf1, 0x4b, 0xff, 0xd6, 0x0, 0x6f, 0xf5,
    0xff, 0xff, 0xff, 0x90, 0x6f, 0xff, 0xb4, 0x36,
    0xff, 0xf2, 0x6f, 0xfc, 0x0, 0x0, 0x5f, 0xf7,
    0x6f, 0xf5, 0x0, 0x0, 0xf, 0xfa, 0x6f, 0xf3,
    0x0, 0x0, 0xe, 0xfa, 0x6f, 0xf3, 0x0, 0x0,
    0xe, 0xfa, 0x6f, 0xf3, 0x0, 0x0, 0xe, 0xfa,
    0x6f, 0xf3, 0x0, 0x0, 0xe, 0xfa, 0x6f, 0xf3,
    0x0, 0x0, 0xe, 0xfa, 0x6f, 0xf3, 0x0, 0x0,
    0xe, 0xfa, 0x6f, 0xf3, 0x0, 0x0, 0xe, 0xfa,
    0x6f, 0xf3, 0x0, 0x0, 0xe, 0xfa, 0x6f, 0xf3,
    0x0, 0x0, 0xe, 0xfa,

    /* U+006F "o" */
    0x0, 0x0, 0x6c, 0xff, 0xd9, 0x10, 0x0, 0x0,
    0x1c, 0xff, 0xff, 0xff, 0xf4, 0x0, 0x0, 0xbf,
    0xfb, 0x54, 0x8f, 0xff, 0x20, 0x4, 0xff, 0xa0,
    0x0, 0x4, 0xff, 0xa0, 0xa, 0xff, 0x10, 0x0,
    0x0, 0xbf, 0xf0, 0xe, 0xfc, 0x0, 0x0, 0x0,
    0x6f, 0xf3, 0xf, 0xfa, 0x0, 0x0, 0x0, 0x4f,
    0xf5, 0xf, 0xfa, 0x0, 0x0, 0x0, 0x4f, 0xf5,
    0xe, 0xfc, 0x0, 0x0, 0x0, 0x6f, 0xf3, 0xa,
    0xff, 0x10, 0x0, 0x0, 0xbf, 0xf0, 0x4, 0xff,
    0xa0, 0x0, 0x4, 0xff, 0xa0, 0x0, 0xbf, 0xfb,
    0x54, 0x8f, 0xff, 0x20, 0x0, 0x1c, 0xff, 0xff,
    0xff, 0xf4, 0x0, 0x0, 0x0, 0x6c, 0xff, 0xd9,
    0x10, 0x0,

    /* U+0070 "p" */
    0x6f, 0xf2, 0x3b, 0xff, 0xd7, 0x0, 0x6, 0xff,
    0x5f, 0xff, 0xff, 0xfc, 0x0, 0x6f, 0xfe, 0xd5,
    0x24, 0xbf, 0xf9, 0x6, 0xff, 0xe1, 0x0, 0x0,
    0xcf, 0xf1, 0x6f, 0xf8, 0x0, 0x0, 0x4, 0xff,
    0x66, 0xff, 0x40, 0x0, 0x0, 0xf, 0xf9, 0x6f,
    0xf2, 0x0, 0x0, 0x0, 0xff, 0xa6, 0xff, 0x20,
    0x0, 0x0, 0xf, 0xfa, 0x6f, 0xf4, 0x0, 0x0,
    0x1, 0xff, 0x96, 0xff, 0x90, 0x0, 0x0, 0x6f,
    0xf6, 0x6f, 0xff, 0x30, 0x0, 0x1e, 0xff, 0x16,
    0xff, 0xef, 0x75, 0x7d, 0xff, 0x90, 0x6f, 0xf5,
    0xef, 0xff, 0xff, 0xc0, 0x6, 0xff, 0x32, 0xaf,
    0xfd, 0x70, 0x0, 0x6f, 0xf3, 0x0, 0x0, 0x0,
    0x0, 0x6, 0xff, 0x30, 0x0, 0x0, 0x0, 0x0,
    0x6f, 0xf3, 0x0, 0x0, 0x0, 0x0, 0x6, 0xff,
    0x30, 0x0, 0x0, 0x0, 0x0, 0x6f, 0xf3, 0x0,
    0x0, 0x0, 0x0, 0x0,

    /* U+0071 "q" */
    0x0, 0x19, 0xef, 0xe9, 0x16, 0xff, 0x20, 0x2e,
    0xff, 0xff, 0xfc, 0x7f, 0xf2, 0xd, 0xff, 0xb6,
    0x59, 0xfe, 0xff, 0x26, 0xff, 0xa0, 0x0, 0x6,
    0xff, 0xf2, 0xbf, 0xf1, 0x0, 0x0, 0xc, 0xff,
    0x2e, 0xfc, 0x0, 0x0, 0x0, 0x8f, 0xf2, 0xff,
    0xa0, 0x0, 0x0, 0x6, 0xff, 0x2f, 0xfa, 0x0,
    0x0, 0x0, 0x6f, 0xf2, 0xef, 0xc0, 0x0, 0x0,
    0x8, 0xff, 0x2b, 0xff, 0x10, 0x0, 0x0, 0xdf,
    0xf2, 0x5f, 0xfa, 0x0, 0x0, 0x6f, 0xff, 0x20,
    0xdf, 0xfc, 0x55, 0x9f, 0xef, 0xf2, 0x2, 0xef,
    0xff, 0xff, 0xc8, 0xff, 0x20, 0x1, 0x9e, 0xfe,
    0x90, 0x7f, 0xf2, 0x0, 0x0, 0x0, 0x0, 0x7,
    0xff, 0x20, 0x0, 0x0, 0x0, 0x0, 0x7f, 0xf2,
    0x0, 0x0, 0x0, 0x0, 0x7, 0xff, 0x20, 0x0,
    0x0, 0x0, 0x0, 0x7f, 0xf2, 0x0, 0x0, 0x0,
    0x0, 0x7, 0xff, 0x20,

    /* U+0072 "r" */
    0x0, 0x0, 0x0, 0x0, 0x6f, 0xf1, 0x5d, 0xfb,
    0x6f, 0xf7, 0xff, 0xfb, 0x6f, 0xff, 0xd6, 0x44,
    0x6f, 0xfd, 0x0, 0x0, 0x6f, 0xf5, 0x0, 0x0,
    0x6f, 0xf3, 0x0, 0x0, 0x6f, 0xf3, 0x0, 0x0,
    0x6f, 0xf3, 0x0, 0x0, 0x6f, 0xf3, 0x0, 0x0,
    0x6f, 0xf3, 0x0, 0x0, 0x6f, 0xf3, 0x0, 0x0,
    0x6f, 0xf3, 0x0, 0x0, 0x6f, 0xf3, 0x0, 0x0,
    0x6f, 0xf3, 0x0, 0x0,

    /* U+0073 "s" */
    0x0, 0x5, 0xbe, 0xfe, 0xb4, 0x0, 0x0, 0x9f,
    0xff, 0xff, 0xff, 0x70, 0x4, 0xff, 0xc4, 0x24,
    0xdf, 0xf2, 0x9, 0xff, 0x10, 0x0, 0x2e, 0xe6,
    0x9, 0xff, 0x20, 0x0, 0x0, 0x0, 0x4, 0xff,
    0xe8, 0x30, 0x0, 0x0, 0x0, 0x8f, 0xff, 0xff,
    0xb6, 0x0, 0x0, 0x3, 0x9d, 0xff, 0xff, 0xc1,
    0x0, 0x0, 0x0, 0x15, 0xcf, 0xf8, 0x0, 0x0,
    0x0, 0x0, 0xf, 0xfc, 0xe, 0xfd, 0x0, 0x0,
    0xf, 0xfb, 0x9, 0xff, 0xa4, 0x35, 0xcf, 0xf6,
    0x0, 0xcf, 0xff, 0xff, 0xff, 0xa0, 0x0, 0x7,
    0xcf, 0xfe, 0xb5, 0x0,

    /* U+0074 "t" */
    0x0, 0x48, 0x80, 0x0, 0x0, 0x8f, 0xf1, 0x0,
    0x0, 0x8f, 0xf1, 0x0, 0x0, 0x8f, 0xf1, 0x0,
    0x7f, 0xff, 0xff, 0xfc, 0x7f, 0xff, 0xff, 0xfc,
    0x12, 0x9f, 0xf4, 0x22, 0x0, 0x8f, 0xf1, 0x0,
    0x0, 0x8f, 0xf1, 0x0, 0x0, 0x8f, 0xf1, 0x0,
    0x0, 0x8f, 0xf1, 0x0, 0x0, 0x8f, 0xf1, 0x0,
    0x0, 0x8f, 0xf1, 0x0, 0x0, 0x8f, 0xf1, 0x0,
    0x0, 0x8f, 0xf3, 0x0, 0x0, 0x5f, 0xfc, 0x76,
    0x0, 0xd, 0xff, 0xff, 0x0, 0x1, 0x9e, 0xfe,

    /* U+0075 "u" */
    0x6f, 0xf3, 0x0, 0x0, 0xf, 0xf9, 0x6f, 0xf3,
    0x0, 0x0, 0xf, 0xf9, 0x6f, 0xf3, 0x0, 0x0,
    0xf, 0xf9, 0x6f, 0xf3, 0x0, 0x0, 0xf, 0xf9,
    0x6f, 0xf3, 0x0, 0x0, 0xf, 0xf9, 0x6f, 0xf3,
    0x0, 0x0, 0xf, 0xf9, 0x6f, 0xf3, 0x0, 0x0,
    0xf, 0xf9, 0x6f, 0xf3, 0x0, 0x0, 0xf, 0xf9,
    0x6f, 0xf3, 0x0, 0x0, 0xf, 0xf9, 0x5f, 0xf4,
    0x0, 0x0, 0x3f, 0xf9, 0x3f, 0xfb, 0x0, 0x0,
    0xbf, 0xf9, 0xe, 0xff, 0xb5, 0x6c, 0xef, 0xf9,
    0x4, 0xff, 0xff, 0xff, 0x5f, 0xf9, 0x0, 0x4c,
    0xff, 0xc4, 0xf, 0xf9,

    /* U+0076 "v" */
    0x4f, 0xf7, 0x0, 0x0, 0x0, 0xff, 0xc0, 0xef,
    0xc0, 0x0, 0x0, 0x4f, 0xf7, 0x9, 0xff, 0x10,
    0x0, 0x9, 0xff, 0x10, 0x4f, 0xf6, 0x0, 0x0,
    0xef, 0xc0, 0x0, 0xef, 0xb0, 0x0, 0x3f, 0xf6,
    0x0, 0x9, 0xff, 0x10, 0x8, 0xff, 0x10, 0x0,
    0x3f, 0xf5, 0x0, 0xdf, 0xb0, 0x0, 0x0, 0xef,
    0xa0, 0x2f, 0xf6, 0x0, 0x0, 0x8, 0xff, 0x7,
    0xff, 0x10, 0x0, 0x0, 0x3f, 0xf4, 0xcf, 0xb0,
    0x0, 0x0, 0x0, 0xdf, 0xbf, 0xf5, 0x0, 0x0,
    0x0, 0x8, 0xff, 0xff, 0x0, 0x0, 0x0, 0x0,
    0x2f, 0xff, 0xa0, 0x0, 0x0, 0x0, 0x0, 0xdf,
    0xf5, 0x0, 0x0,

    /* U+0077 "w" */
    0x4f, 0xf6, 0x0, 0x0, 0x9f, 0xf6, 0x0, 0x0,
    0x9f, 0xf1, 0xf, 0xfa, 0x0, 0x0, 0xdf, 0xfa,
    0x0, 0x0, 0xdf, 0xc0, 0xb, 0xfe, 0x0, 0x1,
    0xff, 0xfe, 0x0, 0x1, 0xff, 0x80, 0x7, 0xff,
    0x20, 0x5, 0xff, 0xff, 0x20, 0x5, 0xff, 0x30,
    0x3, 0xff, 0x60, 0x9, 0xfa, 0xdf, 0x60, 0x9,
    0xff, 0x0, 0x0, 0xef, 0xa0, 0xd, 0xf6, 0x9f,
    0xa0, 0xd, 0xfb, 0x0, 0x0, 0xaf, 0xe0, 0x1f,
    0xf1, 0x5f, 0xe0, 0x1f, 0xf6, 0x0, 0x0, 0x5f,
    0xf2, 0x5f, 0xd0, 0x1f, 0xf2, 0x5f, 0xf2, 0x0,
    0x0, 0x1f, 0xf6, 0x9f, 0x90, 0xc, 0xf6, 0x9f,
    0xd0, 0x0, 0x0, 0xc, 0xfa, 0xdf, 0x50, 0x8,
    0xfa, 0xdf, 0x90, 0x0, 0x0, 0x8, 0xff, 0xff,
    0x10, 0x4, 0xff, 0xff, 0x40, 0x0, 0x0, 0x3,
    0xff, 0xfc, 0x0, 0x0, 0xff, 0xff, 0x0, 0x0,
    0x0, 0x0, 0xff, 0xf8, 0x0, 0x0, 0xbf, 0xfb,
    0x0, 0x0, 0x0, 0x0, 0xbf, 0xf4, 0x0, 0x0,
    0x7f, 0xf7, 0x0, 0x0,

    /* U+0078 "x" */
    0xe, 0xfe, 0x0, 0x0, 0xc, 0xff, 0x10, 0x5f,
    0xf7, 0x0, 0x5, 0xff, 0x70, 0x0, 0xcf, 0xf1,
    0x0, 0xdf, 0xd0, 0x0, 0x3, 0xff, 0x80, 0x6f,
    0xf4, 0x0, 0x0, 0x9, 0xff, 0x2e, 0xfb, 0x0,
    0x0, 0x0, 0x1e, 0xfe, 0xff, 0x20, 0x0, 0x0,
    0x0, 0x6f, 0xff, 0x80, 0x0, 0x0, 0x0, 0x7,
    0xff, 0xf8, 0x0, 0x0, 0x0, 0x1, 0xff, 0xff,
    0xf2, 0x0, 0x0, 0x0, 0xaf, 0xf3, 0xef, 0xb0,
    0x0, 0x0, 0x3f, 0xf9, 0x7, 0xff, 0x40, 0x0,
    0xc, 0xff, 0x10, 0xd, 0xfd, 0x0, 0x6, 0xff,
    0x70, 0x0, 0x4f, 0xf7, 0x0, 0xef, 0xd0, 0x0,
    0x0, 0xbf, 0xf1,

    /* U+0079 "y" */
    0x4f, 0xf7, 0x0, 0x0, 0x0, 0xff, 0xc0, 0xef,
    0xc0, 0x0, 0x0, 0x4f, 0xf7, 0x9, 0xff, 0x10,
    0x0, 0x9, 0xff, 0x10, 0x4f, 0xf6, 0x0, 0x0,
    0xef, 0xb0, 0x0, 0xef, 0xb0, 0x0, 0x3f, 0xf6,
    0x0, 0x8, 0xff, 0x10, 0x8, 0xff, 0x10, 0x0,
    0x3f, 0xf5, 0x0, 0xdf, 0xb0, 0x0, 0x0, 0xdf,
    0xa0, 0x2f, 0xf5, 0x0, 0x0, 0x8, 0xff, 0x7,
    0xff, 0x0, 0x0, 0x0, 0x2f, 0xf4, 0xcf, 0xa0,
    0x0, 0x0, 0x0, 0xdf, 0xcf, 0xf4, 0x0, 0x0,
    0x0, 0x7, 0xff, 0xfe, 0x0, 0x0, 0x0, 0x0,
    0x2f, 0xff, 0x90, 0x0, 0x0, 0x0, 0x0, 0xcf,
    0xf3, 0x0, 0x0, 0x0, 0x0, 0xc, 0xfe, 0x0,
    0x0, 0x0, 0x0, 0x3, 0xff, 0x80, 0x0, 0x0,
    0x1, 0x56, 0xdf, 0xf2, 0x0, 0x0, 0x0, 0x3f,
    0xff, 0xf7, 0x0, 0x0, 0x0, 0x2, 0xff, 0xd6,
    0x0, 0x0, 0x0, 0x0,

    /* U+007A "z" */
    0x7f, 0xff, 0xff, 0xff, 0xff, 0xb7, 0xff, 0xff,
    0xff, 0xff, 0xfb, 0x36, 0x66, 0x66, 0x6d, 0xff,
    0x50, 0x0, 0x0, 0x5, 0xff, 0xa0, 0x0, 0x0,
    0x2, 0xff, 0xd0, 0x0, 0x0, 0x0, 0xcf, 0xf3,
    0x0, 0x0, 0x0, 0x8f, 0xf7, 0x0, 0x0, 0x0,
    0x4f, 0xfc, 0x0, 0x0, 0x0, 0x1e, 0xfe, 0x10,
    0x0, 0x0, 0xb, 0xff, 0x50, 0x0, 0x0, 0x7,
    0xff, 0xa0, 0x0, 0x0, 0x3, 0xff, 0xf7, 0x66,
    0x66, 0x66, 0xaf, 0xff, 0xff, 0xff, 0xff, 0xfb,
    0xff, 0xff, 0xff, 0xff, 0xff,

    /* U+007B "{" */
    0x0, 0x0, 0x1, 0x57, 0x20, 0x0, 0x7, 0xff,
    0xf5, 0x0, 0x3, 0xff, 0xfb, 0x30, 0x0, 0x8f,
    0xf3, 0x0, 0x0, 0xa, 0xfd, 0x0, 0x0, 0x0,
    0xbf, 0xc0, 0x0, 0x0, 0xb, 0xfc, 0x0, 0x0,
    0x0, 0xbf, 0xc0, 0x0, 0x0, 0xb, 0xfc, 0x0,
    0x0, 0x0, 0xdf, 0xb0, 0x0, 0x3, 0x8f, 0xf7,
    0x0, 0x5, 0xff, 0xf8, 0x0, 0x0, 0x5f, 0xf9,
    0x20, 0x0, 0x2, 0x9e, 0xff, 0x30, 0x0, 0x0,
    0x1f, 0xfa, 0x0, 0x0, 0x0, 0xbf, 0xc0, 0x0,
    0x0, 0xb, 0xfc, 0x0, 0x0, 0x0, 0xbf, 0xc0,
    0x0, 0x0, 0xb, 0xfc, 0x0, 0x0, 0x0, 0xaf,
    0xc0, 0x0, 0x0, 0x9, 0xfe, 0x0, 0x0, 0x0,
    0x6f, 0xfa, 0x30, 0x0, 0x0, 0xdf, 0xff, 0x50,
    0x0, 0x1, 0x9d, 0xf5,

    /* U+007C "|" */
    0x1a, 0xa2, 0x2f, 0xf3, 0x2f, 0xf3, 0x2f, 0xf3,
    0x2f, 0xf3, 0x2f, 0xf3, 0x2f, 0xf3, 0x2f, 0xf3,
    0x2f, 0xf3, 0x2f, 0xf3, 0x2f, 0xf3, 0x2f, 0xf3,
    0x2f, 0xf3, 0x2f, 0xf3, 0x2f, 0xf3, 0x2f, 0xf3,
    0x2f, 0xf3, 0x2f, 0xf3, 0x2f, 0xf3, 0x2f, 0xf3,
    0x2f, 0xf3, 0x2f, 0xf3, 0x2f, 0xf3, 0x2f, 0xf3,

    /* U+007D "}" */
    0x37, 0x51, 0x0, 0x0, 0x6, 0xff, 0xf6, 0x0,
    0x0, 0x4b, 0xff, 0xf2, 0x0, 0x0, 0x3, 0xff,
    0x70, 0x0, 0x0, 0xe, 0xf9, 0x0, 0x0, 0x0,
    0xdf, 0xa0, 0x0, 0x0, 0xd, 0xfa, 0x0, 0x0,
    0x0, 0xdf, 0xa0, 0x0, 0x0, 0xd, 0xfa, 0x0,
    0x0, 0x0, 0xcf, 0xc0, 0x0, 0x0, 0x8, 0xff,
    0x73, 0x0, 0x0, 0x9, 0xff, 0xf4, 0x0, 0x0,
    0x2a, 0xff, 0x40, 0x0, 0x4f, 0xfd, 0x82, 0x0,
    0xb, 0xfe, 0x0, 0x0, 0x0, 0xdf, 0xa0, 0x0,
    0x0, 0xd, 0xfa, 0x0, 0x0, 0x0, 0xdf, 0xa0,
    0x0, 0x0, 0xd, 0xfa, 0x0, 0x0, 0x0, 0xdf,
    0x90, 0x0, 0x0, 0xf, 0xf8, 0x0, 0x1, 0x4b,
    0xff, 0x50, 0x0, 0x6f, 0xff, 0xc0, 0x0, 0x6,
    0xfd, 0x81, 0x0, 0x0,

    /* U+007E "~" */
    0x0, 0x0, 0x0, 0x0, 0x0, 0x0, 0x7, 0xef,
    0xc6, 0x0, 0x0, 0x16, 0x7f, 0xff, 0xff, 0xe9,
    0x57, 0xe8, 0xad, 0x65, 0x9e, 0xff, 0xff, 0xf5,
    0x60, 0x0, 0x0, 0x6c, 0xfd, 0x60, 0x0, 0x0,
    0x0, 0x0, 0x0, 0x0,

    /* U+AC8C "게" */
    0x0, 0x0, 0x0, 0x0, 0x0, 0x0, 0x4, 0x40,
    0x5, 0xdb, 0x0, 0x0, 0x0, 0x0, 0x0, 0x0,
    0xf, 0xf3, 0x6, 0xfd, 0x0, 0x11, 0x11, 0x11,
    0x21, 0x0, 0xf, 0xf3, 0x6, 0xfd, 0x3, 0xff,
    0xff, 0xff, 0xff, 0x40, 0xf, 0xf3, 0x6, 0xfd,
    0x3, 0xdd, 0xdd, 0xdd, 0xff, 0x30, 0xf, 0xf3,
    0x6, 0xfd, 0x0, 0x0, 0x0, 0x1, 0xff, 0x20,
    0xf, 0xf3, 0x6, 0xfd, 0x0, 0x0, 0x0, 0x4,
    0xff, 0x0, 0xf, 0xf3, 0x6, 0xfd, 0x0, 0x0,
    0x0, 0x7, 0xfc, 0x0, 0xf, 0xf3, 0x6, 0xfd,
    0x0, 0x0, 0x0, 0xd, 0xf7, 0x0, 0xf, 0xf3,
    0x6, 0xfd, 0x0, 0x0, 0x0, 0x4f, 0xff, 0xff,
    0xff, 0xf3, 0x6, 0xfd, 0x0, 0x0, 0x0, 0xcf,
    0xed, 0xdd, 0xdf, 0xf3, 0x6, 0xfd, 0x0, 0x0,
    0x7, 0xff, 0x20, 0x0, 0xf, 0xf3, 0x6, 0xfd,
    0x0, 0x0, 0x4f, 0xf8, 0x0, 0x0, 0xf, 0xf3,
    0x6, 0xfd, 0x0, 0x4, 0xff, 0xc0, 0x0, 0x0,
    0xf, 0xf3, 0x6, 0xfd, 0x0, 0x7f, 0xfc, 0x10,
    0x0, 0x0, 0xf, 0xf3, 0x6, 0xfd, 0x1c, 0xff,
    0xb0, 0x0, 0x0, 0x0, 0xf, 0xf3, 0x6, 0xfd,
    0xa, 0xf7, 0x0, 0x0, 0x0, 0x0, 0xf, 0xf3,
    0x6, 0xfd, 0x0, 0x20, 0x0, 0x0, 0x0, 0x0,
    0xf, 0xf3, 0x6, 0xfd, 0x0, 0x0, 0x0, 0x0,
    0x0, 0x0, 0xf, 0xf3, 0x6, 0xfd, 0x0, 0x0,
    0x0, 0x0, 0x0, 0x0, 0xf, 0xf3, 0x6, 0xfd,
    0x0, 0x0, 0x0, 0x0, 0x0, 0x0, 0xf, 0xf3,
    0x6, 0xfd, 0x0, 0x0, 0x0, 0x0, 0x0, 0x0,
    0x0, 0x0, 0x6, 0xfd, 0x0, 0x0, 0x0, 0x0,
    0x0, 0x0, 0x0, 0x0, 0x0, 0x0,

    /* U+ACE0 "고" */
    0x1, 0xdd, 0xdd, 0xdd, 0xdd, 0xdd, 0xdd, 0xde,
    0xd6, 0x0, 0x1, 0xff, 0xff, 0xff, 0xff, 0xff,
    0xff, 0xff, 0xf8, 0x0, 0x0, 0x0, 0x0, 0x0,
    0x0, 0x0, 0x0, 0xd, 0xf8, 0x0, 0x0, 0x0,
    0x0, 0x0, 0x0, 0x0, 0x0, 0xd, 0xf7, 0x0,
    0x0, 0x0, 0x0, 0x0, 0x0, 0x0, 0x0, 0xd,
    0xf7, 0x0, 0x0, 0x0, 0x0, 0x0, 0x0, 0x0,
    0x0, 0xd, 0xf7, 0x0, 0x0, 0x0, 0x0, 0x0,
    0x0, 0x0, 0x0, 0xe, 0xf6, 0x0, 0x0, 0x0,
    0x0, 0x3, 0xa9, 0x0, 0x0, 0xf, 0xf5, 0x0,
    0x0, 0x0, 0x0, 0x6, 0xfe, 0x0, 0x0, 0x1f,
    0xf4, 0x0, 0x0, 0x0, 0x0, 0x6, 0xfe, 0x0,
    0x0, 0x3f, 0xf2, 0x0, 0x0, 0x0, 0x0, 0x6,
    0xfe, 0x0, 0x0, 0x5f, 0xf0, 0x0, 0x0, 0x0,
    0x0, 0x6, 0xfe, 0x0, 0x0, 0x7f, 0xd0, 0x0,
    0x0, 0x0, 0x0, 0x6, 0xfe, 0x0, 0x0, 0x36,
    0x50, 0x0, 0x0, 0x0, 0x0, 0x6, 0xfe, 0x0,
    0x0, 0x0, 0x0, 0x0, 0x0, 0x0, 0x0, 0x6,
    0xfe, 0x0, 0x0, 0x0, 0x0, 0x0, 0xef, 0xff,
    0xff, 0xff, 0xff, 0xff, 0xff, 0xff, 0xff, 0xfe,
    0xff, 0xff, 0xff, 0xff, 0xff, 0xff, 0xff, 0xff,
    0xff, 0xff,

    /* U+B2D8 "님" */
    0x0, 0x0, 0x0, 0x0, 0x0, 0x0, 0x0, 0x5e,
    0xd9, 0x93, 0x0, 0x0, 0x0, 0x0, 0x0, 0x5,
    0xfe, 0xef, 0x60, 0x0, 0x0, 0x0, 0x0, 0x0,
    0x5f, 0xee, 0xf6, 0x0, 0x0, 0x0, 0x0, 0x0,
    0x5, 0xfe, 0xef, 0x60, 0x0, 0x0, 0x0, 0x0,
    0x0, 0x5f, 0xee, 0xf6, 0x0, 0x0, 0x0, 0x0,
    0x0, 0x5, 0xfe, 0xef, 0x60, 0x0, 0x0, 0x0,
    0x0, 0x0, 0x5f, 0xee, 0xf6, 0x0, 0x0, 0x0,
    0x0, 0x0, 0x5, 0xfe, 0xef, 0x60, 0x0, 0x13,
    0x46, 0x9c, 0x60, 0x5f, 0xef, 0xff, 0xff, 0xff,
    0xff, 0xff, 0xf9, 0x5, 0xfe, 0xff, 0xff, 0xfe,
    0xdb, 0xa8, 0x53, 0x0, 0x5f, 0xe0, 0x0, 0x0,
    0x0, 0x0, 0x0, 0x0, 0x5, 0xfe, 0x0, 0x0,
    0x0, 0x0, 0x0, 0x0, 0x0, 0x26, 0x60, 0x5,
    0xbb, 0xbb, 0xbb, 0xbb, 0xbb, 0xbb, 0xba, 0x0,
    0x7f, 0xff, 0xff, 0xff, 0xff, 0xff, 0xff, 0xe0,
    0x7, 0xfd, 0x22, 0x22, 0x22, 0x22, 0x27, 0xfe,
    0x0, 0x7f, 0xd0, 0x0, 0x0, 0x0, 0x0, 0x5f,
    0xe0, 0x7, 0xfd, 0x0, 0x0, 0x0, 0x0, 0x5,
    0xfe, 0x0, 0x7f, 0xd0, 0x0, 0x0, 0x0, 0x0,
    0x5f, 0xe0, 0x7, 0xfd, 0x0, 0x0, 0x0, 0x0,
    0x6, 0xfe, 0x0, 0x7f, 0xff, 0xff, 0xff, 0xff,
    0xff, 0xff, 0xe0, 0x6, 0xdd, 0xdd, 0xdd, 0xdd,
    0xdd, 0xdd, 0xdc,

    /* U+B2F5 "답" */
    0x0, 0x0, 0x0, 0x0, 0x0, 0x0, 0x0, 0x4e,
    0xe0, 0x0, 0x0, 0x22, 0x22, 0x22, 0x22, 0x21,
    0x0, 0x5, 0xff, 0x0, 0x0, 0x3f, 0xff, 0xff,
    0xff, 0xff, 0x80, 0x0, 0x5f, 0xf0, 0x0, 0x3,
    0xff, 0xbb, 0xbb, 0xbb, 0xb5, 0x0, 0x5, 0xff,
    0x0, 0x0, 0x3f, 0xf1, 0x0, 0x0, 0x0, 0x0,
    0x0, 0x5f, 0xf0, 0x0, 0x3, 0xff, 0x10, 0x0,
    0x0, 0x0, 0x0, 0x5, 0xff, 0xee, 0xe2, 0x3f,
    0xf1, 0x0, 0x0, 0x0, 0x0, 0x0, 0x5f, 0xff,
    0xff, 0x23, 0xff, 0x10, 0x0, 0x0, 0x0, 0x0,
    0x5, 0xff, 0x0, 0x0, 0x3f, 0xf1, 0x0, 0x0,
    0x1, 0x25, 0x30, 0x5f, 0xf0, 0x0, 0x4, 0xff,
    0xdd, 0xdd, 0xef, 0xff, 0xfa, 0x5, 0xff, 0x0,
    0x0, 0x3f, 0xff, 0xff, 0xff, 0xfd, 0xb9, 0x50,
    0x5f, 0xf0, 0x0, 0x0, 0x11, 0x11, 0x10, 0x0,
    0x0, 0x0, 0x4, 0xcc, 0x0, 0x0, 0x0, 0x0,
    0x0, 0x0, 0x0, 0x0, 0x0, 0x0, 0x0, 0x0,
    0x0, 0x0, 0xee, 0x40, 0x0, 0x0, 0x0, 0x4,
    0xee, 0x0, 0x0, 0x0, 0xf, 0xf4, 0x0, 0x0,
    0x0, 0x0, 0x5f, 0xf0, 0x0, 0x0, 0x0, 0xff,
    0xcb, 0xbb, 0xbb, 0xbb, 0xbc, 0xff, 0x0, 0x0,
    0x0, 0xf, 0xff, 0xff, 0xff, 0xff, 0xff, 0xff,
    0xf0, 0x0, 0x0, 0x0, 0xff, 0x52, 0x22, 0x22,
    0x22, 0x26, 0xff, 0x0, 0x0, 0x0, 0xf, 0xf4,
    0x0, 0x0, 0x0, 0x0, 0x5f, 0xf0, 0x0, 0x0,
    0x0, 0xff, 0x50, 0x0, 0x0, 0x0, 0x5, 0xff,
    0x0, 0x0, 0x0, 0xf, 0xff, 0xff, 0xff, 0xff,
    0xff, 0xff, 0xf0, 0x0, 0x0, 0x0, 0xdd, 0xdd,
    0xdd, 0xdd, 0xdd, 0xdd, 0xdd, 0x0, 0x0,

    /* U+B370 "데" */
    0x0, 0x0, 0x0, 0x0, 0x0, 0x0, 0x55, 0x0,
    0x4d, 0xb0, 0x0, 0x0, 0x0, 0x0, 0x0, 0xf,
    0xf2, 0x5, 0xfe, 0x13, 0x33, 0x33, 0x33, 0x20,
    0x0, 0xff, 0x20, 0x5f, 0xe5, 0xff, 0xff, 0xff,
    0xff, 0x0, 0xf, 0xf2, 0x5, 0xfe, 0x5f, 0xfb,
    0xbb, 0xbb, 0xa0, 0x0, 0xff, 0x20, 0x5f, 0xe5,
    0xfe, 0x0, 0x0, 0x0, 0x0, 0xf, 0xf2, 0x5,
    0xfe, 0x5f, 0xe0, 0x0, 0x0, 0x0, 0x0, 0xff,
    0x20, 0x5f, 0xe5, 0xfe, 0x0, 0x0, 0x0, 0x0,
    0xf, 0xf2, 0x5, 0xfe, 0x5f, 0xe0, 0x0, 0x4,
    0x99, 0x99, 0xff, 0x20, 0x5f, 0xe5, 0xfe, 0x0,
    0x0, 0x8f, 0xff, 0xff, 0xf2, 0x5, 0xfe, 0x5f,
    0xe0, 0x0, 0x3, 0x55, 0x56, 0xff, 0x20, 0x5f,
    0xe5, 0xfe, 0x0, 0x0, 0x0, 0x0, 0xf, 0xf2,
    0x5, 0xfe, 0x5f, 0xe0, 0x0, 0x0, 0x0, 0x0,
    0xff, 0x20, 0x5f, 0xe5, 0xfe, 0x0, 0x0, 0x0,
    0x0, 0xf, 0xf2, 0x5, 0xfe, 0x5f, 0xe0, 0x1,
    0x24, 0x68, 0x0, 0xff, 0x20, 0x5f, 0xe6, 0xff,
    0xff, 0xff, 0xff, 0xf1, 0xf, 0xf2, 0x5, 0xfe,
    0x5f, 0xee, 0xed, 0xcb, 0x96, 0x0, 0xff, 0x20,
    0x5f, 0xe0, 0x0, 0x0, 0x0, 0x0, 0x0, 0xf,
    0xf2, 0x5, 0xfe, 0x0, 0x0, 0x0, 0x0, 0x0,
    0x0, 0xff, 0x20, 0x5f, 0xe0, 0x0, 0x0, 0x0,
    0x0, 0x0, 0xf, 0xf2, 0x5, 0xfe, 0x0, 0x0,
    0x0, 0x0, 0x0, 0x0, 0xff, 0x20, 0x5f, 0xe0,
    0x0, 0x0, 0x0, 0x0, 0x0, 0x0, 0x0, 0x5,
    0xfe, 0x0, 0x0, 0x0, 0x0, 0x0, 0x0, 0x0,
    0x0, 0x0, 0x0,

    /* U+B958 "류" */
    0x0, 0x0, 0x0, 0x0, 0x0, 0x0, 0x0, 0x0,
    0x0, 0x0, 0x0, 0x0, 0xff, 0xff, 0xff, 0xff,
    0xff, 0xff, 0xff, 0xf1, 0x0, 0x0, 0xd, 0xee,
    0xee, 0xee, 0xee, 0xee, 0xee, 0xff, 0x10, 0x0,
    0x0, 0x0, 0x0, 0x0, 0x0, 0x0, 0x0, 0x4f,
    0xf1, 0x0, 0x0, 0x0, 0x0, 0x0, 0x0, 0x0,
    0x0, 0x4, 0xff, 0x10, 0x0, 0x0, 0xef, 0xff,
    0xff, 0xff, 0xff, 0xff, 0xff, 0xf1, 0x0, 0x0,
    0xe, 0xfe, 0xdd, 0xdd, 0xdd, 0xdd, 0xdd, 0xdd,
    0x10, 0x0, 0x0, 0xef, 0x60, 0x0, 0x0, 0x0,
    0x0, 0x0, 0x0, 0x0, 0x0, 0xe, 0xf6, 0x0,
    0x0, 0x0, 0x0, 0x0, 0x0, 0x0, 0x0, 0x0,
    0xff, 0xff, 0xff, 0xff, 0xff, 0xff, 0xff, 0xf8,
    0x0, 0x0, 0xe, 0xff, 0xff, 0xff, 0xff, 0xff,
    0xff, 0xff, 0x80, 0x0, 0x0, 0x0, 0x0, 0x0,
    0x0, 0x0, 0x0, 0x0, 0x0, 0x0, 0x0, 0x0,
    0x0, 0x0, 0x0, 0x0, 0x0, 0x0, 0x0, 0x0,
    0x2, 0xdd, 0xdd, 0xdd, 0xdd, 0xdd, 0xdd, 0xdd,
    0xdd, 0xdd, 0xd6, 0x3f, 0xff, 0xff, 0xff, 0xff,
    0xff, 0xff, 0xff, 0xff, 0xff, 0x70, 0x0, 0x0,
    0x4f, 0xf0, 0x0, 0x0, 0xef, 0x60, 0x0, 0x0,
    0x0, 0x0, 0x4, 0xff, 0x0, 0x0, 0xe, 0xf6,
    0x0, 0x0, 0x0, 0x0, 0x0, 0x4f, 0xf0, 0x0,
    0x0, 0xef, 0x60, 0x0, 0x0, 0x0, 0x0, 0x4,
    0xff, 0x0, 0x0, 0xe, 0xf6, 0x0, 0x0, 0x0,
    0x0, 0x0, 0x4f, 0xf0, 0x0, 0x0, 0xef, 0x60,
    0x0, 0x0, 0x0, 0x0, 0x4, 0xff, 0x0, 0x0,
    0xe, 0xf6, 0x0, 0x0, 0x0, 0x0, 0x0, 0x4f,
    0xf0, 0x0, 0x0, 0xef, 0x60, 0x0, 0x0, 0x0,
    0x0, 0x0, 0x0, 0x0, 0x0, 0x0, 0x0, 0x0,
    0x0, 0x0,

    /* U+B9AC "리" */
    0x0, 0x0, 0x0, 0x0, 0x0, 0x0, 0x0, 0x4e,
    0xd0, 0x0, 0x0, 0x0, 0x0, 0x0, 0x0, 0x5,
    0xff, 0xee, 0xee, 0xee, 0xee, 0xee, 0x30, 0x0,
    0x5f, 0xff, 0xff, 0xff, 0xff, 0xff, 0xf4, 0x0,
    0x5, 0xff, 0x0, 0x0, 0x0, 0x1, 0xff, 0x40,
    0x0, 0x5f, 0xf0, 0x0, 0x0, 0x0, 0x1f, 0xf4,
    0x0, 0x5, 0xff, 0x0, 0x0, 0x0, 0x1, 0xff,
    0x40, 0x0, 0x5f, 0xf0, 0x0, 0x0, 0x0, 0x1f,
    0xf4, 0x0, 0x5, 0xff, 0xbb, 0xbb, 0xbb, 0xbc,
    0xff, 0x40, 0x0, 0x5f, 0xff, 0xff, 0xff, 0xff,
    0xff, 0xf4, 0x0, 0x5, 0xff, 0xff, 0x72, 0x22,
    0x22, 0x22, 0x0, 0x0, 0x5f, 0xff, 0xf6, 0x0,
    0x0, 0x0, 0x0, 0x0, 0x5, 0xff, 0xff, 0x60,
    0x0, 0x0, 0x0, 0x0, 0x0, 0x5f, 0xff, 0xf6,
    0x0, 0x0, 0x0, 0x0, 0x0, 0x5, 0xff, 0xff,
    0x71, 0x12, 0x23, 0x56, 0x8a, 0x90, 0x5f, 0xff,
    0xff, 0xff, 0xff, 0xff, 0xff, 0xfe, 0x5, 0xff,
    0xdd, 0xdd, 0xdc, 0xcb, 0xa8, 0x64, 0x20, 0x5f,
    0xf0, 0x0, 0x0, 0x0, 0x0, 0x0, 0x0, 0x5,
    0xff, 0x0, 0x0, 0x0, 0x0, 0x0, 0x0, 0x0,
    0x5f, 0xf0, 0x0, 0x0, 0x0, 0x0, 0x0, 0x0,
    0x5, 0xff, 0x0, 0x0, 0x0, 0x0, 0x0, 0x0,
    0x0, 0x5f, 0xf0, 0x0, 0x0, 0x0, 0x0, 0x0,
    0x0, 0x5, 0xff, 0x0, 0x0, 0x0, 0x0, 0x0,
    0x0, 0x0, 0x0, 0x0,

    /* U+B9D0 "말" */
    0x0, 0x0, 0x0, 0x0, 0x0, 0x0, 0x0, 0x3a,
    0xa0, 0x0, 0x4, 0xdd, 0xdd, 0xdd, 0xdd, 0xdc,
    0x0, 0x5, 0xff, 0x0, 0x0, 0x5f, 0xff, 0xff,
    0xff, 0xff, 0xe0, 0x0, 0x5f, 0xf0, 0x0, 0x5,
    0xff, 0x0, 0x0, 0x6, 0xfe, 0x0, 0x5, 0xff,
    0x0, 0x0, 0x5f, 0xf0, 0x0, 0x0, 0x5f, 0xe0,
    0x0, 0x5f, 0xf0, 0x0, 0x5, 0xff, 0x0, 0x0,
    0x5, 0xfe, 0x0, 0x5, 0xff, 0xff, 0xf2, 0x5f,
    0xf0, 0x0, 0x0, 0x5f, 0xe0, 0x0, 0x5f, 0xfe,
    0xee, 0x25, 0xff, 0x0, 0x0, 0x5, 0xfe, 0x0,
    0x5, 0xff, 0x0, 0x0, 0x5f, 0xfc, 0xcc, 0xcc,
    0xdf, 0xe0, 0x0, 0x5f, 0xf0, 0x0, 0x5, 0xff,
    0xff, 0xff, 0xff, 0xfe, 0x0, 0x5, 0xff, 0x0,
    0x0, 0x0, 0x0, 0x0, 0x0, 0x0, 0x0, 0x0,
    0x5f, 0xf0, 0x0, 0x0, 0x0, 0x0, 0x0, 0x0,
    0x0, 0x0, 0x2, 0x77, 0x0, 0x0, 0x0, 0x1c,
    0xcc, 0xcc, 0xcc, 0xcc, 0xcc, 0xcc, 0xc0, 0x0,
    0x0, 0x2, 0xff, 0xff, 0xff, 0xff, 0xff, 0xff,
    0xff, 0x0, 0x0, 0x0, 0x0, 0x0, 0x0, 0x0,
    0x0, 0x0, 0x5f, 0xf0, 0x0, 0x0, 0x0, 0x0,
    0x0, 0x0, 0x0, 0x0, 0x5, 0xff, 0x0, 0x0,
    0x0, 0x1f, 0xff, 0xff, 0xff, 0xff, 0xff, 0xff,
    0xf0, 0x0, 0x0, 0x1, 0xff, 0xdc, 0xcc, 0xcc,
    0xcc, 0xcc, 0xcc, 0x0, 0x0, 0x0, 0x1f, 0xf3,
    0x0, 0x0, 0x0, 0x0, 0x0, 0x0, 0x0, 0x0,
    0x1, 0xff, 0x30, 0x0, 0x0, 0x0, 0x0, 0x0,
    0x0, 0x0, 0x0, 0x2f, 0xff, 0xff, 0xff, 0xff,
    0xff, 0xff, 0xfc, 0x0, 0x0, 0x1, 0xdd, 0xdd,
    0xdd, 0xdd, 0xdd, 0xdd, 0xdd, 0xa0, 0x0,

    /* U+BA54 "메" */
    0x0, 0x0, 0x0, 0x0, 0x0, 0x0, 0x56, 0x10,
    0x4d, 0xc0, 0x0, 0x0, 0x0, 0x0, 0x0, 0xe,
    0xf5, 0x5, 0xfe, 0x15, 0x55, 0x55, 0x55, 0x51,
    0x0, 0xef, 0x50, 0x5f, 0xe4, 0xff, 0xff, 0xff,
    0xff, 0x30, 0xe, 0xf5, 0x5, 0xfe, 0x4f, 0xf8,
    0x88, 0x8f, 0xf3, 0x0, 0xef, 0x50, 0x5f, 0xe4,
    0xfe, 0x0, 0x0, 0xff, 0x30, 0xe, 0xf5, 0x5,
    0xfe, 0x4f, 0xe0, 0x0, 0xf, 0xf3, 0x0, 0xef,
    0x50, 0x5f, 0xe4, 0xfe, 0x0, 0x0, 0xff, 0x30,
    0xe, 0xf5, 0x5, 0xfe, 0x4f, 0xe0, 0x0, 0xf,
    0xfb, 0xaa, 0xff, 0x50, 0x5f, 0xe4, 0xfe, 0x0,
    0x0, 0xff, 0xff, 0xff, 0xf5, 0x5, 0xfe, 0x4f,
    0xe0, 0x0, 0xf, 0xf6, 0x44, 0xef, 0x50, 0x5f,
    0xe4, 0xfe, 0x0, 0x0, 0xff, 0x30, 0xe, 0xf5,
    0x5, 0xfe, 0x4f, 0xe0, 0x0, 0xf, 0xf3, 0x0,
    0xef, 0x50, 0x5f, 0xe4, 0xfe, 0x0, 0x0, 0xff,
    0x30, 0xe, 0xf5, 0x5, 0xfe, 0x4f, 0xf8, 0x88,
    0x8f, 0xf3, 0x0, 0xef, 0x50, 0x5f, 0xe4, 0xff,
    0xff, 0xff, 0xff, 0x30, 0xe, 0xf5, 0x5, 0xfe,
    0x15, 0x55, 0x55, 0x55, 0x51, 0x0, 0xef, 0x50,
    0x5f, 0xe0, 0x0, 0x0, 0x0, 0x0, 0x0, 0xe,
    0xf5, 0x5, 0xfe, 0x0, 0x0, 0x0, 0x0, 0x0,
    0x0, 0xef, 0x50, 0x5f, 0xe0, 0x0, 0x0, 0x0,
    0x0, 0x0, 0xe, 0xf5, 0x5, 0xfe, 0x0, 0x0,
    0x0, 0x0, 0x0, 0x0, 0xef, 0x40, 0x5f, 0xe0,
    0x0, 0x0, 0x0, 0x0, 0x0, 0x0, 0x0, 0x5,
    0xfe, 0x0, 0x0, 0x0, 0x0, 0x0, 0x0, 0x0,
    0x0, 0x0, 0x0,

    /* U+BAA8 "모" */
    0x0, 0x0, 0x0, 0x0, 0x0, 0x0, 0x0, 0x0,
    0x0, 0x0, 0x0, 0x0, 0xef, 0xff, 0xff, 0xff,
    0xff, 0xff, 0xff, 0xf5, 0x0, 0x0, 0xe, 0xfe,
    0xdd, 0xdd, 0xdd, 0xdd, 0xdd, 0xff, 0x50, 0x0,
    0x0, 0xef, 0x50, 0x0, 0x0, 0x0, 0x0, 0xe,
    0xf5, 0x0, 0x0, 0xe, 0xf5, 0x0, 0x0, 0x0,
    0x0, 0x0, 0xef, 0x50, 0x0, 0x0, 0xef, 0x50,
    0x0, 0x0, 0x0, 0x0, 0xe, 0xf5, 0x0, 0x0,
    0xe, 0xf5, 0x0, 0x0, 0x0, 0x0, 0x0, 0xef,
    0x50, 0x0, 0x0, 0xef, 0x50, 0x0, 0x0, 0x0,
    0x0, 0xe, 0xf5, 0x0, 0x0, 0xe, 0xf5, 0x0,
    0x0, 0x0, 0x0, 0x0, 0xef, 0x50, 0x0, 0x0,
    0xef, 0xa6, 0x66, 0x66, 0x66, 0x66, 0x6f, 0xf5,
    0x0, 0x0, 0xe, 0xff, 0xff, 0xff, 0xff, 0xff,
    0xff, 0xff, 0x50, 0x0, 0x0, 0x66, 0x66, 0x66,
    0xaf, 0xf6, 0x66, 0x66, 0x62, 0x0, 0x0, 0x0,
    0x0, 0x0, 0x5, 0xfe, 0x0, 0x0, 0x0, 0x0,
    0x0, 0x0, 0x0, 0x0, 0x0, 0x5f, 0xe0, 0x0,
    0x0, 0x0, 0x0, 0x0, 0x0, 0x0, 0x0, 0x5,
    0xfe, 0x0, 0x0, 0x0, 0x0, 0x0, 0x0, 0x0,
    0x0, 0x0, 0x5f, 0xe0, 0x0, 0x0, 0x0, 0x0,
    0x19, 0x99, 0x99, 0x99, 0x9b, 0xff, 0x99, 0x99,
    0x99, 0x99, 0x72, 0xff, 0xff, 0xff, 0xff, 0xff,
    0xff, 0xff, 0xff, 0xff, 0xfd, 0x5, 0x55, 0x55,
    0x55, 0x55, 0x55, 0x55, 0x55, 0x55, 0x55, 0x40,

    /* U+BC84 "버" */
    0x0, 0x0, 0x0, 0x0, 0x0, 0x0, 0x0, 0x0,
    0xdd, 0x30, 0x22, 0x0, 0x0, 0x0, 0x22, 0x0,
    0x0, 0xf, 0xf4, 0x5f, 0xf0, 0x0, 0x0, 0x5f,
    0xe0, 0x0, 0x0, 0xff, 0x45, 0xff, 0x0, 0x0,
    0x5, 0xfe, 0x0, 0x0, 0xf, 0xf4, 0x5f, 0xf0,
    0x0, 0x0, 0x5f, 0xe0, 0x0, 0x0, 0xff, 0x45,
    0xff, 0x0, 0x0, 0x5, 0xfe, 0x0, 0x0, 0xf,
    0xf4, 0x5f, 0xf0, 0x0, 0x0, 0x5f, 0xe0, 0x0,
    0x0, 0xff, 0x45, 0xff, 0x99, 0x99, 0x9b, 0xfe,
    0x0, 0x0, 0xf, 0xf4, 0x5f, 0xff, 0xff, 0xff,
    0xff, 0xfd, 0xdd, 0xdd, 0xff, 0x45, 0xff, 0x44,
    0x44, 0x48, 0xff, 0xff, 0xff, 0xff, 0xf4, 0x5f,
    0xf0, 0x0, 0x0, 0x5f, 0xe0, 0x0, 0x1, 0xff,
    0x45, 0xff, 0x0, 0x0, 0x5, 0xfe, 0x0, 0x0,
    0xf, 0xf4, 0x5f, 0xf0, 0x0, 0x0, 0x5f, 0xe0,
    0x0, 0x0, 0xff, 0x45, 0xff, 0x0, 0x0, 0x5,
    0xfe, 0x0, 0x0, 0xf, 0xf4, 0x5f, 0xf0, 0x0,
    0x0, 0x6f, 0xe0, 0x0, 0x0, 0xff, 0x45, 0xff,
    0xff, 0xff, 0xff, 0xfe, 0x0, 0x0, 0xf, 0xf4,
    0x4d, 0xdd, 0xdd, 0xdd, 0xdd, 0xc0, 0x0, 0x0,
    0xff, 0x40, 0x0, 0x0, 0x0, 0x0, 0x0, 0x0,
    0x0, 0xf, 0xf4, 0x0, 0x0, 0x0, 0x0, 0x0,
    0x0, 0x0, 0x0, 0xff, 0x40, 0x0, 0x0, 0x0,
    0x0, 0x0, 0x0, 0x0, 0xf, 0xf4, 0x0, 0x0,
    0x0, 0x0, 0x0, 0x0, 0x0, 0x0, 0xff, 0x40,
    0x0, 0x0, 0x0, 0x0, 0x0, 0x0, 0x0, 0xf,
    0xf4, 0x0, 0x0, 0x0, 0x0, 0x0, 0x0, 0x0,
    0x0, 0x11, 0x0,

    /* U+BCF4 "보" */
    0x0, 0x4, 0x52, 0x0, 0x0, 0x0, 0x0, 0x0,
    0x45, 0x10, 0x0, 0x0, 0xef, 0x60, 0x0, 0x0,
    0x0, 0x0, 0xe, 0xf5, 0x0, 0x0, 0xe, 0xf6,
    0x0, 0x0, 0x0, 0x0, 0x0, 0xef, 0x50, 0x0,
    0x0, 0xef, 0x60, 0x0, 0x0, 0x0, 0x0, 0xe,
    0xf5, 0x0, 0x0, 0xe, 0xfd, 0xcc, 0xcc, 0xcc,
    0xcc, 0xcc, 0xff, 0x50, 0x0, 0x0, 0xef, 0xff,
    0xff, 0xff, 0xff, 0xff, 0xff, 0xf5, 0x0, 0x0,
    0xe, 0xf7, 0x11, 0x11, 0x11, 0x11, 0x11, 0xef,
    0x50, 0x0, 0x0, 0xef, 0x60, 0x0, 0x0, 0x0,
    0x0, 0xe, 0xf5, 0x0, 0x0, 0xe, 0xf6, 0x0,
    0x0, 0x0, 0x0, 0x0, 0xef, 0x50, 0x0, 0x0,
    0xef, 0x60, 0x0, 0x0, 0x0, 0x0, 0xe, 0xf5,
    0x0, 0x0, 0xe, 0xff, 0xee, 0xee, 0xee, 0xee,
    0xee, 0xff, 0x50, 0x0, 0x0, 0xef, 0xff, 0xff,
    0xff, 0xff, 0xff, 0xff, 0xf5, 0x0, 0x0, 0x0,
    0x0, 0x0, 0x5, 0xfe, 0x0, 0x0, 0x0, 0x0,
    0x0, 0x0, 0x0, 0x0, 0x0, 0x5f, 0xe0, 0x0,
    0x0, 0x0, 0x0, 0x0, 0x0, 0x0, 0x0, 0x5,
    0xfe, 0x0, 0x0, 0x0, 0x0, 0x0, 0x0, 0x0,
    0x0, 0x0, 0x5f, 0xe0, 0x0, 0x0, 0x0, 0x0,
    0x18, 0x88, 0x88, 0x88, 0x8b, 0xff, 0x88, 0x88,
    0x88, 0x88, 0x72, 0xff, 0xff, 0xff, 0xff, 0xff,
    0xff, 0xff, 0xff, 0xff, 0xfd, 0x15, 0x55, 0x55,
    0x55, 0x55, 0x55, 0x55, 0x55, 0x55, 0x55, 0x40,

    /* U+BD07 "봇" */
    0x0, 0x13, 0x30, 0x0, 0x0, 0x0, 0x0, 0x3,
    0x31, 0x0, 0x0, 0x5f, 0xe0, 0x0, 0x0, 0x0,
    0x0, 0xf, 0xf5, 0x0, 0x0, 0x5f, 0xe0, 0x0,
    0x0, 0x0, 0x0, 0xf, 0xf5, 0x0, 0x0, 0x5f,
    0xff, 0xff, 0xff, 0xff, 0xff, 0xff, 0xf5, 0x0,
    0x0, 0x5f, 0xfd, 0xdd, 0xdd, 0xdd, 0xdd, 0xdf,
    0xf5, 0x0, 0x0, 0x5f, 0xe0, 0x0, 0x0, 0x0,
    0x0, 0xf, 0xf5, 0x0, 0x0, 0x5f, 0xe0, 0x0,
    0x0, 0x0, 0x0, 0xf, 0xf5, 0x0, 0x0, 0x5f,
    0xfe, 0xee, 0xee, 0xee, 0xee, 0xef, 0xf5, 0x0,
    0x0, 0x5e, 0xee, 0xee, 0xef, 0xfe, 0xee, 0xee,
    0xe5, 0x0, 0x0, 0x0, 0x0, 0x0, 0x2f, 0xf2,
    0x0, 0x0, 0x0, 0x0, 0x0, 0x0, 0x0, 0x0,
    0x2f, 0xf2, 0x0, 0x0, 0x0, 0x0, 0xdd, 0xdd,
    0xdd, 0xdd, 0xef, 0xfe, 0xdd, 0xdd, 0xdd, 0xdc,
    0xff, 0xff, 0xff, 0xff, 0xff, 0xff, 0xff, 0xff,
    0xff, 0xff, 0x0, 0x0, 0x0, 0x0, 0x0, 0x0,
    0x0, 0x0, 0x0, 0x0, 0x0, 0x0, 0x0, 0x0,
    0x2b, 0xb1, 0x0, 0x0, 0x0, 0x0, 0x0, 0x0,
    0x0, 0x0, 0x4f, 0xf3, 0x0, 0x0, 0x0, 0x0,
    0x0, 0x0, 0x0, 0x0, 0xaf, 0xf8, 0x0, 0x0,
    0x0, 0x0, 0x0, 0x0, 0x0, 0x5, 0xff, 0xff,
    0x50, 0x0, 0x0, 0x0, 0x0, 0x0, 0x0, 0x8f,
    0xf7, 0x8f, 0xf8, 0x0, 0x0, 0x0, 0x0, 0x3,
    0x8e, 0xff, 0x60, 0x7, 0xff, 0xe8, 0x30, 0x0,
    0x4, 0xff, 0xff, 0xb2, 0x0, 0x0, 0x3b, 0xff,
    0xff, 0x40, 0x0, 0xcb, 0x72, 0x0, 0x0, 0x0,
    0x0, 0x27, 0xbc, 0x0,

    /* U+BD80 "부" */
    0x0, 0xa, 0xb4, 0x0, 0x0, 0x0, 0x0, 0x2,
    0xbb, 0x10, 0x0, 0x0, 0xef, 0x60, 0x0, 0x0,
    0x0, 0x0, 0x3f, 0xf1, 0x0, 0x0, 0xe, 0xf6,
    0x0, 0x0, 0x0, 0x0, 0x4, 0xff, 0x10, 0x0,
    0x0, 0xef, 0xff, 0xff, 0xff, 0xff, 0xff, 0xff,
    0xf1, 0x0, 0x0, 0xe, 0xfe, 0xdd, 0xdd, 0xdd,
    0xdd, 0xdd, 0xff, 0x10, 0x0, 0x0, 0xef, 0x60,
    0x0, 0x0, 0x0, 0x0, 0x3f, 0xf1, 0x0, 0x0,
    0xe, 0xf6, 0x0, 0x0, 0x0, 0x0, 0x3, 0xff,
    0x10, 0x0, 0x0, 0xef, 0x61, 0x11, 0x11, 0x11,
    0x11, 0x4f, 0xf1, 0x0, 0x0, 0xe, 0xff, 0xff,
    0xff, 0xff, 0xff, 0xff, 0xff, 0x10, 0x0, 0x0,
    0xcd, 0xdd, 0xdd, 0xdd, 0xdd, 0xdd, 0xdd, 0xd1,
    0x0, 0x0, 0x0, 0x0, 0x0, 0x0, 0x0, 0x0,
    0x0, 0x0, 0x0, 0x0, 0x0, 0x0, 0x0, 0x0,
    0x0, 0x0, 0x0, 0x0, 0x0, 0x0, 0x2e, 0xee,
    0xee, 0xee, 0xee, 0xee, 0xee, 0xee, 0xee, 0xee,
    0xc2, 0xff, 0xff, 0xff, 0xff, 0xff, 0xff, 0xff,
    0xff, 0xff, 0xfc, 0x0, 0x0, 0x0, 0x0, 0x6,
    0xfe, 0x0, 0x0, 0x0, 0x0, 0x0, 0x0, 0x0,
    0x0, 0x0, 0x6f, 0xe0, 0x0, 0x0, 0x0, 0x0,
    0x0, 0x0, 0x0, 0x0, 0x6, 0xfe, 0x0, 0x0,
    0x0, 0x0, 0x0, 0x0, 0x0, 0x0, 0x0, 0x6f,
    0xe0, 0x0, 0x0, 0x0, 0x0, 0x0, 0x0, 0x0,
    0x0, 0x6, 0xfe, 0x0, 0x0, 0x0, 0x0, 0x0,
    0x0, 0x0, 0x0, 0x0, 0x6f, 0xe0, 0x0, 0x0,
    0x0, 0x0, 0x0, 0x0, 0x0, 0x0, 0x6, 0xfe,
    0x0, 0x0, 0x0, 0x0, 0x0, 0x0, 0x0, 0x0,
    0x0, 0x1, 0x10, 0x0, 0x0, 0x0, 0x0,

    /* U+C0AC "사" */
    0x0, 0x0, 0x0, 0x0, 0x0, 0x0, 0x0, 0x5,
    0xca, 0x0, 0x0, 0x0, 0x0, 0x0, 0x0, 0x0,
    0x0, 0x0, 0x7, 0xfd, 0x0, 0x0, 0x0, 0x0,
    0x0, 0xef, 0x50, 0x0, 0x0, 0x7, 0xfd, 0x0,
    0x0, 0x0, 0x0, 0x0, 0xef, 0x60, 0x0, 0x0,
    0x7, 0xfd, 0x0, 0x0, 0x0, 0x0, 0x0, 0xef,
    0x60, 0x0, 0x0, 0x7, 0xfd, 0x0, 0x0, 0x0,
    0x0, 0x0, 0xef, 0x60, 0x0, 0x0, 0x7, 0xfd,
    0x0, 0x0, 0x0, 0x0, 0x0, 0xff, 0x60, 0x0,
    0x0, 0x7, 0xfd, 0x0, 0x0, 0x0, 0x0, 0x0,
    0xff, 0x80, 0x0, 0x0, 0x7, 0xfd, 0x0, 0x0,
    0x0, 0x0, 0x4, 0xff, 0xb0, 0x0, 0x0, 0x7,
    0xfd, 0x0, 0x0, 0x0, 0x0, 0x8, 0xff, 0xf1,
    0x0, 0x0, 0x7, 0xff, 0xff, 0xf6, 0x0, 0x0,
    0xe, 0xfe, 0xf7, 0x0, 0x0, 0x7, 0xff, 0xff,
    0xf5, 0x0, 0x0, 0x7f, 0xd5, 0xfe, 0x10, 0x0,
    0x7, 0xfd, 0x0, 0x0, 0x0, 0x1, 0xff, 0x60,
    0xdf, 0xb0, 0x0, 0x7, 0xfd, 0x0, 0x0, 0x0,
    0xc, 0xfd, 0x0, 0x4f, 0xf9, 0x0, 0x7, 0xfd,
    0x0, 0x0, 0x1, 0xcf, 0xf4, 0x0, 0x9, 0xff,
    0xa1, 0x7, 0xfd, 0x0, 0x0, 0x4e, 0xff, 0x60,
    0x0, 0x0, 0xaf, 0xf9, 0x7, 0xfd, 0x0, 0x0,
    0xd, 0xf6, 0x0, 0x0, 0x0, 0x7, 0xc0, 0x7,
    0xfd, 0x0, 0x0, 0x2, 0x20, 0x0, 0x0, 0x0,
    0x0, 0x0, 0x7, 0xfd, 0x0, 0x0, 0x0, 0x0,
    0x0, 0x0, 0x0, 0x0, 0x0, 0x7, 0xfd, 0x0,
    0x0, 0x0, 0x0, 0x0, 0x0, 0x0, 0x0, 0x0,
    0x7, 0xfd, 0x0, 0x0, 0x0, 0x0, 0x0, 0x0,
    0x0, 0x0, 0x0, 0x7, 0xfd, 0x0, 0x0, 0x0,
    0x0, 0x0, 0x0, 0x0, 0x0, 0x0, 0x7, 0xfd,
    0x0, 0x0, 0x0, 0x0, 0x0, 0x0, 0x0, 0x0,
    0x0, 0x0, 0x11, 0x0, 0x0,

    /* U+C0DD "생" */
    0x0, 0x0, 0x0, 0x0, 0x0, 0x0, 0x25, 0x30,
    0x8, 0xb5, 0x0, 0x0, 0x5, 0x83, 0x0, 0x0,
    0x7f, 0xb0, 0xc, 0xf7, 0x0, 0x0, 0xb, 0xf7,
    0x0, 0x0, 0x7f, 0xb0, 0xc, 0xf7, 0x0, 0x0,
    0xb, 0xf7, 0x0, 0x0, 0x7f, 0xb0, 0xc, 0xf7,
    0x0, 0x0, 0xb, 0xf7, 0x0, 0x0, 0x7f, 0xb0,
    0xc, 0xf7, 0x0, 0x0, 0xd, 0xf9, 0x0, 0x0,
    0x7f, 0xb0, 0xc, 0xf7, 0x0, 0x0, 0x1f, 0xfe,
    0x0, 0x0, 0x7f, 0xff, 0xff, 0xf7, 0x0, 0x0,
    0x8f, 0xff, 0x60, 0x0, 0x7f, 0xfd, 0xdf, 0xf7,
    0x0, 0x3, 0xff, 0x8f, 0xf3, 0x0, 0x7f, 0xb0,
    0xc, 0xf7, 0x0, 0x3e, 0xfa, 0xb, 0xff, 0x50,
    0x7f, 0xb0, 0xc, 0xf7, 0x7, 0xff, 0xd1, 0x1,
    0xcf, 0xf9, 0x7f, 0xb0, 0xc, 0xf7, 0xd, 0xfd,
    0x20, 0x0, 0x8, 0xe2, 0x7f, 0xb0, 0xc, 0xf7,
    0x3, 0x70, 0x0, 0x0, 0x0, 0x0, 0x7f, 0xb0,
    0xc, 0xf7, 0x0, 0x0, 0x0, 0x0, 0x0, 0x0,
    0x0, 0x0, 0x8, 0xb5, 0x0, 0x0, 0x0, 0x3,
    0x8b, 0xde, 0xed, 0xb9, 0x40, 0x0, 0x0, 0x0,
    0x1, 0xbf, 0xff, 0xfe, 0xde, 0xff, 0xfd, 0x30,
    0x0, 0x0, 0xc, 0xfe, 0x61, 0x0, 0x0, 0x4,
    0xcf, 0xf2, 0x0, 0x0, 0x3f, 0xf3, 0x0, 0x0,
    0x0, 0x0, 0xe, 0xf8, 0x0, 0x0, 0x3f, 0xf2,
    0x0, 0x0, 0x0, 0x0, 0xd, 0xf8, 0x0, 0x0,
    0xd, 0xfd, 0x40, 0x0, 0x0, 0x2, 0xaf, 0xf3,
    0x0, 0x0, 0x2, 0xdf, 0xff, 0xdc, 0xcc, 0xef,
    0xff, 0x50, 0x0, 0x0, 0x0, 0x5, 0xad, 0xff,
    0xff, 0xdb, 0x61, 0x0, 0x0, 0x0, 0x0, 0x0,
    0x0, 0x0, 0x0, 0x0, 0x0, 0x0,

    /* U+C11C "서" */
    0x0, 0x0, 0x0, 0x0, 0x0, 0x0, 0x0, 0x0,
    0x0, 0x0, 0x0, 0x0, 0x0, 0x0, 0x0, 0x0,
    0x0, 0x0, 0x3f, 0xf1, 0x0, 0x0, 0x0, 0x24,
    0x20, 0x0, 0x0, 0x0, 0x3f, 0xf1, 0x0, 0x0,
    0x0, 0xaf, 0xb0, 0x0, 0x0, 0x0, 0x3f, 0xf1,
    0x0, 0x0, 0x0, 0xaf, 0xb0, 0x0, 0x0, 0x0,
    0x3f, 0xf1, 0x0, 0x0, 0x0, 0xaf, 0xb0, 0x0,
    0x0, 0x0, 0x3f, 0xf1, 0x0, 0x0, 0x0, 0xaf,
    0xb0, 0x0, 0x0, 0x0, 0x3f, 0xf1, 0x0, 0x0,
    0x0, 0xbf, 0xc0, 0x0, 0x0, 0x0, 0x3f, 0xf1,
    0x0, 0x0, 0x0, 0xdf, 0xe0, 0x1, 0xcc, 0xcc,
    0xcf, 0xf1, 0x0, 0x0, 0x1, 0xff, 0xf1, 0x2,
    0xff, 0xff, 0xff, 0xf1, 0x0, 0x0, 0x5, 0xff,
    0xf7, 0x0, 0x22, 0x22, 0x5f, 0xf1, 0x0, 0x0,
    0xc, 0xfc, 0xfd, 0x0, 0x0, 0x0, 0x3f, 0xf1,
    0x0, 0x0, 0x4f, 0xf1, 0xef, 0x60, 0x0, 0x0,
    0x3f, 0xf1, 0x0, 0x0, 0xdf, 0x90, 0x7f, 0xf2,
    0x0, 0x0, 0x3f, 0xf1, 0x0, 0xb, 0xff, 0x10,
    0xd, 0xfe, 0x20, 0x0, 0x3f, 0xf1, 0x1, 0xcf,
    0xf5, 0x0, 0x2, 0xef, 0xf6, 0x0, 0x3f, 0xf1,
    0x1e, 0xff, 0x80, 0x0, 0x0, 0x3e, 0xfd, 0x0,
    0x3f, 0xf1, 0x7, 0xf6, 0x0, 0x0, 0x0, 0x1,
    0xa3, 0x0, 0x3f, 0xf1, 0x0, 0x10, 0x0, 0x0,
    0x0, 0x0, 0x0, 0x0, 0x3f, 0xf1, 0x0, 0x0,
    0x0, 0x0, 0x0, 0x0, 0x0, 0x0, 0x3f, 0xf1,
    0x0, 0x0, 0x0, 0x0, 0x0, 0x0, 0x0, 0x0,
    0x3f, 0xf1, 0x0, 0x0, 0x0, 0x0, 0x0, 0x0,
    0x0, 0x0, 0x3f, 0xf1, 0x0, 0x0, 0x0, 0x0,
    0x0, 0x0, 0x0, 0x0, 0x3e, 0xe1,

    /* U+C131 "성" */
    0x0, 0x0, 0x0, 0x0, 0x0, 0x0, 0x0, 0x0,
    0x49, 0x80, 0x0, 0x0, 0x5, 0x83, 0x0, 0x0,
    0x0, 0x6, 0xfe, 0x0, 0x0, 0x0, 0xbf, 0x90,
    0x0, 0x0, 0x0, 0x6f, 0xe0, 0x0, 0x0, 0xb,
    0xf9, 0x0, 0x0, 0x0, 0x6, 0xfe, 0x0, 0x0,
    0x0, 0xcf, 0xa0, 0x0, 0x22, 0x22, 0x8f, 0xe0,
    0x0, 0x0, 0xe, 0xfd, 0x0, 0xf, 0xff, 0xff,
    0xfe, 0x0, 0x0, 0x3, 0xff, 0xf2, 0x0, 0xcc,
    0xcc, 0xef, 0xe0, 0x0, 0x0, 0xbf, 0xff, 0xb0,
    0x0, 0x0, 0x6, 0xfe, 0x0, 0x0, 0x6f, 0xf4,
    0xff, 0x70, 0x0, 0x0, 0x6f, 0xe0, 0x0, 0x6f,
    0xf7, 0x8, 0xff, 0x90, 0x0, 0x6, 0xfe, 0x2,
    0xbf, 0xfa, 0x0, 0x9, 0xff, 0xe5, 0x0, 0x6f,
    0xe2, 0xff, 0xf9, 0x0, 0x0, 0x6, 0xef, 0x20,
    0x6, 0xfe, 0x7, 0xc4, 0x0, 0x0, 0x0, 0x0,
    0x20, 0x0, 0x6f, 0xe0, 0x0, 0x0, 0x0, 0x0,
    0x1, 0x21, 0x0, 0x2, 0x54, 0x0, 0x0, 0x0,
    0x39, 0xdf, 0xff, 0xff, 0xea, 0x40, 0x0, 0x0,
    0x0, 0x9f, 0xff, 0xdb, 0xab, 0xcf, 0xff, 0xb0,
    0x0, 0x0, 0x6f, 0xf7, 0x10, 0x0, 0x0, 0x5,
    0xff, 0x90, 0x0, 0xb, 0xfa, 0x0, 0x0, 0x0,
    0x0, 0x7, 0xfe, 0x0, 0x0, 0xbf, 0xa0, 0x0,
    0x0, 0x0, 0x0, 0x7f, 0xe0, 0x0, 0x5, 0xff,
    0xa3, 0x0, 0x0, 0x2, 0x8f, 0xf8, 0x0, 0x0,
    0x7, 0xff, 0xff, 0xdd, 0xdf, 0xff, 0xf9, 0x0,
    0x0, 0x0, 0x1, 0x7b, 0xef, 0xff, 0xec, 0x83,
    0x0, 0x0, 0x0, 0x0, 0x0, 0x0, 0x0, 0x0,
    0x0, 0x0, 0x0,

    /* U+C138 "세" */
    0x0, 0x0, 0x0, 0x0, 0x0, 0x0, 0x6, 0x61,
    0x5, 0xdb, 0x0, 0x0, 0x0, 0x0, 0x0, 0x0,
    0xf, 0xf3, 0x6, 0xfd, 0x0, 0x0, 0x9, 0xd6,
    0x0, 0x0, 0xf, 0xf3, 0x6, 0xfd, 0x0, 0x0,
    0xc, 0xf7, 0x0, 0x0, 0xf, 0xf3, 0x6, 0xfd,
    0x0, 0x0, 0xc, 0xf7, 0x0, 0x0, 0xf, 0xf3,
    0x6, 0xfd, 0x0, 0x0, 0xc, 0xf7, 0x0, 0x0,
    0xf, 0xf3, 0x6, 0xfd, 0x0, 0x0, 0xc, 0xf7,
    0x0, 0x0, 0xf, 0xf3, 0x6, 0xfd, 0x0, 0x0,
    0xd, 0xf8, 0x0, 0x22, 0x2f, 0xf3, 0x6, 0xfd,
    0x0, 0x0, 0xf, 0xfb, 0x6, 0xff, 0xff, 0xf3,
    0x6, 0xfd, 0x0, 0x0, 0x2f, 0xfe, 0x5, 0xdd,
    0xdf, 0xf3, 0x6, 0xfd, 0x0, 0x0, 0x7f, 0xff,
    0x40, 0x0, 0xf, 0xf3, 0x6, 0xfd, 0x0, 0x0,
    0xdf, 0xaf, 0xb0, 0x0, 0xf, 0xf3, 0x6, 0xfd,
    0x0, 0x6, 0xfd, 0x1f, 0xf4, 0x0, 0xf, 0xf3,
    0x6, 0xfd, 0x0, 0x2f, 0xf6, 0x8, 0xfe, 0x10,
    0xf, 0xf3, 0x6, 0xfd, 0x1, 0xdf, 0xd0, 0x0,
    0xdf, 0xd2, 0xf, 0xf3, 0x6, 0xfd, 0x2e, 0xff,
    0x20, 0x0, 0x3e, 0xfb, 0xf, 0xf3, 0x6, 0xfd,
    0xc, 0xf4, 0x0, 0x0, 0x2, 0xb1, 0xf, 0xf3,
    0x6, 0xfd, 0x1, 0x20, 0x0, 0x0, 0x0, 0x0,
    0xf, 0xf3, 0x6, 0xfd, 0x0, 0x0, 0x0, 0x0,
    0x0, 0x0, 0xf, 0xf3, 0x6, 0xfd, 0x0, 0x0,
    0x0, 0x0, 0x0, 0x0, 0xf, 0xf3, 0x6, 0xfd,
    0x0, 0x0, 0x0, 0x0, 0x0, 0x0, 0xf, 0xf2,
    0x6, 0xfd, 0x0, 0x0, 0x0, 0x0, 0x0, 0x0,
    0x0, 0x0, 0x6, 0xfd, 0x0, 0x0, 0x0, 0x0,
    0x0, 0x0, 0x0, 0x0, 0x0, 0x0,

    /* U+C1A1 "송" */
    0x0, 0x0, 0x0, 0x0, 0x2, 0x87, 0x0, 0x0,
    0x0, 0x0, 0x0, 0x0, 0x0, 0x0, 0x0, 0x6f,
    0xe0, 0x0, 0x0, 0x0, 0x0, 0x0, 0x0, 0x0,
    0x0, 0x9, 0xff, 0x10, 0x0, 0x0, 0x0, 0x0,
    0x0, 0x0, 0x0, 0x1, 0xff, 0xf8, 0x0, 0x0,
    0x0, 0x0, 0x0, 0x0, 0x0, 0x1, 0xcf, 0xdf,
    0xf6, 0x0, 0x0, 0x0, 0x0, 0x0, 0x0, 0x4,
    0xdf, 0xe1, 0x7f, 0xf9, 0x10, 0x0, 0x0, 0x0,
    0x0, 0x5b, 0xff, 0xd2, 0x0, 0x7f, 0xff, 0x83,
    0x0, 0x0, 0xb, 0xff, 0xff, 0x70, 0x1, 0x10,
    0x3c, 0xff, 0xfe, 0x50, 0x0, 0x7f, 0xb6, 0x0,
    0x6, 0xfe, 0x0, 0x3, 0x9d, 0xe0, 0x0, 0x0,
    0x0, 0x0, 0x0, 0x6f, 0xe0, 0x0, 0x0, 0x0,
    0x0, 0x0, 0x0, 0x0, 0x0, 0x6, 0xfe, 0x0,
    0x0, 0x0, 0x0, 0x3, 0xff, 0xff, 0xff, 0xff,
    0xff, 0xff, 0xff, 0xff, 0xff, 0xfc, 0x2d, 0xdd,
    0xdd, 0xdd, 0xdd, 0xdd, 0xdd, 0xdd, 0xdd, 0xdd,
    0x90, 0x0, 0x0, 0x0, 0x0, 0x0, 0x0, 0x0,
    0x0, 0x0, 0x0, 0x0, 0x0, 0x0, 0x26, 0x8a,
    0xaa, 0x97, 0x40, 0x0, 0x0, 0x0, 0x0, 0x3,
    0xcf, 0xff, 0xff, 0xff, 0xff, 0xf8, 0x0, 0x0,
    0x0, 0x4, 0xff, 0xd7, 0x42, 0x22, 0x35, 0xaf,
    0xfb, 0x0, 0x0, 0x0, 0xbf, 0xc0, 0x0, 0x0,
    0x0, 0x0, 0x4f, 0xf3, 0x0, 0x0, 0xc, 0xf9,
    0x0, 0x0, 0x0, 0x0, 0x1, 0xff, 0x40, 0x0,
    0x0, 0x7f, 0xf7, 0x10, 0x0, 0x0, 0x3, 0xcf,
    0xe1, 0x0, 0x0, 0x0, 0x9f, 0xff, 0xec, 0xcc,
    0xdf, 0xff, 0xe3, 0x0, 0x0, 0x0, 0x0, 0x28,
    0xbe, 0xff, 0xff, 0xda, 0x50, 0x0, 0x0, 0x0,
    0x0, 0x0, 0x0, 0x0, 0x0, 0x0, 0x0, 0x0,
    0x0, 0x0,

    /* U+C2A4 "스" */
    0x0, 0x0, 0x0, 0x0, 0x4, 0x87, 0x0, 0x0,
    0x0, 0x0, 0x0, 0x0, 0x0, 0x0, 0x0, 0x8f,
    0xe0, 0x0, 0x0, 0x0, 0x0, 0x0, 0x0, 0x0,
    0x0, 0x8, 0xff, 0x0, 0x0, 0x0, 0x0, 0x0,
    0x0, 0x0, 0x0, 0x0, 0xbf, 0xf1, 0x0, 0x0,
    0x0, 0x0, 0x0, 0x0, 0x0, 0x0, 0x1f, 0xff,
    0x70, 0x0, 0x0, 0x0, 0x0, 0x0, 0x0, 0x0,
    0x9, 0xff, 0xff, 0x10, 0x0, 0x0, 0x0, 0x0,
    0x0, 0x0, 0x6, 0xff, 0x4c, 0xfc, 0x0, 0x0,
    0x0, 0x0, 0x0, 0x0, 0x7, 0xff, 0x80, 0x2f,
    0xfc, 0x10, 0x0, 0x0, 0x0, 0x0, 0x2b, 0xff,
    0xa0, 0x0, 0x4f, 0xff, 0x60, 0x0, 0x0, 0x15,
    0xbf, 0xff, 0x80, 0x0, 0x0, 0x2d, 0xff, 0xe8,
    0x30, 0x1, 0xff, 0xfc, 0x30, 0x0, 0x0, 0x0,
    0x7, 0xef, 0xfa, 0x0, 0x6, 0x83, 0x0, 0x0,
    0x0, 0x0, 0x0, 0x0, 0x6a, 0x20, 0x0, 0x0,
    0x0, 0x0, 0x0, 0x0, 0x0, 0x0, 0x0, 0x0,
    0x0, 0x0, 0x0, 0x0, 0x0, 0x0, 0x0, 0x0,
    0x0, 0x0, 0x0, 0x0, 0x0, 0x0, 0x0, 0x0,
    0x0, 0x0, 0x0, 0x0, 0x0, 0x0, 0x0, 0x0,
    0x0, 0x0, 0x0, 0x0, 0x0, 0x0, 0x0, 0x0,
    0x1d, 0xdd, 0xdd, 0xdd, 0xdd, 0xdd, 0xdd, 0xdd,
    0xdd, 0xdd, 0xc1, 0xff, 0xff, 0xff, 0xff, 0xff,
    0xff, 0xff, 0xff, 0xff, 0xfe, 0x0, 0x0, 0x0,
    0x0, 0x0, 0x0, 0x0, 0x0, 0x0, 0x0, 0x0,

    /* U+C2DD "식" */
    0x0, 0x0, 0x0, 0x0, 0x0, 0x0, 0x0, 0x0,
    0x0, 0x0, 0x0, 0x0, 0x0, 0x0, 0x0, 0x0,
    0x0, 0x4f, 0xf0, 0x0, 0x0, 0x8, 0xfd, 0x0,
    0x0, 0x0, 0x4, 0xff, 0x0, 0x0, 0x0, 0x8f,
    0xe0, 0x0, 0x0, 0x0, 0x4f, 0xf0, 0x0, 0x0,
    0x8, 0xfe, 0x0, 0x0, 0x0, 0x4, 0xff, 0x0,
    0x0, 0x0, 0xaf, 0xf0, 0x0, 0x0, 0x0, 0x4f,
    0xf0, 0x0, 0x0, 0xe, 0xff, 0x50, 0x0, 0x0,
    0x4, 0xff, 0x0, 0x0, 0x5, 0xff, 0xfc, 0x0,
    0x0, 0x0, 0x4f, 0xf0, 0x0, 0x1, 0xef, 0x8f,
    0xf7, 0x0, 0x0, 0x4, 0xff, 0x0, 0x1, 0xcf,
    0xd0, 0x6f, 0xf7, 0x0, 0x0, 0x4f, 0xf0, 0x4,
    0xef, 0xf3, 0x0, 0x9f, 0xfc, 0x40, 0x4, 0xff,
    0xa, 0xff, 0xe3, 0x0, 0x0, 0x7f, 0xfe, 0x10,
    0x4f, 0xf0, 0x4f, 0xa1, 0x0, 0x0, 0x0, 0x2a,
    0x50, 0x4, 0xff, 0x0, 0x10, 0x0, 0x0, 0x0,
    0x0, 0x0, 0x0, 0x4f, 0xf0, 0x0, 0x0, 0x0,
    0x0, 0x0, 0x0, 0x0, 0x0, 0x22, 0x0, 0x0,
    0xad, 0xdd, 0xdd, 0xdd, 0xdd, 0xdd, 0xdd, 0xd0,
    0x0, 0xc, 0xff, 0xff, 0xff, 0xff, 0xff, 0xff,
    0xff, 0x0, 0x0, 0x0, 0x0, 0x0, 0x0, 0x0,
    0x0, 0x4f, 0xf0, 0x0, 0x0, 0x0, 0x0, 0x0,
    0x0, 0x0, 0x4, 0xff, 0x0, 0x0, 0x0, 0x0,
    0x0, 0x0, 0x0, 0x0, 0x4f, 0xf0, 0x0, 0x0,
    0x0, 0x0, 0x0, 0x0, 0x0, 0x4, 0xff, 0x0,
    0x0, 0x0, 0x0, 0x0, 0x0, 0x0, 0x0, 0x4f,
    0xf0, 0x0, 0x0, 0x0, 0x0, 0x0, 0x0, 0x0,
    0x3, 0xdd, 0x0,

    /* U+C5B4 "어" */
    0x0, 0x0, 0x0, 0x0, 0x0, 0x0, 0x0, 0x0,
    0x0, 0x0, 0x0, 0x0, 0x0, 0x0, 0x0, 0x0,
    0x0, 0x1f, 0xf3, 0x0, 0x0, 0x2, 0x10, 0x0,
    0x0, 0x0, 0x1, 0xff, 0x30, 0x1, 0xaf, 0xff,
    0xc3, 0x0, 0x0, 0x0, 0x1f, 0xf3, 0x1, 0xdf,
    0xff, 0xff, 0xf3, 0x0, 0x0, 0x1, 0xff, 0x30,
    0xaf, 0xe3, 0x1, 0xcf, 0xd0, 0x0, 0x0, 0x1f,
    0xf3, 0x2f, 0xf4, 0x0, 0x1, 0xff, 0x50, 0x0,
    0x1, 0xff, 0x37, 0xfd, 0x0, 0x0, 0x9, 0xfa,
    0x0, 0x0, 0x1f, 0xf3, 0xaf, 0x90, 0x0, 0x0,
    0x5f, 0xe0, 0x0, 0x1, 0xff, 0x3c, 0xf7, 0x0,
    0x0, 0x3, 0xff, 0xdd, 0xdd, 0xdf, 0xf3, 0xcf,
    0x60, 0x0, 0x0, 0x2f, 0xff, 0xff, 0xff, 0xff,
    0x3c, 0xf7, 0x0, 0x0, 0x2, 0xff, 0x11, 0x11,
    0x2f, 0xf3, 0xaf, 0x90, 0x0, 0x0, 0x4f, 0xe0,
    0x0, 0x1, 0xff, 0x37, 0xfd, 0x0, 0x0, 0x9,
    0xfb, 0x0, 0x0, 0x1f, 0xf3, 0x2f, 0xf3, 0x0,
    0x1, 0xef, 0x50, 0x0, 0x1, 0xff, 0x30, 0xaf,
    0xe3, 0x1, 0xbf, 0xd0, 0x0, 0x0, 0x1f, 0xf3,
    0x1, 0xef, 0xfe, 0xff, 0xf3, 0x0, 0x0, 0x1,
    0xff, 0x30, 0x1, 0xaf, 0xff, 0xc3, 0x0, 0x0,
    0x0, 0x1f, 0xf3, 0x0, 0x0, 0x2, 0x10, 0x0,
    0x0, 0x0, 0x1, 0xff, 0x30, 0x0, 0x0, 0x0,
    0x0, 0x0, 0x0, 0x0, 0x1f, 0xf3, 0x0, 0x0,
    0x0, 0x0, 0x0, 0x0, 0x0, 0x1, 0xff, 0x30,
    0x0, 0x0, 0x0, 0x0, 0x0, 0x0, 0x0, 0x1f,
    0xf3, 0x0, 0x0, 0x0, 0x0, 0x0, 0x0, 0x0,
    0x1, 0xee, 0x30,

    /* U+C5D0 "에" */
    0x0, 0x0, 0x0, 0x0, 0x0, 0x0, 0x66, 0x10,
    0x5d, 0xb0, 0x0, 0x0, 0x0, 0x0, 0x0, 0xf,
    0xf3, 0x6, 0xfd, 0x0, 0x4c, 0xff, 0xb2, 0x0,
    0x0, 0xff, 0x30, 0x6f, 0xd0, 0x4f, 0xff, 0xff,
    0xe1, 0x0, 0xf, 0xf3, 0x6, 0xfd, 0xe, 0xfb,
    0x34, 0xef, 0xa0, 0x0, 0xff, 0x30, 0x6f, 0xd5,
    0xfe, 0x10, 0x3, 0xff, 0x10, 0xf, 0xf3, 0x6,
    0xfd, 0x9f, 0x90, 0x0, 0xc, 0xf6, 0x0, 0xff,
    0x30, 0x6f, 0xdc, 0xf5, 0x0, 0x0, 0x9f, 0x90,
    0xf, 0xf3, 0x6, 0xfd, 0xef, 0x40, 0x0, 0x7,
    0xfd, 0x66, 0xff, 0x30, 0x6f, 0xdf, 0xf3, 0x0,
    0x0, 0x6f, 0xff, 0xff, 0xf3, 0x6, 0xfd, 0xef,
    0x30, 0x0, 0x6, 0xfd, 0x77, 0xff, 0x30, 0x6f,
    0xdd, 0xf5, 0x0, 0x0, 0x8f, 0xa0, 0xf, 0xf3,
    0x6, 0xfd, 0xaf, 0x80, 0x0, 0xb, 0xf7, 0x0,
    0xff, 0x30, 0x6f, 0xd6, 0xfd, 0x0, 0x1, 0xff,
    0x30, 0xf, 0xf3, 0x6, 0xfd, 0x1f, 0xf8, 0x0,
    0xbf, 0xc0, 0x0, 0xff, 0x30, 0x6f, 0xd0, 0x7f,
    0xfe, 0xff, 0xf4, 0x0, 0xf, 0xf3, 0x6, 0xfd,
    0x0, 0x8f, 0xff, 0xf5, 0x0, 0x0, 0xff, 0x30,
    0x6f, 0xd0, 0x0, 0x15, 0x40, 0x0, 0x0, 0xf,
    0xf3, 0x6, 0xfd, 0x0, 0x0, 0x0, 0x0, 0x0,
    0x0, 0xff, 0x30, 0x6f, 0xd0, 0x0, 0x0, 0x0,
    0x0, 0x0, 0xf, 0xf3, 0x6, 0xfd, 0x0, 0x0,
    0x0, 0x0, 0x0, 0x0, 0xff, 0x30, 0x6f, 0xd0,
    0x0, 0x0, 0x0, 0x0, 0x0, 0x0, 0x0, 0x6,
    0xfd, 0x0, 0x0, 0x0, 0x0, 0x0, 0x0, 0x0,
    0x0, 0x0, 0x0,

    /* U+C624 "오" */
    0x0, 0x0, 0x0, 0x4, 0x7a, 0xba, 0x96, 0x20,
    0x0, 0x0, 0x0, 0x0, 0x0, 0x6e, 0xff, 0xff,
    0xff, 0xff, 0xb2, 0x0, 0x0, 0x0, 0x0, 0xbf,
    0xfc, 0x74, 0x23, 0x59, 0xef, 0xf4, 0x0, 0x0,
    0x0, 0x8f, 0xf5, 0x0, 0x0, 0x0, 0x1, 0xbf,
    0xf2, 0x0, 0x0, 0xf, 0xf6, 0x0, 0x0, 0x0,
    0x0, 0x0, 0xdf, 0x90, 0x0, 0x3, 0xff, 0x0,
    0x0, 0x0, 0x0, 0x0, 0x7, 0xfc, 0x0, 0x0,
    0x4f, 0xf0, 0x0, 0x0, 0x0, 0x0, 0x0, 0x7f,
    0xd0, 0x0, 0x1, 0xff, 0x40, 0x0, 0x0, 0x0,
    0x0, 0xb, 0xfa, 0x0, 0x0, 0xb, 0xfd, 0x10,
    0x0, 0x0, 0x0, 0x6, 0xff, 0x40, 0x0, 0x0,
    0x1e, 0xfe, 0x72, 0x0, 0x0, 0x4b, 0xff, 0x80,
    0x0, 0x0, 0x0, 0x1b, 0xff, 0xff, 0xde, 0xff,
    0xff, 0x60, 0x0, 0x0, 0x0, 0x0, 0x3, 0x9c,
    0xff, 0xfe, 0xb6, 0x10, 0x0, 0x0, 0x0, 0x0,
    0x0, 0x0, 0x5, 0xfe, 0x0, 0x0, 0x0, 0x0,
    0x0, 0x0, 0x0, 0x0, 0x0, 0x5f, 0xe0, 0x0,
    0x0, 0x0, 0x0, 0x0, 0x0, 0x0, 0x0, 0x5,
    0xfe, 0x0, 0x0, 0x0, 0x0, 0x0, 0x0, 0x0,
    0x0, 0x0, 0x5f, 0xe0, 0x0, 0x0, 0x0, 0x0,
    0x19, 0x99, 0x99, 0x99, 0x9b, 0xff, 0x99, 0x99,
    0x99, 0x99, 0x72, 0xff, 0xff, 0xff, 0xff, 0xff,
    0xff, 0xff, 0xff, 0xff, 0xfd, 0x5, 0x55, 0x55,
    0x55, 0x55, 0x55, 0x55, 0x55, 0x55, 0x55, 0x40,

    /* U+C694 "요" */
    0x0, 0x0, 0x0, 0x4, 0x8a, 0xbb, 0xa7, 0x20,
    0x0, 0x0, 0x0, 0x0, 0x0, 0x7e, 0xff, 0xff,
    0xff, 0xff, 0xc3, 0x0, 0x0, 0x0, 0x0, 0xbf,
    0xfb, 0x63, 0x22, 0x48, 0xef, 0xf5, 0x0, 0x0,
    0x0, 0x9f, 0xf4, 0x0, 0x0, 0x0, 0x0, 0xaf,
    0xf2, 0x0, 0x0, 0x1f, 0xf6, 0x0, 0x0, 0x0,
    0x0, 0x0, 0xdf, 0x90, 0x0, 0x4, 0xff, 0x0,
    0x0, 0x0, 0x0, 0x0, 0x7, 0xfd, 0x0, 0x0,
    0x4f, 0xf0, 0x0, 0x0, 0x0, 0x0, 0x0, 0x7f,
    0xd0, 0x0, 0x1, 0xff, 0x50, 0x0, 0x0, 0x0,
    0x0, 0xc, 0xfa, 0x0, 0x0, 0xa, 0xfe, 0x20,
    0x0, 0x0, 0x0, 0x8, 0xff, 0x30, 0x0, 0x0,
    0x1d, 0xff, 0x93, 0x0, 0x1, 0x5c, 0xff, 0x70,
    0x0, 0x0, 0x0, 0xb, 0xff, 0xff, 0xff, 0xff,
    0xff, 0x50, 0x0, 0x0, 0x0, 0x0, 0x6f, 0xfa,
    0xcd, 0xdc, 0xbf, 0xf0, 0x0, 0x0, 0x0, 0x0,
    0x6, 0xfe, 0x0, 0x0, 0x4, 0xff, 0x0, 0x0,
    0x0, 0x0, 0x0, 0x6f, 0xe0, 0x0, 0x0, 0x4f,
    0xf0, 0x0, 0x0, 0x0, 0x0, 0x6, 0xfe, 0x0,
    0x0, 0x4, 0xff, 0x0, 0x0, 0x0, 0x0, 0x0,
    0x6f, 0xe0, 0x0, 0x0, 0x4f, 0xf0, 0x0, 0x0,
    0x19, 0x99, 0x9c, 0xff, 0x99, 0x99, 0x9b, 0xff,
    0x99, 0x99, 0x73, 0xff, 0xff, 0xff, 0xff, 0xff,
    0xff, 0xff, 0xff, 0xff, 0xfd, 0x15, 0x55, 0x55,
    0x55, 0x55, 0x55, 0x55, 0x55, 0x55, 0x55, 0x40,

    /* U+C6A9 "용" */
    0x0, 0x0, 0x0, 0x15, 0x89, 0xa9, 0x87, 0x30,
    0x0, 0x0, 0x0, 0x0, 0x3, 0xbf, 0xff, 0xff,
    0xff, 0xff, 0xe7, 0x0, 0x0, 0x0, 0x4, 0xff,
    0xe9, 0x53, 0x23, 0x46, 0xbf, 0xfb, 0x0, 0x0,
    0x0, 0xdf, 0xc0, 0x0, 0x0, 0x0, 0x0, 0x4f,
    0xf5, 0x0, 0x0, 0xf, 0xf6, 0x0, 0x0, 0x0,
    0x0, 0x0, 0xdf, 0x80, 0x0, 0x0, 0xef, 0xa0,
    0x0, 0x0, 0x0, 0x0, 0x2f, 0xf6, 0x0, 0x0,
    0x5, 0xff, 0xc6, 0x21, 0x0, 0x14, 0x8f, 0xfd,
    0x0, 0x0, 0x0, 0x4, 0xdf, 0xff, 0xff, 0xff,
    0xff, 0xf9, 0x10, 0x0, 0x0, 0x0, 0x6, 0xff,
    0x9b, 0xbb, 0xac, 0xfe, 0x0, 0x0, 0x0, 0x0,
    0x0, 0x6f, 0xe0, 0x0, 0x0, 0x6f, 0xe0, 0x0,
    0x0, 0x0, 0x0, 0x6, 0xfe, 0x0, 0x0, 0x6,
    0xfe, 0x0, 0x0, 0x3, 0xff, 0xff, 0xff, 0xff,
    0xff, 0xff, 0xff, 0xff, 0xff, 0xfc, 0x2e, 0xee,
    0xee, 0xee, 0xee, 0xee, 0xee, 0xee, 0xee, 0xee,
    0xa0, 0x0, 0x0, 0x0, 0x0, 0x0, 0x0, 0x0,
    0x0, 0x0, 0x0, 0x0, 0x0, 0x0, 0x47, 0xab,
    0xcb, 0xb9, 0x61, 0x0, 0x0, 0x0, 0x0, 0x5,
    0xef, 0xff, 0xff, 0xff, 0xff, 0xfa, 0x10, 0x0,
    0x0, 0x4, 0xff, 0xc5, 0x20, 0x0, 0x13, 0x8f,
    0xfc, 0x0, 0x0, 0x0, 0xbf, 0xb0, 0x0, 0x0,
    0x0, 0x0, 0x3f, 0xf3, 0x0, 0x0, 0xc, 0xfa,
    0x0, 0x0, 0x0, 0x0, 0x1, 0xff, 0x40, 0x0,
    0x0, 0x7f, 0xf8, 0x10, 0x0, 0x0, 0x4, 0xcf,
    0xe0, 0x0, 0x0, 0x0, 0x9f, 0xff, 0xec, 0xcc,
    0xdf, 0xff, 0xd3, 0x0, 0x0, 0x0, 0x0, 0x28,
    0xbe, 0xff, 0xff, 0xda, 0x50, 0x0, 0x0, 0x0,
    0x0, 0x0, 0x0, 0x0, 0x0, 0x0, 0x0, 0x0,
    0x0, 0x0,

    /* U+C744 "을" */
    0x0, 0x0, 0x0, 0x15, 0x78, 0x99, 0x87, 0x40,
    0x0, 0x0, 0x0, 0x0, 0x3, 0xcf, 0xff, 0xff,
    0xff, 0xff, 0xfa, 0x10, 0x0, 0x0, 0x4, 0xff,
    0xd7, 0x43, 0x22, 0x35, 0x9e, 0xfe, 0x20, 0x0,
    0x0, 0xdf, 0xb0, 0x0, 0x0, 0x0, 0x0, 0x1e,
    0xf9, 0x0, 0x0, 0xe, 0xf8, 0x0, 0x0, 0x0,
    0x0, 0x0, 0xcf, 0xa0, 0x0, 0x0, 0x9f, 0xf5,
    0x0, 0x0, 0x0, 0x0, 0x7f, 0xf5, 0x0, 0x0,
    0x0, 0xbf, 0xff, 0xca, 0xaa, 0xbc, 0xff, 0xf8,
    0x0, 0x0, 0x0, 0x0, 0x39, 0xdf, 0xff, 0xff,
    0xfc, 0x82, 0x0, 0x0, 0x0, 0x0, 0x0, 0x0,
    0x1, 0x11, 0x0, 0x0, 0x0, 0x0, 0x0, 0xcc,
    0xcc, 0xcc, 0xcc, 0xcc, 0xcc, 0xcc, 0xcc, 0xcc,
    0xca, 0x1f, 0xff, 0xff, 0xff, 0xff, 0xff, 0xff,
    0xff, 0xff, 0xff, 0xd0, 0x11, 0x11, 0x11, 0x11,
    0x11, 0x11, 0x11, 0x11, 0x11, 0x11, 0x0, 0x0,
    0x0, 0x0, 0x0, 0x0, 0x0, 0x0, 0x0, 0x0,
    0x0, 0x0, 0xbf, 0xff, 0xff, 0xff, 0xff, 0xff,
    0xff, 0xf5, 0x0, 0x0, 0x7, 0xbb, 0xbb, 0xbb,
    0xbb, 0xbb, 0xbb, 0xff, 0x50, 0x0, 0x0, 0x0,
    0x0, 0x0, 0x0, 0x0, 0x0, 0xf, 0xf5, 0x0,
    0x0, 0x6, 0xaa, 0xaa, 0xaa, 0xaa, 0xaa, 0xaa,
    0xff, 0x50, 0x0, 0x0, 0xaf, 0xff, 0xff, 0xff,
    0xff, 0xff, 0xff, 0xf5, 0x0, 0x0, 0xa, 0xfa,
    0x0, 0x0, 0x0, 0x0, 0x0, 0x0, 0x0, 0x0,
    0x0, 0xaf, 0xa0, 0x0, 0x0, 0x0, 0x0, 0x0,
    0x0, 0x0, 0x0, 0xb, 0xff, 0xff, 0xff, 0xff,
    0xff, 0xff, 0xff, 0xe0, 0x0, 0x0, 0x8d, 0xdd,
    0xdd, 0xdd, 0xdd, 0xdd, 0xdd, 0xdd, 0x0,

    /* U+C74C "음" */
    0x0, 0x0, 0x0, 0x0, 0x1, 0x22, 0x10, 0x0,
    0x0, 0x0, 0x0, 0x0, 0x0, 0x39, 0xdf, 0xff,
    0xff, 0xfc, 0x81, 0x0, 0x0, 0x0, 0x0, 0x9f,
    0xff, 0xdb, 0xbb, 0xce, 0xff, 0xf6, 0x0, 0x0,
    0x0, 0x8f, 0xf7, 0x10, 0x0, 0x0, 0x2, 0xaf,
    0xf4, 0x0, 0x0, 0xe, 0xf9, 0x0, 0x0, 0x0,
    0x0, 0x0, 0xcf, 0xa0, 0x0, 0x0, 0xdf, 0x90,
    0x0, 0x0, 0x0, 0x0, 0xd, 0xf9, 0x0, 0x0,
    0x7, 0xff, 0x93, 0x0, 0x0, 0x0, 0x4c, 0xff,
    0x30, 0x0, 0x0, 0x7, 0xff, 0xff, 0xed, 0xde,
    0xff, 0xfe, 0x40, 0x0, 0x0, 0x0, 0x1, 0x6a,
    0xde, 0xff, 0xec, 0x95, 0x0, 0x0, 0x0, 0x0,
    0x0, 0x0, 0x0, 0x0, 0x0, 0x0, 0x0, 0x0,
    0x0, 0x1, 0x11, 0x11, 0x11, 0x11, 0x11, 0x11,
    0x11, 0x11, 0x11, 0x11, 0xff, 0xff, 0xff, 0xff,
    0xff, 0xff, 0xff, 0xff, 0xff, 0xfd, 0x1c, 0xcc,
    0xcc, 0xcc, 0xcc, 0xcc, 0xcc, 0xcc, 0xcc, 0xcc,
    0xa0, 0x0, 0x0, 0x0, 0x0, 0x0, 0x0, 0x0,
    0x0, 0x0, 0x0, 0x0, 0x7, 0xbb, 0xbb, 0xbb,
    0xbb, 0xbb, 0xbb, 0xbb, 0x50, 0x0, 0x0, 0xbf,
    0xff, 0xff, 0xff, 0xff, 0xff, 0xff, 0xf7, 0x0,
    0x0, 0xb, 0xfa, 0x22, 0x22, 0x22, 0x22, 0x22,
    0xdf, 0x70, 0x0, 0x0, 0xbf, 0x90, 0x0, 0x0,
    0x0, 0x0, 0xd, 0xf7, 0x0, 0x0, 0xb, 0xf9,
    0x0, 0x0, 0x0, 0x0, 0x0, 0xdf, 0x70, 0x0,
    0x0, 0xbf, 0xa0, 0x0, 0x0, 0x0, 0x0, 0xd,
    0xf7, 0x0, 0x0, 0xb, 0xff, 0xff, 0xff, 0xff,
    0xff, 0xff, 0xff, 0x70, 0x0, 0x0, 0x9d, 0xdd,
    0xdd, 0xdd, 0xdd, 0xdd, 0xdd, 0xd5, 0x0,

    /* U+C751 "응" */
    0x0, 0x0, 0x0, 0x0, 0x1, 0x22, 0x10, 0x0,
    0x0, 0x0, 0x0, 0x0, 0x0, 0x28, 0xdf, 0xff,
    0xff, 0xfc, 0x71, 0x0, 0x0, 0x0, 0x0, 0x9f,
    0xff, 0xec, 0xbb, 0xce, 0xff, 0xf6, 0x0, 0x0,
    0x0, 0x8f, 0xf8, 0x10, 0x0, 0x0, 0x2, 0xaf,
    0xf4, 0x0, 0x0, 0xe, 0xf9, 0x0, 0x0, 0x0,
    0x0, 0x0, 0xcf, 0xa0, 0x0, 0x0, 0xdf, 0x90,
    0x0, 0x0, 0x0, 0x0, 0xd, 0xf9, 0x0, 0x0,
    0x7, 0xff, 0x81, 0x0, 0x0, 0x0, 0x2a, 0xff,
    0x40, 0x0, 0x0, 0x8, 0xff, 0xfe, 0xcb, 0xbc,
    0xef, 0xff, 0x60, 0x0, 0x0, 0x0, 0x2, 0x8c,
    0xff, 0xff, 0xfe, 0xb7, 0x10, 0x0, 0x0, 0x0,
    0x0, 0x0, 0x0, 0x1, 0x10, 0x0, 0x0, 0x0,
    0x0, 0x1, 0x11, 0x11, 0x11, 0x11, 0x11, 0x11,
    0x11, 0x11, 0x11, 0x11, 0xff, 0xff, 0xff, 0xff,
    0xff, 0xff, 0xff, 0xff, 0xff, 0xfd, 0x1c, 0xcc,
    0xcc, 0xcc, 0xcc, 0xcc, 0xcc, 0xcc, 0xcc, 0xcc,
    0xa0, 0x0, 0x0, 0x0, 0x0, 0x0, 0x0, 0x0,
    0x0, 0x0, 0x0, 0x0, 0x0, 0x0, 0x47, 0xab,
    0xcc, 0xb9, 0x72, 0x0, 0x0, 0x0, 0x0, 0x4,
    0xdf, 0xff, 0xff, 0xff, 0xff, 0xfb, 0x20, 0x0,
    0x0, 0x3, 0xff, 0xc5, 0x20, 0x0, 0x2, 0x7e,
    0xfe, 0x0, 0x0, 0x0, 0xaf, 0xd0, 0x0, 0x0,
    0x0, 0x0, 0x1f, 0xf5, 0x0, 0x0, 0xa, 0xfb,
    0x0, 0x0, 0x0, 0x0, 0x0, 0xff, 0x60, 0x0,
    0x0, 0x5f, 0xf9, 0x20, 0x0, 0x0, 0x3, 0xcf,
    0xf1, 0x0, 0x0, 0x0, 0x8f, 0xff, 0xed, 0xcc,
    0xdf, 0xff, 0xe4, 0x0, 0x0, 0x0, 0x0, 0x28,
    0xce, 0xff, 0xff, 0xeb, 0x60, 0x0, 0x0, 0x0,
    0x0, 0x0, 0x0, 0x0, 0x0, 0x0, 0x0, 0x0,
    0x0, 0x0,

    /* U+C758 "의" */
    0x0, 0x0, 0x0, 0x0, 0x0, 0x0, 0x0, 0x0,
    0x5e, 0xd0, 0x0, 0x0, 0x3, 0x55, 0x20, 0x0,
    0x0, 0x6, 0xfe, 0x0, 0x0, 0x7e, 0xff, 0xff,
    0xe6, 0x0, 0x0, 0x6f, 0xe0, 0x0, 0xbf, 0xfe,
    0xbb, 0xef, 0xf9, 0x0, 0x6, 0xfe, 0x0, 0x6f,
    0xf7, 0x0, 0x0, 0x8f, 0xf4, 0x0, 0x6f, 0xe0,
    0xd, 0xf9, 0x0, 0x0, 0x0, 0xbf, 0xa0, 0x6,
    0xfe, 0x0, 0xff, 0x40, 0x0, 0x0, 0x6, 0xfd,
    0x0, 0x6f, 0xe0, 0xf, 0xf5, 0x0, 0x0, 0x0,
    0x7f, 0xd0, 0x6, 0xfe, 0x0, 0xcf, 0xb0, 0x0,
    0x0, 0xd, 0xf9, 0x0, 0x6f, 0xe0, 0x4, 0xff,
    0xa2, 0x0, 0x3b, 0xff, 0x20, 0x6, 0xfe, 0x0,
    0x7, 0xff, 0xff, 0xff, 0xff, 0x50, 0x0, 0x6f,
    0xe0, 0x0, 0x3, 0xbf, 0xff, 0xfa, 0x20, 0x0,
    0x6, 0xfe, 0x0, 0x0, 0x0, 0x1, 0x10, 0x0,
    0x0, 0x0, 0x6f, 0xe0, 0x0, 0x0, 0x0, 0x0,
    0x0, 0x0, 0x0, 0x6, 0xfe, 0x0, 0x0, 0x0,
    0x0, 0x0, 0x0, 0x1, 0x31, 0x6f, 0xe0, 0x99,
    0x9a, 0xaa, 0xbc, 0xcd, 0xef, 0xff, 0x46, 0xfe,
    0xe, 0xff, 0xff, 0xff, 0xff, 0xfe, 0xca, 0x82,
    0x6f, 0xe0, 0x45, 0x55, 0x44, 0x32, 0x10, 0x0,
    0x0, 0x6, 0xfe, 0x0, 0x0, 0x0, 0x0, 0x0,
    0x0, 0x0, 0x0, 0x6f, 0xe0, 0x0, 0x0, 0x0,
    0x0, 0x0, 0x0, 0x0, 0x6, 0xfe, 0x0, 0x0,
    0x0, 0x0, 0x0, 0x0, 0x0, 0x0, 0x6f, 0xe0,
    0x0, 0x0, 0x0, 0x0, 0x0, 0x0, 0x0, 0x6,
    0xfe, 0x0, 0x0, 0x0, 0x0, 0x0, 0x0, 0x0,
    0x0, 0x0, 0x0,

    /* U+C774 "이" */
    0x0, 0x0, 0x0, 0x0, 0x0, 0x0, 0x0, 0x5,
    0xed, 0x0, 0x0, 0x2, 0x31, 0x0, 0x0, 0x0,
    0x6, 0xff, 0x0, 0x6, 0xef, 0xff, 0xa1, 0x0,
    0x0, 0x6, 0xff, 0x0, 0x8f, 0xfe, 0xdf, 0xfd,
    0x10, 0x0, 0x6, 0xff, 0x4, 0xff, 0x80, 0x3,
    0xef, 0xa0, 0x0, 0x6, 0xff, 0xb, 0xfa, 0x0,
    0x0, 0x4f, 0xf2, 0x0, 0x6, 0xff, 0x1f, 0xf3,
    0x0, 0x0, 0xc, 0xf7, 0x0, 0x6, 0xff, 0x4f,
    0xf0, 0x0, 0x0, 0x8, 0xfb, 0x0, 0x6, 0xff,
    0x6f, 0xd0, 0x0, 0x0, 0x6, 0xfd, 0x0, 0x6,
    0xff, 0x6f, 0xd0, 0x0, 0x0, 0x6, 0xfd, 0x0,
    0x6, 0xff, 0x6f, 0xd0, 0x0, 0x0, 0x6, 0xfc,
    0x0, 0x6, 0xff, 0x4f, 0xf0, 0x0, 0x0, 0x9,
    0xfa, 0x0, 0x6, 0xff, 0xf, 0xf4, 0x0, 0x0,
    0xd, 0xf7, 0x0, 0x6, 0xff, 0xb, 0xfb, 0x0,
    0x0, 0x5f, 0xf2, 0x0, 0x6, 0xff, 0x3, 0xff,
    0xa1, 0x5, 0xff, 0x90, 0x0, 0x6, 0xff, 0x0,
    0x6f, 0xff, 0xff, 0xfc, 0x0, 0x0, 0x6, 0xff,
    0x0, 0x4, 0xcf, 0xfe, 0x80, 0x0, 0x0, 0x6,
    0xff, 0x0, 0x0, 0x0, 0x10, 0x0, 0x0, 0x0,
    0x6, 0xff, 0x0, 0x0, 0x0, 0x0, 0x0, 0x0,
    0x0, 0x6, 0xff, 0x0, 0x0, 0x0, 0x0, 0x0,
    0x0, 0x0, 0x6, 0xff, 0x0, 0x0, 0x0, 0x0,
    0x0, 0x0, 0x0, 0x6, 0xff, 0x0, 0x0, 0x0,
    0x0, 0x0, 0x0, 0x0, 0x6, 0xff, 0x0, 0x0,
    0x0, 0x0, 0x0, 0x0, 0x0, 0x0, 0x0,

    /* U+C778 "인" */
    0x0, 0x0, 0x0, 0x0, 0x0, 0x0, 0x0, 0x5,
    0xdc, 0x0, 0x0, 0x2, 0x55, 0x30, 0x0, 0x0,
    0x0, 0x6f, 0xf0, 0x0, 0x4d, 0xff, 0xff, 0xe5,
    0x0, 0x0, 0x6, 0xff, 0x0, 0x5f, 0xff, 0xcb,
    0xff, 0xf8, 0x0, 0x0, 0x6f, 0xf0, 0x1f, 0xfa,
    0x10, 0x0, 0x9f, 0xf3, 0x0, 0x6, 0xff, 0x8,
    0xfe, 0x0, 0x0, 0x0, 0xcf, 0xa0, 0x0, 0x6f,
    0xf0, 0xbf, 0x90, 0x0, 0x0, 0x7, 0xfd, 0x0,
    0x6, 0xff, 0xb, 0xf8, 0x0, 0x0, 0x0, 0x6f,
    0xd0, 0x0, 0x6f, 0xf0, 0x9f, 0xc0, 0x0, 0x0,
    0xa, 0xfb, 0x0, 0x6, 0xff, 0x4, 0xff, 0x50,
    0x0, 0x4, 0xff, 0x60, 0x0, 0x6f, 0xf0, 0xa,
    0xff, 0xa6, 0x6a, 0xff, 0xc0, 0x0, 0x6, 0xff,
    0x0, 0x9, 0xff, 0xff, 0xff, 0xb1, 0x0, 0x0,
    0x6f, 0xf0, 0x0, 0x3, 0x8b, 0xb8, 0x30, 0x0,
    0x0, 0x6, 0xff, 0x0, 0x0, 0x0, 0x0, 0x0,
    0x0, 0x0, 0x0, 0x6f, 0xf0, 0x0, 0x1, 0x44,
    0x0, 0x0, 0x0, 0x0, 0x6, 0xff, 0x0, 0x0,
    0x5f, 0xf0, 0x0, 0x0, 0x0, 0x0, 0x6f, 0xf0,
    0x0, 0x5, 0xff, 0x0, 0x0, 0x0, 0x0, 0x0,
    0x0, 0x0, 0x0, 0x5f, 0xf0, 0x0, 0x0, 0x0,
    0x0, 0x0, 0x0, 0x0, 0x5, 0xff, 0x0, 0x0,
    0x0, 0x0, 0x0, 0x0, 0x0, 0x0, 0x5f, 0xf1,
    0x11, 0x11, 0x11, 0x11, 0x11, 0x10, 0x0, 0x6,
    0xff, 0xff, 0xff, 0xff, 0xff, 0xff, 0xff, 0x90,
    0x0, 0x4d, 0xdd, 0xdd, 0xdd, 0xdd, 0xdd, 0xdd,
    0xd8,

    /* U+C788 "있" */
    0x0, 0x0, 0x0, 0x0, 0x0, 0x0, 0x0, 0x5,
    0xfe, 0x0, 0x0, 0x4, 0x9b, 0xb9, 0x40, 0x0,
    0x0, 0x6, 0xff, 0x0, 0x1, 0xbf, 0xff, 0xff,
    0xfc, 0x20, 0x0, 0x6, 0xff, 0x0, 0xc, 0xff,
    0x84, 0x37, 0xef, 0xe1, 0x0, 0x6, 0xff, 0x0,
    0x6f, 0xf3, 0x0, 0x0, 0x1e, 0xf8, 0x0, 0x6,
    0xff, 0x0, 0xaf, 0xa0, 0x0, 0x0, 0x8, 0xfc,
    0x0, 0x6, 0xff, 0x0, 0xcf, 0x80, 0x0, 0x0,
    0x6, 0xfe, 0x0, 0x6, 0xff, 0x0, 0xaf, 0xb0,
    0x0, 0x0, 0x9, 0xfc, 0x0, 0x6, 0xff, 0x0,
    0x4f, 0xf5, 0x0, 0x0, 0x3f, 0xf6, 0x0, 0x6,
    0xff, 0x0, 0xa, 0xff, 0xb6, 0x6a, 0xff, 0xc0,
    0x0, 0x6, 0xff, 0x0, 0x0, 0x8f, 0xff, 0xff,
    0xfa, 0x0, 0x0, 0x6, 0xff, 0x0, 0x0, 0x1,
    0x68, 0x86, 0x20, 0x0, 0x0, 0x6, 0xff, 0x0,
    0x0, 0x0, 0x0, 0x0, 0x0, 0x0, 0x0, 0x2,
    0x77, 0x0, 0x0, 0x0, 0x8, 0x93, 0x0, 0x0,
    0x6, 0xa5, 0x0, 0x0, 0x0, 0x0, 0xd, 0xf6,
    0x0, 0x0, 0xb, 0xf9, 0x0, 0x0, 0x0, 0x0,
    0xf, 0xf8, 0x0, 0x0, 0xd, 0xfa, 0x0, 0x0,
    0x0, 0x0, 0x5f, 0xfc, 0x0, 0x0, 0x2f, 0xff,
    0x0, 0x0, 0x0, 0x1, 0xdf, 0xff, 0x40, 0x0,
    0xaf, 0xef, 0x80, 0x0, 0x0, 0x1c, 0xfc, 0x5f,
    0xe2, 0x7, 0xfe, 0x3f, 0xf7, 0x0, 0x6, 0xef,
    0xe2, 0xb, 0xfe, 0xaf, 0xf4, 0x6, 0xff, 0xc4,
    0xc, 0xfc, 0x20, 0x0, 0xbf, 0xff, 0x60, 0x0,
    0x5f, 0xf7, 0x2, 0x50, 0x0, 0x0, 0x5, 0xa2,
    0x0, 0x0, 0x1, 0x60,

    /* U+C790 "자" */
    0x0, 0x0, 0x0, 0x0, 0x0, 0x0, 0x0, 0x5,
    0xb9, 0x0, 0x0, 0x0, 0x0, 0x0, 0x0, 0x0,
    0x0, 0x0, 0x7, 0xfd, 0x0, 0x0, 0xa, 0xdd,
    0xdd, 0xdd, 0xdd, 0xdd, 0xd2, 0x7, 0xfd, 0x0,
    0x0, 0xc, 0xff, 0xff, 0xff, 0xff, 0xff, 0xf3,
    0x7, 0xfd, 0x0, 0x0, 0x1, 0x11, 0x11, 0xef,
    0x81, 0x11, 0x10, 0x7, 0xfd, 0x0, 0x0, 0x0,
    0x0, 0x0, 0xdf, 0x70, 0x0, 0x0, 0x7, 0xfd,
    0x0, 0x0, 0x0, 0x0, 0x0, 0xdf, 0x70, 0x0,
    0x0, 0x7, 0xfd, 0x0, 0x0, 0x0, 0x0, 0x0,
    0xef, 0x80, 0x0, 0x0, 0x7, 0xfd, 0x0, 0x0,
    0x0, 0x0, 0x1, 0xff, 0xa0, 0x0, 0x0, 0x7,
    0xfd, 0x0, 0x0, 0x0, 0x0, 0x5, 0xff, 0xe0,
    0x0, 0x0, 0x7, 0xff, 0xff, 0xf6, 0x0, 0x0,
    0xb, 0xff, 0xf5, 0x0, 0x0, 0x7, 0xff, 0xee,
    0xe5, 0x0, 0x0, 0x2f, 0xf7, 0xfd, 0x0, 0x0,
    0x7, 0xfd, 0x0, 0x0, 0x0, 0x0, 0xbf, 0xa0,
    0xef, 0x70, 0x0, 0x7, 0xfd, 0x0, 0x0, 0x0,
    0x7, 0xff, 0x20, 0x6f, 0xf4, 0x0, 0x7, 0xfd,
    0x0, 0x0, 0x0, 0x5f, 0xf8, 0x0, 0xb, 0xff,
    0x50, 0x7, 0xfd, 0x0, 0x0, 0x8, 0xff, 0xb0,
    0x0, 0x0, 0xcf, 0xfa, 0x7, 0xfd, 0x0, 0x0,
    0x5f, 0xfc, 0x0, 0x0, 0x0, 0xa, 0xf5, 0x7,
    0xfd, 0x0, 0x0, 0x8, 0x80, 0x0, 0x0, 0x0,
    0x0, 0x30, 0x7, 0xfd, 0x0, 0x0, 0x0, 0x0,
    0x0, 0x0, 0x0, 0x0, 0x0, 0x7, 0xfd, 0x0,
    0x0, 0x0, 0x0, 0x0, 0x0, 0x0, 0x0, 0x0,
    0x7, 0xfd, 0x0, 0x0, 0x0, 0x0, 0x0, 0x0,
    0x0, 0x0, 0x0, 0x7, 0xfd, 0x0, 0x0, 0x0,
    0x0, 0x0, 0x0, 0x0, 0x0, 0x0, 0x7, 0xfd,
    0x0, 0x0, 0x0, 0x0, 0x0, 0x0, 0x0, 0x0,
    0x0, 0x1, 0x21, 0x0, 0x0,

    /* U+C7AC "재" */
    0x0, 0x0, 0x0, 0x0, 0x0, 0x0, 0x15, 0x40,
    0x9, 0xc5, 0x0, 0x0, 0x0, 0x0, 0x0, 0x0,
    0x5f, 0xe0, 0xc, 0xf7, 0x1, 0x11, 0x11, 0x11,
    0x11, 0x10, 0x5f, 0xe0, 0xc, 0xf7, 0xe, 0xff,
    0xff, 0xff, 0xff, 0xf4, 0x5f, 0xe0, 0xc, 0xf7,
    0xb, 0xcc, 0xcf, 0xfe, 0xcc, 0xc3, 0x5f, 0xe0,
    0xc, 0xf7, 0x0, 0x0, 0xc, 0xf7, 0x0, 0x0,
    0x5f, 0xe0, 0xc, 0xf7, 0x0, 0x0, 0xc, 0xf7,
    0x0, 0x0, 0x5f, 0xe0, 0xc, 0xf7, 0x0, 0x0,
    0xd, 0xf8, 0x0, 0x0, 0x5f, 0xe0, 0xc, 0xf7,
    0x0, 0x0, 0xf, 0xfa, 0x0, 0x0, 0x5f, 0xe0,
    0xc, 0xf7, 0x0, 0x0, 0x2f, 0xfd, 0x0, 0x0,
    0x5f, 0xff, 0xff, 0xf7, 0x0, 0x0, 0x6f, 0xff,
    0x20, 0x0, 0x5f, 0xfe, 0xef, 0xf7, 0x0, 0x0,
    0xbf, 0xdf, 0x90, 0x0, 0x5f, 0xe0, 0xc, 0xf7,
    0x0, 0x3, 0xff, 0x3f, 0xf3, 0x0, 0x5f, 0xe0,
    0xc, 0xf7, 0x0, 0xc, 0xf9, 0xa, 0xfd, 0x10,
    0x5f, 0xe0, 0xc, 0xf7, 0x0, 0xaf, 0xf1, 0x1,
    0xef, 0xd3, 0x5f, 0xe0, 0xc, 0xf7, 0x1b, 0xff,
    0x60, 0x0, 0x3f, 0xfc, 0x5f, 0xe0, 0xc, 0xf7,
    0x1e, 0xf8, 0x0, 0x0, 0x2, 0xb2, 0x5f, 0xe0,
    0xc, 0xf7, 0x3, 0x50, 0x0, 0x0, 0x0, 0x0,
    0x5f, 0xe0, 0xc, 0xf7, 0x0, 0x0, 0x0, 0x0,
    0x0, 0x0, 0x5f, 0xe0, 0xc, 0xf7, 0x0, 0x0,
    0x0, 0x0, 0x0, 0x0, 0x5f, 0xe0, 0xc, 0xf7,
    0x0, 0x0, 0x0, 0x0, 0x0, 0x0, 0x5f, 0xe0,
    0xc, 0xf7, 0x0, 0x0, 0x0, 0x0, 0x0, 0x0,
    0x0, 0x0, 0xc, 0xf7, 0x0, 0x0, 0x0, 0x0,
    0x0, 0x0, 0x0, 0x0, 0x1, 0x10,

    /* U+C804 "전" */
    0x0, 0x0, 0x0, 0x0, 0x0, 0x0, 0x0, 0x0,
    0x3c, 0xc0, 0x0, 0x11, 0x11, 0x11, 0x11, 0x11,
    0x10, 0x0, 0x4f, 0xf0, 0x7, 0xff, 0xff, 0xff,
    0xff, 0xff, 0xf5, 0x0, 0x4f, 0xf0, 0x6, 0xdd,
    0xdd, 0xff, 0xfd, 0xdd, 0xd4, 0x0, 0x4f, 0xf0,
    0x0, 0x0, 0x0, 0xbf, 0xa0, 0x0, 0x0, 0x0,
    0x4f, 0xf0, 0x0, 0x0, 0x0, 0xcf, 0xb0, 0x0,
    0x0, 0x0, 0x4f, 0xf0, 0x0, 0x0, 0x0, 0xff,
    0xe0, 0x0, 0x6e, 0xee, 0xef, 0xf0, 0x0, 0x0,
    0x5, 0xff, 0xf5, 0x0, 0x7f, 0xff, 0xff, 0xf0,
    0x0, 0x0, 0xd, 0xfd, 0xfe, 0x10, 0x0, 0x0,
    0x4f, 0xf0, 0x0, 0x0, 0xaf, 0xe1, 0xdf, 0xc1,
    0x0, 0x0, 0x4f, 0xf0, 0x0, 0x1b, 0xff, 0x50,
    0x3f, 0xfe, 0x50, 0x0, 0x4f, 0xf0, 0x7, 0xef,
    0xf7, 0x0, 0x4, 0xff, 0xfa, 0x0, 0x4f, 0xf0,
    0xb, 0xff, 0x50, 0x0, 0x0, 0x2a, 0xf2, 0x0,
    0x4f, 0xf0, 0x2, 0x81, 0x0, 0x0, 0x0, 0x0,
    0x10, 0x0, 0x4f, 0xf0, 0x0, 0x0, 0x0, 0x0,
    0x0, 0x0, 0x0, 0x0, 0x4f, 0xf0, 0x0, 0x0,
    0x2f, 0xf2, 0x0, 0x0, 0x0, 0x0, 0x4f, 0xf0,
    0x0, 0x0, 0x2f, 0xf2, 0x0, 0x0, 0x0, 0x0,
    0x13, 0x30, 0x0, 0x0, 0x2f, 0xf2, 0x0, 0x0,
    0x0, 0x0, 0x0, 0x0, 0x0, 0x0, 0x2f, 0xf2,
    0x0, 0x0, 0x0, 0x0, 0x0, 0x0, 0x0, 0x0,
    0x2f, 0xf4, 0x11, 0x11, 0x11, 0x11, 0x11, 0x10,
    0x0, 0x0, 0x4f, 0xff, 0xff, 0xff, 0xff, 0xff,
    0xff, 0xfa, 0x0, 0x0, 0x2d, 0xdd, 0xdd, 0xdd,
    0xdd, 0xdd, 0xdd, 0xd8,

    /* U+C871 "족" */
    0x0, 0x5f, 0xff, 0xff, 0xff, 0xff, 0xff, 0xff,
    0xff, 0xe0, 0x0, 0x5, 0xee, 0xee, 0xee, 0xff,
    0xff, 0xee, 0xee, 0xee, 0x0, 0x0, 0x0, 0x0,
    0x0, 0xe, 0xff, 0x80, 0x0, 0x0, 0x0, 0x0,
    0x0, 0x0, 0x0, 0x8, 0xff, 0xff, 0x20, 0x0,
    0x0, 0x0, 0x0, 0x0, 0x0, 0x9, 0xff, 0x5c,
    0xfe, 0x40, 0x0, 0x0, 0x0, 0x0, 0x2, 0x8e,
    0xff, 0x70, 0x1c, 0xff, 0xb5, 0x0, 0x0, 0x0,
    0xae, 0xff, 0xfc, 0x30, 0x11, 0x7, 0xff, 0xff,
    0xc6, 0x0, 0x9, 0xfd, 0x94, 0x0, 0x5f, 0xe0,
    0x0, 0x6b, 0xff, 0x30, 0x0, 0x1, 0x0, 0x0,
    0x5, 0xfe, 0x0, 0x0, 0x0, 0x10, 0x0, 0x0,
    0x0, 0x0, 0x0, 0x5f, 0xe0, 0x0, 0x0, 0x0,
    0x0, 0x2e, 0xee, 0xee, 0xee, 0xef, 0xff, 0xee,
    0xee, 0xee, 0xee, 0xc2, 0xff, 0xff, 0xff, 0xff,
    0xff, 0xff, 0xff, 0xff, 0xff, 0xfc, 0x0, 0x0,
    0x0, 0x0, 0x0, 0x0, 0x0, 0x0, 0x0, 0x0,
    0x0, 0x0, 0x0, 0x0, 0x0, 0x0, 0x0, 0x0,
    0x0, 0x0, 0x0, 0x0, 0xf, 0xff, 0xff, 0xff,
    0xff, 0xff, 0xff, 0xff, 0x50, 0x0, 0x0, 0xcd,
    0xdd, 0xdd, 0xdd, 0xdd, 0xdd, 0xdf, 0xf5, 0x0,
    0x0, 0x0, 0x0, 0x0, 0x0, 0x0, 0x0, 0x0,
    0xff, 0x50, 0x0, 0x0, 0x0, 0x0, 0x0, 0x0,
    0x0, 0x0, 0xf, 0xf5, 0x0, 0x0, 0x0, 0x0,
    0x0, 0x0, 0x0, 0x0, 0x0, 0xff, 0x50, 0x0,
    0x0, 0x0, 0x0, 0x0, 0x0, 0x0, 0x0, 0xf,
    0xf5, 0x0, 0x0, 0x0, 0x0, 0x0, 0x0, 0x0,
    0x0, 0x0, 0xff, 0x50, 0x0, 0x0, 0x0, 0x0,
    0x0, 0x0, 0x0, 0x0, 0x1, 0x10, 0x0,

    /* U+C911 "중" */
    0x0, 0x4d, 0xdd, 0xdd, 0xdd, 0xdd, 0xdd, 0xdd,
    0xdd, 0xc0, 0x0, 0x6, 0xff, 0xff, 0xff, 0xff,
    0xff, 0xff, 0xff, 0xff, 0x0, 0x0, 0x0, 0x0,
    0x0, 0x1e, 0xff, 0x80, 0x0, 0x0, 0x0, 0x0,
    0x0, 0x0, 0x0, 0x8, 0xff, 0xfe, 0x20, 0x0,
    0x0, 0x0, 0x0, 0x0, 0x0, 0x9, 0xff, 0x5c,
    0xfe, 0x40, 0x0, 0x0, 0x0, 0x0, 0x3, 0x8e,
    0xff, 0x60, 0x1c, 0xff, 0xc6, 0x10, 0x0, 0x0,
    0xcf, 0xff, 0xfc, 0x30, 0x0, 0x7, 0xef, 0xff,
    0xe7, 0x0, 0x9, 0xfc, 0x82, 0x0, 0x0, 0x0,
    0x0, 0x5a, 0xef, 0x20, 0x0, 0x0, 0x0, 0x0,
    0x0, 0x0, 0x0, 0x0, 0x0, 0x0, 0x2, 0xcc,
    0xcc, 0xcc, 0xcc, 0xcc, 0xcc, 0xcc, 0xcc, 0xcc,
    0xc9, 0x2f, 0xff, 0xff, 0xff, 0xff, 0xff, 0xff,
    0xff, 0xff, 0xff, 0xc0, 0x22, 0x22, 0x22, 0x22,
    0x7f, 0xf2, 0x22, 0x22, 0x22, 0x21, 0x0, 0x0,
    0x0, 0x0, 0x5, 0xfe, 0x0, 0x0, 0x0, 0x0,
    0x0, 0x0, 0x0, 0x3, 0x79, 0xcf, 0xfa, 0x85,
    0x10, 0x0, 0x0, 0x0, 0x0, 0x4d, 0xff, 0xff,
    0xff, 0xff, 0xff, 0x90, 0x0, 0x0, 0x0, 0x4f,
    0xfd, 0x63, 0x11, 0x12, 0x49, 0xff, 0xc0, 0x0,
    0x0, 0xb, 0xfc, 0x0, 0x0, 0x0, 0x0, 0x4,
    0xff, 0x30, 0x0, 0x0, 0xcf, 0x90, 0x0, 0x0,
    0x0, 0x0, 0x1f, 0xf4, 0x0, 0x0, 0x7, 0xff,
    0x81, 0x0, 0x0, 0x0, 0x4c, 0xfe, 0x0, 0x0,
    0x0, 0x9, 0xff, 0xfe, 0xcc, 0xcd, 0xff, 0xfe,
    0x30, 0x0, 0x0, 0x0, 0x2, 0x8c, 0xef, 0xff,
    0xfd, 0xa5, 0x0, 0x0, 0x0, 0x0, 0x0, 0x0,
    0x0, 0x0, 0x0, 0x0, 0x0, 0x0, 0x0,

    /* U+CC98 "처" */
    0x0, 0x0, 0x0, 0x46, 0x30, 0x0, 0x0, 0x0,
    0x1b, 0xb2, 0x0, 0x0, 0x0, 0xcf, 0x90, 0x0,
    0x0, 0x0, 0x1f, 0xf3, 0x0, 0x0, 0x0, 0xcf,
    0x90, 0x0, 0x0, 0x0, 0x1f, 0xf3, 0x0, 0x11,
    0x11, 0xcf, 0x91, 0x11, 0x10, 0x0, 0x1f, 0xf3,
    0x9, 0xff, 0xff, 0xff, 0xff, 0xff, 0xf5, 0x0,
    0x1f, 0xf3, 0x7, 0xcc, 0xcc, 0xff, 0xec, 0xcc,
    0xc4, 0x0, 0x1f, 0xf3, 0x0, 0x0, 0x0, 0xcf,
    0x80, 0x0, 0x0, 0x0, 0x1f, 0xf3, 0x0, 0x0,
    0x0, 0xcf, 0x80, 0x0, 0x0, 0x0, 0x1f, 0xf3,
    0x0, 0x0, 0x0, 0xdf, 0xa0, 0x0, 0x0, 0x0,
    0x2f, 0xf3, 0x0, 0x0, 0x0, 0xff, 0xd0, 0x0,
    0x9f, 0xff, 0xff, 0xf3, 0x0, 0x0, 0x5, 0xff,
    0xf2, 0x0, 0x8d, 0xdd, 0xef, 0xf3, 0x0, 0x0,
    0xb, 0xfd, 0xfa, 0x0, 0x0, 0x0, 0x1f, 0xf3,
    0x0, 0x0, 0x4f, 0xf3, 0xff, 0x40, 0x0, 0x0,
    0x1f, 0xf3, 0x0, 0x1, 0xdf, 0x80, 0x9f, 0xe2,
    0x0, 0x0, 0x1f, 0xf3, 0x0, 0x1c, 0xfd, 0x0,
    0xd, 0xfe, 0x20, 0x0, 0x1f, 0xf3, 0x3, 0xdf,
    0xf3, 0x0, 0x2, 0xef, 0xf8, 0x0, 0x1f, 0xf3,
    0xe, 0xff, 0x40, 0x0, 0x0, 0x1c, 0xfa, 0x0,
    0x1f, 0xf3, 0x5, 0xb2, 0x0, 0x0, 0x0, 0x0,
    0x61, 0x0, 0x1f, 0xf3, 0x0, 0x0, 0x0, 0x0,
    0x0, 0x0, 0x0, 0x0, 0x1f, 0xf3, 0x0, 0x0,
    0x0, 0x0, 0x0, 0x0, 0x0, 0x0, 0x1f, 0xf3,
    0x0, 0x0, 0x0, 0x0, 0x0, 0x0, 0x0, 0x0,
    0x1f, 0xf3, 0x0, 0x0, 0x0, 0x0, 0x0, 0x0,
    0x0, 0x0, 0x1f, 0xf3, 0x0, 0x0, 0x0, 0x0,
    0x0, 0x0, 0x0, 0x0, 0x3, 0x30,

    /* U+CCAD "청" */
    0x0, 0x0, 0x0, 0xde, 0x50, 0x0, 0x0, 0x0,
    0x7d, 0x90, 0x0, 0x0, 0xe, 0xf5, 0x0, 0x0,
    0x0, 0x9, 0xfb, 0x2, 0x33, 0x33, 0xff, 0x83,
    0x33, 0x30, 0x0, 0x9f, 0xb0, 0x9f, 0xff, 0xff,
    0xff, 0xff, 0xff, 0x30, 0x9, 0xfb, 0x5, 0xaa,
    0xaa, 0xff, 0xba, 0xaa, 0xa2, 0x0, 0x9f, 0xb0,
    0x0, 0x0, 0xf, 0xf5, 0x0, 0x0, 0x0, 0x9,
    0xfb, 0x0, 0x0, 0x2, 0xff, 0x90, 0x0, 0xad,
    0xdd, 0xff, 0xb0, 0x0, 0x0, 0x9f, 0xff, 0x20,
    0xc, 0xff, 0xff, 0xfb, 0x0, 0x0, 0x3f, 0xfa,
    0xfd, 0x20, 0x0, 0x0, 0x9f, 0xb0, 0x0, 0x3e,
    0xf8, 0xd, 0xfe, 0x50, 0x0, 0x9, 0xfb, 0x1,
    0x8f, 0xfb, 0x0, 0x1d, 0xff, 0xd6, 0x0, 0x9f,
    0xb0, 0xef, 0xfa, 0x0, 0x0, 0x8, 0xff, 0x40,
    0x9, 0xfb, 0x6, 0xb4, 0x0, 0x0, 0x0, 0x0,
    0x30, 0x0, 0x9f, 0xb0, 0x0, 0x0, 0x0, 0x0,
    0x0, 0x0, 0x0, 0x2, 0x43, 0x0, 0x0, 0x0,
    0x28, 0xce, 0xff, 0xfe, 0xc8, 0x20, 0x0, 0x0,
    0x0, 0x8f, 0xff, 0xec, 0xbc, 0xef, 0xff, 0x80,
    0x0, 0x0, 0x6f, 0xf8, 0x10, 0x0, 0x0, 0x18,
    0xff, 0x60, 0x0, 0xb, 0xfa, 0x0, 0x0, 0x0,
    0x0, 0xa, 0xfb, 0x0, 0x0, 0xbf, 0xa0, 0x0,
    0x0, 0x0, 0x0, 0xaf, 0xb0, 0x0, 0x5, 0xff,
    0x92, 0x0, 0x0, 0x2, 0x9f, 0xf6, 0x0, 0x0,
    0x7, 0xff, 0xfe, 0xdc, 0xde, 0xff, 0xf8, 0x0,
    0x0, 0x0, 0x2, 0x8b, 0xef, 0xff, 0xec, 0x82,
    0x0, 0x0, 0x0, 0x0, 0x0, 0x0, 0x0, 0x0,
    0x0, 0x0, 0x0,

    /* U+D0A4 "키" */
    0x0, 0x0, 0x0, 0x0, 0x0, 0x0, 0x0, 0x0,
    0x5d, 0xc0, 0x0, 0x0, 0x0, 0x0, 0x0, 0x0,
    0x0, 0x6, 0xfe, 0x0, 0x79, 0x99, 0x99, 0x99,
    0xba, 0x30, 0x0, 0x6f, 0xe0, 0xd, 0xff, 0xff,
    0xff, 0xff, 0xf5, 0x0, 0x6, 0xfe, 0x0, 0x34,
    0x44, 0x44, 0x44, 0xff, 0x40, 0x0, 0x6f, 0xe0,
    0x0, 0x0, 0x0, 0x0, 0x1f, 0xf2, 0x0, 0x6,
    0xfe, 0x0, 0x0, 0x0, 0x0, 0x3, 0xff, 0x0,
    0x0, 0x6f, 0xe0, 0x0, 0x0, 0x0, 0x1, 0x8f,
    0xd0, 0x0, 0x6, 0xfe, 0x9, 0xbc, 0xde, 0xff,
    0xff, 0xf8, 0x0, 0x0, 0x6f, 0xe0, 0xbf, 0xff,
    0xfe, 0xdd, 0xff, 0x30, 0x0, 0x6, 0xfe, 0x3,
    0x43, 0x10, 0x0, 0xbf, 0xc0, 0x0, 0x0, 0x6f,
    0xe0, 0x0, 0x0, 0x0, 0x6f, 0xf4, 0x0, 0x0,
    0x6, 0xfe, 0x0, 0x0, 0x0, 0x3f, 0xfa, 0x0,
    0x0, 0x0, 0x6f, 0xe0, 0x0, 0x0, 0x3e, 0xfd,
    0x0, 0x0, 0x0, 0x6, 0xfe, 0x0, 0x0, 0x5f,
    0xfe, 0x20, 0x0, 0x0, 0x0, 0x6f, 0xe0, 0x1,
    0xaf, 0xfd, 0x20, 0x0, 0x0, 0x0, 0x6, 0xfe,
    0x7, 0xff, 0xfa, 0x0, 0x0, 0x0, 0x0, 0x0,
    0x6f, 0xe0, 0x8f, 0xe5, 0x0, 0x0, 0x0, 0x0,
    0x0, 0x6, 0xfe, 0x0, 0x60, 0x0, 0x0, 0x0,
    0x0, 0x0, 0x0, 0x6f, 0xe0, 0x0, 0x0, 0x0,
    0x0, 0x0, 0x0, 0x0, 0x6, 0xfe, 0x0, 0x0,
    0x0, 0x0, 0x0, 0x0, 0x0, 0x0, 0x6f, 0xe0,
    0x0, 0x0, 0x0, 0x0, 0x0, 0x0, 0x0, 0x6,
    0xfe, 0x0, 0x0, 0x0, 0x0, 0x0, 0x0, 0x0,
    0x0, 0x0, 0x0,

    /* U+D558 "하" */
    0x0, 0x0, 0x0, 0x44, 0x10, 0x0, 0x0, 0x5,
    0xdb, 0x0, 0x0, 0x0, 0x0, 0x0, 0xef, 0x60,
    0x0, 0x0, 0x7, 0xfd, 0x0, 0x0, 0x0, 0x0,
    0x0, 0xef, 0x60, 0x0, 0x0, 0x7, 0xfd, 0x0,
    0x0, 0x2, 0x22, 0x22, 0xff, 0x72, 0x22, 0x21,
    0x7, 0xfd, 0x0, 0x0, 0x5f, 0xff, 0xff, 0xff,
    0xff, 0xff, 0xfa, 0x7, 0xfd, 0x0, 0x0, 0x3b,
    0xbb, 0xbb, 0xbb, 0xbb, 0xbb, 0xb7, 0x7, 0xfd,
    0x0, 0x0, 0x0, 0x0, 0x0, 0x0, 0x0, 0x0,
    0x0, 0x7, 0xfd, 0x0, 0x0, 0x0, 0x0, 0x28,
    0xbb, 0xa5, 0x0, 0x0, 0x7, 0xfd, 0x0, 0x0,
    0x0, 0x7, 0xff, 0xff, 0xff, 0xd2, 0x0, 0x7,
    0xfd, 0x0, 0x0, 0x0, 0x5f, 0xf8, 0x21, 0x4c,
    0xfe, 0x0, 0x7, 0xff, 0xff, 0xf5, 0x0, 0xef,
    0x80, 0x0, 0x0, 0xef, 0x70, 0x7, 0xff, 0xff,
    0xf5, 0x2, 0xff, 0x10, 0x0, 0x0, 0x8f, 0xb0,
    0x7, 0xfd, 0x0, 0x0, 0x2, 0xff, 0x10, 0x0,
    0x0, 0x7f, 0xb0, 0x7, 0xfd, 0x0, 0x0, 0x0,
    0xff, 0x50, 0x0, 0x0, 0xcf, 0x90, 0x7, 0xfd,
    0x0, 0x0, 0x0, 0x9f, 0xe4, 0x0, 0x9, 0xff,
    0x30, 0x7, 0xfd, 0x0, 0x0, 0x0, 0xc, 0xff,
    0xed, 0xff, 0xf7, 0x0, 0x7, 0xfd, 0x0, 0x0,
    0x0, 0x0, 0x8e, 0xff, 0xfc, 0x40, 0x0, 0x7,
    0xfd, 0x0, 0x0, 0x0, 0x0, 0x0, 0x12, 0x0,
    0x0, 0x0, 0x7, 0xfd, 0x0, 0x0, 0x0, 0x0,
    0x0, 0x0, 0x0, 0x0, 0x0, 0x7, 0xfd, 0x0,
    0x0, 0x0, 0x0, 0x0, 0x0, 0x0, 0x0, 0x0,
    0x7, 0xfd, 0x0, 0x0, 0x0, 0x0, 0x0, 0x0,
    0x0, 0x0, 0x0, 0x7, 0xfd, 0x0, 0x0, 0x0,
    0x0, 0x0, 0x0, 0x0, 0x0, 0x0, 0x7, 0xfd,
    0x0, 0x0, 0x0, 0x0, 0x0, 0x0, 0x0, 0x0,
    0x0, 0x0, 0x10, 0x0, 0x0,

    /* U+D574 "해" */
    0x0, 0x0, 0x2, 0x20, 0x0, 0x0, 0x37, 0x50,
    0xd, 0xf4, 0x0, 0x0, 0x2f, 0xf2, 0x0, 0x0,
    0x6f, 0xc0, 0xe, 0xf5, 0x0, 0x0, 0x2f, 0xf2,
    0x0, 0x0, 0x6f, 0xc0, 0xe, 0xf5, 0x12, 0x22,
    0x4f, 0xf4, 0x22, 0x21, 0x6f, 0xc0, 0xe, 0xf5,
    0x7f, 0xff, 0xff, 0xff, 0xff, 0xf6, 0x6f, 0xc0,
    0xe, 0xf5, 0x5b, 0xbb, 0xbb, 0xbb, 0xbb, 0xb4,
    0x6f, 0xc0, 0xe, 0xf5, 0x0, 0x0, 0x0, 0x0,
    0x0, 0x0, 0x6f, 0xc0, 0xe, 0xf5, 0x0, 0x5,
    0xdf, 0xfd, 0x50, 0x0, 0x6f, 0xc0, 0xe, 0xf5,
    0x0, 0x8f, 0xfd, 0xdf, 0xf8, 0x0, 0x6f, 0xc0,
    0xe, 0xf5, 0x3, 0xff, 0x40, 0x4, 0xff, 0x30,
    0x6f, 0xfd, 0xdf, 0xf5, 0x8, 0xf9, 0x0, 0x0,
    0x9f, 0x90, 0x6f, 0xff, 0xff, 0xf5, 0xb, 0xf5,
    0x0, 0x0, 0x5f, 0xb0, 0x6f, 0xc0, 0xe, 0xf5,
    0xb, 0xf5, 0x0, 0x0, 0x5f, 0xb0, 0x6f, 0xc0,
    0xe, 0xf5, 0x9, 0xf9, 0x0, 0x0, 0x9f, 0x90,
    0x6f, 0xc0, 0xe, 0xf5, 0x3, 0xff, 0x50, 0x5,
    0xff, 0x30, 0x6f, 0xc0, 0xe, 0xf5, 0x0, 0x8f,
    0xfe, 0xff, 0xf8, 0x0, 0x6f, 0xc0, 0xe, 0xf5,
    0x0, 0x6, 0xef, 0xfe, 0x60, 0x0, 0x6f, 0xc0,
    0xe, 0xf5, 0x0, 0x0, 0x1, 0x10, 0x0, 0x0,
    0x6f, 0xc0, 0xe, 0xf5, 0x0, 0x0, 0x0, 0x0,
    0x0, 0x0, 0x6f, 0xc0, 0xe, 0xf5, 0x0, 0x0,
    0x0, 0x0, 0x0, 0x0, 0x6f, 0xc0, 0xe, 0xf5,
    0x0, 0x0, 0x0, 0x0, 0x0, 0x0, 0x5e, 0xa0,
    0xe, 0xf5, 0x0, 0x0, 0x0, 0x0, 0x0, 0x0,
    0x0, 0x0, 0xc, 0xe4
};


/*---------------------
 *  GLYPH DESCRIPTION
 *--------------------*/

static const lv_font_fmt_txt_glyph_dsc_t glyph_dsc[] = {
    {.bitmap_index = 0, .adv_w = 0, .box_w = 0, .box_h = 0, .ofs_x = 0, .ofs_y = 0} /* id = 0 reserved */,
    {.bitmap_index = 0, .adv_w = 98, .box_w = 0, .box_h = 0, .ofs_x = 0, .ofs_y = 0},
    {.bitmap_index = 0, .adv_w = 109, .box_w = 5, .box_h = 18, .ofs_x = 1, .ofs_y = 0},
    {.bitmap_index = 45, .adv_w = 151, .box_w = 7, .box_h = 7, .ofs_x = 1, .ofs_y = 11},
    {.bitmap_index = 70, .adv_w = 243, .box_w = 15, .box_h = 18, .ofs_x = 0, .ofs_y = 0},
    {.bitmap_index = 205, .adv_w = 246, .box_w = 14, .box_h = 23, .ofs_x = 1, .ofs_y = -2},
    {.bitmap_index = 366, .adv_w = 358, .box_w = 20, .box_h = 18, .ofs_x = 1, .ofs_y = 0},
    {.bitmap_index = 546, .adv_w = 249, .box_w = 15, .box_h = 18, .ofs_x = 1, .ofs_y = 0},
    {.bitmap_index = 681, .adv_w = 80, .box_w = 3, .box_h = 7, .ofs_x = 1, .ofs_y = 11},
    {.bitmap_index = 692, .adv_w = 143, .box_w = 7, .box_h = 25, .ofs_x = 2, .ofs_y = -5},
    {.bitmap_index = 780, .adv_w = 143, .box_w = 7, .box_h = 25, .ofs_x = 0, .ofs_y = -5},
    {.bitmap_index = 868, .adv_w = 197, .box_w = 10, .box_h = 11, .ofs_x = 1, .ofs_y = 7},
    {.bitmap_index = 923, .adv_w = 254, .box_w = 12, .box_h = 12, .ofs_x = 2, .ofs_y = 2},
    {.bitmap_index = 995, .adv_w = 107, .box_w = 5, .box_h = 8, .ofs_x = 0, .ofs_y = -5},
    {.bitmap_index = 1015, .adv_w = 175, .box_w = 9, .box_h = 3, .ofs_x = 1, .ofs_y = 7},
    {.bitmap_index = 1029, .adv_w = 105, .box_w = 5, .box_h = 4, .ofs_x = 1, .ofs_y = 0},
    {.bitmap_index = 1039, .adv_w = 139, .box_w = 9, .box_h = 22, .ofs_x = 0, .ofs_y = -3},
    {.bitmap_index = 1138, .adv_w = 247, .box_w = 14, .box_h = 18, .ofs_x = 1, .ofs_y = 0},
    {.bitmap_index = 1264, .adv_w = 179, .box_w = 8, .box_h = 18, .ofs_x = 1, .ofs_y = 0},
    {.bitmap_index = 1336, .adv_w = 238, .box_w = 13, .box_h = 18, .ofs_x = 1, .ofs_y = 0},
    {.bitmap_index = 1453, .adv_w = 250, .box_w = 14, .box_h = 18, .ofs_x = 1, .ofs_y = 0},
    {.bitmap_index = 1579, .adv_w = 254, .box_w = 14, .box_h = 18, .ofs_x = 1, .ofs_y = 0},
    {.bitmap_index = 1705, .adv_w = 243, .box_w = 13, .box_h = 18, .ofs_x = 1, .ofs_y = 0},
    {.bitmap_index = 1822, .adv_w = 249, .box_w = 14, .box_h = 18, .ofs_x = 1, .ofs_y = 0},
    {.bitmap_index = 1948, .adv_w = 224, .box_w = 13, .box_h = 18, .ofs_x = 0, .ofs_y = 0},
    {.bitmap_index = 2065, .adv_w = 247, .box_w = 14, .box_h = 18, .ofs_x = 1, .ofs_y = 0},
    {.bitmap_index = 2191, .adv_w = 249, .box_w = 14, .box_h = 18, .ofs_x = 1, .ofs_y = 0},
    {.bitmap_index = 2317, .adv_w = 105, .box_w = 5, .box_h = 14, .ofs_x = 1, .ofs_y = 0},
    {.bitmap_index = 2352, .adv_w = 105, .box_w = 6, .box_h = 19, .ofs_x = 0, .ofs_y = -5},
    {.bitmap_index = 2409, .adv_w = 254, .box_w = 12, .box_h = 15, .ofs_x = 2, .ofs_y = 0},
    {.bitmap_index = 2499, .adv_w = 254, .box_w = 12, .box_h = 8, .ofs_x = 2, .ofs_y = 3},
    {.bitmap_index = 2547, .adv_w = 254, .box_w = 12, .box_h = 15, .ofs_x = 2, .ofs_y = 0},
    {.bitmap_index = 2637, .adv_w = 200, .box_w = 12, .box_h = 18, .ofs_x = 0, .ofs_y = 0},
    {.bitmap_index = 2745, .adv_w = 351, .box_w = 20, .box_h = 21, .ofs_x = 1, .ofs_y = -3},
    {.bitmap_index = 2955, .adv_w = 268, .box_w = 17, .box_h = 18, .ofs_x = 0, .ofs_y = 0},
    {.bitmap_index = 3108, .adv_w = 250, .box_w = 14, .box_h = 18, .ofs_x = 1, .ofs_y = 0},
    {.bitmap_index = 3234, .adv_w = 281, .box_w = 16, .box_h = 18, .ofs_x = 1, .ofs_y = 0},
    {.bitmap_index = 3378, .adv_w = 276, .box_w = 16, .box_h = 18, .ofs_x = 1, .ofs_y = 0},
    {.bitmap_index = 3522, .adv_w = 230, .box_w = 12, .box_h = 18, .ofs_x = 1, .ofs_y = 0},
    {.bitmap_index = 3630, .adv_w = 223, .box_w = 12, .box_h = 18, .ofs_x = 1, .ofs_y = 0},
    {.bitmap_index = 3738, .adv_w = 287, .box_w = 16, .box_h = 18, .ofs_x = 1, .ofs_y = 0},
    {.bitmap_index = 3882, .adv_w = 284, .box_w = 15, .box_h = 18, .ofs_x = 1, .ofs_y = 0},
    {.bitmap_index = 4017, .adv_w = 101, .box_w = 4, .box_h = 18, .ofs_x = 1, .ofs_y = 0},
    {.bitmap_index = 4053, .adv_w = 211, .box_w = 12, .box_h = 18, .ofs_x = 0, .ofs_y = 0},
    {.bitmap_index = 4161, .adv_w = 254, .box_w = 15, .box_h = 18, .ofs_x = 1, .ofs_y = 0},
    {.bitmap_index = 4296, .adv_w = 215, .box_w = 12, .box_h = 18, .ofs_x = 1, .ofs_y = 0},
    {.bitmap_index = 4404, .adv_w = 345, .box_w = 19, .box_h = 18, .ofs_x = 1, .ofs_y = 0},
    {.bitmap_index = 4575, .adv_w = 286, .box_w = 16, .box_h = 18, .ofs_x = 1, .ofs_y = 0},
    {.bitmap_index = 4719, .adv_w = 294, .box_w = 17, .box_h = 18, .ofs_x = 1, .ofs_y = 0},
    {.bitmap_index = 4872, .adv_w = 244, .box_w = 14, .box_h = 18, .ofs_x = 1, .ofs_y = 0},
    {.bitmap_index = 4998, .adv_w = 294, .box_w = 17, .box_h = 20, .ofs_x = 1, .ofs_y = -2},
    {.bitmap_index = 5168, .adv_w = 246, .box_w = 14, .box_h = 18, .ofs_x = 1, .ofs_y = 0},
    {.bitmap_index = 5294, .adv_w = 246, .box_w = 14, .box_h = 18, .ofs_x = 1, .ofs_y = 0},
    {.bitmap_index = 5420, .adv_w = 249, .box_w = 15, .box_h = 18, .ofs_x = 0, .ofs_y = 0},
    {.bitmap_index = 5555, .adv_w = 282, .box_w = 15, .box_h = 18, .ofs_x = 1, .ofs_y = 0},
    {.bitmap_index = 5690, .adv_w = 268, .box_w = 17, .box_h = 18, .ofs_x = 0, .ofs_y = 0},
    {.bitmap_index = 5843, .adv_w = 377, .box_w = 24, .box_h = 18, .ofs_x = 0, .ofs_y = 0},
    {.bitmap_index = 6059, .adv_w = 255, .box_w = 16, .box_h = 18, .ofs_x = 0, .ofs_y = 0},
    {.bitmap_index = 6203, .adv_w = 262, .box_w = 16, .box_h = 18, .ofs_x = 0, .ofs_y = 0},
    {.bitmap_index = 6347, .adv_w = 244, .box_w = 13, .box_h = 18, .ofs_x = 1, .ofs_y = 0},
    {.bitmap_index = 6464, .adv_w = 143, .box_w = 7, .box_h = 25, .ofs_x = 2, .ofs_y = -5},
    {.bitmap_index = 6552, .adv_w = 139, .box_w = 9, .box_h = 22, .ofs_x = 0, .ofs_y = -3},
    {.bitmap_index = 6651, .adv_w = 143, .box_w = 7, .box_h = 25, .ofs_x = 0, .ofs_y = -5},
    {.bitmap_index = 6739, .adv_w = 180, .box_w = 11, .box_h = 9, .ofs_x = 0, .ofs_y = 9},
    {.bitmap_index = 6789, .adv_w = 174, .box_w = 13, .box_h = 3, .ofs_x = -1, .ofs_y = -2},
    {.bitmap_index = 6809, .adv_w = 189, .box_w = 6, .box_h = 4, .ofs_x = 3, .ofs_y = 16},
    {.bitmap_index = 6821, .adv_w = 217, .box_w = 12, .box_h = 14, .ofs_x = 0, .ofs_y = 0},
    {.bitmap_index = 6905, .adv_w = 239, .box_w = 13, .box_h = 18, .ofs_x = 1, .ofs_y = 0},
    {.bitmap_index = 7022, .adv_w = 216, .box_w = 13, .box_h = 14, .ofs_x = 0, .ofs_y = 0},
    {.bitmap_index = 7113, .adv_w = 239, .box_w = 13, .box_h = 18, .ofs_x = 1, .ofs_y = 0},
    {.bitmap_index = 7230, .adv_w = 224, .box_w = 14, .box_h = 14, .ofs_x = 0, .ofs_y = 0},
    {.bitmap_index = 7328, .adv_w = 139, .box_w = 9, .box_h = 19, .ofs_x = 0, .ofs_y = 0},
    {.bitmap_index = 7414, .adv_w = 236, .box_w = 13, .box_h = 19, .ofs_x = 1, .ofs_y = -5},
    {.bitmap_index = 7538, .adv_w = 230, .box_w = 12, .box_h = 18, .ofs_x = 1, .ofs_y = 0},
    {.bitmap_index = 7646, .adv_w = 92, .box_w = 4, .box_h = 19, .ofs_x = 1, .ofs_y = 0},
    {.bitmap_index = 7684, .adv_w = 92, .box_w = 6, .box_h = 24, .ofs_x = -1, .ofs_y = -5},
    {.bitmap_index = 7756, .adv_w = 212, .box_w = 13, .box_h = 18, .ofs_x = 1, .ofs_y = 0},
    {.bitmap_index = 7873, .adv_w = 92, .box_w = 4, .box_h = 18, .ofs_x = 1, .ofs_y = 0},
    {.bitmap_index = 7909, .adv_w = 340, .box_w = 19, .box_h = 14, .ofs_x = 1, .ofs_y = 0},
    {.bitmap_index = 8042, .adv_w = 228, .box_w = 12, .box_h = 14, .ofs_x = 1, .ofs_y = 0},
    {.bitmap_index = 8126, .adv_w = 230, .box_w = 14, .box_h = 14, .ofs_x = 0, .ofs_y = 0},
    {.bitmap_index = 8224, .adv_w = 236, .box_w = 13, .box_h = 19, .ofs_x = 1, .ofs_y = -5},
    {.bitmap_index = 8348, .adv_w = 236, .box_w = 13, .box_h = 19, .ofs_x = 1, .ofs_y = -5},
    {.bitmap_index = 8472, .adv_w = 145, .box_w = 8, .box_h = 15, .ofs_x = 1, .ofs_y = 0},
    {.bitmap_index = 8532, .adv_w = 204, .box_w = 12, .box_h = 14, .ofs_x = 0, .ofs_y = 0},
    {.bitmap_index = 8616, .adv_w = 140, .box_w = 8, .box_h = 18, .ofs_x = 0, .ofs_y = 0},
    {.bitmap_index = 8688, .adv_w = 227, .box_w = 12, .box_h = 14, .ofs_x = 1, .ofs_y = 0},
    {.bitmap_index = 8772, .adv_w = 216, .box_w = 13, .box_h = 14, .ofs_x = 0, .ofs_y = 0},
    {.bitmap_index = 8863, .adv_w = 316, .box_w = 20, .box_h = 14, .ofs_x = 0, .ofs_y = 0},
    {.bitmap_index = 9003, .adv_w = 210, .box_w = 13, .box_h = 14, .ofs_x = 0, .ofs_y = 0},
    {.bitmap_index = 9094, .adv_w = 216, .box_w = 13, .box_h = 19, .ofs_x = 0, .ofs_y = -5},
    {.bitmap_index = 9218, .adv_w = 210, .box_w = 11, .box_h = 14, .ofs_x = 1, .ofs_y = 0},
    {.bitmap_index = 9295, .adv_w = 143, .box_w = 9, .box_h = 24, .ofs_x = 0, .ofs_y = -5},
    {.bitmap_index = 9403, .adv_w = 129, .box_w = 4, .box_h = 24, .ofs_x = 2, .ofs_y = -3},
    {.bitmap_index = 9451, .adv_w = 143, .box_w = 9, .box_h = 24, .ofs_x = 0, .ofs_y = -5},
    {.bitmap_index = 9559, .adv_w = 254, .box_w = 12, .box_h = 6, .ofs_x = 2, .ofs_y = 4},
    {.bitmap_index = 9595, .adv_w = 346, .box_w = 20, .box_h = 23, .ofs_x = 0, .ofs_y = -3},
    {.bitmap_index = 9825, .adv_w = 346, .box_w = 20, .box_h = 17, .ofs_x = 1, .ofs_y = 1},
    {.bitmap_index = 9995, .adv_w = 346, .box_w = 17, .box_h = 22, .ofs_x = 2, .ofs_y = -2},
    {.bitmap_index = 10182, .adv_w = 346, .box_w = 21, .box_h = 22, .ofs_x = 1, .ofs_y = -2},
    {.bitmap_index = 10413, .adv_w = 346, .box_w = 19, .box_h = 23, .ofs_x = 1, .ofs_y = -3},
    {.bitmap_index = 10632, .adv_w = 346, .box_w = 21, .box_h = 23, .ofs_x = 0, .ofs_y = -3},
    {.bitmap_index = 10874, .adv_w = 346, .box_w = 17, .box_h = 23, .ofs_x = 2, .ofs_y = -3},
    {.bitmap_index = 11070, .adv_w = 346, .box_w = 21, .box_h = 22, .ofs_x = 1, .ofs_y = -2},
    {.bitmap_index = 11301, .adv_w = 346, .box_w = 19, .box_h = 23, .ofs_x = 1, .ofs_y = -3},
    {.bitmap_index = 11520, .adv_w = 346, .box_w = 21, .box_h = 19, .ofs_x = 0, .ofs_y = 0},
    {.bitmap_index = 11720, .adv_w = 346, .box_w = 19, .box_h = 23, .ofs_x = 1, .ofs_y = -3},
    {.bitmap_index = 11939, .adv_w = 346, .box_w = 21, .box_h = 19, .ofs_x = 0, .ofs_y = 0},
    {.bitmap_index = 12139, .adv_w = 346, .box_w = 20, .box_h = 22, .ofs_x = 1, .ofs_y = -2},
    {.bitmap_index = 12359, .adv_w = 346, .box_w = 21, .box_h = 22, .ofs_x = 0, .ofs_y = -3},
    {.bitmap_index = 12590, .adv_w = 346, .box_w = 22, .box_h = 23, .ofs_x = 0, .ofs_y = -3},
    {.bitmap_index = 12843, .adv_w = 346, .box_w = 20, .box_h = 23, .ofs_x = 0, .ofs_y = -3},
    {.bitmap_index = 13073, .adv_w = 346, .box_w = 20, .box_h = 23, .ofs_x = 0, .ofs_y = -2},
    {.bitmap_index = 13303, .adv_w = 346, .box_w = 19, .box_h = 23, .ofs_x = 0, .ofs_y = -3},
    {.bitmap_index = 13522, .adv_w = 346, .box_w = 20, .box_h = 23, .ofs_x = 0, .ofs_y = -3},
    {.bitmap_index = 13752, .adv_w = 346, .box_w = 21, .box_h = 23, .ofs_x = 0, .ofs_y = -3},
    {.bitmap_index = 13994, .adv_w = 346, .box_w = 21, .box_h = 19, .ofs_x = 0, .ofs_y = 0},
    {.bitmap_index = 14194, .adv_w = 346, .box_w = 19, .box_h = 23, .ofs_x = 1, .ofs_y = -2},
    {.bitmap_index = 14413, .adv_w = 346, .box_w = 19, .box_h = 23, .ofs_x = 1, .ofs_y = -2},
    {.bitmap_index = 14632, .adv_w = 346, .box_w = 19, .box_h = 23, .ofs_x = 1, .ofs_y = -3},
    {.bitmap_index = 14851, .adv_w = 346, .box_w = 21, .box_h = 19, .ofs_x = 0, .ofs_y = 0},
    {.bitmap_index = 15051, .adv_w = 346, .box_w = 21, .box_h = 19, .ofs_x = 0, .ofs_y = 0},
    {.bitmap_index = 15251, .adv_w = 346, .box_w = 21, .box_h = 23, .ofs_x = 0, .ofs_y = -3},
    {.bitmap_index = 15493, .adv_w = 346, .box_w = 21, .box_h = 22, .ofs_x = 0, .ofs_y = -2},
    {.bitmap_index = 15724, .adv_w = 346, .box_w = 21, .box_h = 22, .ofs_x = 0, .ofs_y = -2},
    {.bitmap_index = 15955, .adv_w = 346, .box_w = 21, .box_h = 23, .ofs_x = 0, .ofs_y = -3},
    {.bitmap_index = 16197, .adv_w = 346, .box_w = 19, .box_h = 23, .ofs_x = 0, .ofs_y = -3},
    {.bitmap_index = 16416, .adv_w = 346, .box_w = 18, .box_h = 23, .ofs_x = 1, .ofs_y = -3},
    {.bitmap_index = 16623, .adv_w = 346, .box_w = 19, .box_h = 22, .ofs_x = 1, .ofs_y = -2},
    {.bitmap_index = 16832, .adv_w = 346, .box_w = 20, .box_h = 22, .ofs_x = 1, .ofs_y = -2},
    {.bitmap_index = 17052, .adv_w = 346, .box_w = 22, .box_h = 23, .ofs_x = 0, .ofs_y = -3},
    {.bitmap_index = 17305, .adv_w = 346, .box_w = 20, .box_h = 23, .ofs_x = 0, .ofs_y = -3},
    {.bitmap_index = 17535, .adv_w = 346, .box_w = 20, .box_h = 22, .ofs_x = 0, .ofs_y = -2},
    {.bitmap_index = 17755, .adv_w = 346, .box_w = 21, .box_h = 22, .ofs_x = 0, .ofs_y = -3},
    {.bitmap_index = 17986, .adv_w = 346, .box_w = 21, .box_h = 22, .ofs_x = 0, .ofs_y = -3},
    {.bitmap_index = 18217, .adv_w = 346, .box_w = 20, .box_h = 23, .ofs_x = 0, .ofs_y = -3},
    {.bitmap_index = 18447, .adv_w = 346, .box_w = 19, .box_h = 23, .ofs_x = 0, .ofs_y = -3},
    {.bitmap_index = 18666, .adv_w = 346, .box_w = 19, .box_h = 23, .ofs_x = 0, .ofs_y = -3},
    {.bitmap_index = 18885, .adv_w = 346, .box_w = 22, .box_h = 23, .ofs_x = 0, .ofs_y = -3},
    {.bitmap_index = 19138, .adv_w = 346, .box_w = 20, .box_h = 22, .ofs_x = 0, .ofs_y = -2}
};

/*---------------------
 *  CHARACTER MAPPING
 *--------------------*/

static const uint16_t unicode_list_1[] = {
    0x0, 0x54, 0x64c, 0x669, 0x6e4, 0xccc, 0xd20, 0xd44,
    0xdc8, 0xe1c, 0xff8, 0x1068, 0x107b, 0x10f4, 0x1420, 0x1451,
    0x1490, 0x14a5, 0x14ac, 0x1515, 0x1618, 0x1651, 0x1928, 0x1944,
    0x1998, 0x1a08, 0x1a1d, 0x1ab8, 0x1ac0, 0x1ac5, 0x1acc, 0x1ae8,
    0x1aec, 0x1afc, 0x1b04, 0x1b20, 0x1b78, 0x1be5, 0x1c85, 0x200c,
    0x2021, 0x2418, 0x28cc, 0x28e8
};

/*Collect the unicode lists and glyph_id offsets*/
static const lv_font_fmt_txt_cmap_t cmaps[] =
{
    {
        .range_start = 32, .range_length = 95, .glyph_id_start = 1,
        .unicode_list = NULL, .glyph_id_ofs_list = NULL, .list_length = 0, .type = LV_FONT_FMT_TXT_CMAP_FORMAT0_TINY
    },
    {
        .range_start = 44172, .range_length = 10473, .glyph_id_start = 96,
        .unicode_list = unicode_list_1, .glyph_id_ofs_list = NULL, .list_length = 44, .type = LV_FONT_FMT_TXT_CMAP_SPARSE_TINY
    }
};

/*-----------------
 *    KERNING
 *----------------*/


/*Pair left and right glyphs for kerning*/
static const uint8_t kern_pair_glyph_ids[] =
{
    3, 7,
    3, 13,
    3, 15,
    3, 21,
    3, 34,
    3, 43,
    7, 3,
    7, 8,
    8, 7,
    8, 13,
    8, 15,
    8, 21,
    8, 34,
    8, 43,
    9, 68,
    9, 69,
    9, 70,
    9, 72,
    9, 75,
    9, 80,
    9, 82,
    11, 7,
    11, 13,
    11, 15,
    11, 21,
    11, 34,
    11, 43,
    11, 64,
    12, 19,
    12, 20,
    12, 24,
    12, 53,
    12, 55,
    12, 56,
    12, 57,
    12, 58,
    12, 61,
    12, 89,
    13, 1,
    13, 2,
    13, 3,
    13, 8,
    13, 17,
    13, 18,
    13, 20,
    13, 22,
    13, 23,
    13, 24,
    13, 25,
    13, 26,
    13, 32,
    13, 53,
    13, 58,
    13, 65,
    14, 19,
    14, 20,
    14, 24,
    14, 53,
    14, 55,
    14, 56,
    14, 57,
    14, 58,
    14, 61,
    14, 89,
    15, 1,
    15, 2,
    15, 3,
    15, 8,
    15, 17,
    15, 18,
    15, 20,
    15, 22,
    15, 23,
    15, 24,
    15, 25,
    15, 26,
    15, 32,
    15, 53,
    15, 58,
    15, 65,
    16, 13,
    16, 15,
    16, 43,
    16, 55,
    16, 56,
    16, 61,
    17, 13,
    17, 15,
    17, 24,
    17, 58,
    17, 64,
    18, 13,
    18, 15,
    19, 21,
    21, 13,
    21, 15,
    21, 18,
    22, 13,
    22, 15,
    23, 13,
    23, 15,
    23, 64,
    24, 4,
    24, 7,
    24, 13,
    24, 15,
    24, 17,
    24, 20,
    24, 21,
    24, 22,
    24, 23,
    24, 24,
    24, 25,
    24, 26,
    24, 27,
    24, 28,
    24, 29,
    24, 34,
    24, 43,
    24, 64,
    24, 66,
    24, 68,
    24, 69,
    24, 70,
    24, 72,
    24, 80,
    24, 82,
    24, 84,
    26, 13,
    26, 15,
    26, 24,
    26, 58,
    26, 64,
    27, 53,
    27, 55,
    27, 61,
    28, 53,
    28, 55,
    28, 61,
    31, 24,
    32, 34,
    60, 68,
    60, 69,
    60, 70,
    60, 72,
    60, 75,
    60, 80,
    60, 82,
    61, 13,
    61, 15,
    61, 53,
    61, 55,
    61, 56,
    61, 61,
    61, 87,
    61, 90,
    63, 7,
    63, 13,
    63, 15,
    63, 21,
    63, 34,
    63, 43,
    63, 64,
    64, 11,
    64, 17,
    64, 18,
    64, 20,
    64, 21,
    64, 22,
    64, 23,
    64, 25,
    64, 26,
    64, 36,
    64, 40,
    64, 48,
    64, 50,
    64, 53,
    64, 54,
    64, 55,
    64, 61,
    64, 63,
    64, 74,
    64, 75,
    64, 78,
    64, 79,
    64, 81,
    64, 83,
    64, 87,
    64, 90,
    92, 68,
    92, 69,
    92, 70,
    92, 72,
    92, 75,
    92, 80,
    92, 82,
    95, 19,
    95, 20,
    95, 24,
    95, 53,
    95, 55,
    95, 56,
    95, 57,
    95, 58,
    95, 61,
    95, 89
};

/* Kerning between the respective left and right glyphs
 * 4.4 format which needs to scaled with `kern_scale`*/
static const int8_t kern_pair_values[] =
{
    -13, -33, -33, -24, -31, -64, -13, -13,
    -13, -33, -33, -24, -31, -64, -4, -4,
    -4, -4, 9, -4, -4, -13, -53, -53,
    -18, -33, -37, -27, -11, -4, -10, -23,
    -16, -16, -23, -25, -16, -9, -5, -2,
    -34, -34, -11, -34, -10, -4, -11, -7,
    -10, -4, -37, -13, -18, -53, -11, -4,
    -10, -23, -16, -16, -23, -25, -16, -9,
    -5, -2, -34, -34, -11, -34, -10, -4,
    -11, -7, -10, -4, -37, -13, -18, -53,
    -15, -15, -24, 1, 1, 1, -11, -11,
    -8, -13, -18, -16, -16, -6, -11, -11,
    -4, -10, -10, -13, -13, -18, -22, -18,
    -49, -49, -6, -7, -23, -4, -6, 8,
    -5, -4, -13, -13, -35, -42, -37, -62,
    -18, -20, -20, -20, -20, -20, -20, -15,
    -11, -11, -8, -13, -18, -13, -24, -24,
    -13, -24, -24, -29, -24, -4, -4, -4,
    -4, 9, -4, -4, 15, 15, -15, -21,
    -22, -21, -20, -20, -13, -53, -53, -18,
    -33, -37, -27, -27, -18, -42, -18, -22,
    -18, -18, -18, -18, -15, -15, -15, -15,
    -22, -15, -31, -31, -27, 13, 38, 18,
    18, 18, 18, -31, -31, -4, -4, -4,
    -4, 9, -4, -4, -11, -4, -10, -23,
    -16, -16, -23, -25, -16, -9
};

/*Collect the kern pair's data in one place*/
static const lv_font_fmt_txt_kern_pair_t kern_pairs =
{
    .glyph_ids = kern_pair_glyph_ids,
    .values = kern_pair_values,
    .pair_cnt = 206,
    .glyph_ids_size = 0
};

/*--------------------
 *  ALL CUSTOM DATA
 *--------------------*/

#if LVGL_VERSION_MAJOR == 8
/*Store all the custom data of the font*/
static  lv_font_fmt_txt_glyph_cache_t cache;
#endif

#if LVGL_VERSION_MAJOR >= 8
static const lv_font_fmt_txt_dsc_t font_dsc = {
#else
static lv_font_fmt_txt_dsc_t font_dsc = {
#endif
    .glyph_bitmap = glyph_bitmap,
    .glyph_dsc = glyph_dsc,
    .cmaps = cmaps,
    .kern_dsc = &kern_pairs,
    .kern_scale = 16,
    .cmap_num = 2,
    .bpp = 4,
    .kern_classes = 0,
    .bitmap_format = 0,
#if LVGL_VERSION_MAJOR == 8
    .cache = &cache
#endif
};



/*-----------------
 *  PUBLIC FONT
 *----------------*/

/*Initialize a public general font descriptor*/
#if LVGL_VERSION_MAJOR >= 8
const lv_font_t pretendard_medium_25 = {
#else
lv_font_t pretendard_medium_25 = {
#endif
    .get_glyph_dsc = lv_font_get_glyph_dsc_fmt_txt,    /*Function pointer to get glyph's data*/
    .get_glyph_bitmap = lv_font_get_bitmap_fmt_txt,    /*Function pointer to get glyph's bitmap*/
    .line_height = 26,          /*The maximum line height required by the font*/
    .base_line = 5,             /*Baseline measured from the bottom of the line*/
#if !(LVGL_VERSION_MAJOR == 6 && LVGL_VERSION_MINOR == 0)
    .subpx = LV_FONT_SUBPX_NONE,
#endif
#if LV_VERSION_CHECK(7, 4, 0) || LVGL_VERSION_MAJOR >= 8
    .underline_position = -3,
    .underline_thickness = 2,
#endif
    .dsc = &font_dsc,          /*The custom font data. Will be accessed by `get_glyph_bitmap/dsc` */
#if LV_VERSION_CHECK(8, 2, 0) || LVGL_VERSION_MAJOR >= 9
    .fallback = NULL,
#endif
    .user_data = NULL,
};



#endif /*#if PRETENDARD_MEDIUM_25*/

